Date,0700.HK,0005.HK,0016.HK,0857.HK,0941.HK,0241.HK,0175.HK,1099.HK,1299.HK,0027.HK
2012-01-03,29.315034866333008,60.54999923706055,99.4000015258789,10.100000381469727,77.0999984741211,0.4300000071525574,1.7300000190734863,19.040000915527344,24.600000381469727,14.399999618530273
2012-01-04,29.278160095214844,60.45000076293945,98.9000015258789,10.220000267028809,75.69999694824219,0.42500001192092896,1.7400000095367432,18.1200008392334,24.5,14.520000457763672
2012-01-05,29.02004051208496,60.70000076293945,99.0,10.380000114440918,76.75,0.41999998688697815,1.75,17.8799991607666,24.549999237060547,14.079999923706055
2012-01-06,28.48536491394043,59.5,98.19999694824219,10.619999885559082,75.5999984741211,0.39500001072883606,1.7400000095367432,17.700000762939453,24.149999618530273,13.859999656677246
2012-01-09,28.614423751831055,60.25,98.19999694824219,10.819999694824219,77.0,0.41499999165534973,1.7899999618530273,17.760000228881836,23.899999618530273,14.079999923706055
2012-01-10,29.720651626586914,59.849998474121094,98.4000015258789,10.739999771118164,77.0,0.4099999964237213,1.8899999856948853,18.079999923706055,24.0,14.4399995803833
2012-01-11,30.826879501342773,60.45000076293945,99.05000305175781,10.899999618530273,77.25,0.4449999928474426,2.009999990463257,18.020000457763672,23.950000762939453,14.619999885559082
2012-01-12,30.919065475463867,59.70000076293945,99.44999694824219,10.779999732971191,76.75,0.4350000023841858,2.0199999809265137,18.139999389648438,24.100000381469727,14.760000228881836
2012-01-13,31.361555099487305,60.04999923706055,100.5,10.979999542236328,76.1500015258789,0.4350000023841858,2.0299999713897705,18.239999771118164,23.899999618530273,15.34000015258789
2012-01-16,31.361555099487305,59.650001525878906,100.4000015258789,10.880000114440918,75.05000305175781,0.4099999964237213,1.9800000190734863,17.739999771118164,24.0,15.4399995803833
2012-01-17,32.70746612548828,61.599998474121094,101.9000015258789,11.220000267028809,76.0,0.41999998688697815,2.059999942779541,18.459999084472656,24.399999618530273,15.779999732971191
2012-01-18,33.3712043762207,61.95000076293945,104.19999694824219,11.319999694824219,75.4000015258789,0.4300000071525574,2.0299999713897705,18.139999389648438,24.799999237060547,15.880000114440918
2012-01-19,33.09464645385742,62.25,107.9000015258789,11.319999694824219,76.19999694824219,0.4300000071525574,2.069999933242798,18.139999389648438,25.649999618530273,16.760000228881836
2012-01-20,33.50026321411133,64.55000305175781,109.0999984741211,11.319999694824219,76.69999694824219,0.4300000071525574,2.2899999618530273,18.399999618530273,25.850000381469727,16.799999237060547
2012-01-26,33.72150802612305,65.05000305175781,111.0,11.539999961853027,77.55000305175781,0.42500001192092896,2.3399999141693115,18.18000030517578,26.350000381469727,17.940000534057617
2012-01-27,33.426513671875,65.6500015258789,109.69999694824219,11.4399995803833,79.0,0.45500001311302185,2.3399999141693115,18.18000030517578,26.399999618530273,17.760000228881836
2012-01-30,33.99806594848633,65.0,107.19999694824219,11.199999809265137,77.5,0.4399999976158142,2.299999952316284,18.15999984741211,25.799999237060547,17.059999465942383
2012-01-31,34.9752311706543,65.05000305175781,107.4000015258789,11.34000015258789,79.30000305175781,0.4350000023841858,2.2899999618530273,18.3799991607666,25.899999618530273,16.920000076293945
2012-02-01,33.86900329589844,64.8499984741211,107.4000015258789,11.399999618530273,79.69999694824219,0.5099999904632568,2.190000057220459,18.100000381469727,26.25,17.219999313354492
2012-02-02,34.551177978515625,66.94999694824219,109.0,11.619999885559082,79.8499984741211,0.5099999904632568,2.359999895095825,18.399999618530273,26.25,18.1200008392334
2012-02-03,34.27462387084961,66.9000015258789,109.5999984741211,11.479999542236328,79.0,0.5600000023841858,2.4100000858306885,20.549999237060547,26.149999618530273,18.079999923706055
2012-02-06,34.25618362426758,67.8499984741211,108.19999694824219,11.5,77.6500015258789,0.6200000047683716,2.5,21.450000762939453,25.799999237060547,18.360000610351562
2012-02-07,33.85056686401367,68.4000015258789,106.0999984741211,11.600000381469727,77.94999694824219,0.5799999833106995,2.5,20.850000381469727,25.75,17.65999984741211
2012-02-08,34.293060302734375,69.69999694824219,108.69999694824219,11.859999656677246,78.9000015258789,0.6000000238418579,2.7200000286102295,21.799999237060547,26.100000381469727,17.81999969482422
2012-02-09,34.95679473876953,69.30000305175781,110.0999984741211,11.779999732971191,78.0,0.6299999952316284,2.809999942779541,21.75,26.25,17.920000076293945
2012-02-10,34.293060302734375,69.19999694824219,109.69999694824219,11.5600004196167,78.75,0.6000000238418579,2.799999952316284,21.350000381469727,26.25,17.899999618530273
2012-02-13,34.58805465698242,68.8499984741211,109.9000015258789,11.600000381469727,79.80000305175781,0.5899999737739563,2.9200000762939453,22.25,26.75,17.959999084472656
2012-02-14,34.329933166503906,68.5,113.80000305175781,11.579999923706055,79.80000305175781,0.6000000238418579,2.9000000953674316,21.049999237060547,26.700000762939453,17.959999084472656
2012-02-15,35.71271896362305,69.75,118.69999694824219,11.65999984741211,81.25,0.6600000262260437,3.009999990463257,20.450000762939453,26.850000381469727,18.979999542236328
2012-02-16,36.763633728027344,68.8499984741211,118.80000305175781,11.5600004196167,81.44999694824219,0.6499999761581421,3.0999999046325684,21.049999237060547,26.450000762939453,18.68000030517578
2012-02-17,36.505516052246094,70.5,119.9000015258789,11.65999984741211,81.75,0.6200000047683716,3.0999999046325684,20.899999618530273,26.649999618530273,19.1200008392334
2012-02-20,35.86021423339844,70.8499984741211,119.0999984741211,11.5,80.6500015258789,0.6100000143051147,3.2100000381469727,20.149999618530273,26.850000381469727,19.020000457763672
2012-02-21,35.69428253173828,71.6500015258789,119.9000015258789,11.4399995803833,81.44999694824219,0.6200000047683716,3.049999952316284,20.299999237060547,27.100000381469727,19.079999923706055
2012-02-22,36.35801696777344,71.25,119.30000305175781,11.600000381469727,81.6500015258789,0.6299999952316284,3.2899999618530273,20.5,27.75,18.860000610351562
2012-02-23,36.85581970214844,70.0999984741211,119.5,11.5600004196167,81.19999694824219,0.6200000047683716,3.180000066757202,20.200000762939453,27.399999618530273,18.8799991607666
2012-02-24,36.85581970214844,70.44999694824219,119.4000015258789,11.5600004196167,81.44999694824219,0.6100000143051147,3.190000057220459,21.0,28.299999237060547,19.020000457763672
2012-02-27,36.35801696777344,69.55000305175781,117.4000015258789,11.5,81.19999694824219,0.6000000238418579,3.309999942779541,20.25,29.299999237060547,18.639999389648438
2012-02-28,37.02175521850586,69.1500015258789,120.4000015258789,11.779999732971191,82.0,0.5899999737739563,3.4100000858306885,20.700000762939453,29.549999237060547,18.65999984741211
2012-02-29,37.24300003051758,70.0,119.4000015258789,11.739999771118164,82.8499984741211,0.6000000238418579,3.450000047683716,21.100000381469727,29.399999618530273,19.15999984741211
2012-03-01,36.74519729614258,69.19999694824219,117.5,11.680000305175781,81.4000015258789,0.5699999928474426,3.4000000953674316,20.299999237060547,29.149999618530273,18.81999969482422
2012-03-02,36.8742561340332,70.4000015258789,119.0,11.760000228881836,81.69999694824219,0.5799999833106995,3.5399999618530273,20.149999618530273,29.200000762939453,18.940000534057617
2012-03-05,36.505516052246094,69.4000015258789,118.0999984741211,11.4399995803833,80.9000015258789,0.5899999737739563,3.509999990463257,20.299999237060547,29.200000762939453,18.739999771118164
2012-03-06,36.11833572387695,68.80000305175781,115.0,11.180000305175781,80.69999694824219,0.550000011920929,3.25,19.68000030517578,26.75,17.979999542236328
2012-03-07,35.933963775634766,67.75,115.30000305175781,11.220000267028809,79.69999694824219,0.5600000023841858,3.380000114440918,19.600000381469727,27.5,18.040000915527344
2012-03-08,36.394893646240234,67.6500015258789,116.4000015258789,11.380000114440918,80.94999694824219,0.5600000023841858,3.359999895095825,20.200000762939453,27.399999618530273,18.399999618530273
2012-03-09,36.653011322021484,68.3499984741211,116.80000305175781,11.539999961853027,84.19999694824219,0.5400000214576721,3.369999885559082,20.75,27.350000381469727,18.84000015258789
2012-03-12,36.83738327026367,67.94999694824219,115.4000015258789,11.520000457763672,87.44999694824219,0.5099999904632568,3.2899999618530273,20.649999618530273,27.450000762939453,18.5
2012-03-13,36.94800567626953,68.80000305175781,117.19999694824219,11.699999809265137,86.55000305175781,0.550000011920929,3.3399999141693115,20.649999618530273,27.649999618530273,19.639999389648438
2012-03-14,36.98487854003906,69.30000305175781,117.4000015258789,11.600000381469727,84.19999694824219,0.5099999904632568,3.2100000381469727,21.75,27.950000762939453,19.020000457763672
2012-03-15,38.49672317504883,70.25,117.9000015258789,11.5,84.6500015258789,0.5099999904632568,3.119999885559082,21.600000381469727,28.399999618530273,18.860000610351562
2012-03-16,40.008567810058594,70.05000305175781,117.5999984741211,11.380000114440918,83.75,0.5199999809265137,3.130000114440918,21.200000762939453,28.399999618530273,20.100000381469727
2012-03-20,39.97169494628906,70.0,113.0,11.180000305175781,81.30000305175781,0.49000000953674316,2.9700000286102295,20.75,27.700000762939453,20.200000762939453
2012-03-21,39.97169494628906,70.05000305175781,111.0999984741211,11.15999984741211,83.1500015258789,0.48500001430511475,2.880000114440918,21.100000381469727,27.549999237060547,20.149999618530273
2012-03-22,41.18854522705078,70.0,110.5,11.039999961853027,83.4000015258789,0.5,2.990000009536743,21.549999237060547,27.75,20.350000381469727
2012-03-23,40.93042755126953,69.0999984741211,107.0,11.039999961853027,83.19999694824219,0.48500001430511475,3.25,22.700000762939453,27.799999237060547,20.350000381469727
2012-03-26,40.524810791015625,68.9000015258789,109.0999984741211,11.119999885559082,83.3499984741211,0.49000000953674316,3.0899999141693115,21.700000762939453,27.600000381469727,20.299999237060547
2012-03-27,40.893550872802734,70.0,113.5999984741211,11.300000190734863,84.6500015258789,0.5,3.0999999046325684,22.049999237060547,28.149999618530273,21.200000762939453
2012-03-28,40.635433197021484,69.5999984741211,112.5,10.979999542236328,84.25,0.5,3.119999885559082,22.149999618530273,28.100000381469727,21.200000762939453
2012-03-29,39.82419967651367,69.30000305175781,111.0999984741211,10.739999771118164,84.1500015258789,0.47999998927116394,3.059999942779541,21.850000381469727,28.100000381469727,21.549999237060547
2012-03-30,39.93482208251953,68.3499984741211,96.5,10.979999542236328,85.44999694824219,0.47999998927116394,3.0399999618530273,21.700000762939453,28.450000762939453,21.450000762939453
2012-04-02,39.93482208251953,68.69999694824219,94.4000015258789,10.960000038146973,84.55000305175781,0.4699999988079071,3.119999885559082,21.5,28.149999618530273,21.649999618530273
2012-04-03,41.07792282104492,69.55000305175781,96.25,11.140000343322754,84.5,0.48500001430511475,3.259999990463257,21.899999618530273,28.049999237060547,21.299999237060547
2012-04-05,41.07792282104492,68.80000305175781,95.94999694824219,11.0,83.6500015258789,0.47999998927116394,3.2799999713897705,21.25,28.149999618530273,21.450000762939453
2012-04-10,40.746055603027344,67.55000305175781,95.6500015258789,10.859999656677246,83.5999984741211,0.4749999940395355,3.1600000858306885,20.899999618530273,28.0,21.450000762939453
2012-04-11,40.4510612487793,66.3499984741211,95.3499984741211,10.699999809265137,83.3499984741211,0.4650000035762787,3.0399999618530273,20.649999618530273,27.5,21.600000381469727
2012-04-12,41.04104995727539,66.5,95.19999694824219,10.84000015258789,84.05000305175781,0.49000000953674316,3.1700000762939453,20.850000381469727,27.299999237060547,22.649999618530273
2012-04-13,41.70478439331055,67.9000015258789,95.94999694824219,11.0600004196167,84.75,0.49000000953674316,3.240000009536743,20.700000762939453,27.299999237060547,22.75
2012-04-16,42.29477310180664,66.94999694824219,94.5,11.020000457763672,85.55000305175781,0.4749999940395355,3.180000066757202,20.600000381469727,26.950000762939453,23.350000381469727
2012-04-17,42.22102355957031,67.19999694824219,93.5,11.039999961853027,85.44999694824219,0.45500001311302185,3.130000114440918,20.200000762939453,27.299999237060547,23.25
2012-04-18,43.659122467041016,68.3499984741211,93.75,11.300000190734863,85.8499984741211,0.4650000035762787,3.130000114440918,20.799999237060547,27.649999618530273,23.75
2012-04-19,43.73286819458008,69.19999694824219,93.8499984741211,11.4399995803833,86.1500015258789,0.4699999988079071,3.1500000953674316,20.700000762939453,28.0,23.549999237060547
2012-04-20,43.142879486083984,69.4000015258789,93.9000015258789,11.399999618530273,87.44999694824219,0.47999998927116394,3.130000114440918,21.299999237060547,28.0,23.649999618530273
2012-04-23,43.62224578857422,68.25,94.0,11.199999809265137,84.80000305175781,0.4650000035762787,3.0299999713897705,20.25,27.5,22.700000762939453
2012-04-24,44.027862548828125,68.5999984741211,94.69999694824219,11.220000267028809,85.30000305175781,0.45500001311302185,2.9800000190734863,19.8799991607666,27.299999237060547,22.299999237060547
2012-04-25,41.96290588378906,69.0999984741211,94.5999984741211,11.140000343322754,84.8499984741211,0.44999998807907104,3.0199999809265137,19.959999084472656,27.299999237060547,22.899999618530273
2012-04-26,43.03226089477539,69.8499984741211,94.75,11.300000190734863,84.6500015258789,0.44999998807907104,3.009999990463257,19.84000015258789,27.149999618530273,23.75
2012-04-27,43.142879486083984,69.44999694824219,93.9000015258789,11.640000343322754,83.8499984741211,0.4399999976158142,2.930000066757202,19.979999542236328,27.0,23.350000381469727
2012-04-30,44.9497184753418,70.69999694824219,93.5999984741211,11.760000228881836,85.94999694824219,0.4399999976158142,2.890000104904175,20.350000381469727,27.600000381469727,24.25
2012-05-02,44.912845611572266,71.30000305175781,94.30000305175781,11.720000267028809,87.4000015258789,0.4399999976158142,2.9100000858306885,20.399999618530273,28.200000762939453,24.649999618530273
2012-05-03,45.50283432006836,71.6500015258789,94.30000305175781,11.5600004196167,89.05000305175781,0.4449999928474426,2.9000000953674316,20.100000381469727,28.25,24.299999237060547
2012-05-04,44.72847366333008,70.75,92.5999984741211,11.34000015258789,88.8499984741211,0.4350000023841858,2.890000104904175,19.479999542236328,28.200000762939453,23.850000381469727
2012-05-07,42.552894592285156,68.75,90.25,10.960000038146973,88.19999694824219,0.41999998688697815,2.8299999237060547,19.020000457763672,27.149999618530273,22.75
2012-05-08,42.62664031982422,69.05000305175781,89.0,10.880000114440918,87.3499984741211,0.41999998688697815,2.819999933242798,19.0,27.100000381469727,23.0
2012-05-09,41.4466667175293,69.5,89.80000305175781,10.739999771118164,88.55000305175781,0.42500001192092896,2.740000009536743,18.420000076293945,27.149999618530273,22.049999237060547
2012-05-10,41.15167236328125,69.0999984741211,89.25,10.520000457763672,88.5999984741211,0.4350000023841858,2.930000066757202,18.34000015258789,26.950000762939453,21.649999618530273
2012-05-11,41.22542190551758,68.4000015258789,88.55000305175781,10.4399995803833,86.9000015258789,0.4350000023841858,2.809999942779541,18.139999389648438,26.5,21.5
2012-05-14,41.52041244506836,67.69999694824219,87.8499984741211,10.260000228881836,86.8499984741211,0.4099999964237213,2.690000057220459,18.239999771118164,26.5,20.75
2012-05-15,42.4053955078125,68.80000305175781,89.25,10.520000457763672,87.6500015258789,0.4099999964237213,2.740000009536743,18.100000381469727,26.799999237060547,20.899999618530273
2012-05-16,40.48793411254883,66.44999694824219,88.30000305175781,10.119999885559082,84.44999694824219,0.38999998569488525,2.559999942779541,17.920000076293945,26.399999618530273,19.899999618530273
2012-05-17,41.48353958129883,65.80000305175781,87.80000305175781,10.119999885559082,84.25,0.38999998569488525,2.619999885559082,18.020000457763672,26.100000381469727,20.0
2012-05-18,41.29916763305664,63.75,87.1500015258789,10.100000381469727,83.0999984741211,0.38999998569488525,2.5399999618530273,17.8799991607666,25.850000381469727,20.0
2012-05-21,39.897945404052734,63.099998474121094,87.19999694824219,10.15999984741211,82.1500015258789,0.3799999952316284,2.5,18.1200008392334,26.0,20.200000762939453
2012-05-22,38.82859420776367,63.5,89.05000305175781,10.220000267028809,82.55000305175781,0.4050000011920929,2.619999885559082,18.040000915527344,25.799999237060547,19.200000762939453
2012-05-23,38.71797180175781,62.75,88.4000015258789,10.140000343322754,81.9000015258789,0.38999998569488525,2.5299999713897705,17.459999084472656,25.399999618530273,18.34000015258789
2012-05-24,39.529205322265625,62.150001525878906,87.55000305175781,10.079999923706055,80.0,0.38999998569488525,2.5899999141693115,17.479999542236328,24.899999618530273,18.479999542236328
2012-05-25,40.008567810058594,62.70000076293945,87.75,10.180000305175781,79.55000305175781,0.38499999046325684,2.559999942779541,17.920000076293945,24.700000762939453,18.84000015258789
2012-05-28,39.38170623779297,62.79999923706055,88.19999694824219,10.199999809265137,79.6500015258789,0.39500001072883606,2.7799999713897705,17.65999984741211,24.649999618530273,19.059999465942383
2012-05-29,39.787322998046875,63.0,88.94999694824219,10.279999732971191,80.8499984741211,0.41499999165534973,2.9200000762939453,18.059999465942383,25.149999618530273,19.639999389648438
2012-05-30,39.71357345581055,61.25,87.55000305175781,9.880000114440918,79.1500015258789,0.38499999046325684,2.890000104904175,17.959999084472656,25.149999618530273,19.68000030517578
2012-05-31,39.34483337402344,61.25,87.9000015258789,9.819999694824219,78.5,0.39500001072883606,2.809999942779541,17.579999923706055,25.299999237060547,18.84000015258789
2012-06-01,39.4554557800293,60.849998474121094,87.94999694824219,9.779999732971191,77.9000015258789,0.3799999952316284,2.7699999809265137,17.239999771118164,25.25,18.040000915527344
2012-06-04,38.4598503112793,60.150001525878906,86.4000015258789,9.710000038146973,76.75,0.38499999046325684,2.609999895095825,16.979999542236328,24.649999618530273,17.479999542236328
2012-06-05,38.422977447509766,60.349998474121094,86.0,9.649999618530273,76.69999694824219,0.3799999952316284,2.5899999141693115,17.0,25.200000762939453,18.020000457763672
2012-06-06,39.8610725402832,61.900001525878906,88.05000305175781,9.890000343322754,78.94999694824219,0.38999998569488525,2.6700000762939453,17.559999465942383,25.299999237060547,18.239999771118164
2012-06-07,40.4510612487793,63.20000076293945,88.44999694824219,10.039999961853027,78.55000305175781,0.39500001072883606,2.6500000953674316,18.040000915527344,25.600000381469727,18.100000381469727
2012-06-08,40.672306060791016,63.0,87.0999984741211,10.119999885559082,77.75,0.3799999952316284,2.690000057220459,17.719999313354492,25.549999237060547,18.459999084472656
2012-06-11,42.663516998291016,64.8499984741211,88.19999694824219,10.380000114440918,79.25,0.38999998569488525,2.799999952316284,18.040000915527344,26.049999237060547,19.5
2012-06-12,41.631038665771484,64.3499984741211,89.4000015258789,10.300000190734863,79.4000015258789,0.38999998569488525,2.7699999809265137,18.020000457763672,25.950000762939453,19.559999465942383
2012-06-13,41.8522834777832,65.4000015258789,89.19999694824219,10.380000114440918,79.69999694824219,0.3799999952316284,2.8399999141693115,18.559999465942383,25.950000762939453,19.700000762939453
2012-06-14,41.48353958129883,65.25,89.0,10.279999732971191,78.5,0.38999998569488525,2.75,19.0,25.850000381469727,18.81999969482422
2012-06-15,42.44226837158203,66.80000305175781,90.19999694824219,10.520000457763672,80.0,0.39500001072883606,2.7899999618530273,19.81999969482422,26.0,18.459999084472656
2012-06-18,43.36412811279297,67.44999694824219,90.4000015258789,10.579999923706055,81.5,0.38499999046325684,2.809999942779541,21.149999618530273,26.299999237060547,18.65999984741211
2012-06-19,43.95411682128906,66.9000015258789,90.0,10.5600004196167,82.4000015258789,0.38999998569488525,2.809999942779541,21.350000381469727,26.299999237060547,19.0
2012-06-20,44.138484954833984,68.44999694824219,89.94999694824219,10.619999885559082,82.55000305175781,0.39500001072883606,2.8399999141693115,20.700000762939453,26.200000762939453,20.25
2012-06-21,42.18415069580078,68.25,89.6500015258789,10.460000038146973,82.0,0.4000000059604645,2.7699999809265137,20.299999237060547,25.950000762939453,19.979999542236328
2012-06-22,41.07792282104492,67.44999694824219,89.19999694824219,10.180000305175781,81.19999694824219,0.39500001072883606,2.740000009536743,19.68000030517578,25.850000381469727,19.520000457763672
2012-06-25,40.819801330566406,67.80000305175781,89.44999694824219,10.0600004196167,82.1500015258789,0.38499999046325684,2.700000047683716,19.979999542236328,25.5,19.219999313354492
2012-06-26,40.30356216430664,68.19999694824219,89.55000305175781,9.989999771118164,82.8499984741211,0.38999998569488525,2.75,20.049999237060547,25.75,18.1200008392334
2012-06-27,41.59416198730469,68.4000015258789,90.30000305175781,9.789999961853027,83.75,0.38499999046325684,2.7300000190734863,20.799999237060547,25.899999618530273,18.760000228881836
2012-06-28,40.4141845703125,68.1500015258789,90.0999984741211,9.720000267028809,83.1500015258789,0.38999998569488525,2.680000066757202,20.100000381469727,25.549999237060547,18.579999923706055
2012-06-29,41.667911529541016,68.55000305175781,91.1500015258789,9.949999809265137,84.75,0.3799999952316284,2.700000047683716,21.299999237060547,26.5,19.15999984741211
2012-07-03,42.774139404296875,69.5,92.44999694824219,9.979999542236328,86.3499984741211,0.4099999964237213,2.619999885559082,20.899999618530273,27.350000381469727,18.940000534057617
2012-07-04,43.10600662231445,68.5999984741211,92.94999694824219,9.850000381469727,85.8499984741211,0.4000000059604645,2.7300000190734863,20.899999618530273,27.149999618530273,19.0
2012-07-05,43.58537292480469,68.94999694824219,94.30000305175781,9.930000305175781,85.80000305175781,0.4000000059604645,2.7699999809265137,20.5,27.149999618530273,18.899999618530273
2012-07-06,43.43787384033203,68.44999694824219,95.55000305175781,9.880000114440918,85.6500015258789,0.4000000059604645,2.8399999141693115,20.549999237060547,27.850000381469727,19.399999618530273
2012-07-09,42.22102355957031,67.69999694824219,93.30000305175781,9.479999542236328,85.0999984741211,0.38499999046325684,2.799999952316284,20.350000381469727,27.049999237060547,18.81999969482422
2012-07-10,42.47914505004883,67.75,92.8499984741211,9.489999771118164,85.94999694824219,0.4000000059604645,2.75,20.200000762939453,27.350000381469727,18.920000076293945
2012-07-11,41.889156341552734,68.0999984741211,96.1500015258789,9.479999542236328,86.69999694824219,0.4000000059604645,2.7300000190734863,21.450000762939453,27.600000381469727,19.479999542236328
2012-07-12,40.635433197021484,67.0999984741211,95.4000015258789,9.270000457763672,84.75,0.3799999952316284,2.630000114440918,21.149999618530273,27.049999237060547,19.0
2012-07-13,41.22542190551758,66.55000305175781,95.44999694824219,9.260000228881836,85.44999694824219,0.3799999952316284,2.6500000953674316,21.0,27.200000762939453,18.920000076293945
2012-07-16,41.52041244506836,67.0999984741211,94.5,9.399999618530273,85.69999694824219,0.375,2.6500000953674316,21.100000381469727,27.049999237060547,19.219999313354492
2012-07-17,42.11040115356445,67.94999694824219,95.94999694824219,9.579999923706055,86.6500015258789,0.375,2.640000104904175,21.049999237060547,27.600000381469727,19.020000457763672
2012-07-18,40.93042755126953,66.55000305175781,96.0999984741211,9.5,86.25,0.36500000953674316,2.609999895095825,20.799999237060547,27.649999618530273,18.600000381469727
2012-07-19,41.96290588378906,66.9000015258789,96.9000015258789,9.710000038146973,87.5999984741211,0.3799999952316284,2.640000104904175,21.0,27.700000762939453,19.260000228881836
2012-07-20,42.774139404296875,66.9000015258789,97.05000305175781,9.789999961853027,88.25,0.3799999952316284,2.6600000858306885,21.299999237060547,27.899999618530273,19.280000686645508
2012-07-23,41.926029205322266,63.099998474121094,95.0999984741211,9.550000190734863,85.94999694824219,0.3799999952316284,2.569999933242798,20.899999618530273,26.700000762939453,18.68000030517578
2012-07-24,41.815406799316406,62.04999923706055,94.30000305175781,9.420000076293945,86.69999694824219,0.3799999952316284,2.569999933242798,21.049999237060547,26.75,18.6200008392334
2012-07-25,41.4466667175293,62.25,94.25,9.3100004196167,87.19999694824219,0.35499998927116394,2.5399999618530273,20.5,26.649999618530273,18.040000915527344
2012-07-26,41.07792282104492,62.5,94.0,9.380000114440918,87.75,0.3799999952316284,2.490000009536743,20.450000762939453,26.799999237060547,17.540000915527344
2012-07-27,42.22102355957031,64.1500015258789,95.05000305175781,9.5,88.9000015258789,0.375,2.619999885559082,20.899999618530273,26.75,18.200000762939453
2012-07-30,42.47914505004883,65.25,96.25,9.550000190734863,90.0,0.3700000047683716,2.619999885559082,22.100000381469727,27.450000762939453,18.940000534057617
2012-07-31,42.73726272583008,65.6500015258789,96.94999694824219,9.720000267028809,90.94999694824219,0.36000001430511475,2.5799999237060547,22.799999237060547,27.25,18.700000762939453
2012-08-01,42.44226837158203,65.69999694824219,97.19999694824219,9.850000381469727,89.69999694824219,0.36500000953674316,2.559999942779541,23.0,27.100000381469727,19.040000915527344
2012-08-02,42.4053955078125,65.6500015258789,97.0,9.600000381469727,88.3499984741211,0.36000001430511475,2.4800000190734863,22.649999618530273,27.0,18.979999542236328
2012-08-03,42.47914505004883,65.5999984741211,96.94999694824219,9.430000305175781,88.0,0.3799999952316284,2.4100000858306885,22.549999237060547,26.75,19.0
2012-08-06,43.06913375854492,67.05000305175781,99.25,9.579999923706055,89.69999694824219,0.39500001072883606,2.509999990463257,23.100000381469727,26.950000762939453,19.299999237060547
2012-08-07,43.29037857055664,67.3499984741211,99.4000015258789,9.640000343322754,89.0,0.38999998569488525,2.549999952316284,23.5,26.850000381469727,19.639999389648438
2012-08-08,43.43787384033203,67.5,100.19999694824219,9.75,89.1500015258789,0.4099999964237213,2.509999990463257,24.299999237060547,26.799999237060547,19.979999542236328
2012-08-09,44.17536163330078,68.4000015258789,101.9000015258789,9.8100004196167,90.1500015258789,0.4399999976158142,2.549999952316284,23.799999237060547,26.850000381469727,20.25
2012-08-10,42.921634674072266,68.4000015258789,101.9000015258789,9.819999694824219,90.69999694824219,0.4300000071525574,2.569999933242798,23.049999237060547,26.75,19.959999084472656
2012-08-13,42.11040115356445,68.6500015258789,105.0,9.710000038146973,90.5999984741211,0.41499999165534973,2.509999990463257,23.299999237060547,26.950000762939453,19.899999618530273
2012-08-14,42.47914505004883,69.5,105.80000305175781,9.779999732971191,92.55000305175781,0.41499999165534973,2.5199999809265137,24.0,27.200000762939453,20.100000381469727
2012-08-15,42.4053955078125,68.1500015258789,103.69999694824219,9.710000038146973,91.44999694824219,0.4050000011920929,2.5299999713897705,24.200000762939453,27.149999618530273,20.549999237060547
2012-08-16,45.09721755981445,68.1500015258789,102.30000305175781,9.760000228881836,86.8499984741211,0.4050000011920929,2.549999952316284,23.850000381469727,27.149999618530273,21.450000762939453
2012-08-17,45.760955810546875,69.0999984741211,102.9000015258789,9.880000114440918,83.6500015258789,0.4099999964237213,2.690000057220459,24.399999618530273,27.200000762939453,22.299999237060547
2012-08-20,46.09282302856445,69.0999984741211,101.69999694824219,9.890000343322754,82.3499984741211,0.41499999165534973,2.7300000190734863,24.049999237060547,27.350000381469727,22.5
2012-08-21,45.797828674316406,69.1500015258789,101.69999694824219,9.859999656677246,82.8499984741211,0.4050000011920929,2.7200000286102295,24.0,27.100000381469727,22.899999618530273
2012-08-22,45.244712829589844,68.75,101.30000305175781,9.630000114440918,82.5999984741211,0.4099999964237213,2.559999942779541,23.350000381469727,26.799999237060547,22.25
2012-08-23,45.72407913208008,69.3499984741211,103.0,9.710000038146973,83.8499984741211,0.42500001192092896,2.6500000953674316,24.799999237060547,26.850000381469727,22.5
2012-08-24,45.17096710205078,68.30000305175781,101.9000015258789,9.649999618530273,83.05000305175781,0.44999998807907104,2.640000104904175,25.100000381469727,26.75,22.5
2012-08-27,45.17096710205078,68.05000305175781,101.9000015258789,9.5,83.55000305175781,0.4300000071525574,2.569999933242798,25.0,26.899999618530273,21.75
2012-08-28,44.72847366333008,68.4000015258789,101.5999984741211,9.4399995803833,84.05000305175781,0.42500001192092896,2.5999999046325684,24.600000381469727,26.850000381469727,21.899999618530273
2012-08-29,44.72847366333008,68.19999694824219,102.80000305175781,9.449999809265137,83.8499984741211,0.4099999964237213,2.5799999237060547,24.649999618530273,26.899999618530273,22.649999618530273
2012-08-30,43.880367279052734,67.6500015258789,99.1500015258789,9.4399995803833,83.1500015258789,0.4000000059604645,2.5399999618530273,24.600000381469727,26.549999237060547,22.299999237060547
2012-08-31,43.69599533081055,67.0999984741211,100.5999984741211,9.350000381469727,82.80000305175781,0.4000000059604645,2.490000009536743,24.649999618530273,26.649999618530273,22.049999237060547
2012-09-03,44.43347930908203,67.55000305175781,101.80000305175781,9.350000381469727,83.19999694824219,0.41499999165534973,2.5299999713897705,24.100000381469727,26.299999237060547,22.100000381469727
2012-09-04,43.806617736816406,67.4000015258789,101.30000305175781,9.34000015258789,82.9000015258789,0.41499999165534973,2.509999990463257,24.149999618530273,26.100000381469727,22.299999237060547
2012-09-05,43.17975616455078,66.19999694824219,100.5,9.079999923706055,82.5999984741211,0.4000000059604645,2.4200000762939453,24.0,26.149999618530273,21.799999237060547
2012-09-06,44.10161209106445,67.25,100.0999984741211,9.119999885559082,81.5,0.39500001072883606,2.4700000286102295,24.149999618530273,26.299999237060547,20.700000762939453
2012-09-07,44.83909606933594,68.9000015258789,102.9000015258789,9.369999885559082,82.30000305175781,0.4099999964237213,2.5799999237060547,24.0,28.100000381469727,21.799999237060547
2012-09-10,45.244712829589844,69.44999694824219,103.30000305175781,9.369999885559082,81.69999694824219,0.4099999964237213,2.5299999713897705,24.049999237060547,28.149999618530273,22.649999618530273
2012-09-11,45.57658386230469,69.80000305175781,104.5999984741211,9.449999809265137,82.0999984741211,0.39500001072883606,2.509999990463257,24.049999237060547,27.5,23.149999618530273
2012-09-12,46.166568756103516,70.4000015258789,106.30000305175781,9.579999923706055,82.8499984741211,0.41499999165534973,2.569999933242798,24.899999618530273,28.149999618530273,23.149999618530273
2012-09-13,45.87157440185547,70.6500015258789,107.0999984741211,9.569999694824219,81.75,0.4099999964237213,2.549999952316284,24.200000762939453,28.100000381469727,23.850000381469727
2012-09-14,47.125301361083984,72.69999694824219,111.80000305175781,9.90999984741211,83.19999694824219,0.4300000071525574,2.7300000190734863,24.350000381469727,29.100000381469727,24.950000762939453
2012-09-17,47.051551818847656,73.44999694824219,112.80000305175781,9.989999771118164,82.44999694824219,0.4099999964237213,2.680000066757202,24.25,28.850000381469727,24.75
2012-09-18,47.014678955078125,72.9000015258789,113.0999984741211,9.949999809265137,83.19999694824219,0.4099999964237213,2.7200000286102295,23.649999618530273,28.899999618530273,25.450000762939453
2012-09-19,47.125301361083984,73.8499984741211,112.80000305175781,10.220000267028809,85.05000305175781,0.4099999964237213,2.700000047683716,24.0,28.700000762939453,25.299999237060547
2012-09-20,46.42469024658203,73.5,110.5999984741211,10.039999961853027,84.5999984741211,0.4000000059604645,2.630000114440918,24.0,28.299999237060547,24.850000381469727
2012-09-21,46.83030700683594,74.0999984741211,110.80000305175781,10.180000305175781,85.5999984741211,0.3799999952316284,2.7699999809265137,24.299999237060547,28.450000762939453,24.850000381469727
2012-09-24,47.051551818847656,73.44999694824219,112.19999694824219,10.140000343322754,86.0,0.3799999952316284,2.819999933242798,24.5,28.600000381469727,24.850000381469727
2012-09-25,47.235923767089844,73.75,110.9000015258789,10.15999984741211,86.30000305175781,0.3799999952316284,2.809999942779541,24.350000381469727,28.450000762939453,24.899999618530273
2012-09-26,47.19905090332031,72.69999694824219,111.5999984741211,10.039999961853027,85.3499984741211,0.3799999952316284,2.7699999809265137,24.700000762939453,28.25,24.649999618530273
2012-09-27,48.3421516418457,72.94999694824219,113.0999984741211,10.15999984741211,86.19999694824219,0.3799999952316284,2.890000104904175,24.649999618530273,28.850000381469727,24.850000381469727
2012-09-28,48.71089553833008,72.94999694824219,113.5999984741211,10.15999984741211,85.94999694824219,0.39500001072883606,2.940000057220459,24.850000381469727,28.899999618530273,26.0
2012-10-03,48.63714599609375,72.55000305175781,113.30000305175781,10.0600004196167,86.44999694824219,0.375,2.950000047683716,25.649999618530273,29.549999237060547,26.0
2012-10-04,48.78464126586914,73.8499984741211,113.30000305175781,10.0,86.0,0.38499999046325684,2.950000047683716,26.049999237060547,29.450000762939453,25.100000381469727
2012-10-05,48.67401885986328,74.3499984741211,112.5,10.119999885559082,85.9000015258789,0.4000000059604645,3.0199999809265137,26.899999618530273,29.950000762939453,25.700000762939453
2012-10-08,48.047157287597656,74.05000305175781,111.80000305175781,9.930000305175781,84.69999694824219,0.39500001072883606,3.0,26.700000762939453,29.700000762939453,25.149999618530273
2012-10-09,47.86278533935547,74.0999984741211,111.9000015258789,10.140000343322754,85.4000015258789,0.4000000059604645,3.069999933242798,25.75,29.899999618530273,25.0
2012-10-10,47.899662017822266,73.5999984741211,111.19999694824219,10.199999809265137,84.69999694824219,0.4050000011920929,3.190000057220459,26.549999237060547,29.600000381469727,25.399999618530273
2012-10-11,47.45716857910156,73.44999694824219,108.80000305175781,10.380000114440918,84.75,0.4050000011920929,3.0899999141693115,26.299999237060547,29.600000381469727,24.75
2012-10-12,47.71529006958008,74.19999694824219,108.19999694824219,10.380000114440918,84.3499984741211,0.4050000011920929,3.1600000858306885,25.549999237060547,29.25,25.0
2012-10-15,47.67841339111328,74.30000305175781,109.0,10.460000038146973,84.0999984741211,0.39500001072883606,3.25,25.149999618530273,29.450000762939453,24.450000762939453
2012-10-16,47.9365348815918,75.19999694824219,109.0,10.699999809265137,83.69999694824219,0.39500001072883606,3.2100000381469727,25.299999237060547,29.5,24.700000762939453
2012-10-17,48.41590118408203,76.55000305175781,109.0,10.859999656677246,83.30000305175781,0.41499999165534973,3.309999942779541,25.350000381469727,29.799999237060547,24.899999618530273
2012-10-18,47.9365348815918,76.44999694824219,109.0,11.020000457763672,85.0999984741211,0.41499999165534973,3.3399999141693115,25.350000381469727,30.0,25.0
2012-10-19,48.268402099609375,76.55000305175781,108.0,11.079999923706055,84.55000305175781,0.41499999165534973,3.240000009536743,24.700000762939453,29.899999618530273,24.549999237060547
2012-10-22,48.96901321411133,76.5,109.0999984741211,10.9399995803833,85.44999694824219,0.41499999165534973,3.299999952316284,25.350000381469727,30.200000762939453,24.649999618530273
2012-10-24,49.85399627685547,75.8499984741211,113.0,10.680000305175781,87.3499984741211,0.5199999809265137,3.2699999809265137,25.649999618530273,31.200000762939453,25.049999237060547
2012-10-25,50.112117767333984,76.5999984741211,113.0,10.65999984741211,86.80000305175781,0.47999998927116394,3.2799999713897705,25.399999618530273,31.100000381469727,25.950000762939453
2012-10-26,49.19026184082031,75.9000015258789,111.80000305175781,10.539999961853027,85.75,0.4950000047683716,3.2300000190734863,25.149999618530273,30.899999618530273,26.799999237060547
2012-10-29,49.78024673461914,76.19999694824219,106.0999984741211,10.760000228881836,85.9000015258789,0.4699999988079071,3.2300000190734863,25.0,30.299999237060547,27.25
2012-10-30,50.07524108886719,75.69999694824219,106.9000015258789,10.800000190734863,85.30000305175781,0.47999998927116394,3.2100000381469727,25.100000381469727,30.549999237060547,26.899999618530273
2012-10-31,50.51773452758789,76.4000015258789,107.9000015258789,10.579999923706055,85.94999694824219,0.47999998927116394,3.3299999237060547,26.049999237060547,30.700000762939453,26.649999618530273
2012-11-01,50.84960174560547,76.5999984741211,108.5999984741211,10.520000457763672,87.30000305175781,0.47999998927116394,3.380000114440918,26.149999618530273,31.200000762939453,27.0
2012-11-02,51.292091369628906,77.94999694824219,110.0999984741211,10.65999984741211,87.80000305175781,0.4950000047683716,3.430000066757202,26.200000762939453,31.799999237060547,29.049999237060547
2012-11-05,50.81272888183594,77.75,110.5999984741211,10.539999961853027,87.25,0.5199999809265137,3.5,26.25,31.200000762939453,28.799999237060547
2012-11-06,50.84960174560547,76.69999694824219,110.80000305175781,10.5600004196167,87.4000015258789,0.5099999904632568,3.4800000190734863,26.5,31.149999618530273,28.649999618530273
2012-11-07,50.81272888183594,77.0,113.0999984741211,10.680000305175781,89.55000305175781,0.4950000047683716,3.490000009536743,26.600000381469727,31.100000381469727,28.600000381469727
2012-11-08,49.890869140625,74.9000015258789,111.9000015258789,10.359999656677246,87.1500015258789,0.48500001430511475,3.5,26.049999237060547,30.700000762939453,27.350000381469727
2012-11-09,49.227134704589844,74.4000015258789,112.5999984741211,10.260000228881836,86.1500015258789,0.4749999940395355,3.5999999046325684,26.149999618530273,30.200000762939453,27.200000762939453
2012-11-12,50.038368225097656,74.25,113.4000015258789,10.34000015258789,85.6500015258789,0.49000000953674316,3.7200000286102295,26.049999237060547,30.5,27.700000762939453
2012-11-13,49.81712341308594,73.6500015258789,113.0999984741211,10.140000343322754,85.1500015258789,0.48500001430511475,3.5899999141693115,25.350000381469727,30.200000762939453,27.450000762939453
2012-11-14,49.374629974365234,74.5,114.0999984741211,10.279999732971191,85.5999984741211,0.49000000953674316,3.6500000953674316,24.899999618530273,30.350000381469727,27.899999618530273
2012-11-15,45.9453239440918,73.94999694824219,112.5999984741211,10.100000381469727,84.0999984741211,0.4749999940395355,3.6500000953674316,24.600000381469727,30.100000381469727,27.600000381469727
2012-11-16,45.760955810546875,73.94999694824219,114.0999984741211,10.140000343322754,84.8499984741211,0.4749999940395355,3.619999885559082,24.850000381469727,30.100000381469727,27.25
2012-11-19,45.3553352355957,74.6500015258789,110.9000015258789,10.220000267028809,85.19999694824219,0.4699999988079071,3.690000057220459,24.899999618530273,30.049999237060547,27.549999237060547
2012-11-20,46.3878173828125,75.05000305175781,111.0,10.15999984741211,84.8499984741211,0.4699999988079071,3.7300000190734863,24.399999618530273,29.75,27.549999237060547
2012-11-21,47.56779098510742,76.0,111.69999694824219,10.180000305175781,86.80000305175781,0.4749999940395355,3.7300000190734863,24.450000762939453,30.25,28.100000381469727
2012-11-22,47.86278533935547,76.55000305175781,112.80000305175781,10.279999732971191,88.19999694824219,0.4749999940395355,3.809999942779541,24.700000762939453,30.450000762939453,28.850000381469727
2012-11-23,47.272796630859375,77.19999694824219,113.80000305175781,10.279999732971191,87.94999694824219,0.4699999988079071,3.8499999046325684,24.799999237060547,30.350000381469727,28.75
2012-11-26,46.53531265258789,77.0999984741211,113.69999694824219,10.180000305175781,87.55000305175781,0.4650000035762787,3.7899999618530273,25.200000762939453,30.049999237060547,29.0
2012-11-27,46.3878173828125,77.19999694824219,113.19999694824219,10.279999732971191,87.44999694824219,0.4699999988079071,3.6600000858306885,24.850000381469727,30.399999618530273,29.700000762939453
2012-11-28,46.75655746459961,77.19999694824219,112.9000015258789,10.180000305175781,87.5,0.4650000035762787,3.5799999237060547,24.600000381469727,30.25,29.75
2012-11-29,47.08842849731445,77.6500015258789,114.0999984741211,10.199999809265137,88.3499984741211,0.46000000834465027,3.5399999618530273,24.149999618530273,30.5,29.75
2012-11-30,46.68281173706055,78.75,113.4000015258789,10.380000114440918,88.5999984741211,0.4699999988079071,3.6600000858306885,24.049999237060547,30.149999618530273,29.549999237060547
2012-12-03,45.244712829589844,78.25,112.5,10.239999771118164,87.25,0.45500001311302185,3.5999999046325684,23.950000762939453,29.75,28.850000381469727
2012-12-04,45.134090423583984,78.69999694824219,112.9000015258789,10.319999694824219,88.44999694824219,0.44999998807907104,3.549999952316284,24.25,29.600000381469727,27.549999237060547
2012-12-05,46.129695892333984,80.0,114.0,10.5600004196167,89.75,0.4650000035762787,3.819999933242798,25.049999237060547,30.200000762939453,27.600000381469727
2012-12-06,46.60906219482422,79.5999984741211,114.30000305175781,10.640000343322754,88.8499984741211,0.4650000035762787,3.6700000762939453,24.899999618530273,30.100000381469727,28.25
2012-12-07,46.277191162109375,79.25,114.4000015258789,10.680000305175781,88.1500015258789,0.4749999940395355,3.690000057220459,25.25,30.0,28.200000762939453
2012-12-10,46.71968460083008,79.44999694824219,114.5999984741211,10.699999809265137,88.55000305175781,0.4699999988079071,3.799999952316284,25.049999237060547,29.899999618530273,28.5
2012-12-11,46.57218551635742,79.69999694824219,116.69999694824219,10.680000305175781,89.0999984741211,0.4650000035762787,3.759999990463257,24.899999618530273,30.75,28.149999618530273
2012-12-12,46.64593505859375,79.94999694824219,116.80000305175781,10.800000190734863,89.3499984741211,0.4749999940395355,3.7799999713897705,24.75,30.799999237060547,29.0
2012-12-13,46.60906219482422,80.25,116.30000305175781,10.760000228881836,89.0,0.48500001430511475,3.640000104904175,25.0,30.700000762939453,29.0
2012-12-14,46.3878173828125,80.75,116.69999694824219,10.899999618530273,88.9000015258789,0.47999998927116394,3.640000104904175,25.049999237060547,31.649999618530273,29.5
2012-12-17,45.982200622558594,80.1500015258789,116.5999984741211,10.859999656677246,89.0,0.4699999988079071,3.5,25.0,31.649999618530273,29.299999237060547
2012-12-18,46.129695892333984,80.0999984741211,115.9000015258789,10.84000015258789,89.94999694824219,0.4699999988079071,3.5799999237060547,24.700000762939453,30.600000381469727,29.450000762939453
2012-12-19,45.982200622558594,80.5,116.80000305175781,11.0,90.25,0.4749999940395355,3.7200000286102295,24.450000762939453,30.399999618530273,29.75
2012-12-20,45.908451080322266,81.6500015258789,116.9000015258789,11.020000457763672,90.5,0.45500001311302185,3.7300000190734863,24.700000762939453,30.450000762939453,30.950000762939453
2012-12-21,45.68720626831055,81.05000305175781,116.0999984741211,11.0600004196167,90.1500015258789,0.4300000071525574,3.7100000381469727,24.600000381469727,30.299999237060547,30.299999237060547
2012-12-24,45.42908477783203,81.5999984741211,116.0999984741211,11.0,89.69999694824219,0.4449999928474426,3.6600000858306885,24.600000381469727,30.200000762939453,30.0
2012-12-27,45.65032958984375,81.94999694824219,116.69999694824219,11.020000457763672,89.94999694824219,0.4399999976158142,3.7200000286102295,24.25,30.25,29.799999237060547
2012-12-28,46.09282302856445,81.9000015258789,116.0999984741211,11.020000457763672,90.25,0.44999998807907104,3.700000047683716,24.25,30.299999237060547,30.549999237060547
2012-12-31,45.908451080322266,81.30000305175781,116.19999694824219,10.979999542236328,90.25,0.44999998807907104,3.6700000762939453,24.25,30.25,30.350000381469727
2013-01-02,47.45716857910156,83.19999694824219,118.80000305175781,11.180000305175781,91.4000015258789,0.4699999988079071,3.8299999237060547,24.600000381469727,31.100000381469727,31.299999237060547
2013-01-03,47.86278533935547,83.30000305175781,117.69999694824219,11.300000190734863,91.44999694824219,0.49000000953674316,3.9800000190734863,24.549999237060547,31.0,31.149999618530273
2013-01-04,47.789039611816406,82.0,118.80000305175781,11.199999809265137,90.6500015258789,0.47999998927116394,4.079999923706055,25.100000381469727,30.899999618530273,31.799999237060547
2013-01-07,47.125301361083984,83.05000305175781,121.30000305175781,11.100000381469727,89.05000305175781,0.5099999904632568,4.179999828338623,26.200000762939453,30.549999237060547,32.25
2013-01-08,47.125301361083984,82.75,120.5999984741211,10.899999618530273,88.69999694824219,0.4950000047683716,4.070000171661377,25.950000762939453,30.399999618530273,32.79999923706055
2013-01-09,46.68281173706055,82.6500015258789,123.5,10.920000076293945,88.69999694824219,0.5400000214576721,4.150000095367432,25.799999237060547,30.399999618530273,33.349998474121094
2013-01-10,46.71968460083008,83.1500015258789,124.5,10.9399995803833,89.8499984741211,0.5299999713897705,4.110000133514404,25.799999237060547,30.200000762939453,32.79999923706055
2013-01-11,47.051551818847656,83.8499984741211,123.19999694824219,10.880000114440918,89.8499984741211,0.5,4.139999866485596,25.549999237060547,29.950000762939453,32.04999923706055
2013-01-14,46.97780227661133,84.6500015258789,123.30000305175781,11.0,90.1500015258789,0.5199999809265137,4.110000133514404,25.450000762939453,30.25,32.04999923706055
2013-01-15,47.60466766357422,83.8499984741211,123.30000305175781,10.899999618530273,88.9000015258789,0.5,4.050000190734863,25.299999237060547,30.450000762939453,32.150001525878906
2013-01-16,49.264007568359375,84.1500015258789,125.0,10.920000076293945,87.55000305175781,0.5099999904632568,4.099999904632568,25.799999237060547,30.200000762939453,32.150001525878906
2013-01-17,49.300880432128906,84.94999694824219,126.0,10.920000076293945,86.6500015258789,0.4950000047683716,4.110000133514404,24.899999618530273,29.950000762939453,32.5
2013-01-18,49.85399627685547,85.30000305175781,127.9000015258789,11.140000343322754,87.6500015258789,0.5,4.119999885559082,25.200000762939453,29.700000762939453,33.599998474121094
2013-01-21,49.485252380371094,85.30000305175781,129.39999389648438,11.119999885559082,87.30000305175781,0.5099999904632568,4.309999942779541,24.850000381469727,29.549999237060547,34.29999923706055
2013-01-22,49.59587478637695,85.19999694824219,129.60000610351562,11.15999984741211,86.69999694824219,0.5299999713897705,4.300000190734863,24.899999618530273,30.0,34.5
2013-01-23,49.59587478637695,84.94999694824219,128.5,11.140000343322754,86.94999694824219,0.5699999928474426,4.300000190734863,25.0,30.549999237060547,34.45000076293945
2013-01-24,49.9277458190918,85.25,130.5,11.100000381469727,85.05000305175781,0.6000000238418579,4.199999809265137,24.299999237060547,30.75,34.650001525878906
2013-01-25,49.264007568359375,86.5,129.89999389648438,11.039999961853027,84.0,0.5699999928474426,4.039999961853027,24.5,30.850000381469727,34.400001525878906
2013-01-28,49.374629974365234,87.30000305175781,129.3000030517578,11.0600004196167,84.1500015258789,0.5400000214576721,4.199999809265137,24.200000762939453,30.700000762939453,33.849998474121094
2013-01-29,49.264007568359375,87.25,128.60000610351562,11.079999923706055,85.1500015258789,0.550000011920929,4.25,24.200000762939453,30.600000381469727,34.29999923706055
2013-01-30,49.9277458190918,88.05000305175781,128.10000610351562,11.140000343322754,85.69999694824219,0.5400000214576721,4.179999828338623,24.200000762939453,30.899999618530273,34.95000076293945
2013-01-31,50.038368225097656,88.30000305175781,127.30000305175781,11.0600004196167,85.25,0.550000011920929,4.050000190734863,23.75,30.850000381469727,34.95000076293945
2013-02-01,49.52212905883789,88.0,125.69999694824219,11.100000381469727,85.0,0.5600000023841858,4.150000095367432,23.549999237060547,30.700000762939453,35.099998474121094
2013-02-04,49.55900192260742,87.8499984741211,125.30000305175781,10.9399995803833,85.0999984741211,0.5400000214576721,4.090000152587891,23.299999237060547,30.450000762939453,35.099998474121094
2013-02-05,48.9321403503418,85.44999694824219,121.30000305175781,10.640000343322754,84.55000305175781,0.550000011920929,4.079999923706055,23.200000762939453,30.049999237060547,34.900001525878906
2013-02-06,49.227134704589844,86.4000015258789,120.80000305175781,10.619999885559082,85.3499984741211,0.5400000214576721,4.079999923706055,23.350000381469727,30.850000381469727,33.0
2013-02-07,50.148990631103516,86.1500015258789,121.69999694824219,10.720000267028809,85.25,0.550000011920929,4.059999942779541,23.450000762939453,31.149999618530273,32.29999923706055
2013-02-08,49.890869140625,86.3499984741211,122.4000015258789,10.579999923706055,85.44999694824219,0.5400000214576721,4.199999809265137,23.649999618530273,31.649999618530273,33.54999923706055
2013-02-14,50.112117767333984,87.6500015258789,124.0,10.619999885559082,85.80000305175781,0.5400000214576721,4.309999942779541,24.049999237060547,31.200000762939453,34.54999923706055
2013-02-15,50.59148025512695,87.55000305175781,123.5,10.640000343322754,85.75,0.5400000214576721,4.639999866485596,23.899999618530273,31.049999237060547,34.75
2013-02-18,50.70210266113281,87.19999694824219,123.30000305175781,10.520000457763672,85.6500015258789,0.5400000214576721,4.670000076293945,23.299999237060547,31.399999618530273,34.849998474121094
2013-02-19,50.70210266113281,86.44999694824219,121.9000015258789,10.4399995803833,85.19999694824219,0.5299999713897705,4.650000095367432,23.299999237060547,31.600000381469727,33.150001525878906
2013-02-20,50.99709701538086,86.5,122.4000015258789,10.739999771118164,85.94999694824219,0.5400000214576721,4.559999942779541,23.850000381469727,32.25,32.849998474121094
2013-02-21,50.112117767333984,85.0999984741211,120.5999984741211,10.65999984741211,85.9000015258789,0.5199999809265137,4.380000114440918,24.200000762939453,32.099998474121094,32.150001525878906
2013-02-22,48.74776840209961,84.94999694824219,119.30000305175781,10.699999809265137,85.75,0.5,4.239999771118164,24.700000762939453,31.950000762939453,32.099998474121094
2013-02-25,48.82151794433594,85.30000305175781,117.69999694824219,10.720000267028809,85.8499984741211,0.5,4.179999828338623,24.5,32.29999923706055,32.5
2013-02-26,49.227134704589844,84.1500015258789,117.30000305175781,10.579999923706055,85.0,0.4950000047683716,3.9600000381469727,24.450000762939453,31.549999237060547,32.099998474121094
2013-02-27,48.71089553833008,84.0,119.0,10.5600004196167,84.94999694824219,0.49000000953674316,4.059999942779541,24.5,32.849998474121094,32.099998474121094
2013-02-28,49.44837951660156,85.8499984741211,120.0,10.65999984741211,85.44999694824219,0.5099999904632568,4.269999980926514,24.5,33.599998474121094,32.54999923706055
2013-03-01,49.52212905883789,85.30000305175781,117.69999694824219,10.5,84.55000305175781,0.5099999904632568,4.230000019073486,23.950000762939453,33.599998474121094,32.54999923706055
2013-03-04,50.55460739135742,84.25,114.5,10.359999656677246,83.5,0.4950000047683716,4.119999885559082,24.25,33.45000076293945,31.600000381469727
2013-03-05,50.77585220336914,83.80000305175781,115.69999694824219,10.460000038146973,83.5999984741211,0.49000000953674316,4.230000019073486,25.100000381469727,33.5,30.799999237060547
2013-03-06,51.402713775634766,84.05000305175781,116.5,10.65999984741211,83.30000305175781,0.5,4.260000228881836,25.450000762939453,33.20000076293945,31.450000762939453
2013-03-07,51.55021286010742,83.44999694824219,116.19999694824219,10.640000343322754,83.3499984741211,0.4950000047683716,4.179999828338623,25.899999618530273,33.54999923706055,30.5
2013-03-08,52.4351921081543,84.94999694824219,114.9000015258789,10.800000190734863,84.19999694824219,0.5,4.199999809265137,27.0,33.79999923706055,31.399999618530273
2013-03-11,51.9189567565918,85.25,114.5999984741211,10.880000114440918,84.5999984741211,0.48500001430511475,4.090000152587891,27.450000762939453,34.349998474121094,31.25
2013-03-12,51.3289680480957,84.75,114.5999984741211,10.84000015258789,84.0999984741211,0.4749999940395355,3.990000009536743,26.049999237060547,34.20000076293945,31.149999618530273
2013-03-13,51.292091369628906,84.0,111.5999984741211,10.680000305175781,83.1500015258789,0.4699999988079071,3.7799999713897705,25.899999618530273,33.900001525878906,31.149999618530273
2013-03-14,50.84960174560547,84.75,107.9000015258789,10.65999984741211,83.3499984741211,0.4749999940395355,3.880000114440918,26.950000762939453,34.0,31.049999237060547
2013-03-15,50.55460739135742,86.0999984741211,106.19999694824219,10.579999923706055,82.55000305175781,0.46000000834465027,3.7300000190734863,25.950000762939453,34.5,30.899999618530273
2013-03-18,48.52652359008789,84.1500015258789,105.19999694824219,10.399999618530273,81.0,0.44999998807907104,3.6600000858306885,25.75,33.349998474121094,30.299999237060547
2013-03-19,47.789039611816406,84.44999694824219,106.30000305175781,10.359999656677246,80.3499984741211,0.4399999976158142,3.7100000381469727,26.149999618530273,33.400001525878906,31.700000762939453
2013-03-20,48.45277404785156,84.05000305175781,105.5999984741211,10.4399995803833,81.44999694824219,0.4699999988079071,3.9000000953674316,26.100000381469727,33.400001525878906,32.20000076293945
2013-03-21,46.53531265258789,84.0999984741211,105.0999984741211,10.380000114440918,81.9000015258789,0.4449999928474426,3.9800000190734863,26.049999237060547,33.70000076293945,32.95000076293945
2013-03-22,45.244712829589844,83.0999984741211,103.9000015258789,10.239999771118164,81.5,0.44999998807907104,3.9600000381469727,27.299999237060547,33.650001525878906,32.349998474121094
2013-03-25,44.3966064453125,83.3499984741211,104.0,10.140000343322754,81.8499984741211,0.4449999928474426,3.930000066757202,26.700000762939453,33.849998474121094,33.29999923706055
2013-03-26,45.797828674316406,82.9000015258789,105.19999694824219,10.180000305175781,81.69999694824219,0.45500001311302185,3.8499999046325684,26.049999237060547,33.70000076293945,33.04999923706055
2013-03-27,46.20344543457031,82.8499984741211,105.5999984741211,10.239999771118164,82.5,0.45500001311302185,3.9200000762939453,27.0,34.099998474121094,32.79999923706055
2013-03-28,45.50283432006836,82.0,104.5999984741211,10.180000305175781,82.19999694824219,0.46000000834465027,3.7699999809265137,25.049999237060547,34.0,32.400001525878906
2013-04-02,44.765350341796875,83.0,106.4000015258789,10.279999732971191,82.75,0.44999998807907104,3.759999990463257,24.899999618530273,34.150001525878906,32.400001525878906
2013-04-03,44.765350341796875,82.94999694824219,105.5999984741211,10.279999732971191,82.69999694824219,0.4300000071525574,3.680000066757202,25.049999237060547,34.400001525878906,32.349998474121094
2013-04-05,43.73286819458008,81.3499984741211,103.9000015258789,9.850000381469727,82.0,0.41499999165534973,3.5199999809265137,24.700000762939453,32.95000076293945,30.799999237060547
2013-04-08,44.47035598754883,81.25,103.4000015258789,9.890000343322754,82.0999984741211,0.4099999964237213,3.490000009536743,24.450000762939453,32.70000076293945,30.450000762939453
2013-04-09,45.65032958984375,80.9000015258789,104.4000015258789,10.0,82.80000305175781,0.41499999165534973,3.609999895095825,24.700000762939453,32.75,31.649999618530273
2013-04-10,45.982200622558594,81.9000015258789,106.4000015258789,10.020000457763672,82.9000015258789,0.41499999165534973,3.690000057220459,24.799999237060547,32.650001525878906,32.20000076293945
2013-04-11,46.166568756103516,82.0999984741211,106.69999694824219,9.979999542236328,82.94999694824219,0.41999998688697815,3.640000104904175,24.600000381469727,33.20000076293945,32.29999923706055
2013-04-12,46.09282302856445,82.05000305175781,107.5,9.899999618530273,82.94999694824219,0.4449999928474426,3.619999885559082,25.149999618530273,33.20000076293945,32.0
2013-04-15,45.3553352355957,81.05000305175781,107.0,9.670000076293945,81.94999694824219,0.41999998688697815,3.5799999237060547,25.350000381469727,32.70000076293945,31.350000381469727
2013-04-16,45.09721755981445,80.4000015258789,107.9000015258789,9.489999771118164,81.4000015258789,0.41999998688697815,3.7300000190734863,24.75,32.25,31.299999237060547
2013-04-17,46.09282302856445,79.94999694824219,108.0999984741211,9.359999656677246,80.9000015258789,0.44999998807907104,3.740000009536743,24.399999618530273,32.400001525878906,31.25
2013-04-18,45.57658386230469,79.6500015258789,108.0999984741211,9.3100004196167,81.0999984741211,0.4399999976158142,3.640000104904175,24.350000381469727,32.349998474121094,31.0
2013-04-19,46.64593505859375,81.0999984741211,110.9000015258789,9.470000267028809,82.1500015258789,0.4399999976158142,3.7300000190734863,24.549999237060547,33.29999923706055,31.149999618530273
2013-04-22,47.014678955078125,81.0,113.0,9.520000457763672,82.5999984741211,0.42500001192092896,3.990000009536743,24.649999618530273,33.150001525878906,31.850000381469727
2013-04-23,46.3878173828125,80.05000305175781,112.19999694824219,9.40999984741211,81.8499984741211,0.4350000023841858,3.859999895095825,23.350000381469727,33.150001525878906,31.899999618530273
2013-04-24,46.904056549072266,81.94999694824219,113.69999694824219,9.5600004196167,82.94999694824219,0.44999998807907104,3.8399999141693115,23.950000762939453,33.25,32.900001525878906
2013-04-25,47.125301361083984,82.80000305175781,114.0,9.6899995803833,83.94999694824219,0.4300000071525574,3.9100000858306885,23.5,33.79999923706055,33.900001525878906
2013-04-26,47.75216293334961,83.4000015258789,113.9000015258789,9.880000114440918,84.0999984741211,0.4300000071525574,3.8299999237060547,22.850000381469727,34.25,34.25
2013-04-29,48.30527877807617,84.05000305175781,112.5999984741211,9.829999923706055,84.1500015258789,0.4300000071525574,3.8399999141693115,22.899999618530273,34.150001525878906,34.95000076293945
2013-04-30,49.07963562011719,84.5,112.19999694824219,9.869999885559082,84.94999694824219,0.4300000071525574,3.9000000953674316,23.049999237060547,34.45000076293945,34.75
2013-05-02,50.407108306884766,85.1500015258789,110.0,9.65999984741211,84.69999694824219,0.41499999165534973,3.9000000953674316,23.149999618530273,34.29999923706055,33.400001525878906
2013-05-03,49.96461868286133,85.25,110.5999984741211,9.529999732971191,84.80000305175781,0.41499999165534973,3.890000104904175,23.25,34.20000076293945,34.150001525878906
2013-05-06,50.66522979736328,86.05000305175781,111.69999694824219,9.729999542236328,85.1500015258789,0.4399999976158142,3.890000104904175,23.049999237060547,34.650001525878906,36.150001525878906
2013-05-07,50.73897933959961,86.19999694824219,112.0,9.970000267028809,85.55000305175781,0.45500001311302185,4.090000152587891,22.799999237060547,35.400001525878906,36.900001525878906
2013-05-08,50.62835693359375,87.69999694824219,111.9000015258789,10.260000228881836,85.80000305175781,0.44999998807907104,4.170000076293945,23.350000381469727,35.599998474121094,38.0
2013-05-09,50.480857849121094,87.94999694824219,111.19999694824219,10.239999771118164,85.94999694824219,0.4350000023841858,4.059999942779541,23.549999237060547,35.650001525878906,38.0
2013-05-10,51.033973693847656,88.05000305175781,111.5,10.260000228881836,86.19999694824219,0.42500001192092896,4.150000095367432,24.049999237060547,36.0,38.0
2013-05-13,49.55900192260742,87.55000305175781,109.0,10.0600004196167,85.8499984741211,0.5,4.090000152587891,23.5,35.400001525878906,38.599998474121094
2013-05-14,49.74337387084961,87.94999694824219,109.30000305175781,10.0,85.94999694824219,0.47999998927116394,3.940000057220459,23.5,35.04999923706055,38.29999923706055
2013-05-15,50.59148025512695,87.94999694824219,109.69999694824219,10.020000457763672,86.4000015258789,0.4749999940395355,4.070000171661377,23.149999618530273,35.29999923706055,38.5
2013-05-16,53.873291015625,88.80000305175781,109.80000305175781,9.8100004196167,85.69999694824219,0.4699999988079071,4.090000152587891,23.350000381469727,35.099998474121094,38.75
2013-05-20,57.04447555541992,90.25,111.5999984741211,9.930000305175781,86.3499984741211,0.4699999988079071,4.059999942779541,22.5,36.45000076293945,40.0
2013-05-21,56.04887390136719,90.4000015258789,111.9000015258789,9.819999694824219,85.44999694824219,0.4950000047683716,4.0,22.200000762939453,36.099998474121094,39.54999923706055
2013-05-22,55.864498138427734,89.4000015258789,111.9000015258789,9.710000038146973,84.80000305175781,0.48500001430511475,3.990000009536743,22.600000381469727,35.900001525878906,39.150001525878906
2013-05-23,53.98391342163086,87.0999984741211,108.19999694824219,9.430000305175781,83.3499984741211,0.49000000953674316,3.8299999237060547,22.0,34.70000076293945,38.0
2013-05-24,55.20076370239258,86.1500015258789,108.5999984741211,9.449999809265137,82.9000015258789,0.48500001430511475,3.859999895095825,22.0,34.95000076293945,38.650001525878906
2013-05-27,55.385135650634766,86.5999984741211,108.19999694824219,9.5,83.0999984741211,0.48500001430511475,3.819999933242798,20.950000762939453,34.95000076293945,38.400001525878906
2013-05-28,56.08574676513672,87.0,108.5,9.550000190734863,83.5999984741211,0.49000000953674316,3.8399999141693115,21.649999618530273,35.25,39.20000076293945
2013-05-29,55.97512435913086,85.75,105.80000305175781,9.270000457763672,82.6500015258789,0.48500001430511475,3.890000104904175,20.850000381469727,34.650001525878906,39.400001525878906
2013-05-30,56.749481201171875,86.05000305175781,103.19999694824219,9.239999771118164,82.69999694824219,0.4699999988079071,3.8499999046325684,21.549999237060547,34.45000076293945,39.95000076293945
2013-05-31,56.749481201171875,86.0999984741211,103.19999694824219,9.039999961853027,82.44999694824219,0.5099999904632568,3.8499999046325684,21.0,34.54999923706055,40.599998474121094
2013-06-03,55.90137481689453,85.8499984741211,102.0,9.0,82.4000015258789,0.5099999904632568,3.7200000286102295,20.75,34.349998474121094,41.25
2013-06-04,55.93824768066406,86.5,101.5,9.069999694824219,80.55000305175781,0.4950000047683716,3.7699999809265137,20.850000381469727,34.349998474121094,41.599998474121094
2013-06-05,55.385135650634766,86.0,100.19999694824219,9.0,80.30000305175781,0.5,3.7100000381469727,21.0,33.20000076293945,41.04999923706055
2013-06-06,55.348262786865234,85.44999694824219,99.94999694824219,8.930000305175781,79.30000305175781,0.49000000953674316,3.6600000858306885,20.850000381469727,32.900001525878906,39.599998474121094
2013-06-07,55.274513244628906,84.19999694824219,99.0999984741211,8.890000343322754,78.6500015258789,0.47999998927116394,3.7100000381469727,21.049999237060547,32.70000076293945,40.54999923706055
2013-06-10,56.270118713378906,84.5,98.69999694824219,8.789999961853027,78.5999984741211,0.49000000953674316,3.7300000190734863,20.25,33.099998474121094,41.45000076293945
2013-06-11,56.19636917114258,83.5999984741211,96.4000015258789,8.640000343322754,78.55000305175781,0.48500001430511475,3.680000066757202,19.899999618530273,33.20000076293945,41.599998474121094
2013-06-13,54.90576934814453,83.05000305175781,96.44999694824219,8.3100004196167,76.0,0.46000000834465027,3.640000104904175,20.149999618530273,32.79999923706055,39.900001525878906
2013-06-14,55.45888137817383,83.1500015258789,97.25,8.270000457763672,75.8499984741211,0.45500001311302185,3.5799999237060547,20.700000762939453,33.04999923706055,41.79999923706055
2013-06-17,55.495758056640625,83.8499984741211,100.0999984741211,8.520000457763672,77.0,0.45500001311302185,3.640000104904175,20.450000762939453,33.20000076293945,41.5
2013-06-18,55.4220085144043,84.05000305175781,100.5999984741211,8.59000015258789,77.4000015258789,0.4699999988079071,3.7300000190734863,20.600000381469727,33.099998474121094,44.0
2013-06-19,55.23763656616211,83.75,99.75,8.40999984741211,76.1500015258789,0.45500001311302185,3.7100000381469727,20.649999618530273,32.79999923706055,44.0
2013-06-20,53.504547119140625,81.5,96.94999694824219,8.220000267028809,75.05000305175781,0.44999998807907104,3.609999895095825,19.940000534057617,32.099998474121094,42.95000076293945
2013-06-21,52.69331359863281,80.6500015258789,95.80000305175781,8.109999656677246,77.0999984741211,0.4399999976158142,3.430000066757202,19.360000610351562,32.5,39.349998474121094
2013-06-24,51.365840911865234,79.25,95.5,7.909999847412109,75.94999694824219,0.4099999964237213,3.2300000190734863,18.600000381469727,31.649999618530273,37.099998474121094
2013-06-25,52.250823974609375,79.69999694824219,96.5,7.860000133514404,75.75,0.4000000059604645,3.109999895095825,18.360000610351562,31.850000381469727,37.849998474121094
2013-06-26,53.54142379760742,80.5,98.75,7.960000038146973,77.25,0.4300000071525574,3.369999885559082,19.18000030517578,32.349998474121094,38.5
2013-06-27,54.90576934814453,80.5,98.4000015258789,7.980000019073486,77.8499984741211,0.4050000011920929,3.299999952316284,19.5,32.650001525878906,38.150001525878906
2013-06-28,56.08574676513672,81.25,100.0999984741211,8.25,81.0,0.4050000011920929,3.359999895095825,19.479999542236328,32.849998474121094,38.0
2013-07-02,55.643253326416016,81.5,99.94999694824219,8.800000190734863,80.6500015258789,0.4099999964237213,3.3299999237060547,19.0,33.099998474121094,37.5
2013-07-03,55.09014129638672,79.80000305175781,97.69999694824219,8.800000190734863,78.4000015258789,0.41999998688697815,3.140000104904175,19.0,32.099998474121094,36.79999923706055
2013-07-04,56.491363525390625,81.05000305175781,98.6500015258789,8.960000038146973,80.0999984741211,0.41999998688697815,3.0,18.940000534057617,32.5,36.79999923706055
2013-07-05,56.860103607177734,83.25,100.19999694824219,8.970000267028809,80.6500015258789,0.42500001192092896,3.0199999809265137,18.719999313354492,33.25,37.400001525878906
2013-07-08,55.75387954711914,82.8499984741211,98.9000015258789,8.899999618530273,79.80000305175781,0.41999998688697815,2.9700000286102295,18.440000534057617,32.650001525878906,36.95000076293945
2013-07-09,55.56950759887695,83.9000015258789,98.75,8.979999542236328,80.30000305175781,0.41999998688697815,2.9700000286102295,18.5,33.29999923706055,35.54999923706055
2013-07-10,56.12261962890625,83.75,100.0,9.119999885559082,81.0999984741211,0.41999998688697815,2.8499999046325684,18.440000534057617,34.04999923706055,36.349998474121094
2013-07-11,57.30259704589844,85.19999694824219,101.69999694824219,9.350000381469727,81.94999694824219,0.4099999964237213,3.059999942779541,18.799999237060547,35.0,38.95000076293945
2013-07-12,57.11822509765625,84.69999694824219,102.30000305175781,9.25,81.55000305175781,0.41499999165534973,3.0999999046325684,19.040000915527344,34.599998474121094,38.54999923706055
2013-07-15,59.25693130493164,85.0999984741211,102.5999984741211,9.180000305175781,81.6500015258789,0.41999998688697815,3.1700000762939453,18.68000030517578,34.099998474121094,38.150001525878906
2013-07-16,60.8056526184082,85.05000305175781,102.30000305175781,9.119999885559082,81.3499984741211,0.41499999165534973,3.1700000762939453,18.84000015258789,34.45000076293945,38.25
2013-07-17,60.842525482177734,85.5,102.4000015258789,9.1899995803833,81.94999694824219,0.4350000023841858,3.119999885559082,19.1200008392334,34.400001525878906,38.70000076293945
2013-07-18,60.43690872192383,85.69999694824219,102.30000305175781,9.239999771118164,81.80000305175781,0.4350000023841858,3.190000057220459,19.260000228881836,34.20000076293945,38.95000076293945
2013-07-19,61.54313659667969,86.69999694824219,102.0999984741211,9.239999771118164,81.69999694824219,0.4099999964237213,3.180000066757202,18.940000534057617,34.54999923706055,39.099998474121094
2013-07-22,60.4000358581543,87.1500015258789,102.0999984741211,9.279999732971191,82.4000015258789,0.4099999964237213,3.2200000286102295,19.15999984741211,35.54999923706055,39.25
2013-07-23,61.32189178466797,87.9000015258789,103.5,9.449999809265137,83.9000015258789,0.41999998688697815,3.2899999618530273,19.739999771118164,35.650001525878906,40.099998474121094
2013-07-24,60.990020751953125,88.0999984741211,104.30000305175781,9.260000228881836,83.05000305175781,0.41499999165534973,3.359999895095825,19.899999618530273,36.29999923706055,40.95000076293945
2013-07-25,61.65375900268555,87.55000305175781,103.0999984741211,9.210000038146973,83.30000305175781,0.42500001192092896,3.380000114440918,20.25,35.70000076293945,40.650001525878906
2013-07-26,64.05058288574219,88.0999984741211,103.4000015258789,9.239999771118164,83.44999694824219,0.4300000071525574,3.380000114440918,21.600000381469727,35.849998474121094,40.29999923706055
2013-07-29,64.4561996459961,87.5999984741211,103.5999984741211,9.140000343322754,83.30000305175781,0.41999998688697815,3.319999933242798,21.049999237060547,35.95000076293945,39.900001525878906
2013-07-30,67.03739929199219,87.3499984741211,103.30000305175781,9.220000267028809,83.25,0.41499999165534973,3.2899999618530273,21.549999237060547,36.5,40.349998474121094
2013-07-31,64.86181640625,87.1500015258789,103.5,9.069999694824219,82.5,0.41499999165534973,3.240000009536743,21.200000762939453,36.75,40.849998474121094
2013-08-01,66.48428344726562,88.44999694824219,104.4000015258789,9.149999618530273,82.8499984741211,0.41999998688697815,3.2699999809265137,21.0,36.95000076293945,41.349998474121094
2013-08-02,66.41053771972656,88.80000305175781,104.0999984741211,9.1899995803833,83.1500015258789,0.4399999976158142,3.259999990463257,22.149999618530273,37.150001525878906,40.900001525878906
2013-08-05,68.40174865722656,89.55000305175781,104.80000305175781,9.130000114440918,83.1500015258789,0.4350000023841858,3.309999942779541,22.149999618530273,36.45000076293945,40.95000076293945
2013-08-06,69.2498550415039,85.0999984741211,103.0999984741211,9.039999961853027,82.8499984741211,0.42500001192092896,3.309999942779541,21.549999237060547,35.75,41.79999923706055
2013-08-07,66.41053771972656,84.0999984741211,102.5999984741211,8.800000190734863,82.0999984741211,0.41999998688697815,3.25,20.899999618530273,35.20000076293945,40.849998474121094
2013-08-08,65.70993041992188,84.25,102.69999694824219,8.819999694824219,83.0,0.4350000023841858,3.440000057220459,20.700000762939453,35.04999923706055,41.5
2013-08-09,65.89429473876953,84.75,103.19999694824219,8.869999885559082,82.55000305175781,0.41999998688697815,3.640000104904175,21.200000762939453,35.70000076293945,41.25
2013-08-12,67.7380142211914,85.75,104.0,9.199999809265137,83.55000305175781,0.4300000071525574,3.6700000762939453,21.100000381469727,36.20000076293945,42.45000076293945
2013-08-13,68.21737670898438,86.1500015258789,105.5999984741211,9.329999923706055,83.94999694824219,0.4350000023841858,3.5999999046325684,20.700000762939453,36.150001525878906,43.54999923706055
2013-08-14,68.21737670898438,86.1500015258789,105.5999984741211,9.329999923706055,83.94999694824219,0.4350000023841858,3.5999999046325684,20.700000762939453,36.150001525878906,43.54999923706055
2013-08-15,67.8486328125,86.30000305175781,105.5,9.279999732971191,84.0999984741211,0.4300000071525574,3.7100000381469727,20.600000381469727,35.900001525878906,43.349998474121094
2013-08-16,67.59051513671875,86.1500015258789,104.80000305175781,9.039999961853027,83.69999694824219,0.4300000071525574,3.6500000953674316,20.799999237060547,36.25,43.900001525878906
2013-08-19,68.2542495727539,85.9000015258789,103.9000015258789,8.9399995803833,83.9000015258789,0.42500001192092896,3.8399999141693115,21.149999618530273,35.54999923706055,44.0
2013-08-20,67.11115264892578,84.6500015258789,102.0,8.609999656677246,83.1500015258789,0.41499999165534973,3.7100000381469727,20.350000381469727,34.5,42.900001525878906
2013-08-21,66.37366485595703,83.55000305175781,100.5,8.609999656677246,83.0,0.4300000071525574,3.8399999141693115,20.0,34.5,43.5
2013-08-22,66.37366485595703,83.55000305175781,100.19999694824219,8.699999809265137,82.75,0.41499999165534973,3.859999895095825,19.5,34.349998474121094,43.54999923706055
2013-08-23,65.59930419921875,83.69999694824219,100.0999984741211,8.5,83.1500015258789,0.42500001192092896,4.010000228881836,19.719999313354492,34.5,44.349998474121094
2013-08-26,65.78367614746094,84.0999984741211,100.4000015258789,8.649999618530273,82.9000015258789,0.42500001192092896,4.139999866485596,20.75,34.400001525878906,45.45000076293945
2013-08-27,66.7424087524414,83.0999984741211,100.0999984741211,8.649999618530273,82.94999694824219,0.41499999165534973,4.090000152587891,19.399999618530273,33.70000076293945,46.0
2013-08-28,65.67304992675781,82.0,99.05000305175781,8.270000457763672,82.5999984741211,0.4099999964237213,3.9700000286102295,19.780000686645508,33.349998474121094,45.150001525878906
2013-08-29,66.70552825927734,82.5,100.30000305175781,8.420000076293945,83.0999984741211,0.41999998688697815,4.059999942779541,19.860000610351562,33.79999923706055,45.95000076293945
2013-08-30,67.03739929199219,82.0,100.5999984741211,8.4399995803833,83.3499984741211,0.4099999964237213,4.079999923706055,19.440000534057617,34.04999923706055,47.20000076293945
2013-09-02,69.39735412597656,83.0999984741211,101.69999694824219,8.539999961853027,85.1500015258789,0.41499999165534973,4.090000152587891,19.200000762939453,34.54999923706055,49.150001525878906
2013-09-03,70.02421569824219,83.8499984741211,101.69999694824219,8.59000015258789,85.75,0.41999998688697815,4.159999847412109,19.360000610351562,34.900001525878906,49.95000076293945
2013-09-04,69.87671661376953,83.75,101.5999984741211,8.479999542236328,85.5,0.41499999165534973,4.130000114440918,19.440000534057617,34.95000076293945,49.70000076293945
2013-09-05,71.46231079101562,85.44999694824219,102.5,8.699999809265137,84.9000015258789,0.42500001192092896,4.139999866485596,19.739999771118164,35.45000076293945,50.45000076293945
2013-09-06,71.35169219970703,86.3499984741211,102.0,8.699999809265137,86.0,0.4449999928474426,4.079999923706055,19.579999923706055,35.04999923706055,50.0
2013-09-09,71.97855377197266,85.6500015258789,103.0,8.8100004196167,86.0999984741211,0.4350000023841858,4.099999904632568,19.780000686645508,35.0,50.95000076293945
2013-09-10,73.56414031982422,85.9000015258789,103.0999984741211,8.829999923706055,87.8499984741211,0.4300000071525574,4.110000133514404,20.25,35.04999923706055,52.900001525878906
2013-09-11,74.15412902832031,85.55000305175781,102.5999984741211,8.600000381469727,87.1500015258789,0.4350000023841858,4.090000152587891,19.6200008392334,35.25,52.599998474121094
2013-09-12,76.10846710205078,85.69999694824219,103.0999984741211,8.6899995803833,86.8499984741211,0.4399999976158142,4.099999904632568,19.219999313354492,34.95000076293945,53.29999923706055
2013-09-13,75.7397232055664,85.94999694824219,101.69999694824219,8.670000076293945,87.5999984741211,0.4300000071525574,4.039999961853027,19.0,35.150001525878906,52.349998474121094
2013-09-16,77.65718841552734,87.0999984741211,102.5999984741211,8.819999694824219,88.30000305175781,0.4350000023841858,4.130000114440918,18.979999542236328,36.04999923706055,55.349998474121094
2013-09-17,77.2146987915039,86.19999694824219,102.5999984741211,8.760000228881836,88.25,0.42500001192092896,4.170000076293945,18.899999618530273,35.70000076293945,54.150001525878906
2013-09-18,74.19100952148438,86.19999694824219,103.5,8.739999771118164,87.3499984741211,0.4050000011920929,4.099999904632568,18.540000915527344,36.400001525878906,53.650001525878906
2013-09-19,75.62910461425781,87.94999694824219,108.69999694824219,8.930000305175781,87.94999694824219,0.4050000011920929,4.090000152587891,18.860000610351562,37.099998474121094,55.150001525878906
2013-09-23,75.44473266601562,86.30000305175781,107.19999694824219,8.850000381469727,88.19999694824219,0.4050000011920929,4.090000152587891,18.84000015258789,36.95000076293945,54.599998474121094
2013-09-24,74.2278823852539,85.75,105.5,8.720000267028809,87.6500015258789,0.41499999165534973,3.990000009536743,18.799999237060547,36.849998474121094,53.45000076293945
2013-09-25,75.51847839355469,85.1500015258789,105.5999984741211,8.680000305175781,88.30000305175781,0.41499999165534973,4.010000228881836,18.8799991607666,37.099998474121094,53.70000076293945
2013-09-26,75.4078598022461,85.19999694824219,105.80000305175781,8.65999984741211,87.5,0.4050000011920929,3.9600000381469727,19.31999969482422,37.04999923706055,54.099998474121094
2013-09-27,77.03032684326172,85.3499984741211,107.4000015258789,8.710000038146973,88.1500015258789,0.4050000011920929,4.0,19.459999084472656,37.20000076293945,54.95000076293945
2013-09-30,75.00224304199219,84.3499984741211,105.5,8.5600004196167,86.6500015258789,0.4000000059604645,3.990000009536743,19.459999084472656,36.45000076293945,54.400001525878906
2013-10-02,76.51408386230469,84.1500015258789,105.80000305175781,8.520000457763672,87.0999984741211,0.4099999964237213,4.170000076293945,19.420000076293945,37.150001525878906,55.849998474121094
2013-10-03,77.3990707397461,84.3499984741211,105.69999694824219,8.640000343322754,86.5,0.4050000011920929,4.159999847412109,19.799999237060547,37.150001525878906,58.70000076293945
2013-10-04,77.28844451904297,84.3499984741211,105.0999984741211,8.609999656677246,84.0,0.4099999964237213,4.380000114440918,19.959999084472656,37.099998474121094,56.900001525878906
2013-10-07,76.9197006225586,83.75,102.4000015258789,8.550000190734863,83.19999694824219,0.41999998688697815,4.46999979019165,19.920000076293945,36.599998474121094,57.150001525878906
2013-10-08,78.54216766357422,83.80000305175781,102.5999984741211,8.680000305175781,84.4000015258789,0.4300000071525574,4.409999847412109,19.979999542236328,37.0,57.54999923706055
2013-10-09,76.29283905029297,83.30000305175781,102.0999984741211,8.890000343322754,84.1500015258789,0.48500001430511475,4.260000228881836,20.200000762939453,37.29999923706055,57.0
2013-10-10,75.55535125732422,83.44999694824219,102.5999984741211,8.819999694824219,84.0,0.4699999988079071,4.260000228881836,20.549999237060547,37.349998474121094,56.650001525878906
2013-10-11,77.25157165527344,84.5,103.9000015258789,8.90999984741211,85.0999984741211,0.4749999940395355,4.110000133514404,21.299999237060547,38.0,57.25
2013-10-15,77.76780700683594,85.1500015258789,103.30000305175781,8.989999771118164,84.94999694824219,0.5400000214576721,4.099999904632568,21.799999237060547,38.54999923706055,58.650001525878906
2013-10-16,77.69406127929688,84.9000015258789,103.0999984741211,9.079999923706055,84.25,0.5600000023841858,4.03000020980835,21.549999237060547,38.20000076293945,57.29999923706055
2013-10-17,77.47281646728516,84.05000305175781,102.0999984741211,8.979999542236328,83.8499984741211,0.5600000023841858,3.8499999046325684,21.299999237060547,38.349998474121094,57.45000076293945
2013-10-18,79.24278259277344,84.8499984741211,102.19999694824219,9.09000015258789,84.5999984741211,0.5299999713897705,3.9000000953674316,21.75,40.04999923706055,59.79999923706055
2013-10-21,82.56146240234375,85.05000305175781,101.0,9.039999961853027,85.05000305175781,0.5400000214576721,3.8499999046325684,23.350000381469727,39.54999923706055,62.54999923706055
2013-10-22,80.97586822509766,85.5,100.19999694824219,9.100000381469727,82.1500015258789,0.5199999809265137,3.9000000953674316,22.549999237060547,39.900001525878906,59.75
2013-10-23,79.3165283203125,84.5999984741211,101.5999984741211,8.9399995803833,80.1500015258789,0.5,3.8399999141693115,21.549999237060547,39.599998474121094,59.79999923706055
2013-10-24,79.05841064453125,84.80000305175781,101.0,8.859999656677246,79.9000015258789,0.48500001430511475,3.809999942779541,21.649999618530273,39.099998474121094,60.400001525878906
2013-10-25,78.57904052734375,84.94999694824219,100.5,8.720000267028809,80.0999984741211,0.47999998927116394,3.7100000381469727,20.899999618530273,38.75,59.75
2013-10-28,79.83277130126953,85.1500015258789,101.4000015258789,8.770000457763672,80.5,0.4749999940395355,3.7899999618530273,21.399999618530273,38.70000076293945,58.099998474121094
2013-10-29,77.14094543457031,85.25,101.4000015258789,8.90999984741211,80.19999694824219,0.49000000953674316,3.7899999618530273,21.049999237060547,38.349998474121094,56.20000076293945
2013-10-30,79.02153778076172,86.0,102.5999984741211,9.0,81.5999984741211,0.48500001430511475,3.8299999237060547,21.350000381469727,39.45000076293945,59.04999923706055
2013-10-31,78.02593231201172,85.44999694824219,101.5999984741211,8.880000114440918,81.4000015258789,0.47999998927116394,3.9100000858306885,21.0,39.349998474121094,57.849998474121094
2013-11-01,77.9153060913086,85.4000015258789,102.30000305175781,8.819999694824219,81.0,0.47999998927116394,3.880000114440918,21.549999237060547,39.75,58.900001525878906
2013-11-04,76.84595489501953,85.0999984741211,103.0,8.789999961853027,80.55000305175781,0.4950000047683716,3.869999885559082,21.100000381469727,39.400001525878906,58.54999923706055
2013-11-05,75.9240951538086,86.3499984741211,102.0,8.710000038146973,80.4000015258789,0.4950000047683716,3.890000104904175,21.100000381469727,38.75,57.70000076293945
2013-11-06,75.96096801757812,86.5999984741211,102.0,8.670000076293945,81.25,0.5099999904632568,3.950000047683716,20.700000762939453,38.650001525878906,57.599998474121094
2013-11-07,75.11286163330078,85.8499984741211,101.5,8.630000114440918,81.30000305175781,0.5099999904632568,3.880000114440918,20.649999618530273,38.400001525878906,57.400001525878906
2013-11-08,74.00663757324219,85.4000015258789,102.0,8.609999656677246,80.5,0.5099999904632568,3.819999933242798,20.299999237060547,38.099998474121094,57.70000076293945
2013-11-11,75.8134765625,86.75,101.5,8.739999771118164,81.44999694824219,0.5,3.9000000953674316,20.899999618530273,39.099998474121094,58.150001525878906
2013-11-12,75.4078598022461,86.0,101.30000305175781,8.710000038146973,80.44999694824219,0.4950000047683716,3.880000114440918,20.850000381469727,38.349998474121094,57.45000076293945
2013-11-13,72.38417053222656,84.80000305175781,100.19999694824219,8.5,79.5999984741211,0.5099999904632568,3.8399999141693115,20.350000381469727,37.79999923706055,57.150001525878906
2013-11-14,75.7397232055664,85.0999984741211,100.5,8.59000015258789,80.1500015258789,0.5099999904632568,3.940000057220459,20.649999618530273,38.04999923706055,57.5
2013-11-15,77.36219024658203,85.5999984741211,101.5,8.829999923706055,81.0,0.5099999904632568,3.9800000190734863,21.450000762939453,38.599998474121094,58.349998474121094
2013-11-18,78.54216766357422,86.25,100.0,9.260000228881836,83.0,0.5400000214576721,4.099999904632568,22.950000762939453,39.29999923706055,60.400001525878906
2013-11-19,77.25157165527344,86.5,99.69999694824219,9.489999771118164,82.5,0.5299999713897705,4.039999961853027,23.25,39.349998474121094,59.650001525878906
2013-11-20,77.25157165527344,86.69999694824219,99.8499984741211,9.59000015258789,82.05000305175781,0.5299999713897705,4.099999904632568,22.350000381469727,38.849998474121094,59.150001525878906
2013-11-21,77.76780700683594,86.44999694824219,99.5999984741211,9.4399995803833,80.94999694824219,0.5299999713897705,4.059999942779541,22.700000762939453,38.79999923706055,58.54999923706055
2013-11-22,78.28404998779297,86.5999984741211,99.3499984741211,9.420000076293945,80.44999694824219,0.5199999809265137,3.990000009536743,22.600000381469727,39.0,59.650001525878906
2013-11-25,80.75462341308594,86.5,99.05000305175781,9.319999694824219,81.05000305175781,0.5299999713897705,4.019999980926514,22.850000381469727,39.0,59.75
2013-11-26,80.57025146484375,86.69999694824219,99.75,9.229999542236328,81.6500015258789,0.550000011920929,4.059999942779541,22.5,39.20000076293945,59.75
2013-11-27,81.38148498535156,87.0,99.94999694824219,9.1899995803833,82.94999694824219,0.5299999713897705,4.039999961853027,22.950000762939453,39.25,60.849998474121094
2013-11-28,81.49211120605469,86.6500015258789,99.55000305175781,9.100000381469727,82.5999984741211,0.5199999809265137,4.010000228881836,22.649999618530273,39.400001525878906,60.20000076293945
2013-11-29,82.67208862304688,86.5999984741211,99.55000305175781,9.170000076293945,83.5,0.5299999713897705,4.0,23.049999237060547,39.29999923706055,60.70000076293945
2013-12-02,83.74143981933594,87.05000305175781,99.9000015258789,9.210000038146973,83.9000015258789,0.5299999713897705,4.03000020980835,23.299999237060547,39.5,61.29999923706055
2013-12-03,82.56146240234375,86.44999694824219,99.19999694824219,9.119999885559082,83.44999694824219,0.5199999809265137,3.9700000286102295,23.299999237060547,39.099998474121094,62.29999923706055
2013-12-04,81.78710174560547,85.4000015258789,98.1500015258789,8.970000267028809,84.19999694824219,0.5199999809265137,4.0,23.700000762939453,38.54999923706055,62.349998474121094
2013-12-05,82.93020629882812,84.19999694824219,98.0,9.0600004196167,84.6500015258789,0.5299999713897705,3.9800000190734863,23.799999237060547,38.79999923706055,63.349998474121094
2013-12-06,84.810791015625,84.19999694824219,97.75,9.140000343322754,84.6500015258789,0.5199999809265137,3.9600000381469727,23.649999618530273,38.349998474121094,63.54999923706055
2013-12-09,85.25328063964844,84.19999694824219,97.4000015258789,9.079999923706055,84.9000015258789,0.550000011920929,3.950000047683716,24.25,38.75,63.95000076293945
2013-12-10,85.95389556884766,83.9000015258789,97.3499984741211,8.989999771118164,84.05000305175781,0.5400000214576721,3.930000066757202,24.899999618530273,38.5,63.5
2013-12-11,87.50261688232422,82.80000305175781,96.19999694824219,8.760000228881836,81.4000015258789,0.5400000214576721,3.8399999141693115,24.149999618530273,37.70000076293945,63.45000076293945
2013-12-12,86.17514038085938,82.55000305175781,96.4000015258789,8.6899995803833,80.94999694824219,0.5299999713897705,3.8399999141693115,23.549999237060547,37.79999923706055,65.19999694824219
2013-12-13,85.95389556884766,82.5999984741211,96.80000305175781,8.720000267028809,81.30000305175781,0.5299999713897705,3.930000066757202,23.299999237060547,37.5,67.1500015258789
2013-12-16,87.2076187133789,81.80000305175781,96.8499984741211,8.649999618530273,80.30000305175781,0.5299999713897705,3.869999885559082,23.299999237060547,37.150001525878906,69.55000305175781
2013-12-17,85.88014221191406,82.05000305175781,96.55000305175781,8.550000190734863,80.69999694824219,0.5400000214576721,3.819999933242798,22.899999618530273,37.95000076293945,68.5999984741211
2013-12-18,86.13826751708984,82.19999694824219,97.4000015258789,8.600000381469727,80.4000015258789,0.550000011920929,3.8299999237060547,23.100000381469727,37.849998474121094,69.44999694824219
2013-12-19,85.51140594482422,82.05000305175781,96.80000305175781,8.479999542236328,79.44999694824219,0.5299999713897705,3.7699999809265137,22.5,38.099998474121094,67.75
2013-12-20,85.47452545166016,82.0,97.05000305175781,8.4399995803833,79.9000015258789,0.5400000214576721,3.75,22.200000762939453,37.79999923706055,65.94999694824219
2013-12-23,86.13826751708984,82.55000305175781,97.05000305175781,8.449999809265137,80.55000305175781,0.5199999809265137,3.740000009536743,22.0,38.20000076293945,67.6500015258789
2013-12-24,86.50701141357422,83.5,97.5,8.539999961853027,80.94999694824219,0.5299999713897705,3.759999990463257,22.5,38.349998474121094,68.5999984741211
2013-12-27,89.08820343017578,83.9000015258789,97.69999694824219,8.5,81.0,0.5400000214576721,3.7100000381469727,22.649999618530273,38.29999923706055,68.30000305175781
2013-12-30,91.41128540039062,84.1500015258789,98.0,8.479999542236328,80.5,0.550000011920929,3.700000047683716,22.350000381469727,38.5,68.94999694824219
2013-12-31,91.1900405883789,84.1500015258789,98.3499984741211,8.5,80.4000015258789,0.5600000023841858,3.75,22.25,38.900001525878906,69.55000305175781
2014-01-02,93.01531219482422,84.5999984741211,98.05000305175781,8.460000038146973,80.19999694824219,0.6299999952316284,3.7300000190734863,21.700000762939453,39.349998474121094,70.5
2014-01-03,91.07941436767578,82.94999694824219,96.4000015258789,8.199999809265137,78.5999984741211,0.6299999952316284,3.640000104904175,21.850000381469727,38.45000076293945,70.6500015258789
2014-01-06,91.3744125366211,83.1500015258789,97.0999984741211,8.140000343322754,78.1500015258789,0.8999999761581421,3.5199999809265137,22.549999237060547,38.099998474121094,71.5
2014-01-07,91.07941436767578,83.9000015258789,96.5,8.09000015258789,78.05000305175781,0.8100000023841858,3.4200000762939453,22.75,37.75,75.55000305175781
2014-01-08,92.46220397949219,85.4000015258789,96.69999694824219,8.109999656677246,78.44999694824219,0.8399999737739563,3.4700000286102295,22.75,37.70000076293945,78.0999984741211
2014-01-09,90.8950424194336,85.25,97.0999984741211,8.0,77.3499984741211,0.800000011920929,3.430000066757202,22.899999618530273,37.70000076293945,76.1500015258789
2014-01-10,91.7062759399414,85.4000015258789,96.94999694824219,8.0,77.80000305175781,0.8100000023841858,3.4000000953674316,23.0,37.599998474121094,75.05000305175781
2014-01-13,91.55878448486328,86.0,96.9000015258789,8.029999732971191,77.80000305175781,0.7400000095367432,3.4100000858306885,22.75,37.20000076293945,77.05000305175781
2014-01-14,90.8950424194336,85.19999694824219,96.75,7.980000019073486,77.55000305175781,0.75,3.3399999141693115,22.899999618530273,36.95000076293945,77.5999984741211
2014-01-15,93.75279998779297,85.6500015258789,96.5999984741211,8.010000228881836,77.1500015258789,0.8299999833106995,3.2799999713897705,22.649999618530273,37.150001525878906,77.75
2014-01-16,94.49028778076172,86.05000305175781,97.3499984741211,8.050000190734863,77.5999984741211,0.8299999833106995,3.140000104904175,22.700000762939453,38.0,79.0
2014-01-17,97.53240966796875,85.8499984741211,98.5,8.100000381469727,77.8499984741211,0.8299999833106995,3.2300000190734863,22.950000762939453,38.75,83.19999694824219
2014-01-20,95.96525573730469,85.75,98.19999694824219,8.050000190734863,76.6500015258789,0.8299999833106995,3.2899999618530273,22.700000762939453,38.04999923706055,82.75
2014-01-21,95.8730697631836,85.75,98.69999694824219,8.069999694824219,77.1500015258789,0.8299999833106995,3.299999952316284,22.700000762939453,38.29999923706055,81.44999694824219
2014-01-22,97.16366577148438,86.0,98.9000015258789,8.029999732971191,77.6500015258789,0.8299999833106995,3.319999933242798,22.899999618530273,38.29999923706055,76.94999694824219
2014-01-23,96.24181365966797,85.1500015258789,97.55000305175781,7.929999828338623,77.0,0.8299999833106995,3.299999952316284,22.899999618530273,37.5,75.4000015258789
2014-01-24,92.3700180053711,84.4000015258789,96.8499984741211,7.869999885559082,76.1500015258789,3.9200000762939453,3.240000009536743,22.350000381469727,37.0,73.55000305175781
2014-01-27,90.23130798339844,82.0999984741211,96.19999694824219,7.739999771118164,74.94999694824219,3.809999942779541,3.109999895095825,21.850000381469727,36.5,73.94999694824219
2014-01-28,92.73875427246094,81.9000015258789,96.1500015258789,7.690000057220459,74.3499984741211,3.799999952316284,3.109999895095825,21.549999237060547,35.95000076293945,76.25
2014-01-29,98.08552551269531,81.94999694824219,95.05000305175781,7.619999885559082,74.44999694824219,3.5199999809265137,3.190000057220459,22.0,36.45000076293945,74.4000015258789
2014-01-30,100.20579528808594,80.94999694824219,94.80000305175781,7.510000228881836,74.05000305175781,3.6700000762939453,3.180000066757202,21.899999618530273,35.75,76.30000305175781
2014-02-04,94.12154388427734,79.1500015258789,93.55000305175781,7.329999923706055,72.0,3.759999990463257,3.059999942779541,21.399999618530273,35.04999923706055,71.5
2014-02-05,94.12154388427734,78.6500015258789,93.1500015258789,7.389999866485596,72.44999694824219,3.440000057220459,3.0799999237060547,21.100000381469727,35.650001525878906,66.25
2014-02-06,93.75279998779297,78.75,92.30000305175781,7.429999828338623,72.5,2.609999895095825,3.109999895095825,21.049999237060547,35.45000076293945,71.0999984741211
2014-02-07,96.70274353027344,79.30000305175781,95.30000305175781,7.550000190734863,73.0999984741211,2.450000047683716,3.180000066757202,21.299999237060547,35.650001525878906,71.0999984741211
2014-02-10,98.3620834350586,79.19999694824219,95.1500015258789,7.670000076293945,73.55000305175781,2.740000009536743,3.2100000381469727,21.5,35.650001525878906,69.5999984741211
2014-02-11,97.71678161621094,79.69999694824219,95.30000305175781,7.78000020980835,74.69999694824219,2.7200000286102295,3.1700000762939453,21.850000381469727,37.0,72.1500015258789
2014-02-12,99.1917495727539,81.0,95.5999984741211,7.940000057220459,73.94999694824219,2.700000047683716,3.1600000858306885,22.149999618530273,37.5,73.1500015258789
2014-02-13,99.56049346923828,81.3499984741211,95.69999694824219,7.809999942779541,73.05000305175781,3.359999895095825,3.009999990463257,22.100000381469727,37.099998474121094,72.55000305175781
2014-02-14,101.12765502929688,82.0999984741211,96.5,7.820000171661377,73.8499984741211,3.2899999618530273,3.059999942779541,22.450000762939453,36.599998474121094,74.30000305175781
2014-02-17,106.93534851074219,82.69999694824219,97.30000305175781,7.940000057220459,74.05000305175781,4.119999885559082,3.0299999713897705,22.350000381469727,36.900001525878906,71.9000015258789
2014-02-18,107.7650146484375,83.3499984741211,96.8499984741211,7.909999847412109,73.6500015258789,4.25,2.9700000286102295,22.299999237060547,37.599998474121094,73.0
2014-02-19,107.39627838134766,84.8499984741211,98.1500015258789,7.949999809265137,73.69999694824219,4.210000038146973,3.0199999809265137,22.799999237060547,37.900001525878906,71.5999984741211
2014-02-20,104.07759094238281,83.44999694824219,98.1500015258789,8.149999618530273,72.94999694824219,4.269999980926514,3.0399999618530273,22.399999618530273,37.349998474121094,71.69999694824219
2014-02-21,107.02753448486328,84.3499984741211,99.30000305175781,8.119999885559082,73.94999694824219,4.239999771118164,3.009999990463257,22.299999237060547,37.29999923706055,72.69999694824219
2014-02-24,106.56660461425781,83.9000015258789,97.5,7.900000095367432,73.5,4.130000114440918,2.930000066757202,21.899999618530273,36.95000076293945,72.3499984741211
2014-02-25,106.10567474365234,81.6500015258789,98.44999694824219,7.900000095367432,73.19999694824219,3.9000000953674316,2.9100000858306885,21.549999237060547,37.04999923706055,74.5
2014-02-26,108.04157257080078,81.1500015258789,98.6500015258789,8.0,73.30000305175781,4.170000076293945,2.9600000381469727,21.700000762939453,37.650001525878906,75.5999984741211
2014-02-27,113.66490173339844,81.9000015258789,99.1500015258789,8.149999618530273,73.94999694824219,4.199999809265137,2.9200000762939453,21.649999618530273,37.75,78.25
2014-02-28,114.77112579345703,82.25,99.30000305175781,8.180000305175781,73.75,4.21999979019165,2.9200000762939453,21.549999237060547,37.95000076293945,77.8499984741211
2014-03-03,110.99151611328125,81.05000305175781,96.6500015258789,8.09000015258789,73.6500015258789,4.25,2.859999895095825,21.149999618530273,37.099998474121094,76.1500015258789
2014-03-04,112.92741394042969,81.5,95.6500015258789,8.239999771118164,73.9000015258789,4.360000133514404,2.799999952316284,21.100000381469727,37.349998474121094,77.5
2014-03-05,114.77112579345703,81.4000015258789,94.1500015258789,8.0600004196167,73.75,5.050000190734863,2.740000009536743,21.100000381469727,37.400001525878906,77.6500015258789
2014-03-06,117.07576751708984,81.44999694824219,94.4000015258789,8.100000381469727,73.80000305175781,6.800000190734863,2.7899999618530273,21.100000381469727,37.599998474121094,77.44999694824219
2014-03-07,116.24610137939453,81.30000305175781,94.0999984741211,8.100000381469727,73.4000015258789,7.300000190734863,2.759999990463257,21.149999618530273,37.29999923706055,75.5999984741211
2014-03-10,113.66490173339844,80.44999694824219,93.1500015258789,7.980000019073486,71.05000305175781,7.369999885559082,2.7200000286102295,20.75,37.0,73.1500015258789
2014-03-11,113.84927368164062,80.3499984741211,93.8499984741211,7.880000114440918,71.1500015258789,7.369999885559082,2.630000114440918,21.149999618530273,36.54999923706055,74.69999694824219
2014-03-12,110.99151611328125,78.5999984741211,93.19999694824219,7.78000020980835,70.05000305175781,6.019999980926514,2.619999885559082,20.600000381469727,36.29999923706055,74.30000305175781
2014-03-13,108.41031646728516,78.0,92.05000305175781,7.699999809265137,70.1500015258789,5.96999979019165,2.690000057220459,20.350000381469727,35.79999923706055,72.80000305175781
2014-03-14,103.98540496826172,77.69999694824219,91.6500015258789,7.670000076293945,69.5,5.5,2.630000114440918,20.75,35.75,71.0999984741211
2014-03-17,100.7589111328125,77.5,91.55000305175781,7.690000057220459,68.80000305175781,4.96999979019165,2.619999885559082,21.100000381469727,35.650001525878906,74.19999694824219
2014-03-18,106.56660461425781,77.1500015258789,91.75,7.690000057220459,69.69999694824219,5.349999904632568,2.680000066757202,21.100000381469727,35.70000076293945,74.0999984741211
2014-03-19,104.63070678710938,76.80000305175781,91.44999694824219,7.690000057220459,69.5,5.110000133514404,3.0899999141693115,21.0,35.95000076293945,72.0
2014-03-20,102.87918090820312,75.94999694824219,90.9000015258789,7.619999885559082,67.0,5.239999771118164,2.9600000381469727,21.0,35.099998474121094,70.55000305175781
2014-03-21,105.55256652832031,76.55000305175781,91.4000015258789,7.860000133514404,64.5,5.230000019073486,2.9100000858306885,21.100000381469727,35.099998474121094,70.25
2014-03-24,108.22594451904297,77.6500015258789,91.6500015258789,8.289999961853027,67.19999694824219,5.260000228881836,2.930000066757202,20.700000762939453,35.900001525878906,71.19999694824219
2014-03-25,102.97136688232422,77.80000305175781,92.5,8.220000267028809,67.5999984741211,5.090000152587891,2.940000057220459,21.149999618530273,35.54999923706055,69.94999694824219
2014-03-26,102.14169311523438,78.25,93.30000305175781,8.359999656677246,67.44999694824219,6.139999866485596,2.890000104904175,21.299999237060547,36.20000076293945,68.5999984741211
2014-03-27,96.14962768554688,78.25,93.05000305175781,8.420000076293945,68.94999694824219,5.690000057220459,2.890000104904175,20.950000762939453,36.400001525878906,64.9000015258789
2014-03-28,98.63864135742188,78.55000305175781,93.6500015258789,8.489999771118164,69.9000015258789,5.849999904632568,2.890000104904175,20.649999618530273,36.95000076293945,65.94999694824219
2014-03-31,99.46830749511719,78.55000305175781,95.0,8.449999809265137,71.0,5.699999809265137,3.049999952316284,21.25,36.79999923706055,67.44999694824219
2014-04-01,103.89321899414062,78.75,95.8499984741211,8.5600004196167,71.0,5.670000076293945,3.059999942779541,21.5,37.349998474121094,72.80000305175781
2014-04-02,103.52448272705078,79.1500015258789,99.75,8.550000190734863,71.3499984741211,5.360000133514404,3.0199999809265137,21.649999618530273,37.79999923706055,71.9000015258789
2014-04-03,100.7589111328125,79.05000305175781,99.5,8.59000015258789,71.9000015258789,5.460000038146973,3.0899999141693115,21.450000762939453,38.099998474121094,72.25
2014-04-04,96.79492950439453,79.1500015258789,99.9000015258789,8.6899995803833,71.0999984741211,5.599999904632568,3.059999942779541,21.399999618530273,38.25,72.0
2014-04-07,92.46220397949219,78.5,100.0,8.699999809265137,71.80000305175781,5.139999866485596,3.1700000762939453,20.899999618530273,37.45000076293945,67.94999694824219
2014-04-08,93.93717193603516,78.69999694824219,99.8499984741211,8.729999542236328,72.80000305175781,5.170000076293945,3.190000057220459,20.450000762939453,38.099998474121094,66.9000015258789
2014-04-09,96.51837158203125,79.5999984741211,99.94999694824219,8.720000267028809,73.69999694824219,5.269999980926514,3.1600000858306885,20.049999237060547,37.54999923706055,69.19999694824219
2014-04-10,103.80103302001953,80.80000305175781,100.5,8.859999656677246,75.0999984741211,5.329999923706055,3.049999952316284,20.450000762939453,38.45000076293945,72.8499984741211
2014-04-11,96.79492950439453,80.80000305175781,99.6500015258789,8.850000381469727,74.5999984741211,5.159999847412109,2.940000057220459,20.299999237060547,39.650001525878906,70.6500015258789
2014-04-14,96.97930145263672,80.3499984741211,100.5999984741211,8.850000381469727,73.9000015258789,4.800000190734863,2.859999895095825,20.25,39.45000076293945,70.05000305175781
2014-04-15,95.13558197021484,79.8499984741211,100.4000015258789,8.680000305175781,72.44999694824219,4.539999961853027,2.8399999141693115,20.149999618530273,38.79999923706055,68.69999694824219
2014-04-16,96.14962768554688,80.3499984741211,99.44999694824219,8.729999542236328,72.05000305175781,4.510000228881836,2.819999933242798,20.350000381469727,39.29999923706055,67.75
2014-04-17,96.88711547851562,80.25,99.69999694824219,8.779999732971191,71.94999694824219,4.570000171661377,2.8399999141693115,20.549999237060547,39.04999923706055,68.19999694824219
2014-04-22,96.70274353027344,80.55000305175781,99.25,8.760000228881836,71.8499984741211,4.630000114440918,2.740000009536743,20.700000762939453,39.099998474121094,68.05000305175781
2014-04-23,97.53240966796875,80.0,97.5,8.770000457763672,70.0,5.070000171661377,2.7699999809265137,20.549999237060547,38.20000076293945,69.0999984741211
2014-04-24,98.1777114868164,79.9000015258789,97.5,8.829999923706055,69.75,4.800000190734863,2.740000009536743,20.5,38.650001525878906,69.44999694824219
2014-04-25,96.51837158203125,78.75,96.5,8.800000190734863,69.05000305175781,4.739999771118164,2.6700000762939453,20.299999237060547,37.849998474121094,67.5
2014-04-28,93.75279998779297,78.69999694824219,96.94999694824219,8.949999809265137,69.94999694824219,4.53000020980835,2.6700000762939453,19.899999618530273,37.5,65.30000305175781
2014-04-29,93.93717193603516,79.5999984741211,98.55000305175781,8.970000267028809,73.1500015258789,4.360000133514404,2.6700000762939453,20.0,38.849998474121094,62.29999923706055
2014-04-30,89.08820343017578,78.6500015258789,97.6500015258789,8.979999542236328,73.69999694824219,4.309999942779541,2.690000057220459,20.399999618530273,37.599998474121094,60.849998474121094
2014-05-02,91.33753967285156,79.0999984741211,98.0,8.9399995803833,73.0999984741211,4.860000133514404,2.630000114440918,20.399999618530273,38.25,62.70000076293945
2014-05-05,90.82129669189453,78.25,96.94999694824219,8.770000457763672,72.80000305175781,5.210000038146973,2.6700000762939453,20.25,37.70000076293945,62.099998474121094
2014-05-07,87.35511779785156,78.4000015258789,95.5,8.779999732971191,72.75,6.289999961853027,2.619999885559082,19.899999618530273,36.95000076293945,59.95000076293945
2014-05-08,87.31824493408203,78.25,95.25,8.930000305175781,75.19999694824219,6.289999961853027,2.6700000762939453,19.959999084472656,37.349998474121094,55.400001525878906
2014-05-09,88.27696990966797,77.9000015258789,95.80000305175781,8.9399995803833,74.5,6.099999904632568,2.7200000286102295,20.049999237060547,37.5,58.5
2014-05-12,92.92312622070312,78.8499984741211,98.44999694824219,8.989999771118164,75.1500015258789,5.96999979019165,2.7100000381469727,20.100000381469727,38.20000076293945,59.349998474121094
2014-05-13,93.56842803955078,79.1500015258789,98.8499984741211,9.239999771118164,75.1500015258789,5.639999866485596,2.8299999237060547,20.100000381469727,38.400001525878906,59.0
2014-05-14,94.766845703125,80.0999984741211,100.69999694824219,9.229999542236328,75.8499984741211,5.96999979019165,2.809999942779541,20.399999618530273,38.0,58.900001525878906
2014-05-15,100.29798126220703,80.55000305175781,102.0999984741211,9.210000038146973,75.9000015258789,5.909999847412109,2.7200000286102295,20.350000381469727,38.150001525878906,58.75
2014-05-16,100.29798126220703,81.3499984741211,101.9000015258789,9.229999542236328,76.44999694824219,6.070000171661377,2.7100000381469727,20.299999237060547,38.25,58.599998474121094
2014-05-19,99.1917495727539,82.0,100.80000305175781,9.279999732971191,76.6500015258789,6.0,2.690000057220459,20.25,38.0,58.5
2014-05-20,103.1557388305664,82.44999694824219,100.80000305175781,9.279999732971191,78.05000305175781,5.840000152587891,2.680000066757202,20.200000762939453,38.349998474121094,60.349998474121094
2014-05-21,102.97136688232422,80.80000305175781,101.4000015258789,9.300000190734863,78.1500015258789,5.820000171661377,2.7200000286102295,20.049999237060547,38.0,61.29999923706055
2014-05-22,103.52448272705078,80.69999694824219,101.4000015258789,9.470000267028809,78.0,5.820000171661377,2.759999990463257,20.100000381469727,38.04999923706055,62.54999923706055
2014-05-23,102.41825103759766,80.5999984741211,102.0,9.449999809265137,77.25,5.869999885559082,2.740000009536743,20.600000381469727,38.150001525878906,62.04999923706055
2014-05-26,102.69480895996094,80.9000015258789,102.19999694824219,9.390000343322754,77.19999694824219,5.889999866485596,2.799999952316284,20.899999618530273,38.04999923706055,61.900001525878906
2014-05-27,102.69480895996094,81.30000305175781,103.0,9.420000076293945,75.6500015258789,5.829999923706055,2.930000066757202,20.700000762939453,38.04999923706055,61.5
2014-05-28,104.44633483886719,81.44999694824219,104.0,9.260000228881836,75.69999694824219,5.789999961853027,2.869999885559082,21.100000381469727,38.349998474121094,61.0
2014-05-29,101.21984100341797,81.5999984741211,104.5,9.220000267028809,76.1500015258789,5.860000133514404,2.890000104904175,21.200000762939453,38.5,59.20000076293945
2014-05-30,100.7589111328125,81.75,106.0,9.25,75.8499984741211,6.190000057220459,2.9000000953674316,21.049999237060547,38.849998474121094,61.95000076293945
2014-06-03,103.2479248046875,81.5,107.9000015258789,9.34000015258789,76.9000015258789,6.070000171661377,2.799999952316284,21.149999618530273,39.25,60.04999923706055
2014-06-04,100.6667251586914,81.19999694824219,106.0999984741211,9.3100004196167,76.19999694824219,6.03000020980835,2.7899999618530273,20.850000381469727,39.400001525878906,58.849998474121094
2014-06-05,99.92923736572266,80.8499984741211,107.69999694824219,9.380000114440918,76.30000305175781,6.050000190734863,2.799999952316284,21.0,39.099998474121094,59.29999923706055
2014-06-06,99.74486541748047,81.1500015258789,107.5999984741211,9.369999885559082,75.55000305175781,5.889999866485596,2.809999942779541,21.0,38.650001525878906,58.20000076293945
2014-06-09,101.95732116699219,81.44999694824219,107.69999694824219,9.390000343322754,75.9000015258789,6.0,2.7799999713897705,21.0,39.04999923706055,56.79999923706055
2014-06-10,104.63070678710938,81.69999694824219,107.0,9.5,76.75,5.960000038146973,2.799999952316284,21.25,39.29999923706055,55.95000076293945
2014-06-11,107.30409240722656,80.9000015258789,105.5999984741211,9.5,75.1500015258789,5.960000038146973,2.700000047683716,20.950000762939453,39.150001525878906,57.650001525878906
2014-06-12,106.56660461425781,81.1500015258789,106.19999694824219,9.449999809265137,75.80000305175781,6.03000020980835,2.7300000190734863,21.399999618530273,39.099998474121094,58.099998474121094
2014-06-13,107.02753448486328,81.3499984741211,107.0,9.489999771118164,75.80000305175781,6.03000020980835,2.740000009536743,21.299999237060547,39.29999923706055,58.20000076293945
2014-06-16,107.48846435546875,81.1500015258789,106.9000015258789,9.579999923706055,75.44999694824219,5.989999771118164,2.7300000190734863,21.649999618530273,39.400001525878906,57.400001525878906
2014-06-17,106.56660461425781,80.80000305175781,106.69999694824219,9.550000190734863,75.5,5.840000152587891,2.7100000381469727,21.350000381469727,38.849998474121094,56.75
2014-06-18,107.11972045898438,80.9000015258789,106.9000015258789,9.59000015258789,75.69999694824219,5.869999885559082,2.7200000286102295,21.100000381469727,38.70000076293945,56.099998474121094
2014-06-19,106.7509765625,80.9000015258789,107.9000015258789,9.680000305175781,75.5,5.840000152587891,2.700000047683716,20.850000381469727,39.099998474121094,56.599998474121094
2014-06-20,106.7509765625,80.80000305175781,107.0999984741211,9.710000038146973,75.8499984741211,5.929999828338623,2.7100000381469727,21.25,39.20000076293945,57.599998474121094
2014-06-23,105.27600860595703,79.80000305175781,105.5999984741211,9.65999984741211,74.0,5.829999923706055,2.7100000381469727,21.049999237060547,38.29999923706055,56.95000076293945
2014-06-24,105.92130279541016,79.94999694824219,105.5,9.619999885559082,74.25,5.860000133514404,2.7200000286102295,20.700000762939453,38.650001525878906,57.25
2014-06-25,106.10567474365234,79.6500015258789,105.30000305175781,9.579999923706055,74.55000305175781,5.840000152587891,2.7200000286102295,20.850000381469727,38.650001525878906,57.400001525878906
2014-06-26,109.1478042602539,79.69999694824219,105.69999694824219,9.819999694824219,75.3499984741211,6.010000228881836,2.75,21.0,38.849998474121094,59.5
2014-06-27,109.1478042602539,79.05000305175781,106.9000015258789,9.75,75.5999984741211,6.039999961853027,2.7300000190734863,20.950000762939453,39.400001525878906,59.849998474121094
2014-06-30,108.96343231201172,78.5999984741211,106.30000305175781,9.789999961853027,75.19999694824219,6.019999980926514,2.7300000190734863,21.450000762939453,38.95000076293945,62.0
2014-07-02,113.20397186279297,80.0,107.69999694824219,9.930000305175781,76.4000015258789,5.949999809265137,2.809999942779541,21.600000381469727,39.900001525878906,65.0
2014-07-03,114.95549774169922,80.19999694824219,107.69999694824219,9.8100004196167,76.0999984741211,5.920000076293945,2.950000047683716,21.899999618530273,39.54999923706055,64.75
2014-07-04,115.3242416381836,80.4000015258789,107.0999984741211,9.8100004196167,76.0999984741211,5.980000019073486,2.9700000286102295,22.100000381469727,39.599998474121094,66.44999694824219
2014-07-07,115.60079956054688,80.3499984741211,106.9000015258789,9.779999732971191,76.1500015258789,6.0,2.950000047683716,22.149999618530273,39.400001525878906,65.6500015258789
2014-07-08,115.50861358642578,79.94999694824219,107.5999984741211,9.800000190734863,76.1500015258789,5.989999771118164,2.890000104904175,22.200000762939453,39.45000076293945,63.849998474121094
2014-07-09,111.72900390625,79.0,106.0999984741211,9.649999618530273,75.80000305175781,5.940000057220459,2.880000114440918,22.049999237060547,39.099998474121094,62.400001525878906
2014-07-10,112.6508560180664,78.9000015258789,106.30000305175781,9.800000190734863,76.25,5.909999847412109,2.950000047683716,22.200000762939453,39.150001525878906,62.20000076293945
2014-07-11,112.09774780273438,78.5999984741211,106.19999694824219,9.90999984741211,76.5999984741211,5.860000133514404,2.9800000190734863,22.049999237060547,39.29999923706055,62.650001525878906
2014-07-14,113.20397186279297,79.1500015258789,105.19999694824219,9.989999771118164,78.55000305175781,5.860000133514404,3.0399999618530273,22.149999618530273,39.04999923706055,61.95000076293945
2014-07-15,114.1258316040039,79.25,105.80000305175781,10.079999923706055,81.19999694824219,5.869999885559082,3.0899999141693115,23.25,39.04999923706055,62.95000076293945
2014-07-16,114.58675384521484,79.5999984741211,106.19999694824219,10.180000305175781,81.6500015258789,5.869999885559082,3.109999895095825,23.200000762939453,39.45000076293945,62.75
2014-07-17,113.84927368164062,79.80000305175781,106.0,10.15999984741211,81.8499984741211,6.0,3.049999952316284,23.950000762939453,39.75,62.0
2014-07-18,113.29615783691406,79.3499984741211,106.5999984741211,10.180000305175781,81.5999984741211,6.0,2.9800000190734863,24.299999237060547,39.54999923706055,61.400001525878906
2014-07-21,112.00555419921875,79.0999984741211,106.30000305175781,10.15999984741211,81.6500015258789,6.019999980926514,2.9100000858306885,23.850000381469727,39.70000076293945,63.29999923706055
2014-07-22,114.40238189697266,80.0999984741211,106.80000305175781,10.479999542236328,83.3499984741211,6.099999904632568,2.9700000286102295,23.950000762939453,41.0,63.29999923706055
2014-07-23,114.58675384521484,80.0999984741211,107.4000015258789,10.800000190734863,84.0999984741211,6.03000020980835,3.0199999809265137,23.799999237060547,41.29999923706055,63.75
2014-07-24,114.77112579345703,80.75,107.9000015258789,10.899999618530273,85.1500015258789,6.050000190734863,3.0199999809265137,23.799999237060547,41.099998474121094,63.95000076293945
2014-07-25,115.1398696899414,81.69999694824219,107.9000015258789,10.819999694824219,84.05000305175781,6.070000171661377,3.190000057220459,23.75,41.400001525878906,63.650001525878906
2014-07-28,118.8272933959961,82.25,107.5999984741211,10.680000305175781,84.8499984741211,6.099999904632568,3.190000057220459,23.399999618530273,41.54999923706055,65.25
2014-07-29,120.2100830078125,83.19999694824219,112.30000305175781,10.4399995803833,85.44999694824219,6.090000152587891,3.109999895095825,22.950000762939453,41.54999923706055,66.0
2014-07-30,118.45854949951172,83.5999984741211,115.9000015258789,10.4399995803833,86.0999984741211,5.980000019073486,3.0799999237060547,22.600000381469727,41.45000076293945,65.25
2014-07-31,118.36637115478516,83.5,117.9000015258789,10.180000305175781,85.9000015258789,5.940000057220459,3.140000104904175,22.850000381469727,41.849998474121094,65.94999694824219
2014-08-01,118.18199920654297,82.75,115.5,10.140000343322754,85.30000305175781,5.860000133514404,3.0899999141693115,22.25,42.04999923706055,64.4000015258789
2014-08-04,119.10385131835938,82.05000305175781,114.5,10.100000381469727,85.19999694824219,5.889999866485596,3.0899999141693115,23.0,42.04999923706055,64.5999984741211
2014-08-05,123.06783294677734,83.55000305175781,114.69999694824219,10.119999885559082,85.75,5.989999771118164,3.0899999141693115,23.200000762939453,42.0,64.0
2014-08-06,122.51472473144531,83.30000305175781,114.5,10.119999885559082,84.6500015258789,5.960000038146973,3.140000104904175,23.799999237060547,42.04999923706055,63.45000076293945
2014-08-07,118.27418518066406,82.4000015258789,115.30000305175781,10.119999885559082,86.0,5.929999828338623,3.0999999046325684,23.600000381469727,41.599998474121094,59.400001525878906
2014-08-08,119.65696716308594,81.94999694824219,115.30000305175781,10.239999771118164,85.5,5.849999904632568,3.059999942779541,23.5,41.400001525878906,59.54999923706055
2014-08-11,121.96160888671875,82.19999694824219,116.30000305175781,10.5600004196167,85.6500015258789,5.860000133514404,3.059999942779541,23.649999618530273,42.599998474121094,58.95000076293945
2014-08-12,122.88346099853516,81.8499984741211,115.80000305175781,10.800000190734863,85.6500015258789,5.900000095367432,3.069999933242798,23.600000381469727,42.75,59.349998474121094
2014-08-13,122.7912826538086,82.5999984741211,117.69999694824219,10.859999656677246,87.3499984741211,5.949999809265137,3.119999885559082,23.649999618530273,43.150001525878906,59.900001525878906
2014-08-14,119.93352508544922,82.8499984741211,116.80000305175781,10.680000305175781,88.30000305175781,6.019999980926514,3.0899999141693115,23.450000762939453,43.400001525878906,60.54999923706055
2014-08-15,120.1178970336914,83.9000015258789,116.80000305175781,10.739999771118164,93.4000015258789,5.949999809265137,3.0999999046325684,23.75,42.95000076293945,60.04999923706055
2014-08-18,118.735107421875,83.5,116.0,10.760000228881836,96.3499984741211,5.920000076293945,3.0899999141693115,23.700000762939453,42.400001525878906,59.849998474121094
2014-08-19,119.65696716308594,83.75,117.5,10.859999656677246,95.80000305175781,5.940000057220459,3.069999933242798,24.350000381469727,42.95000076293945,61.900001525878906
2014-08-20,121.59286499023438,82.80000305175781,118.19999694824219,10.760000228881836,94.69999694824219,6.010000228881836,3.0899999141693115,24.850000381469727,43.900001525878906,61.599998474121094
2014-08-21,120.48663330078125,82.44999694824219,116.69999694824219,10.739999771118164,94.4000015258789,5.989999771118164,3.0299999713897705,25.0,43.150001525878906,61.5
2014-08-22,120.48663330078125,83.19999694824219,117.30000305175781,10.880000114440918,95.0,5.909999847412109,3.009999990463257,25.799999237060547,43.349998474121094,61.349998474121094
2014-08-25,119.65696716308594,83.69999694824219,117.69999694824219,10.979999542236328,94.55000305175781,6.0,3.0,26.649999618530273,43.79999923706055,60.900001525878906
2014-08-26,119.28822326660156,83.4000015258789,118.19999694824219,11.239999771118164,93.6500015258789,6.03000020980835,3.0199999809265137,27.600000381469727,43.400001525878906,60.099998474121094
2014-08-27,118.36637115478516,82.8499984741211,117.0999984741211,11.279999732971191,94.8499984741211,6.0,3.049999952316284,27.0,42.900001525878906,59.20000076293945
2014-08-28,117.8132553100586,83.19999694824219,117.5999984741211,10.960000038146973,95.4000015258789,6.079999923706055,2.9600000381469727,26.25,42.54999923706055,58.70000076293945
2014-08-29,116.61483764648438,83.6500015258789,117.5999984741211,11.0,96.4000015258789,6.099999904632568,2.9700000286102295,27.049999237060547,42.29999923706055,58.400001525878906
2014-09-01,116.70702362060547,83.5999984741211,117.5,11.220000267028809,95.94999694824219,6.199999809265137,2.930000066757202,27.450000762939453,43.04999923706055,56.70000076293945
2014-09-02,115.87735748291016,83.19999694824219,117.69999694824219,11.15999984741211,98.0,6.429999828338623,2.890000104904175,27.799999237060547,42.75,57.04999923706055
2014-09-03,119.19603729248047,83.6500015258789,119.19999694824219,11.5,101.69999694824219,6.340000152587891,2.990000009536743,28.5,44.0,57.29999923706055
2014-09-04,119.28822326660156,83.30000305175781,118.5,11.619999885559082,100.5,6.28000020980835,3.069999933242798,28.049999237060547,43.45000076293945,57.45000076293945
2014-09-05,118.27418518066406,83.5999984741211,118.4000015258789,11.479999542236328,100.19999694824219,6.179999828338623,3.0899999141693115,28.0,43.29999923706055,56.650001525878906
2014-09-08,116.24610137939453,82.94999694824219,118.5,11.460000038146973,101.30000305175781,6.090000152587891,3.059999942779541,28.049999237060547,42.95000076293945,56.0
2014-09-10,112.46648406982422,82.25,117.9000015258789,11.0600004196167,98.69999694824219,6.110000133514404,3.069999933242798,28.299999237060547,42.599998474121094,54.45000076293945
2014-09-11,112.6508560180664,82.6500015258789,118.0999984741211,10.680000305175781,100.0,6.25,3.0299999713897705,29.200000762939453,42.95000076293945,54.20000076293945
2014-09-12,113.29615783691406,82.5999984741211,117.9000015258789,10.539999961853027,99.30000305175781,6.150000095367432,3.0399999618530273,29.25,42.75,54.099998474121094
2014-09-15,113.75708770751953,82.5,117.69999694824219,10.4399995803833,98.69999694824219,6.019999980926514,3.0199999809265137,28.799999237060547,42.25,52.29999923706055
2014-09-16,111.54463195800781,82.3499984741211,118.30000305175781,10.319999694824219,94.94999694824219,5.949999809265137,3.0,27.299999237060547,42.150001525878906,50.599998474121094
2014-09-17,114.31019592285156,82.9000015258789,117.69999694824219,10.720000267028809,95.80000305175781,5.949999809265137,3.0299999713897705,28.049999237060547,42.099998474121094,49.29999923706055
2014-09-18,113.29615783691406,82.80000305175781,118.0999984741211,10.5600004196167,94.69999694824219,5.960000038146973,2.990000009536743,28.700000762939453,41.75,49.849998474121094
2014-09-19,115.41642761230469,84.19999694824219,117.9000015258789,10.520000457763672,96.4000015258789,6.170000076293945,3.0199999809265137,29.899999618530273,42.75,51.349998474121094
2014-09-22,111.6368179321289,83.55000305175781,116.69999694824219,10.260000228881836,94.80000305175781,5.909999847412109,2.9800000190734863,28.700000762939453,41.599998474121094,50.5
2014-09-23,109.60873413085938,82.8499984741211,116.80000305175781,10.199999809265137,95.0999984741211,5.119999885559082,3.0,28.549999237060547,41.54999923706055,48.79999923706055
2014-09-24,109.239990234375,82.30000305175781,116.5,10.399999618530273,94.9000015258789,4.820000171661377,3.0199999809265137,29.0,41.599998474121094,48.04999923706055
2014-09-25,108.68687438964844,82.19999694824219,116.9000015258789,10.399999618530273,94.0999984741211,4.949999809265137,3.180000066757202,28.899999618530273,41.0,46.349998474121094
2014-09-26,107.39627838134766,82.1500015258789,116.4000015258789,10.319999694824219,92.69999694824219,4.840000152587891,3.1500000953674316,28.799999237060547,41.20000076293945,48.0
2014-09-29,106.56660461425781,80.69999694824219,112.0999984741211,10.100000381469727,92.55000305175781,4.769999980926514,3.140000104904175,28.049999237060547,40.150001525878906,46.349998474121094
2014-09-30,106.47441864013672,79.55000305175781,110.0999984741211,9.949999809265137,89.75,4.71999979019165,3.25,28.399999618530273,40.150001525878906,45.099998474121094
2014-10-03,106.93534851074219,78.6500015258789,108.69999694824219,10.0,92.8499984741211,4.650000095367432,3.200000047683716,28.850000381469727,41.20000076293945,45.349998474121094
2014-10-06,110.3462142944336,79.0999984741211,111.69999694824219,10.020000457763672,91.94999694824219,4.789999961853027,3.25,27.899999618530273,40.95000076293945,48.349998474121094
2014-10-07,110.2540283203125,79.05000305175781,112.69999694824219,10.079999923706055,92.94999694824219,4.710000038146973,3.3499999046325684,28.0,41.29999923706055,48.45000076293945
2014-10-08,109.239990234375,79.1500015258789,111.0,9.880000114440918,91.94999694824219,4.630000114440918,3.4000000953674316,27.399999618530273,41.150001525878906,47.150001525878906
2014-10-09,108.68687438964844,79.80000305175781,113.30000305175781,9.930000305175781,94.94999694824219,4.730000019073486,3.509999990463257,27.600000381469727,42.349998474121094,47.900001525878906
2014-10-10,106.6587905883789,78.4000015258789,111.5999984741211,9.680000305175781,92.3499984741211,4.599999904632568,3.440000057220459,26.75,41.20000076293945,46.849998474121094
2014-10-13,105.46038055419922,78.19999694824219,113.0,9.569999694824219,93.5999984741211,4.349999904632568,3.490000009536743,26.399999618530273,41.900001525878906,46.650001525878906
2014-10-14,104.53852081298828,78.5999984741211,113.4000015258789,9.5,92.75,4.159999847412109,3.319999933242798,26.799999237060547,41.349998474121094,45.75
2014-10-15,105.46038055419922,78.5999984741211,115.0,9.319999694824219,92.55000305175781,4.139999866485596,3.359999895095825,28.049999237060547,41.79999923706055,46.95000076293945
2014-10-16,104.1697769165039,77.6500015258789,113.4000015258789,9.289999961853027,91.44999694824219,4.039999961853027,3.369999885559082,28.450000762939453,41.5,46.70000076293945
2014-10-17,103.89321899414062,77.9000015258789,113.4000015258789,9.380000114440918,91.94999694824219,4.050000190734863,3.359999895095825,28.549999237060547,41.099998474121094,48.75
2014-10-20,105.36819458007812,77.55000305175781,111.69999694824219,9.399999618530273,92.8499984741211,4.059999942779541,3.319999933242798,29.399999618530273,40.900001525878906,49.099998474121094
2014-10-21,106.38223266601562,77.75,113.0999984741211,9.359999656677246,91.19999694824219,3.880000114440918,3.309999942779541,29.399999618530273,41.150001525878906,49.04999923706055
2014-10-22,109.97747039794922,78.4000015258789,114.0,9.640000343322754,91.0,4.989999771118164,3.450000047683716,29.100000381469727,42.0,49.79999923706055
2014-10-23,110.2540283203125,78.0,114.4000015258789,9.600000381469727,88.0999984741211,4.690000057220459,3.430000066757202,29.049999237060547,42.04999923706055,49.400001525878906
2014-10-24,110.1618423461914,77.94999694824219,114.30000305175781,9.579999923706055,90.0,4.78000020980835,3.369999885559082,28.899999618530273,41.95000076293945,48.599998474121094
2014-10-27,108.87124633789062,78.30000305175781,113.9000015258789,9.460000038146973,88.94999694824219,4.570000171661377,3.3299999237060547,28.25,42.0,47.099998474121094
2014-10-28,110.71495819091797,78.8499984741211,114.69999694824219,9.569999694824219,91.44999694824219,4.619999885559082,3.3399999141693115,30.049999237060547,42.599998474121094,47.70000076293945
2014-10-29,112.18992614746094,79.05000305175781,115.4000015258789,9.84000015258789,93.94999694824219,4.550000190734863,3.390000104904175,29.75,43.099998474121094,50.70000076293945
2014-10-30,112.37429809570312,78.44999694824219,115.19999694824219,9.649999618530273,94.05000305175781,4.75,3.3499999046325684,30.0,42.75,50.349998474121094
2014-10-31,113.94145965576172,78.8499984741211,115.5999984741211,9.710000038146973,96.5,4.840000152587891,3.4700000286102295,30.299999237060547,43.25,52.95000076293945
2014-11-03,114.1258316040039,78.6500015258789,115.5999984741211,9.5600004196167,96.3499984741211,4.840000152587891,3.4700000286102295,29.850000381469727,43.25,53.900001525878906
2014-11-04,113.11178588867188,78.25,115.30000305175781,9.600000381469727,96.6500015258789,4.800000190734863,3.5299999713897705,31.649999618530273,43.04999923706055,52.400001525878906
2014-11-05,114.31019592285156,77.9000015258789,114.5,9.359999656677246,95.6500015258789,4.849999904632568,3.4800000190734863,32.0,43.04999923706055,50.849998474121094
2014-11-06,113.94145965576172,78.0999984741211,114.0999984741211,9.3100004196167,97.0,4.880000114440918,3.559999942779541,32.04999923706055,43.29999923706055,49.20000076293945
2014-11-07,113.48052978515625,77.94999694824219,113.5,9.180000305175781,96.5,4.880000114440918,3.609999895095825,32.20000076293945,42.95000076293945,49.599998474121094
2014-11-10,115.87735748291016,78.0999984741211,114.5,9.210000038146973,96.5,5.119999885559082,3.569999933242798,32.20000076293945,43.54999923706055,51.04999923706055
2014-11-11,117.6288833618164,78.05000305175781,115.0,9.010000228881836,94.69999694824219,5.199999809265137,3.5899999141693115,31.600000381469727,43.849998474121094,52.349998474121094
2014-11-12,119.10385131835938,78.5,115.0,9.050000190734863,95.80000305175781,5.630000114440918,3.609999895095825,32.54999923706055,44.5,52.79999923706055
2014-11-13,119.38040924072266,78.19999694824219,115.69999694824219,8.829999923706055,95.19999694824219,6.079999923706055,3.5799999237060547,33.04999923706055,45.04999923706055,54.45000076293945
2014-11-14,121.59286499023438,77.8499984741211,116.4000015258789,8.680000305175781,96.6500015258789,6.050000190734863,3.5899999141693115,34.099998474121094,44.95000076293945,54.849998474121094
2014-11-17,119.01166534423828,77.55000305175781,115.0999984741211,8.630000114440918,94.44999694824219,5.599999904632568,3.549999952316284,32.04999923706055,44.400001525878906,53.349998474121094
2014-11-18,115.96954345703125,77.19999694824219,112.80000305175781,8.539999961853027,95.6500015258789,5.929999828338623,3.5399999618530273,31.700000762939453,43.75,51.75
2014-11-19,114.67893981933594,77.05000305175781,112.5,8.470000267028809,93.8499984741211,5.71999979019165,3.5,31.149999618530273,44.04999923706055,51.150001525878906
2014-11-20,115.87735748291016,76.8499984741211,112.4000015258789,8.539999961853027,93.75,5.599999904632568,3.4800000190734863,31.299999237060547,43.79999923706055,50.400001525878906
2014-11-21,114.49456787109375,76.5,112.80000305175781,8.699999809265137,94.8499984741211,5.489999771118164,3.490000009536743,30.700000762939453,43.95000076293945,52.5
2014-11-24,115.69298553466797,77.0999984741211,113.9000015258789,8.989999771118164,96.9000015258789,5.309999942779541,3.380000114440918,28.850000381469727,44.349998474121094,53.70000076293945
2014-11-25,114.95549774169922,77.05000305175781,114.80000305175781,8.770000457763672,96.0,5.380000114440918,3.4100000858306885,28.700000762939453,44.45000076293945,53.150001525878906
2014-11-26,115.87735748291016,77.94999694824219,114.69999694824219,8.760000228881836,95.9000015258789,5.289999961853027,3.5199999809265137,29.0,45.099998474121094,53.45000076293945
2014-11-27,115.3242416381836,77.55000305175781,114.0,8.699999809265137,94.94999694824219,5.289999961853027,3.440000057220459,28.850000381469727,44.95000076293945,53.599998474121094
2014-11-28,114.31019592285156,77.05000305175781,113.4000015258789,8.40999984741211,95.55000305175781,5.460000038146973,3.369999885559082,28.899999618530273,44.79999923706055,52.95000076293945
2014-12-01,110.89933013916016,76.0999984741211,112.0999984741211,8.039999961853027,92.80000305175781,5.460000038146973,3.2300000190734863,27.950000762939453,43.400001525878906,51.54999923706055
2014-12-02,110.2540283203125,76.4000015258789,113.30000305175781,8.1899995803833,93.4000015258789,5.5,3.240000009536743,28.350000381469727,43.79999923706055,51.400001525878906
2014-12-03,108.50250244140625,76.55000305175781,112.69999694824219,7.940000057220459,91.30000305175781,5.340000152587891,3.069999933242798,27.899999618530273,43.150001525878906,48.79999923706055
2014-12-04,108.96343231201172,77.1500015258789,112.5,8.5,94.30000305175781,5.400000095367432,3.0999999046325684,27.700000762939453,43.900001525878906,47.150001525878906
2014-12-05,109.60873413085938,77.05000305175781,114.80000305175781,8.640000343322754,95.05000305175781,5.320000171661377,3.1500000953674316,27.950000762939453,44.599998474121094,48.04999923706055
2014-12-08,109.3321762084961,77.3499984741211,114.0999984741211,8.520000457763672,93.8499984741211,5.21999979019165,3.0,28.049999237060547,43.45000076293945,46.79999923706055
2014-12-09,106.7509765625,76.5999984741211,112.80000305175781,8.239999771118164,91.75,4.920000076293945,3.0399999618530273,27.200000762939453,43.650001525878906,46.400001525878906
2014-12-10,106.47441864013672,76.44999694824219,113.5999984741211,8.15999984741211,91.75,5.260000228881836,3.009999990463257,27.700000762939453,43.900001525878906,47.900001525878906
2014-12-11,104.53852081298828,75.80000305175781,113.69999694824219,8.069999694824219,91.19999694824219,5.53000020980835,3.049999952316284,28.100000381469727,43.0,47.0
2014-12-12,104.81507873535156,75.1500015258789,113.4000015258789,8.09000015258789,90.6500015258789,5.400000095367432,3.190000057220459,27.799999237060547,43.20000076293945,48.04999923706055
2014-12-15,103.1557388305664,74.0999984741211,112.5,8.25,88.94999694824219,5.5,3.109999895095825,27.25,42.650001525878906,47.45000076293945
2014-12-16,99.56049346923828,72.5999984741211,110.9000015258789,8.0600004196167,87.75,5.449999809265137,3.119999885559082,26.850000381469727,41.75,45.75
2014-12-17,97.07148742675781,72.55000305175781,110.5999984741211,8.25,87.9000015258789,5.289999961853027,2.5899999141693115,26.399999618530273,40.95000076293945,42.0
2014-12-18,103.1557388305664,72.1500015258789,111.69999694824219,8.40999984741211,89.3499984741211,5.320000171661377,2.509999990463257,27.149999618530273,41.099998474121094,43.349998474121094
2014-12-19,106.6587905883789,73.4000015258789,113.30000305175781,8.380000114440918,90.25,5.170000076293945,2.4600000381469727,27.549999237060547,42.5,43.349998474121094
2014-12-22,104.1697769165039,74.0999984741211,115.80000305175781,8.720000267028809,91.94999694824219,5.260000228881836,2.4700000286102295,27.25,41.900001525878906,42.400001525878906
2014-12-23,103.98540496826172,74.25,116.5999984741211,8.59000015258789,91.69999694824219,5.139999866485596,2.509999990463257,27.350000381469727,42.650001525878906,42.04999923706055
2014-12-24,103.89321899414062,74.25,117.0,8.630000114440918,91.44999694824219,5.139999866485596,2.509999990463257,27.5,43.0,43.650001525878906
2014-12-29,104.53852081298828,74.94999694824219,117.5999984741211,8.779999732971191,92.5999984741211,5.170000076293945,2.509999990463257,27.549999237060547,43.79999923706055,44.099998474121094
2014-12-30,104.44633483886719,74.0999984741211,118.19999694824219,8.529999732971191,90.5999984741211,5.050000190734863,2.5,27.25,43.04999923706055,43.849998474121094
2014-12-31,103.70884704589844,74.0,118.30000305175781,8.600000381469727,90.5,5.090000152587891,2.4700000286102295,27.450000762939453,43.150001525878906,43.650001525878906
2015-01-02,103.98540496826172,74.0,118.5,8.6899995803833,91.4000015258789,5.110000133514404,2.440000057220459,27.350000381469727,43.95000076293945,42.849998474121094
2015-01-05,104.63070678710938,72.9000015258789,117.5999984741211,8.739999771118164,90.0999984741211,4.96999979019165,2.5899999141693115,27.450000762939453,43.150001525878906,41.650001525878906
2015-01-06,110.62277221679688,71.75,116.5999984741211,8.529999732971191,88.75,5.0,2.630000114440918,27.149999618530273,42.0,39.849998474121094
2015-01-07,114.67893981933594,71.0,118.19999694824219,8.569999694824219,91.75,4.96999979019165,2.6600000858306885,27.450000762939453,42.04999923706055,41.650001525878906
2015-01-08,117.35232543945312,71.19999694824219,118.5,8.779999732971191,93.5999984741211,5.0,2.7200000286102295,28.399999618530273,42.70000076293945,41.0
2015-01-09,117.26013946533203,71.0999984741211,119.0999984741211,8.8100004196167,95.05000305175781,4.989999771118164,2.7899999618530273,29.549999237060547,42.95000076293945,40.150001525878906
2015-01-12,117.16795349121094,71.0999984741211,119.5,8.770000457763672,94.8499984741211,4.980000019073486,2.9100000858306885,29.5,43.0,38.95000076293945
2015-01-13,117.8132553100586,71.30000305175781,123.5999984741211,8.789999961853027,97.4000015258789,5.050000190734863,2.990000009536743,29.799999237060547,43.900001525878906,40.0
2015-01-14,116.15391540527344,70.8499984741211,121.19999694824219,8.729999542236328,96.5,5.179999828338623,2.880000114440918,29.299999237060547,44.0,40.04999923706055
2015-01-15,116.98358154296875,70.5999984741211,122.19999694824219,8.859999656677246,97.94999694824219,5.380000114440918,2.9200000762939453,29.25,45.0,40.150001525878906
2015-01-16,112.37429809570312,70.19999694824219,121.30000305175781,8.720000267028809,97.8499984741211,5.21999979019165,2.9000000953674316,29.350000381469727,44.650001525878906,38.349998474121094
2015-01-19,113.38834381103516,69.94999694824219,119.5999984741211,8.5,97.0,5.059999942779541,2.8299999237060547,27.600000381469727,44.849998474121094,37.04999923706055
2015-01-20,114.40238189697266,70.19999694824219,120.5,8.550000190734863,98.1500015258789,5.150000095367432,2.890000104904175,28.149999618530273,44.599998474121094,37.0
2015-01-21,118.6429214477539,70.5999984741211,122.9000015258789,8.569999694824219,102.0999984741211,5.289999961853027,3.059999942779541,28.700000762939453,44.79999923706055,37.75
2015-01-22,121.3163070678711,71.9000015258789,122.0,8.699999809265137,103.30000305175781,5.21999979019165,3.0799999237060547,28.700000762939453,45.04999923706055,38.900001525878906
2015-01-23,122.33035278320312,73.0999984741211,124.0,8.920000076293945,104.5,5.309999942779541,3.119999885559082,29.100000381469727,44.95000076293945,39.5
2015-01-26,126.2943344116211,72.5999984741211,126.0999984741211,8.829999923706055,103.9000015258789,5.25,3.109999895095825,29.549999237060547,45.400001525878906,40.900001525878906
2015-01-27,125.37247467041016,73.30000305175781,126.30000305175781,8.699999809265137,102.69999694824219,5.420000076293945,3.2100000381469727,28.649999618530273,45.75,43.54999923706055
2015-01-28,126.2021484375,73.0,127.9000015258789,8.600000381469727,103.4000015258789,5.400000095367432,3.25,28.75,46.349998474121094,43.20000076293945
2015-01-29,124.08187866210938,72.30000305175781,128.1999969482422,8.420000076293945,104.30000305175781,5.320000171661377,3.1700000762939453,28.399999618530273,45.099998474121094,42.20000076293945
2015-01-30,121.68505096435547,72.44999694824219,126.5999984741211,8.390000343322754,102.5,5.119999885559082,3.190000057220459,28.350000381469727,45.25,40.900001525878906
2015-02-02,125.18810272216797,71.25,127.4000015258789,8.4399995803833,103.9000015258789,5.0,3.1700000762939453,28.049999237060547,45.20000076293945,41.099998474121094
2015-02-03,124.54280853271484,71.5,125.0,8.600000381469727,103.0,5.039999961853027,3.25,28.0,44.650001525878906,41.0
2015-02-04,123.43657684326172,72.4000015258789,124.5999984741211,8.760000228881836,105.5999984741211,5.050000190734863,3.309999942779541,27.899999618530273,44.54999923706055,40.70000076293945
2015-02-05,124.63499450683594,72.19999694824219,124.4000015258789,8.5600004196167,108.30000305175781,5.230000019073486,3.3499999046325684,27.25,44.5,40.150001525878906
2015-02-06,123.713134765625,72.8499984741211,124.80000305175781,8.569999694824219,105.9000015258789,5.21999979019165,3.2899999618530273,27.5,44.20000076293945,43.0
2015-02-09,122.23816680908203,72.80000305175781,123.19999694824219,8.59000015258789,103.9000015258789,5.110000133514404,3.25,26.600000381469727,44.349998474121094,41.75
2015-02-10,122.6069107055664,71.8499984741211,124.80000305175781,8.569999694824219,103.69999694824219,5.190000057220459,3.2699999809265137,27.350000381469727,44.20000076293945,42.349998474121094
2015-02-11,121.3163070678711,70.25,123.9000015258789,8.520000457763672,102.0,5.199999809265137,3.2899999618530273,26.600000381469727,43.900001525878906,42.79999923706055
2015-02-12,119.47259521484375,70.80000305175781,123.30000305175781,8.539999961853027,106.30000305175781,5.150000095367432,3.3299999237060547,26.799999237060547,43.79999923706055,41.79999923706055
2015-02-13,120.02571105957031,71.75,123.19999694824219,8.59000015258789,107.19999694824219,5.150000095367432,3.359999895095825,27.100000381469727,44.45000076293945,43.45000076293945
2015-02-16,120.3022689819336,71.69999694824219,123.80000305175781,8.680000305175781,106.69999694824219,5.130000114440918,3.359999895095825,27.350000381469727,44.5,43.29999923706055
2015-02-17,120.57881927490234,72.05000305175781,123.30000305175781,8.710000038146973,107.19999694824219,5.150000095367432,3.369999885559082,27.299999237060547,44.45000076293945,43.5
2015-02-18,119.74915313720703,71.94999694824219,123.4000015258789,8.979999542236328,106.9000015258789,5.119999885559082,3.359999895095825,27.450000762939453,44.5,43.45000076293945
2015-02-23,124.26625061035156,72.0,123.9000015258789,8.890000343322754,104.80000305175781,5.110000133514404,3.4000000953674316,27.75,44.54999923706055,42.04999923706055
2015-02-24,124.54280853271484,69.44999694824219,124.0,8.8100004196167,105.9000015258789,5.139999866485596,3.390000104904175,27.450000762939453,45.599998474121094,40.900001525878906
2015-02-25,125.18810272216797,70.05000305175781,123.9000015258789,8.84000015258789,106.0,5.170000076293945,3.390000104904175,27.799999237060547,45.70000076293945,38.79999923706055
2015-02-26,125.00373077392578,69.9000015258789,123.5999984741211,9.020000457763672,107.0,5.179999828338623,3.450000047683716,27.350000381469727,45.75,38.54999923706055
2015-02-27,125.28028869628906,69.80000305175781,121.5999984741211,9.0,105.4000015258789,5.300000190734863,3.4700000286102295,27.149999618530273,45.650001525878906,39.400001525878906
2015-03-02,126.01777648925781,69.55000305175781,121.0999984741211,8.9399995803833,104.80000305175781,5.340000152587891,3.4000000953674316,26.899999618530273,47.349998474121094,39.20000076293945
2015-03-03,124.72718048095703,69.75,122.30000305175781,8.760000228881836,102.5,5.360000133514404,3.3499999046325684,26.899999618530273,48.349998474121094,40.0
2015-03-04,122.88346099853516,69.80000305175781,120.0999984741211,8.59000015258789,101.0999984741211,5.449999809265137,3.309999942779541,27.299999237060547,48.849998474121094,38.849998474121094
2015-03-05,121.77723693847656,67.9000015258789,119.80000305175781,8.449999809265137,102.80000305175781,5.510000228881836,3.380000114440918,27.5,47.599998474121094,37.849998474121094
2015-03-06,121.40849304199219,67.80000305175781,121.69999694824219,8.40999984741211,101.30000305175781,5.96999979019165,3.450000047683716,27.5,48.54999923706055,37.70000076293945
2015-03-09,121.86942291259766,66.5999984741211,120.0999984741211,8.369999885559082,101.80000305175781,5.96999979019165,3.490000009536743,27.299999237060547,48.25,36.849998474121094
2015-03-10,120.85537719726562,67.0999984741211,119.30000305175781,8.300000190734863,99.80000305175781,5.710000038146973,3.509999990463257,27.149999618530273,47.150001525878906,35.099998474121094
2015-03-11,121.40849304199219,65.94999694824219,118.80000305175781,8.1899995803833,97.9000015258789,5.679999828338623,3.430000066757202,27.100000381469727,47.099998474121094,33.900001525878906
2015-03-12,121.50067901611328,65.55000305175781,115.9000015258789,8.210000038146973,99.75,5.78000020980835,3.4600000381469727,27.200000762939453,47.150001525878906,35.0
2015-03-13,123.16001892089844,65.0,115.4000015258789,8.239999771118164,99.9000015258789,5.599999904632568,3.5399999618530273,27.399999618530273,46.650001525878906,34.20000076293945
2015-03-16,125.00373077392578,64.6500015258789,115.80000305175781,8.210000038146973,102.5999984741211,5.860000133514404,3.5899999141693115,28.299999237060547,47.29999923706055,33.849998474121094
2015-03-17,123.34439086914062,65.05000305175781,116.0,8.130000114440918,102.19999694824219,5.880000114440918,3.5999999046325684,28.600000381469727,46.70000076293945,33.599998474121094
2015-03-18,125.28028869628906,65.9000015258789,116.0,8.239999771118164,103.5,5.820000171661377,3.5999999046325684,28.75,46.75,34.349998474121094
2015-03-19,133.669189453125,66.5999984741211,117.30000305175781,8.430000305175781,100.0999984741211,6.099999904632568,3.8299999237060547,29.549999237060547,48.20000076293945,35.5
2015-03-20,131.45672607421875,66.44999694824219,117.30000305175781,8.369999885559082,98.3499984741211,6.78000020980835,3.9100000858306885,29.700000762939453,48.0,36.099998474121094
2015-03-23,133.8535614013672,67.3499984741211,117.80000305175781,8.300000190734863,99.55000305175781,6.78000020980835,3.869999885559082,29.25,47.95000076293945,35.54999923706055
2015-03-24,131.82546997070312,67.0999984741211,118.5,8.170000076293945,101.4000015258789,6.78000020980835,3.9200000762939453,29.5,47.900001525878906,35.45000076293945
2015-03-25,131.54891967773438,67.3499984741211,119.69999694824219,8.279999732971191,102.0999984741211,6.78000020980835,3.9700000286102295,30.0,48.900001525878906,35.95000076293945
2015-03-26,129.79739379882812,67.3499984741211,119.4000015258789,8.350000381469727,101.30000305175781,6.78000020980835,3.950000047683716,29.75,48.900001525878906,35.900001525878906
2015-03-27,130.81143188476562,67.3499984741211,120.30000305175781,8.34000015258789,99.94999694824219,6.78000020980835,3.9200000762939453,29.600000381469727,48.849998474121094,35.849998474121094
2015-03-30,133.3926239013672,66.94999694824219,121.19999694824219,8.510000228881836,100.5,6.78000020980835,3.9600000381469727,30.950000762939453,49.25,36.0
2015-03-31,135.697265625,66.6500015258789,119.5999984741211,8.579999923706055,101.19999694824219,6.78000020980835,3.990000009536743,31.649999618530273,48.79999923706055,35.29999923706055
2015-04-01,136.43475341796875,66.55000305175781,119.5,8.630000114440918,101.4000015258789,6.78000020980835,4.010000228881836,31.399999618530273,49.20000076293945,35.95000076293945
2015-04-02,138.09410095214844,67.0,121.0,8.75,102.80000305175781,6.78000020980835,4.190000057220459,31.5,49.349998474121094,35.95000076293945
2015-04-08,142.42681884765625,68.25,123.0,9.319999694824219,109.5999984741211,6.78000020980835,4.199999809265137,34.599998474121094,51.75,38.650001525878906
2015-04-09,147.40484619140625,68.55000305175781,125.4000015258789,9.930000305175781,109.9000015258789,6.78000020980835,4.369999885559082,35.900001525878906,53.650001525878906,40.79999923706055
2015-04-10,149.1563720703125,69.19999694824219,128.10000610351562,9.949999809265137,110.5999984741211,6.78000020980835,4.389999866485596,35.95000076293945,53.75,41.04999923706055
2015-04-13,157.637451171875,70.19999694824219,126.9000015258789,10.0600004196167,111.0999984741211,6.78000020980835,4.489999771118164,40.099998474121094,53.400001525878906,39.45000076293945
2015-04-14,148.60325622558594,70.6500015258789,125.9000015258789,9.930000305175781,109.30000305175781,6.78000020980835,4.670000076293945,37.599998474121094,53.25,37.29999923706055
2015-04-15,145.28457641601562,70.80000305175781,126.0,10.100000381469727,106.4000015258789,12.260000228881836,4.510000228881836,36.599998474121094,52.54999923706055,36.54999923706055
2015-04-16,147.4970245361328,70.4000015258789,126.0,10.5,105.5,11.460000038146973,4.53000020980835,37.75,52.099998474121094,37.95000076293945
2015-04-17,146.39080810546875,70.55000305175781,125.80000305175781,10.619999885559082,107.69999694824219,10.100000381469727,4.559999942779541,37.5,53.25,38.54999923706055
2015-04-20,141.13621520996094,70.44999694824219,123.80000305175781,9.970000267028809,107.80000305175781,11.100000381469727,4.409999847412109,36.5,51.900001525878906,37.099998474121094
2015-04-21,146.6673583984375,70.8499984741211,124.5999984741211,10.180000305175781,115.9000015258789,12.300000190734863,4.300000190734863,39.20000076293945,51.5,38.54999923706055
2015-04-22,149.9860382080078,70.44999694824219,125.69999694824219,10.140000343322754,114.5,13.819999694824219,4.210000038146973,39.54999923706055,51.04999923706055,38.099998474121094
2015-04-23,148.3267059326172,70.80000305175781,124.30000305175781,10.0600004196167,114.4000015258789,13.180000305175781,4.380000114440918,38.20000076293945,52.150001525878906,37.54999923706055
2015-04-24,148.9720001220703,73.80000305175781,125.69999694824219,9.970000267028809,115.0999984741211,13.239999771118164,4.440000057220459,38.04999923706055,51.849998474121094,38.900001525878906
2015-04-27,149.89385986328125,76.44999694824219,127.9000015258789,10.640000343322754,116.0999984741211,13.319999694824219,4.440000057220459,38.25,52.099998474121094,39.04999923706055
2015-04-28,150.8157196044922,76.4000015258789,127.4000015258789,10.140000343322754,114.9000015258789,12.859999656677246,4.380000114440918,37.25,52.20000076293945,38.400001525878906
2015-04-29,151.36883544921875,77.44999694824219,128.3000030517578,10.0,113.69999694824219,12.779999732971191,4.409999847412109,37.150001525878906,51.75,37.650001525878906
2015-04-30,148.3267059326172,76.94999694824219,129.10000610351562,9.960000038146973,110.69999694824219,12.0,4.380000114440918,36.900001525878906,51.79999923706055,37.5
2015-05-04,145.6533203125,75.5999984741211,134.39999389648438,10.039999961853027,111.4000015258789,11.0,4.409999847412109,36.25,51.099998474121094,38.650001525878906
2015-05-05,145.28457641601562,74.8499984741211,132.89999389648438,9.930000305175781,111.69999694824219,11.399999618530273,4.400000095367432,36.29999923706055,50.54999923706055,39.349998474121094
2015-05-06,143.80960083007812,74.44999694824219,131.8000030517578,9.859999656677246,110.5999984741211,11.0,4.389999866485596,35.099998474121094,51.150001525878906,38.20000076293945
2015-05-07,141.04403686523438,74.75,129.60000610351562,9.579999923706055,107.69999694824219,10.520000457763672,4.199999809265137,33.79999923706055,51.599998474121094,37.099998474121094
2015-05-08,141.9658966064453,76.55000305175781,131.10000610351562,9.579999923706055,108.19999694824219,11.680000305175781,4.099999904632568,34.25,51.25,37.79999923706055
2015-05-11,146.20643615722656,75.75,131.5,9.520000457763672,107.69999694824219,11.880000114440918,4.050000190734863,37.20000076293945,51.45000076293945,37.54999923706055
2015-05-12,144.73146057128906,75.1500015258789,129.89999389648438,9.399999618530273,106.19999694824219,11.279999732971191,4.170000076293945,36.0,50.70000076293945,37.25
2015-05-13,144.54708862304688,74.75,129.1999969482422,9.420000076293945,105.19999694824219,12.020000457763672,4.119999885559082,35.70000076293945,50.45000076293945,36.95000076293945
2015-05-14,148.69544982910156,74.80000305175781,129.6999969482422,9.369999885559082,105.19999694824219,11.5600004196167,4.059999942779541,36.25,50.349998474121094,36.54999923706055
2015-05-15,149.61729431152344,75.6500015258789,132.10000610351562,9.550000190734863,109.0,11.800000190734863,4.019999980926514,37.45000076293945,52.349998474121094,37.599998474121094
2015-05-18,148.51107788085938,75.1500015258789,131.0,9.489999771118164,105.9000015258789,12.300000190734863,4.099999904632568,37.599998474121094,52.45000076293945,37.25
2015-05-19,148.78762817382812,74.6500015258789,131.1999969482422,9.619999885559082,105.0999984741211,12.119999885559082,4.260000228881836,39.54999923706055,52.0,37.400001525878906
2015-05-20,146.20643615722656,74.5999984741211,131.10000610351562,9.569999694824219,103.5999984741211,12.0,4.190000057220459,39.599998474121094,51.20000076293945,37.20000076293945
2015-05-21,144.54708862304688,74.25,130.8000030517578,9.399999618530273,103.30000305175781,11.539999961853027,4.199999809265137,38.849998474121094,51.04999923706055,38.900001525878906
2015-05-22,146.39080810546875,75.1500015258789,133.3000030517578,9.529999732971191,105.80000305175781,11.680000305175781,4.150000095367432,38.20000076293945,51.650001525878906,39.5
2015-05-26,146.39080810546875,74.5999984741211,136.39999389648438,9.640000343322754,106.4000015258789,11.5600004196167,4.139999866485596,40.150001525878906,53.150001525878906,38.79999923706055
2015-05-27,145.56112670898438,74.1500015258789,135.0,9.600000381469727,105.5,11.220000267028809,4.099999904632568,39.0,52.29999923706055,38.400001525878906
2015-05-28,143.07211303710938,73.44999694824219,132.60000610351562,9.34000015258789,103.30000305175781,11.0,4.010000228881836,37.099998474121094,50.599998474121094,37.150001525878906
2015-05-29,143.53305053710938,74.1500015258789,131.39999389648438,9.1899995803833,102.0999984741211,10.720000267028809,4.019999980926514,37.0,51.04999923706055,37.099998474121094
2015-06-01,143.90179443359375,73.8499984741211,132.89999389648438,9.170000076293945,103.30000305175781,10.899999618530273,4.130000114440918,38.849998474121094,51.54999923706055,35.45000076293945
2015-06-02,144.91583251953125,73.55000305175781,133.89999389648438,9.149999618530273,102.80000305175781,10.760000228881836,4.019999980926514,37.5,50.900001525878906,35.04999923706055
2015-06-03,145.74549865722656,73.9000015258789,134.0,9.130000114440918,104.5999984741211,10.619999885559082,3.859999895095825,36.95000076293945,50.849998474121094,34.849998474121094
2015-06-04,145.4689483642578,73.75,131.60000610351562,9.0600004196167,102.80000305175781,10.279999732971191,3.7699999809265137,36.20000076293945,50.900001525878906,36.0
2015-06-05,142.61119079589844,73.0999984741211,131.0,8.90999984741211,102.30000305175781,10.020000457763672,3.9000000953674316,37.79999923706055,50.75,35.75
2015-06-08,142.9799346923828,73.55000305175781,128.60000610351562,9.020000457763672,101.30000305175781,9.65999984741211,3.700000047683716,37.25,50.70000076293945,35.150001525878906
2015-06-09,142.88775634765625,73.25,127.30000305175781,8.869999885559082,99.0,9.199999809265137,3.690000057220459,37.0,50.150001525878906,33.849998474121094
2015-06-10,141.22840881347656,72.8499984741211,125.30000305175781,8.819999694824219,97.80000305175781,9.170000076293945,3.75,37.5,49.599998474121094,33.400001525878906
2015-06-11,142.24244689941406,73.1500015258789,125.9000015258789,8.819999694824219,100.0999984741211,9.229999542236328,3.700000047683716,37.150001525878906,49.75,32.95000076293945
2015-06-12,144.91583251953125,73.25,127.0,8.930000305175781,101.69999694824219,9.149999618530273,3.880000114440918,38.099998474121094,50.5,33.75
2015-06-15,143.07211303710938,72.5999984741211,126.30000305175781,8.829999923706055,100.30000305175781,8.739999771118164,3.799999952316284,37.20000076293945,50.099998474121094,33.25
2015-06-16,142.05807495117188,71.94999694824219,125.4000015258789,8.609999656677246,99.19999694824219,8.359999656677246,3.819999933242798,36.150001525878906,50.150001525878906,33.150001525878906
2015-06-17,142.24244689941406,71.9000015258789,126.30000305175781,8.630000114440918,100.4000015258789,9.380000114440918,3.809999942779541,36.400001525878906,50.5,33.849998474121094
2015-06-18,142.24244689941406,72.4000015258789,126.30000305175781,8.5600004196167,99.0,9.130000114440918,3.700000047683716,35.900001525878906,50.5,34.20000076293945
2015-06-19,142.1502685546875,72.5,128.8000030517578,8.640000343322754,99.55000305175781,8.800000190734863,3.740000009536743,36.0,51.349998474121094,34.5
2015-06-22,144.73146057128906,73.44999694824219,128.89999389648438,8.729999542236328,101.5,8.779999732971191,3.869999885559082,35.5,52.849998474121094,34.04999923706055
2015-06-23,145.74549865722656,73.69999694824219,129.1999969482422,8.859999656677246,104.69999694824219,8.880000114440918,4.079999923706055,36.70000076293945,52.75,33.95000076293945
2015-06-24,150.90789794921875,73.6500015258789,129.3000030517578,9.100000381469727,103.19999694824219,9.079999923706055,4.170000076293945,36.79999923706055,52.29999923706055,33.95000076293945
2015-06-25,149.3407440185547,73.05000305175781,128.89999389648438,9.039999961853027,101.30000305175781,8.859999656677246,4.230000019073486,35.5,52.70000076293945,33.29999923706055
2015-06-26,147.40484619140625,71.94999694824219,126.5,8.75,99.80000305175781,8.670000076293945,4.119999885559082,33.79999923706055,51.79999923706055,32.849998474121094
2015-06-29,141.13621520996094,70.25,124.69999694824219,8.680000305175781,99.25,8.1899995803833,3.880000114440918,33.20000076293945,50.099998474121094,31.049999237060547
2015-06-30,142.61119079589844,70.1500015258789,125.5999984741211,8.649999618530273,99.25,8.0600004196167,4.139999866485596,34.45000076293945,50.75,30.899999618530273
2015-07-02,144.27053833007812,69.55000305175781,126.9000015258789,8.619999885559082,100.30000305175781,7.869999885559082,3.9600000381469727,33.79999923706055,51.75,35.0
2015-07-03,142.9799346923828,69.55000305175781,125.4000015258789,8.670000076293945,99.94999694824219,7.099999904632568,3.9000000953674316,32.599998474121094,51.0,34.70000076293945
2015-07-06,135.05197143554688,67.9000015258789,123.30000305175781,8.510000228881836,96.4000015258789,6.239999771118164,3.6500000953674316,30.5,49.5,33.54999923706055
2015-07-07,133.3926239013672,68.44999694824219,122.19999694824219,8.399999618530273,95.75,5.510000228881836,3.440000057220459,29.899999618530273,50.04999923706055,32.70000076293945
2015-07-08,124.26625061035156,65.75,115.0999984741211,7.960000038146973,89.94999694824219,4.559999942779541,3.25,29.549999237060547,47.099998474121094,30.799999237060547
2015-07-09,134.59103393554688,67.75,119.69999694824219,8.020000457763672,91.5999984741211,6.190000057220459,3.5,30.649999618530273,49.400001525878906,33.04999923706055
2015-07-10,137.26441955566406,68.0999984741211,120.80000305175781,8.079999923706055,95.8499984741211,7.159999847412109,3.5799999237060547,32.29999923706055,49.54999923706055,34.099998474121094
2015-07-13,138.73939514160156,69.05000305175781,122.69999694824219,8.119999885559082,95.75,7.130000114440918,3.7100000381469727,32.849998474121094,50.54999923706055,35.45000076293945
2015-07-14,139.8456268310547,68.55000305175781,122.5999984741211,8.029999732971191,96.3499984741211,6.809999942779541,3.640000104904175,32.25,49.900001525878906,36.79999923706055
2015-07-15,138.27847290039062,68.94999694824219,122.69999694824219,8.010000228881836,97.30000305175781,6.440000057220459,3.4800000190734863,31.850000381469727,50.70000076293945,35.45000076293945
2015-07-16,138.27847290039062,69.9000015258789,123.80000305175781,8.010000228881836,97.55000305175781,6.480000019073486,3.4000000953674316,31.5,50.400001525878906,34.75
2015-07-17,141.59715270996094,70.30000305175781,124.5,8.010000228881836,97.55000305175781,6.730000019073486,3.440000057220459,31.5,50.75,35.099998474121094
2015-07-20,143.3486785888672,70.80000305175781,124.30000305175781,7.96999979019165,98.19999694824219,6.800000190734863,3.5299999713897705,31.799999237060547,50.599998474121094,34.650001525878906
2015-07-21,144.3627166748047,70.8499984741211,123.80000305175781,7.980000019073486,102.19999694824219,6.75,3.5199999809265137,32.349998474121094,51.0,34.04999923706055
2015-07-22,142.42681884765625,70.1500015258789,124.0,7.909999847412109,101.0,6.760000228881836,3.440000057220459,32.29999923706055,50.349998474121094,33.29999923706055
2015-07-23,142.42681884765625,70.3499984741211,124.0,7.920000076293945,100.69999694824219,7.78000020980835,3.440000057220459,32.400001525878906,51.45000076293945,34.79999923706055
2015-07-24,139.6612548828125,69.1500015258789,122.5999984741211,7.840000152587891,100.19999694824219,7.710000038146973,3.4200000762939453,31.5,50.599998474121094,34.900001525878906
2015-07-27,134.22230529785156,67.75,119.69999694824219,7.46999979019165,96.69999694824219,7.039999961853027,3.190000057220459,30.350000381469727,49.04999923706055,33.650001525878906
2015-07-28,135.05197143554688,68.8499984741211,120.0,7.619999885559082,97.75,7.03000020980835,3.2300000190734863,30.0,50.349998474121094,33.400001525878906
2015-07-29,133.11607360839844,69.55000305175781,119.80000305175781,7.829999923706055,98.8499984741211,7.28000020980835,3.25,30.450000762939453,50.599998474121094,34.29999923706055
2015-07-30,131.64109802246094,69.5999984741211,120.0999984741211,7.789999961853027,99.9000015258789,7.079999923706055,3.25,30.299999237060547,50.099998474121094,33.79999923706055
2015-07-31,133.3926239013672,69.69999694824219,119.0999984741211,7.690000057220459,101.5,7.190000057220459,3.259999990463257,29.799999237060547,50.5,35.70000076293945
2015-08-03,132.74732971191406,71.05000305175781,118.19999694824219,7.46999979019165,99.55000305175781,6.769999980926514,3.1600000858306885,29.0,49.150001525878906,34.70000076293945
2015-08-04,131.82546997070312,69.94999694824219,118.69999694824219,7.360000133514404,99.44999694824219,6.880000114440918,3.1500000953674316,30.0,49.400001525878906,34.75
2015-08-05,131.27235412597656,71.25,119.0999984741211,7.380000114440918,100.80000305175781,6.789999961853027,3.2100000381469727,29.850000381469727,49.900001525878906,35.599998474121094
2015-08-06,129.8895721435547,71.4000015258789,117.0,7.309999942779541,100.0999984741211,6.550000190734863,3.180000066757202,29.850000381469727,49.599998474121094,35.75
2015-08-07,130.9958038330078,71.05000305175781,117.0999984741211,7.300000190734863,100.9000015258789,6.840000152587891,3.2100000381469727,30.100000381469727,50.20000076293945,36.95000076293945
2015-08-10,131.64109802246094,69.9000015258789,116.0,7.269999980926514,102.0999984741211,6.960000038146973,3.190000057220459,30.299999237060547,49.400001525878906,37.099998474121094
2015-08-11,129.79739379882812,70.0999984741211,115.9000015258789,7.329999923706055,102.80000305175781,6.710000038146973,3.2100000381469727,29.950000762939453,49.04999923706055,36.650001525878906
2015-08-12,124.35843658447266,68.6500015258789,113.4000015258789,7.289999961853027,100.19999694824219,6.619999885559082,3.119999885559082,29.5,47.599998474121094,34.900001525878906
2015-08-13,132.83950805664062,68.5,111.9000015258789,7.429999828338623,98.94999694824219,6.53000020980835,3.109999895095825,28.549999237060547,47.849998474121094,33.849998474121094
2015-08-14,132.1942138671875,68.0,110.19999694824219,7.28000020980835,99.44999694824219,6.489999771118164,3.25,28.799999237060547,47.79999923706055,34.25
2015-08-17,130.9036102294922,67.6500015258789,109.0,7.199999809265137,100.9000015258789,6.349999904632568,3.1500000953674316,31.0,46.849998474121094,33.70000076293945
2015-08-18,128.5067901611328,67.0999984741211,107.9000015258789,7.159999847412109,100.19999694824219,5.809999942779541,3.1600000858306885,30.450000762939453,46.0,32.70000076293945
2015-08-19,128.691162109375,66.4000015258789,106.5,7.079999923706055,98.4000015258789,5.900000095367432,3.0,30.700000762939453,45.0,31.25
2015-08-20,125.55684661865234,65.3499984741211,104.30000305175781,6.800000190734863,98.1500015258789,5.71999979019165,2.9000000953674316,29.0,44.400001525878906,29.350000381469727
2015-08-21,121.1319351196289,64.9000015258789,103.9000015258789,6.630000114440918,100.0999984741211,5.590000152587891,2.859999895095825,27.100000381469727,43.54999923706055,28.100000381469727
2015-08-24,115.2320556640625,62.099998474121094,97.69999694824219,6.349999904632568,92.3499984741211,4.800000190734863,2.509999990463257,25.899999618530273,40.79999923706055,25.799999237060547
2015-08-25,120.67100524902344,61.70000076293945,96.19999694824219,6.239999771118164,92.6500015258789,4.889999866485596,2.630000114440918,26.600000381469727,42.849998474121094,25.700000762939453
2015-08-26,118.55073547363281,60.599998474121094,96.5999984741211,6.289999961853027,90.1500015258789,5.03000020980835,2.690000057220459,26.75,42.04999923706055,24.25
2015-08-27,121.86942291259766,61.45000076293945,98.6500015258789,6.550000190734863,94.05000305175781,5.389999866485596,2.8399999141693115,28.350000381469727,42.5,26.049999237060547
2015-08-28,120.48663330078125,61.150001525878906,98.05000305175781,6.489999771118164,91.80000305175781,5.369999885559082,3.2899999618530273,29.25,43.04999923706055,26.299999237060547
2015-08-31,121.50067901611328,61.29999923706055,98.19999694824219,6.440000057220459,93.9000015258789,5.360000133514404,3.0,29.350000381469727,42.849998474121094,24.850000381469727
2015-09-01,117.26013946533203,60.5,94.9000015258789,6.190000057220459,92.75,5.190000057220459,2.7899999618530273,26.899999618530273,42.150001525878906,23.950000762939453
2015-09-02,117.44451141357422,59.400001525878906,95.0999984741211,6.03000020980835,91.75,4.980000019073486,2.809999942779541,26.149999618530273,41.5,22.950000762939453
2015-09-04,117.44451141357422,59.400001525878906,94.6500015258789,5.809999942779541,91.5,5.019999980926514,2.7899999618530273,27.700000762939453,41.45000076293945,23.600000381469727
2015-09-07,116.52265167236328,58.20000076293945,93.8499984741211,5.769999980926514,89.30000305175781,4.960000038146973,2.8299999237060547,26.799999237060547,41.0,22.399999618530273
2015-09-08,119.28822326660156,60.099998474121094,97.9000015258789,5.900000095367432,91.69999694824219,5.139999866485596,3.109999895095825,27.350000381469727,41.95000076293945,23.600000381469727
2015-09-09,123.16001892089844,62.20000076293945,100.0,6.300000190734863,93.94999694824219,5.269999980926514,3.2899999618530273,28.25,44.04999923706055,23.799999237060547
2015-09-10,118.55073547363281,60.79999923706055,99.19999694824219,5.980000019073486,91.69999694824219,5.199999809265137,3.2300000190734863,27.950000762939453,42.79999923706055,23.0
2015-09-11,117.44451141357422,60.45000076293945,103.0999984741211,5.75,91.55000305175781,5.21999979019165,3.200000047683716,28.049999237060547,42.400001525878906,23.0
2015-09-14,117.8132553100586,60.75,103.5999984741211,5.699999809265137,91.25,5.079999923706055,3.25,28.350000381469727,42.900001525878906,22.450000762939453
2015-09-15,120.94756317138672,60.099998474121094,100.4000015258789,5.679999828338623,90.1500015258789,5.010000228881836,3.309999942779541,28.0,42.150001525878906,22.149999618530273
2015-09-16,124.81936645507812,61.29999923706055,102.9000015258789,5.829999923706055,93.5,5.079999923706055,3.440000057220459,28.149999618530273,43.099998474121094,23.549999237060547
2015-09-17,123.8053207397461,61.04999923706055,101.80000305175781,5.849999904632568,91.75,5.159999847412109,3.5199999809265137,28.549999237060547,43.20000076293945,23.350000381469727
2015-09-18,124.72718048095703,60.25,105.69999694824219,5.860000133514404,92.1500015258789,5.239999771118164,3.619999885559082,29.450000762939453,43.20000076293945,24.299999237060547
2015-09-21,123.34439086914062,59.900001525878906,105.0,5.710000038146973,93.0999984741211,5.21999979019165,3.4100000858306885,29.0,42.70000076293945,23.350000381469727
2015-09-22,121.68505096435547,60.20000076293945,104.9000015258789,5.789999961853027,96.9000015258789,5.28000020980835,3.4200000762939453,28.350000381469727,42.5,22.450000762939453
2015-09-23,120.67100524902344,59.0,102.80000305175781,5.579999923706055,95.4000015258789,5.03000020980835,3.240000009536743,27.799999237060547,41.70000076293945,21.299999237060547
2015-09-24,120.48663330078125,58.650001525878906,101.4000015258789,5.539999961853027,94.94999694824219,5.070000171661377,3.2899999618530273,28.649999618530273,40.599998474121094,20.549999237060547
2015-09-25,120.76319122314453,58.75,102.5,5.550000190734863,94.4000015258789,5.0,3.240000009536743,28.0,40.599998474121094,21.350000381469727
2015-09-29,117.35232543945312,57.04999923706055,98.94999694824219,5.190000057220459,92.05000305175781,4.710000038146973,3.1700000762939453,27.100000381469727,39.349998474121094,19.860000610351562
2015-09-30,119.19603729248047,57.650001525878906,100.5,5.369999885559082,91.80000305175781,4.940000057220459,3.690000057220459,27.100000381469727,40.04999923706055,19.700000762939453
2015-10-02,124.91154479980469,59.349998474121094,100.0999984741211,5.539999961853027,94.30000305175781,5.110000133514404,3.859999895095825,27.649999618530273,42.54999923706055,21.700000762939453
2015-10-05,128.78334045410156,60.650001525878906,100.9000015258789,5.590000152587891,94.69999694824219,5.159999847412109,3.7100000381469727,28.450000762939453,42.70000076293945,22.850000381469727
2015-10-06,128.691162109375,60.599998474121094,100.30000305175781,5.75,93.5,5.150000095367432,3.859999895095825,28.950000762939453,42.650001525878906,23.75
2015-10-07,130.9036102294922,62.04999923706055,102.5,6.289999961853027,94.8499984741211,5.400000095367432,3.9600000381469727,28.850000381469727,44.04999923706055,24.700000762939453
2015-10-08,130.9958038330078,62.29999923706055,101.80000305175781,6.139999866485596,93.05000305175781,5.309999942779541,3.9000000953674316,28.850000381469727,44.349998474121094,25.049999237060547
2015-10-09,130.81143188476562,62.650001525878906,101.69999694824219,6.300000190734863,91.5999984741211,5.199999809265137,3.9600000381469727,29.25,44.650001525878906,25.549999237060547
2015-10-12,132.74732971191406,63.25,101.9000015258789,6.389999866485596,93.1500015258789,5.400000095367432,3.9000000953674316,29.149999618530273,45.0,24.799999237060547
2015-10-13,131.73329162597656,62.20000076293945,101.30000305175781,6.260000228881836,92.55000305175781,5.400000095367432,3.9200000762939453,28.450000762939453,44.25,26.299999237060547
2015-10-14,131.45672607421875,61.650001525878906,102.30000305175781,6.300000190734863,91.19999694824219,5.25,3.7200000286102295,28.200000762939453,43.849998474121094,26.149999618530273
2015-10-15,133.669189453125,62.20000076293945,103.9000015258789,6.449999809265137,93.69999694824219,5.380000114440918,3.9200000762939453,29.200000762939453,44.70000076293945,29.100000381469727
2015-10-16,135.14414978027344,62.75,106.30000305175781,6.5,94.19999694824219,5.829999923706055,3.799999952316284,28.75,46.20000076293945,28.100000381469727
2015-10-19,135.60508728027344,62.54999923706055,105.5,6.489999771118164,95.94999694824219,5.690000057220459,3.890000104904175,28.850000381469727,45.79999923706055,26.700000762939453
2015-10-20,135.42071533203125,62.29999923706055,104.4000015258789,6.389999866485596,95.69999694824219,5.550000190734863,3.8299999237060547,29.25,45.900001525878906,26.700000762939453
2015-10-22,134.8675994873047,60.70000076293945,104.4000015258789,6.21999979019165,92.75,6.0,3.9000000953674316,30.25,45.400001525878906,27.200000762939453
2015-10-23,137.54098510742188,61.099998474121094,106.9000015258789,6.320000171661377,93.3499984741211,6.150000095367432,4.070000171661377,30.200000762939453,46.75,26.950000762939453
2015-10-26,137.3566131591797,61.349998474121094,106.5999984741211,6.190000057220459,93.8499984741211,5.929999828338623,4.090000152587891,30.75,46.650001525878906,27.100000381469727
2015-10-27,137.44879150390625,61.29999923706055,105.5999984741211,6.159999847412109,95.0,6.300000190734863,4.090000152587891,31.450000762939453,46.900001525878906,26.799999237060547
2015-10-28,138.09410095214844,60.849998474121094,106.5,6.070000171661377,94.5,6.139999866485596,4.099999904632568,32.150001525878906,46.849998474121094,26.5
2015-10-29,136.43475341796875,61.099998474121094,105.19999694824219,6.190000057220459,93.55000305175781,6.090000152587891,4.170000076293945,31.899999618530273,47.0,26.649999618530273
2015-10-30,135.14414978027344,61.0,103.9000015258789,6.059999942779541,92.80000305175781,6.199999809265137,4.170000076293945,32.099998474121094,45.599998474121094,26.649999618530273
2015-11-02,135.9738311767578,60.29999923706055,100.5999984741211,5.989999771118164,92.4000015258789,6.179999828338623,4.090000152587891,31.950000762939453,45.599998474121094,26.350000381469727
2015-11-03,138.73939514160156,60.5,99.75,6.0,92.80000305175781,6.21999979019165,4.139999866485596,31.850000381469727,46.45000076293945,27.350000381469727
2015-11-04,141.04403686523438,60.79999923706055,100.69999694824219,6.239999771118164,95.0,6.489999771118164,4.25,32.650001525878906,47.95000076293945,26.75
2015-11-05,140.39874267578125,61.95000076293945,100.69999694824219,6.190000057220459,95.25,6.400000095367432,4.099999904632568,33.20000076293945,47.75,26.75
2015-11-06,142.42681884765625,60.900001525878906,100.30000305175781,6.050000190734863,93.30000305175781,6.380000114440918,4.0,33.20000076293945,47.79999923706055,26.799999237060547
2015-11-09,140.12217712402344,61.849998474121094,98.19999694824219,5.960000038146973,91.19999694824219,6.389999866485596,3.890000104904175,32.900001525878906,48.29999923706055,26.450000762939453
2015-11-10,138.64720153808594,61.900001525878906,97.5,5.840000152587891,90.6500015258789,6.170000076293945,3.859999895095825,32.45000076293945,47.25,25.399999618530273
2015-11-11,139.6612548828125,61.79999923706055,98.0,5.75,90.25,5.96999979019165,3.9200000762939453,32.79999923706055,46.70000076293945,25.200000762939453
2015-11-12,142.88775634765625,62.599998474121094,101.19999694824219,5.929999828338623,93.1500015258789,6.199999809265137,3.990000009536743,33.29999923706055,48.45000076293945,25.850000381469727
2015-11-13,140.30654907226562,61.04999923706055,98.94999694824219,5.690000057220459,90.55000305175781,6.03000020980835,3.930000066757202,33.0,47.650001525878906,25.25
2015-11-16,137.44879150390625,60.400001525878906,96.75,5.480000019073486,89.55000305175781,5.869999885559082,3.8499999046325684,32.75,46.29999923706055,24.600000381469727
2015-11-17,139.3846893310547,60.95000076293945,97.8499984741211,5.590000152587891,90.25,5.880000114440918,4.0,32.650001525878906,46.54999923706055,24.899999618530273
2015-11-18,139.56906127929688,61.099998474121094,97.0999984741211,5.409999847412109,90.30000305175781,5.860000133514404,3.9700000286102295,32.45000076293945,46.45000076293945,23.75
2015-11-19,141.13621520996094,62.04999923706055,96.80000305175781,5.510000228881836,90.94999694824219,6.139999866485596,4.170000076293945,31.399999618530273,47.29999923706055,24.299999237060547
2015-11-20,142.9799346923828,62.95000076293945,99.5999984741211,5.630000114440918,91.75,6.199999809265137,4.199999809265137,31.149999618530273,47.900001525878906,24.049999237060547
2015-11-23,143.3486785888672,62.599998474121094,98.9000015258789,5.650000095367432,91.44999694824219,6.239999771118164,4.300000190734863,31.600000381469727,47.95000076293945,23.100000381469727
2015-11-24,143.90179443359375,62.400001525878906,98.30000305175781,5.710000038146973,91.55000305175781,6.230000019073486,4.199999809265137,32.349998474121094,47.79999923706055,23.450000762939453
2015-11-25,144.1783447265625,61.95000076293945,98.3499984741211,5.730000019073486,90.69999694824219,6.21999979019165,4.199999809265137,32.70000076293945,47.650001525878906,23.600000381469727
2015-11-26,143.53305053710938,62.25,98.75,5.75,90.0999984741211,6.099999904632568,4.170000076293945,32.5,47.75,23.549999237060547
2015-11-27,141.22840881347656,62.0,96.30000305175781,5.539999961853027,88.80000305175781,5.909999847412109,4.039999961853027,31.850000381469727,46.5,22.950000762939453
2015-11-30,142.24244689941406,61.79999923706055,95.30000305175781,5.510000228881836,88.0999984741211,5.929999828338623,4.070000171661377,32.54999923706055,46.29999923706055,22.799999237060547
2015-12-01,142.24244689941406,62.650001525878906,97.55000305175781,5.650000095367432,90.4000015258789,6.110000133514404,4.090000152587891,33.0,47.75,23.799999237060547
2015-12-02,141.6893310546875,62.849998474121094,97.94999694824219,5.699999809265137,90.5999984741211,6.039999961853027,4.190000057220459,33.70000076293945,48.5,24.0
2015-12-03,142.3346405029297,62.54999923706055,97.0999984741211,5.670000076293945,90.0999984741211,6.050000190734863,4.139999866485596,33.849998474121094,48.400001525878906,24.0
2015-12-04,139.2003173828125,61.5,96.80000305175781,5.539999961853027,90.30000305175781,5.989999771118164,4.179999828338623,33.349998474121094,48.45000076293945,23.649999618530273
2015-12-07,139.10813903808594,61.70000076293945,96.5999984741211,5.420000076293945,90.5999984741211,5.949999809265137,4.179999828338623,33.650001525878906,48.5,23.899999618530273
2015-12-08,138.0019073486328,60.849998474121094,95.55000305175781,5.300000190734863,89.6500015258789,5.71999979019165,4.110000133514404,33.29999923706055,47.849998474121094,22.899999618530273
2015-12-09,138.92376708984375,60.25,94.5999984741211,5.230000019073486,89.55000305175781,5.650000095367432,4.360000133514404,33.25,48.150001525878906,22.850000381469727
2015-12-10,138.64720153808594,60.349998474121094,94.5,5.170000076293945,89.8499984741211,5.550000190734863,4.269999980926514,32.79999923706055,47.650001525878906,23.200000762939453
2015-12-11,136.06600952148438,60.04999923706055,93.9000015258789,5.079999923706055,89.5999984741211,5.539999961853027,4.230000019073486,30.600000381469727,46.599998474121094,23.149999618530273
2015-12-14,135.05197143554688,59.45000076293945,93.8499984741211,5.019999980926514,87.8499984741211,5.400000095367432,4.380000114440918,31.700000762939453,45.849998474121094,22.600000381469727
2015-12-15,135.9738311767578,58.900001525878906,93.5,5.050000190734863,87.80000305175781,5.650000095367432,4.369999885559082,30.75,45.400001525878906,22.25
2015-12-16,139.93780517578125,60.099998474121094,94.25,5.300000190734863,89.5,5.599999904632568,4.400000095367432,30.799999237060547,46.45000076293945,23.100000381469727
2015-12-17,139.75343322753906,61.79999923706055,94.8499984741211,5.199999809265137,89.0999984741211,5.570000171661377,4.460000038146973,31.149999618530273,47.099998474121094,23.700000762939453
2015-12-18,139.4768829345703,61.5,94.6500015258789,5.090000152587891,88.0999984741211,5.400000095367432,4.300000190734863,31.149999618530273,46.650001525878906,23.549999237060547
2015-12-21,138.55502319335938,61.099998474121094,94.05000305175781,5.130000114440918,87.75,5.369999885559082,4.239999771118164,32.099998474121094,46.650001525878906,24.350000381469727
2015-12-22,139.0159454345703,61.099998474121094,94.94999694824219,5.090000152587891,88.3499984741211,5.340000152587891,4.179999828338623,31.549999237060547,47.0,24.299999237060547
2015-12-23,140.30654907226562,61.54999923706055,95.8499984741211,5.260000228881836,88.30000305175781,5.420000076293945,4.21999979019165,32.20000076293945,46.79999923706055,24.600000381469727
2015-12-24,139.93780517578125,62.150001525878906,95.0,5.380000114440918,88.55000305175781,5.360000133514404,4.25,32.20000076293945,47.0,24.799999237060547
2015-12-28,139.10813903808594,61.75,94.44999694824219,5.269999980926514,87.5999984741211,5.360000133514404,4.230000019073486,31.149999618530273,46.400001525878906,24.350000381469727
2015-12-29,139.0159454345703,62.29999923706055,94.0,5.190000057220459,87.75,5.300000190734863,4.190000057220459,31.0,46.400001525878906,24.5
2015-12-30,138.92376708984375,62.150001525878906,93.80000305175781,5.139999866485596,87.3499984741211,5.28000020980835,4.199999809265137,30.799999237060547,46.349998474121094,24.5
2015-12-31,140.58311462402344,61.900001525878906,93.5999984741211,5.079999923706055,87.5,5.360000133514404,4.130000114440918,31.100000381469727,46.599998474121094,24.450000762939453
2016-01-04,137.44879150390625,60.400001525878906,93.19999694824219,5.019999980926514,85.0999984741211,5.039999961853027,3.990000009536743,30.200000762939453,45.45000076293945,24.399999618530273
2016-01-05,135.8816375732422,59.900001525878906,93.05000305175781,4.940000057220459,82.9000015258789,5.170000076293945,3.819999933242798,29.5,45.650001525878906,24.5
2016-01-06,134.59103393554688,59.25,92.0999984741211,4.880000114440918,82.5,5.269999980926514,3.690000057220459,29.5,45.04999923706055,24.049999237060547
2016-01-07,129.24427795410156,57.29999923706055,91.6500015258789,4.559999942779541,80.4000015258789,4.96999979019165,3.4700000286102295,29.0,43.650001525878906,22.450000762939453
2016-01-08,131.45672607421875,57.400001525878906,91.55000305175781,4.679999828338623,82.05000305175781,5.050000190734863,3.509999990463257,29.649999618530273,43.75,22.049999237060547
2016-01-11,127.2161865234375,56.349998474121094,90.05000305175781,4.449999809265137,80.5999984741211,4.940000057220459,3.3399999141693115,28.399999618530273,42.29999923706055,21.399999618530273
2016-01-12,125.46466064453125,56.5,89.80000305175781,4.389999866485596,79.6500015258789,4.800000190734863,3.3299999237060547,27.75,42.0,21.600000381469727
2016-01-13,126.66307830810547,57.04999923706055,90.0,4.449999809265137,81.5999984741211,4.809999942779541,3.5199999809265137,29.0,43.099998474121094,21.649999618530273
2016-01-14,126.38652038574219,56.29999923706055,89.30000305175781,4.480000019073486,81.30000305175781,4.730000019073486,3.5399999618530273,28.950000762939453,42.70000076293945,21.600000381469727
2016-01-15,126.2943344116211,56.099998474121094,87.30000305175781,4.380000114440918,80.44999694824219,4.429999828338623,3.4100000858306885,28.649999618530273,42.45000076293945,21.149999618530273
2016-01-18,125.37247467041016,54.349998474121094,84.3499984741211,4.289999961853027,80.0999984741211,4.320000171661377,3.4100000858306885,28.399999618530273,41.349998474121094,21.899999618530273
2016-01-19,128.8755340576172,54.45000076293945,85.8499984741211,4.5,82.80000305175781,4.519999980926514,3.5799999237060547,28.350000381469727,42.45000076293945,22.350000381469727
2016-01-20,124.81936645507812,53.150001525878906,82.9000015258789,4.230000019073486,80.0,4.260000228881836,3.509999990463257,26.549999237060547,40.400001525878906,20.649999618530273
2016-01-21,122.6990966796875,51.900001525878906,81.30000305175781,4.179999828338623,80.0,4.010000228881836,3.319999933242798,26.25,40.349998474121094,20.100000381469727
2016-01-22,128.13804626464844,52.849998474121094,81.94999694824219,4.510000228881836,82.6500015258789,4.139999866485596,3.4000000953674316,27.700000762939453,41.79999923706055,21.5
2016-01-25,133.0238800048828,53.599998474121094,82.80000305175781,4.639999866485596,83.75,4.329999923706055,3.380000114440918,27.649999618530273,42.45000076293945,21.700000762939453
2016-01-26,130.71923828125,51.79999923706055,80.69999694824219,4.369999885559082,82.30000305175781,4.230000019073486,3.25,27.350000381469727,41.79999923706055,21.549999237060547
2016-01-27,129.5208282470703,52.900001525878906,80.3499984741211,4.510000228881836,83.69999694824219,4.190000057220459,3.2699999809265137,26.899999618530273,42.95000076293945,22.450000762939453
2016-01-28,130.5348663330078,53.349998474121094,80.8499984741211,4.559999942779541,84.69999694824219,3.3399999141693115,3.3299999237060547,27.149999618530273,42.25,23.600000381469727
2016-01-29,133.57699584960938,54.5,83.80000305175781,4.75,85.69999694824219,3.890000104904175,3.299999952316284,27.299999237060547,42.849998474121094,24.100000381469727
2016-02-01,135.5128936767578,54.650001525878906,84.19999694824219,4.610000133514404,85.5,3.8299999237060547,3.049999952316284,28.100000381469727,42.150001525878906,24.200000762939453
2016-02-02,134.22230529785156,54.150001525878906,83.25,4.570000171661377,85.75,3.869999885559082,3.059999942779541,26.950000762939453,40.95000076293945,23.75
2016-02-03,130.5348663330078,52.25,80.9000015258789,4.380000114440918,85.75,3.7899999618530273,2.9100000858306885,26.149999618530273,38.95000076293945,22.649999618530273
2016-02-04,130.81143188476562,52.0,82.1500015258789,4.610000133514404,85.6500015258789,3.819999933242798,2.9700000286102295,26.600000381469727,39.900001525878906,23.0
2016-02-05,132.65513610839844,52.349998474121094,82.69999694824219,4.710000038146973,84.5999984741211,3.8499999046325684,3.0,26.899999618530273,39.400001525878906,23.350000381469727
2016-02-11,125.28028869628906,49.5,80.6500015258789,4.46999979019165,82.0,3.680000066757202,2.880000114440918,25.899999618530273,38.150001525878906,22.549999237060547
2016-02-12,122.88346099853516,48.099998474121094,80.80000305175781,4.5,82.19999694824219,3.5,2.7899999618530273,26.049999237060547,37.25,23.25
2016-02-15,127.40055847167969,50.25,82.5999984741211,4.670000076293945,83.0999984741211,3.619999885559082,2.930000066757202,26.649999618530273,38.20000076293945,25.149999618530273
2016-02-16,128.4145965576172,50.349998474121094,84.0999984741211,4.96999979019165,83.5,3.809999942779541,3.009999990463257,27.100000381469727,38.54999923706055,24.649999618530273
2016-02-17,127.40055847167969,49.5,84.05000305175781,4.820000171661377,83.0,3.9000000953674316,3.009999990463257,27.149999618530273,38.25,25.0
2016-02-18,131.18017578125,50.95000076293945,85.5999984741211,5.110000133514404,84.44999694824219,4.429999828338623,3.0399999618530273,28.75,39.25,26.5
2016-02-19,130.16612243652344,50.25,84.94999694824219,5.090000152587891,84.3499984741211,4.829999923706055,3.119999885559082,28.850000381469727,39.349998474121094,25.75
2016-02-22,130.62705993652344,49.150001525878906,87.94999694824219,5.110000133514404,84.94999694824219,4.139999866485596,3.130000114440918,28.899999618530273,39.79999923706055,26.399999618530273
2016-02-23,130.81143188476562,49.150001525878906,87.55000305175781,5.179999828338623,84.69999694824219,4.150000095367432,3.059999942779541,28.600000381469727,40.099998474121094,26.399999618530273
2016-02-24,129.42864990234375,48.70000076293945,86.69999694824219,5.070000171661377,84.0999984741211,4.150000095367432,2.930000066757202,28.200000762939453,39.150001525878906,26.049999237060547
2016-02-25,128.13804626464844,47.75,85.5999984741211,4.940000057220459,83.05000305175781,4.079999923706055,2.8499999046325684,28.049999237060547,39.5,25.450000762939453
2016-02-26,131.54891967773438,49.54999923706055,88.0,5.170000076293945,84.44999694824219,4.119999885559082,2.930000066757202,28.850000381469727,40.650001525878906,26.100000381469727
2016-02-29,130.81143188476562,49.650001525878906,86.8499984741211,4.989999771118164,82.19999694824219,4.119999885559082,2.880000114440918,28.399999618530273,39.70000076293945,26.100000381469727
2016-03-01,133.208251953125,50.04999923706055,89.30000305175781,5.159999847412109,83.6500015258789,4.230000019073486,2.9700000286102295,29.0,40.29999923706055,25.899999618530273
2016-03-02,136.7113037109375,50.900001525878906,91.8499984741211,5.340000152587891,85.25,4.389999866485596,3.0799999237060547,29.799999237060547,41.95000076293945,27.200000762939453
2016-03-03,136.06600952148438,49.650001525878906,92.0,5.349999904632568,85.05000305175781,4.420000076293945,3.069999933242798,30.200000762939453,42.400001525878906,26.950000762939453
2016-03-04,135.697265625,50.25,94.0999984741211,5.380000114440918,85.69999694824219,4.340000152587891,3.380000114440918,30.799999237060547,42.04999923706055,27.049999237060547
2016-03-07,135.05197143554688,49.650001525878906,94.5999984741211,5.409999847412109,84.6500015258789,4.309999942779541,3.4000000953674316,31.600000381469727,41.70000076293945,26.700000762939453
2016-03-08,134.8675994873047,49.25,93.69999694824219,5.360000133514404,84.80000305175781,4.369999885559082,3.3499999046325684,31.100000381469727,41.400001525878906,26.0
2016-03-09,134.31448364257812,50.04999923706055,93.44999694824219,5.25,85.1500015258789,4.21999979019165,3.2699999809265137,30.450000762939453,41.599998474121094,26.25
2016-03-10,133.669189453125,50.20000076293945,92.44999694824219,5.289999961853027,85.05000305175781,4.199999809265137,3.190000057220459,29.950000762939453,42.04999923706055,26.25
2016-03-11,136.52694702148438,50.29999923706055,93.44999694824219,5.420000076293945,85.5,4.199999809265137,3.3499999046325684,31.25,43.0,27.0
2016-03-14,141.32058715820312,50.70000076293945,94.8499984741211,5.389999866485596,86.1500015258789,3.950000047683716,3.4200000762939453,31.399999618530273,42.650001525878906,26.700000762939453
2016-03-15,139.4768829345703,50.20000076293945,94.55000305175781,5.309999942779541,85.5,4.010000228881836,3.299999952316284,30.700000762939453,42.54999923706055,26.899999618530273
2016-03-16,139.10813903808594,49.849998474121094,94.44999694824219,5.190000057220459,86.3499984741211,4.0,3.2699999809265137,30.799999237060547,42.29999923706055,26.799999237060547
2016-03-17,140.39874267578125,50.45000076293945,95.55000305175781,5.420000076293945,84.55000305175781,4.0,3.430000066757202,31.399999618530273,42.45000076293945,27.049999237060547
2016-03-18,145.56112670898438,50.0,95.4000015258789,5.400000095367432,85.0999984741211,4.070000171661377,3.4200000762939453,31.299999237060547,42.70000076293945,29.649999618530273
2016-03-21,145.74549865722656,50.29999923706055,95.05000305175781,5.309999942779541,84.4000015258789,4.25,3.440000057220459,31.149999618530273,42.849998474121094,28.799999237060547
2016-03-22,147.03610229492188,50.0,94.6500015258789,5.320000171661377,83.80000305175781,4.309999942779541,3.4000000953674316,31.850000381469727,42.54999923706055,28.600000381469727
2016-03-23,147.22047424316406,49.5,95.30000305175781,5.369999885559082,83.80000305175781,4.329999923706055,3.759999990463257,30.899999618530273,42.25,29.049999237060547
2016-03-24,146.39080810546875,48.79999923706055,93.0999984741211,5.139999866485596,83.30000305175781,4.28000020980835,3.700000047683716,30.950000762939453,41.849998474121094,28.399999618530273
2016-03-29,145.00802612304688,48.599998474121094,92.75,4.989999771118164,83.94999694824219,4.360000133514404,3.859999895095825,32.20000076293945,42.45000076293945,29.100000381469727
2016-03-30,145.8376922607422,49.04999923706055,95.69999694824219,5.139999866485596,84.9000015258789,4.420000076293945,3.8299999237060547,33.79999923706055,43.900001525878906,29.649999618530273
2016-03-31,146.02206420898438,48.400001525878906,94.8499984741211,5.159999847412109,86.44999694824219,4.730000019073486,3.8399999141693115,35.04999923706055,43.95000076293945,29.100000381469727
2016-04-01,146.11424255371094,47.95000076293945,92.8499984741211,5.070000171661377,85.6500015258789,4.570000171661377,3.7200000286102295,33.900001525878906,43.150001525878906,28.0
2016-04-05,144.3627166748047,46.75,91.25,4.860000133514404,85.0,4.46999979019165,3.7200000286102295,34.45000076293945,42.70000076293945,26.850000381469727
2016-04-06,146.57518005371094,45.95000076293945,91.4000015258789,4.849999904632568,84.9000015258789,4.420000076293945,3.869999885559082,34.900001525878906,42.45000076293945,27.25
2016-04-07,149.1563720703125,45.79999923706055,91.9000015258789,4.880000114440918,86.25,4.360000133514404,3.759999990463257,35.400001525878906,42.650001525878906,27.100000381469727
2016-04-08,147.4970245361328,46.0,92.80000305175781,4.880000114440918,86.3499984741211,4.400000095367432,3.9000000953674316,35.25,43.25,27.75
2016-04-11,147.03610229492188,46.20000076293945,93.69999694824219,4.909999847412109,85.75,4.460000038146973,3.9200000762939453,35.70000076293945,43.099998474121094,27.5
2016-04-12,147.4970245361328,45.95000076293945,94.80000305175781,4.96999979019165,85.94999694824219,4.559999942779541,3.9100000858306885,35.400001525878906,43.45000076293945,27.700000762939453
2016-04-13,151.6453857421875,48.04999923706055,96.55000305175781,5.329999923706055,88.44999694824219,4.630000114440918,3.9200000762939453,35.349998474121094,44.599998474121094,28.850000381469727
2016-04-14,152.10630798339844,49.0,97.19999694824219,5.340000152587891,89.80000305175781,4.599999904632568,3.9200000762939453,34.75,45.70000076293945,29.049999237060547
2016-04-15,152.38287353515625,49.29999923706055,97.5999984741211,5.329999923706055,89.8499984741211,4.659999847412109,3.880000114440918,35.75,44.95000076293945,28.799999237060547
2016-04-18,152.75161743164062,48.95000076293945,97.30000305175781,5.230000019073486,90.0,4.75,3.869999885559082,34.849998474121094,44.599998474121094,28.700000762939453
2016-04-19,152.75161743164062,50.75,98.0,5.429999828338623,89.55000305175781,4.78000020980835,4.110000133514404,35.849998474121094,45.099998474121094,29.450000762939453
2016-04-20,149.24856567382812,50.650001525878906,98.19999694824219,5.349999904632568,88.69999694824219,4.710000038146973,4.070000171661377,35.0,44.650001525878906,29.049999237060547
2016-04-21,150.72352600097656,52.900001525878906,98.6500015258789,5.550000190734863,91.9000015258789,5.079999923706055,4.039999961853027,35.29999923706055,45.95000076293945,28.299999237060547
2016-04-22,150.07823181152344,52.150001525878906,98.5999984741211,5.599999904632568,91.30000305175781,5.110000133514404,4.059999942779541,34.95000076293945,46.79999923706055,27.5
2016-04-25,147.40484619140625,51.45000076293945,98.3499984741211,5.610000133514404,90.5,5.610000133514404,4.0,34.650001525878906,47.29999923706055,27.75
2016-04-26,149.1563720703125,52.25,99.0999984741211,5.619999885559082,91.05000305175781,5.260000228881836,4.090000152587891,33.54999923706055,47.29999923706055,28.200000762939453
2016-04-27,147.03610229492188,52.650001525878906,98.94999694824219,5.809999942779541,91.5999984741211,5.230000019073486,4.0,33.900001525878906,47.349998474121094,27.600000381469727
2016-04-28,148.41888427734375,52.20000076293945,99.0,5.920000076293945,91.44999694824219,5.320000171661377,3.930000066757202,33.599998474121094,47.099998474121094,26.899999618530273
2016-04-29,146.4829864501953,51.79999923706055,98.05000305175781,5.710000038146973,88.94999694824219,5.25,3.869999885559082,33.29999923706055,46.70000076293945,26.200000762939453
2016-05-03,143.164306640625,51.5,94.19999694824219,5.630000114440918,87.9000015258789,5.150000095367432,3.759999990463257,33.0,45.45000076293945,25.899999618530273
2016-05-04,142.42681884765625,50.150001525878906,93.94999694824219,5.570000171661377,88.05000305175781,5.179999828338623,3.8299999237060547,33.29999923706055,44.900001525878906,25.549999237060547
2016-05-05,141.22840881347656,49.45000076293945,93.19999694824219,5.539999961853027,87.9000015258789,5.139999866485596,3.75,33.099998474121094,45.79999923706055,25.600000381469727
2016-05-06,141.8737030029297,48.349998474121094,91.55000305175781,5.360000133514404,85.8499984741211,5.150000095367432,3.6600000858306885,32.400001525878906,44.45000076293945,24.450000762939453
2016-05-09,142.9799346923828,48.400001525878906,92.55000305175781,5.349999904632568,85.5999984741211,5.059999942779541,3.6500000953674316,32.900001525878906,44.54999923706055,24.649999618530273
2016-05-10,144.1783447265625,48.75,93.0,5.360000133514404,87.0,4.949999809265137,3.6600000858306885,33.75,44.400001525878906,24.600000381469727
2016-05-11,144.27053833007812,48.20000076293945,91.25,5.320000171661377,86.0,4.929999828338623,3.7200000286102295,33.75,43.45000076293945,24.799999237060547
2016-05-12,142.1502685546875,47.79999923706055,90.0,5.360000133514404,85.69999694824219,4.869999885559082,3.680000066757202,33.20000076293945,43.20000076293945,25.149999618530273
2016-05-13,142.9799346923828,47.29999923706055,87.0,5.289999961853027,83.94999694824219,5.25,3.6500000953674316,32.70000076293945,43.0,24.850000381469727
2016-05-16,147.40484619140625,47.95000076293945,86.5999984741211,5.289999961853027,85.30000305175781,5.300000190734863,3.6700000762939453,32.849998474121094,43.650001525878906,24.850000381469727
2016-05-17,150.17041015625,49.20000076293945,88.3499984741211,5.420000076293945,85.69999694824219,5.300000190734863,3.7899999618530273,34.25,43.849998474121094,24.950000762939453
2016-05-18,148.51107788085938,48.5,87.0999984741211,5.300000190734863,84.0,5.25,3.859999895095825,34.20000076293945,43.04999923706055,24.299999237060547
2016-05-19,144.91583251953125,49.25,86.25,5.210000038146973,83.4000015258789,5.340000152587891,3.890000104904175,35.0,42.70000076293945,24.25
2016-05-20,146.11424255371094,48.70000076293945,87.80000305175781,5.239999771118164,84.4000015258789,5.400000095367432,3.8299999237060547,35.650001525878906,43.150001525878906,24.350000381469727
2016-05-23,146.6673583984375,48.20000076293945,86.94999694824219,5.199999809265137,84.8499984741211,5.360000133514404,3.8399999141693115,35.5,43.20000076293945,23.799999237060547
2016-05-24,147.9579620361328,48.5,86.44999694824219,5.130000114440918,84.0999984741211,5.420000076293945,3.799999952316284,35.95000076293945,42.849998474121094,25.0
2016-05-25,151.6453857421875,50.349998474121094,88.0999984741211,5.329999923706055,87.19999694824219,5.320000171661377,3.869999885559082,36.349998474121094,44.29999923706055,25.75
2016-05-26,151.00009155273438,50.849998474121094,88.6500015258789,5.349999904632568,86.94999694824219,5.5,3.9200000762939453,35.20000076293945,44.5,25.75
2016-05-27,157.8218231201172,50.849998474121094,89.25,5.349999904632568,87.1500015258789,5.550000190734863,4.010000228881836,36.04999923706055,44.849998474121094,25.75
2016-05-30,156.6234130859375,50.79999923706055,90.94999694824219,5.320000171661377,88.0,5.46999979019165,4.050000190734863,35.650001525878906,44.79999923706055,26.100000381469727
2016-05-31,159.75772094726562,51.20000076293945,91.4000015258789,5.340000152587891,88.5999984741211,5.670000076293945,4.110000133514404,36.0,45.45000076293945,26.100000381469727
2016-06-01,157.08433532714844,50.349998474121094,91.69999694824219,5.369999885559082,90.4000015258789,5.920000076293945,4.119999885559082,36.400001525878906,45.599998474121094,25.5
2016-06-02,156.89996337890625,50.5,92.19999694824219,5.420000076293945,89.25,5.900000095367432,4.119999885559082,36.150001525878906,45.900001525878906,26.149999618530273
2016-06-03,157.4530792236328,50.79999923706055,92.69999694824219,5.380000114440918,88.0999984741211,5.809999942779541,4.070000171661377,36.349998474121094,46.150001525878906,26.149999618530273
2016-06-06,160.21864318847656,50.099998474121094,92.94999694824219,5.449999809265137,88.1500015258789,5.840000152587891,4.179999828338623,37.45000076293945,46.099998474121094,25.5
2016-06-07,162.7998504638672,50.849998474121094,94.94999694824219,5.590000152587891,91.0999984741211,5.789999961853027,4.340000152587891,36.75,46.599998474121094,24.850000381469727
2016-06-08,162.15455627441406,50.5,94.05000305175781,5.71999979019165,90.3499984741211,5.650000095367432,4.239999771118164,37.04999923706055,46.5,24.899999618530273
2016-06-10,161.4170684814453,49.349998474121094,92.80000305175781,5.659999847412109,89.05000305175781,5.539999961853027,4.159999847412109,37.400001525878906,46.650001525878906,25.049999237060547
2016-06-13,156.25466918945312,47.900001525878906,90.4000015258789,5.409999847412109,87.30000305175781,5.320000171661377,4.170000076293945,35.900001525878906,44.95000076293945,24.0
2016-06-14,155.1484375,47.25,89.94999694824219,5.340000152587891,86.80000305175781,5.340000152587891,4.179999828338623,35.5,44.70000076293945,23.700000762939453
2016-06-15,159.48117065429688,47.349998474121094,89.5,5.300000190734863,86.30000305175781,5.53000020980835,4.239999771118164,36.04999923706055,45.0,23.899999618530273
2016-06-16,155.609375,46.400001525878906,87.75,5.179999828338623,84.5,5.409999847412109,4.159999847412109,35.04999923706055,44.29999923706055,23.200000762939453
2016-06-17,155.70155334472656,47.70000076293945,87.3499984741211,5.190000057220459,84.9000015258789,5.480000019073486,4.210000038146973,35.29999923706055,44.599998474121094,23.25
2016-06-20,157.36090087890625,49.349998474121094,89.4000015258789,5.28000020980835,85.4000015258789,5.599999904632568,4.190000057220459,36.099998474121094,45.04999923706055,23.450000762939453
2016-06-21,159.38897705078125,49.79999923706055,88.94999694824219,5.309999942779541,86.55000305175781,5.619999885559082,4.159999847412109,35.54999923706055,45.0,23.350000381469727
2016-06-22,163.26077270507812,50.29999923706055,89.0,5.400000095367432,86.6500015258789,5.659999847412109,4.210000038146973,35.79999923706055,45.5,23.700000762939453
2016-06-23,162.3389129638672,50.79999923706055,88.94999694824219,5.420000076293945,86.94999694824219,5.599999904632568,4.21999979019165,36.25,46.20000076293945,23.950000762939453
2016-06-24,160.21864318847656,47.45000076293945,88.55000305175781,5.179999828338623,83.75,5.539999961853027,4.099999904632568,34.79999923706055,44.75,23.100000381469727
2016-06-27,157.54527282714844,46.650001525878906,88.75,5.099999904632568,85.5,5.550000190734863,4.199999809265137,34.70000076293945,44.5,22.75
2016-06-28,157.17652893066406,46.349998474121094,88.05000305175781,5.059999942779541,85.5,5.460000038146973,4.170000076293945,34.70000076293945,44.45000076293945,22.25
2016-06-29,158.9280548095703,46.95000076293945,90.69999694824219,5.179999828338623,87.69999694824219,5.590000152587891,4.170000076293945,36.0,44.900001525878906,22.399999618530273
2016-06-30,162.3389129638672,47.349998474121094,93.05000305175781,5.289999961853027,88.6500015258789,5.679999828338623,4.190000057220459,36.95000076293945,46.349998474121094,23.0
2016-07-04,164.9201202392578,48.150001525878906,96.75,5.349999904632568,89.94999694824219,5.71999979019165,4.289999961853027,37.849998474121094,46.70000076293945,23.399999618530273
2016-07-05,162.615478515625,47.349998474121094,97.55000305175781,5.230000019073486,88.5999984741211,5.78000020980835,4.269999980926514,36.599998474121094,46.20000076293945,22.549999237060547
2016-07-06,160.67958068847656,46.79999923706055,97.0,5.139999866485596,86.75,5.599999904632568,4.300000190734863,36.20000076293945,45.599998474121094,22.149999618530273
2016-07-07,162.52328491210938,47.0,98.1500015258789,5.260000228881836,88.44999694824219,5.610000133514404,4.440000057220459,37.0,45.900001525878906,22.450000762939453
2016-07-08,163.16859436035156,46.849998474121094,97.69999694824219,5.230000019073486,87.44999694824219,5.650000095367432,4.409999847412109,37.29999923706055,45.849998474121094,22.600000381469727
2016-07-11,165.9341583251953,47.599998474121094,100.0999984741211,5.309999942779541,88.69999694824219,5.679999828338623,4.420000076293945,38.04999923706055,46.20000076293945,23.0
2016-07-12,166.76382446289062,48.400001525878906,102.0999984741211,5.389999866485596,91.0999984741211,5.699999809265137,4.559999942779541,38.5,47.099998474121094,24.0
2016-07-13,167.04039001464844,48.650001525878906,103.0,5.409999847412109,91.30000305175781,5.75,4.5,38.29999923706055,47.150001525878906,24.100000381469727
2016-07-14,169.16065979003906,49.29999923706055,103.4000015258789,5.480000019073486,92.5,5.769999980926514,4.53000020980835,38.650001525878906,47.54999923706055,24.200000762939453
2016-07-15,170.35906982421875,49.599998474121094,105.69999694824219,5.46999979019165,93.19999694824219,5.730000019073486,4.639999866485596,38.400001525878906,48.04999923706055,24.149999618530273
2016-07-18,170.54344177246094,49.75,108.0999984741211,5.5,93.80000305175781,5.699999809265137,4.789999961853027,37.75,48.650001525878906,24.600000381469727
2016-07-19,168.97628784179688,49.5,107.4000015258789,5.400000095367432,93.5,5.610000133514404,4.829999923706055,37.099998474121094,48.849998474121094,24.0
2016-07-20,171.0965576171875,50.25,109.0,5.400000095367432,94.4000015258789,5.599999904632568,4.909999847412109,37.45000076293945,49.20000076293945,24.200000762939453
2016-07-21,170.17469787597656,50.45000076293945,109.69999694824219,5.380000114440918,98.0,5.599999904632568,4.849999904632568,37.5,49.29999923706055,24.149999618530273
2016-07-22,170.72781372070312,50.349998474121094,109.30000305175781,5.369999885559082,96.55000305175781,5.519999980926514,4.829999923706055,37.0,49.04999923706055,24.200000762939453
2016-07-25,173.3090057373047,50.25,109.80000305175781,5.349999904632568,97.0,5.599999904632568,4.900000095367432,38.150001525878906,49.0,24.649999618530273
2016-07-26,171.74185180664062,50.25,110.5999984741211,5.28000020980835,97.75,5.550000190734863,5.190000057220459,37.650001525878906,49.849998474121094,26.25
2016-07-27,174.23086547851562,50.599998474121094,110.80000305175781,5.369999885559082,97.9000015258789,5.570000171661377,5.050000190734863,38.599998474121094,49.650001525878906,25.850000381469727
2016-07-28,174.23086547851562,50.79999923706055,113.0999984741211,5.360000133514404,97.55000305175781,5.550000190734863,5.309999942779541,38.150001525878906,49.04999923706055,25.850000381469727
2016-07-29,171.9262237548828,50.54999923706055,111.0,5.260000228881836,95.6500015258789,5.389999866485596,5.099999904632568,37.54999923706055,48.04999923706055,25.799999237060547
2016-08-01,170.08251953125,50.79999923706055,110.5999984741211,5.309999942779541,97.94999694824219,5.519999980926514,5.309999942779541,38.400001525878906,49.0,25.950000762939453
2016-08-02,170.08251953125,50.79999923706055,110.5999984741211,5.309999942779541,97.94999694824219,5.519999980926514,5.309999942779541,38.400001525878906,49.0,25.950000762939453
2016-08-03,167.3169403076172,51.599998474121094,106.0999984741211,5.210000038146973,95.55000305175781,5.409999847412109,5.400000095367432,39.0,48.20000076293945,25.100000381469727
2016-08-04,168.33099365234375,53.0,107.69999694824219,5.230000019073486,95.05000305175781,5.349999904632568,5.480000019073486,38.650001525878906,48.099998474121094,25.25
2016-08-05,170.17469787597656,53.5,111.0,5.269999980926514,96.44999694824219,5.400000095367432,5.489999771118164,38.75,49.25,25.700000762939453
2016-08-08,174.04649353027344,54.5,111.9000015258789,5.309999942779541,97.69999694824219,5.599999904632568,5.690000057220459,40.0,49.599998474121094,26.0
2016-08-09,173.49337768554688,54.349998474121094,111.5999984741211,5.329999923706055,96.5,5.539999961853027,5.690000057220459,40.75,49.29999923706055,26.450000762939453
2016-08-10,173.3090057373047,54.75,110.69999694824219,5.309999942779541,96.05000305175781,5.570000171661377,5.440000057220459,40.849998474121094,49.099998474121094,27.350000381469727
2016-08-11,173.95431518554688,54.29999923706055,109.4000015258789,5.269999980926514,96.69999694824219,5.539999961853027,5.420000076293945,41.349998474121094,49.5,27.399999618530273
2016-08-12,173.1246337890625,54.599998474121094,111.30000305175781,5.340000152587891,99.0,5.590000152587891,5.590000152587891,41.95000076293945,49.349998474121094,28.100000381469727
2016-08-15,176.16676330566406,54.54999923706055,110.30000305175781,5.340000152587891,98.80000305175781,5.519999980926514,5.75,41.099998474121094,49.5,27.549999237060547
2016-08-16,180.13075256347656,54.20000076293945,108.4000015258789,5.389999866485596,98.0,5.550000190734863,5.75,41.20000076293945,48.599998474121094,27.75
2016-08-17,177.9182891845703,54.599998474121094,109.19999694824219,5.380000114440918,96.94999694824219,5.480000019073486,5.840000152587891,39.45000076293945,48.75,27.450000762939453
2016-08-18,187.13685607910156,55.20000076293945,110.0,5.340000152587891,98.44999694824219,5.400000095367432,5.550000190734863,39.349998474121094,48.75,27.399999618530273
2016-08-19,186.03062438964844,54.900001525878906,109.0999984741211,5.320000171661377,98.69999694824219,5.429999828338623,5.809999942779541,38.79999923706055,48.099998474121094,26.649999618530273
2016-08-22,188.79620361328125,55.150001525878906,110.0999984741211,5.309999942779541,97.8499984741211,5.429999828338623,5.760000228881836,39.70000076293945,48.29999923706055,26.649999618530273
2016-08-23,187.68997192382812,55.20000076293945,110.5,5.28000020980835,97.9000015258789,5.300000190734863,5.820000171661377,39.04999923706055,48.599998474121094,26.649999618530273
2016-08-24,185.29315185546875,55.20000076293945,108.80000305175781,5.269999980926514,97.3499984741211,5.260000228881836,5.75,39.400001525878906,48.400001525878906,25.799999237060547
2016-08-25,183.9103546142578,55.45000076293945,110.19999694824219,5.21999979019165,96.5,5.21999979019165,5.860000133514404,39.04999923706055,48.04999923706055,26.350000381469727
2016-08-26,184.7400360107422,55.900001525878906,111.0,5.260000228881836,96.25,5.269999980926514,6.070000171661377,40.04999923706055,48.400001525878906,26.450000762939453
2016-08-29,185.66188049316406,55.650001525878906,109.0,5.21999979019165,96.5999984741211,5.110000133514404,6.25,39.75,48.20000076293945,25.450000762939453
2016-08-30,188.79620361328125,56.20000076293945,109.5,5.239999771118164,96.8499984741211,5.090000152587891,6.369999885559082,40.0,48.79999923706055,25.5
2016-08-31,186.03062438964844,57.5,109.19999694824219,5.179999828338623,95.80000305175781,4.829999923706055,6.21999979019165,39.75,49.04999923706055,25.25
2016-09-01,186.7681121826172,59.099998474121094,109.30000305175781,5.139999866485596,94.5999984741211,4.659999847412109,6.389999866485596,39.400001525878906,49.45000076293945,27.299999237060547
2016-09-02,186.03062438964844,59.0,111.9000015258789,5.179999828338623,95.05000305175781,4.769999980926514,6.53000020980835,39.95000076293945,49.95000076293945,27.049999237060547
2016-09-05,193.77423095703125,59.95000076293945,117.0999984741211,5.239999771118164,96.05000305175781,4.769999980926514,6.690000057220459,40.54999923706055,50.400001525878906,27.200000762939453
2016-09-06,198.1991424560547,59.900001525878906,118.0999984741211,5.239999771118164,95.5,5.019999980926514,6.949999809265137,40.75,50.400001525878906,27.149999618530273
2016-09-07,196.539794921875,59.04999923706055,118.0999984741211,5.230000019073486,94.44999694824219,4.900000095367432,6.949999809265137,40.04999923706055,50.79999923706055,27.350000381469727
2016-09-08,198.1991424560547,59.29999923706055,120.80000305175781,5.230000019073486,96.25,4.860000133514404,6.940000057220459,40.04999923706055,50.900001525878906,28.950000762939453
2016-09-09,197.09291076660156,59.79999923706055,120.9000015258789,5.21999979019165,98.0,4.829999923706055,6.78000020980835,39.20000076293945,51.29999923706055,29.450000762939453
2016-09-12,190.82427978515625,58.25,116.69999694824219,5.110000133514404,94.5,4.679999828338623,6.650000095367432,37.599998474121094,50.099998474121094,28.350000381469727
2016-09-13,191.7461395263672,58.0,116.4000015258789,5.039999961853027,95.75,4.75,6.670000076293945,37.25,49.95000076293945,28.049999237060547
2016-09-14,192.29925537109375,57.400001525878906,115.19999694824219,4.989999771118164,95.5,4.789999961853027,6.690000057220459,37.650001525878906,50.04999923706055,28.600000381469727
2016-09-15,193.40548706054688,58.349998474121094,115.19999694824219,4.960000038146973,94.5,4.730000019073486,6.789999961853027,37.29999923706055,50.349998474121094,30.149999618530273
2016-09-19,193.0367431640625,58.650001525878906,117.4000015258789,4.989999771118164,95.3499984741211,4.690000057220459,6.96999979019165,37.400001525878906,51.25,29.899999618530273
2016-09-20,192.66799926757812,58.95000076293945,116.80000305175781,4.960000038146973,95.3499984741211,4.650000095367432,7.190000057220459,36.95000076293945,50.599998474121094,29.25
2016-09-21,194.69607543945312,59.400001525878906,118.69999694824219,5.0,96.0,4.690000057220459,7.130000114440918,38.150001525878906,50.75,29.649999618530273
2016-09-22,197.8303985595703,58.54999923706055,118.30000305175781,5.03000020980835,97.05000305175781,4.800000190734863,7.130000114440918,39.20000076293945,51.400001525878906,29.649999618530273
2016-09-23,201.14907836914062,58.04999923706055,118.5999984741211,5.059999942779541,96.3499984741211,4.769999980926514,7.019999980926514,38.599998474121094,51.79999923706055,29.200000762939453
2016-09-26,196.3554229736328,57.349998474121094,116.69999694824219,4.980000019073486,95.19999694824219,4.599999904632568,6.800000190734863,37.75,51.20000076293945,28.450000762939453
2016-09-27,198.93661499023438,58.099998474121094,118.5,5.0,95.0999984741211,4.510000228881836,7.050000190734863,38.0,51.900001525878906,28.899999618530273
2016-09-28,199.67410278320312,58.150001525878906,119.0999984741211,4.980000019073486,95.94999694824219,4.510000228881836,7.110000133514404,37.95000076293945,52.25,29.299999237060547
2016-09-29,200.59596252441406,58.150001525878906,118.5,5.130000114440918,96.19999694824219,4.519999980926514,7.090000152587891,38.95000076293945,52.54999923706055,29.850000381469727
2016-09-30,196.3554229736328,57.150001525878906,117.0999984741211,5.090000152587891,93.8499984741211,4.340000152587891,6.920000076293945,37.25,51.54999923706055,29.200000762939453
2016-10-03,199.8584747314453,58.04999923706055,116.9000015258789,5.119999885559082,95.6500015258789,4.449999809265137,7.079999923706055,38.29999923706055,52.5,30.049999237060547
2016-10-04,200.41159057617188,58.75,116.4000015258789,5.190000057220459,96.19999694824219,4.489999771118164,7.130000114440918,38.0,52.70000076293945,30.299999237060547
2016-10-05,200.41159057617188,59.0,116.19999694824219,5.349999904632568,97.05000305175781,4.440000057220459,7.170000076293945,38.650001525878906,53.349998474121094,30.600000381469727
2016-10-06,200.41159057617188,59.349998474121094,116.9000015258789,5.570000171661377,97.44999694824219,4.400000095367432,7.170000076293945,38.849998474121094,53.849998474121094,31.75
2016-10-07,199.30535888671875,58.95000076293945,117.19999694824219,5.519999980926514,96.44999694824219,4.300000190734863,7.170000076293945,38.849998474121094,53.95000076293945,31.200000762939453
2016-10-11,198.93661499023438,58.95000076293945,114.5,5.550000190734863,95.25,4.309999942779541,7.550000190734863,38.400001525878906,53.099998474121094,32.0
2016-10-12,196.7241668701172,58.70000076293945,113.19999694824219,5.46999979019165,95.30000305175781,4.320000171661377,7.699999809265137,38.25,53.099998474121094,31.149999618530273
2016-10-13,193.58985900878906,57.75,113.5999984741211,5.320000171661377,93.94999694824219,4.099999904632568,7.789999961853027,37.150001525878906,51.5,30.25
2016-10-14,192.66799926757812,58.5,114.0,5.360000133514404,93.8499984741211,4.090000152587891,7.739999771118164,37.95000076293945,52.099998474121094,30.600000381469727
2016-10-17,192.48362731933594,58.04999923706055,113.4000015258789,5.309999942779541,92.1500015258789,4.070000171661377,8.180000305175781,37.900001525878906,51.599998474121094,29.299999237060547
2016-10-18,195.80230712890625,59.0,115.0999984741211,5.389999866485596,93.30000305175781,4.110000133514404,8.09000015258789,38.79999923706055,52.599998474121094,30.100000381469727
2016-10-19,196.17105102539062,59.04999923706055,114.80000305175781,5.380000114440918,92.8499984741211,4.110000133514404,8.300000190734863,37.45000076293945,52.29999923706055,30.0
2016-10-20,197.46165466308594,58.79999923706055,114.19999694824219,5.539999961853027,92.0,4.21999979019165,8.4399995803833,37.25,52.75,30.049999237060547
2016-10-21,197.46165466308594,58.79999923706055,114.19999694824219,5.539999961853027,92.0,4.21999979019165,8.4399995803833,37.25,52.75,30.049999237060547
2016-10-24,198.56788635253906,59.400001525878906,115.0,5.690000057220459,90.9000015258789,4.289999961853027,8.970000267028809,37.75,52.70000076293945,30.600000381469727
2016-10-25,198.0147705078125,59.25,115.9000015258789,5.639999866485596,90.5,4.260000228881836,9.09000015258789,37.599998474121094,53.0,31.450000762939453
2016-10-26,195.61793518066406,58.79999923706055,115.5,5.519999980926514,90.0,4.25,8.800000190734863,37.54999923706055,52.29999923706055,32.04999923706055
2016-10-27,194.14297485351562,58.70000076293945,115.9000015258789,5.409999847412109,89.0999984741211,4.269999980926514,8.319999694824219,37.900001525878906,51.400001525878906,31.799999237060547
2016-10-28,191.7461395263672,58.349998474121094,115.0,5.380000114440918,88.19999694824219,4.159999847412109,8.220000267028809,37.599998474121094,51.400001525878906,31.899999618530273
2016-10-31,189.7180633544922,58.349998474121094,115.80000305175781,5.340000152587891,88.8499984741211,4.059999942779541,8.0,37.75,48.95000076293945,31.850000381469727
2016-11-01,191.00865173339844,58.45000076293945,118.4000015258789,5.400000095367432,89.05000305175781,4.010000228881836,8.220000267028809,38.150001525878906,48.5,32.54999923706055
2016-11-02,188.42745971679688,57.70000076293945,117.30000305175781,5.28000020980835,87.75,4.0,8.180000305175781,37.25,47.95000076293945,32.099998474121094
2016-11-03,186.21499633789062,57.599998474121094,115.80000305175781,5.260000228881836,87.4000015258789,4.0,8.050000190734863,36.650001525878906,47.650001525878906,32.099998474121094
2016-11-04,184.3712921142578,57.45000076293945,115.4000015258789,5.300000190734863,87.30000305175781,4.0,7.619999885559082,36.20000076293945,47.79999923706055,31.75
2016-11-07,188.2430877685547,59.150001525878906,104.0,5.389999866485596,88.1500015258789,3.950000047683716,7.96999979019165,36.599998474121094,48.5,32.5
2016-11-08,189.53369140625,59.099998474121094,105.69999694824219,5.400000095367432,88.80000305175781,4.130000114440918,7.920000076293945,36.75,48.5,33.0
2016-11-09,186.583740234375,58.0,104.30000305175781,5.199999809265137,86.80000305175781,4.110000133514404,7.900000095367432,35.29999923706055,47.45000076293945,32.25
2016-11-10,191.93051147460938,60.0,105.9000015258789,5.269999980926514,87.0999984741211,4.199999809265137,8.149999618530273,36.70000076293945,48.54999923706055,32.70000076293945
2016-11-11,184.3712921142578,61.150001525878906,104.5999984741211,5.190000057220459,84.25,4.070000171661377,7.710000038146973,34.900001525878906,48.349998474121094,33.150001525878906
2016-11-14,177.54954528808594,60.650001525878906,99.75,5.130000114440918,84.0,4.0,7.599999904632568,34.900001525878906,47.79999923706055,32.79999923706055
2016-11-15,178.1026611328125,61.599998474121094,100.19999694824219,5.159999847412109,84.80000305175781,4.0,7.5,35.5,47.20000076293945,33.04999923706055
2016-11-16,181.51353454589844,61.45000076293945,100.0,5.210000038146973,84.4000015258789,4.079999923706055,7.21999979019165,35.45000076293945,47.150001525878906,33.5
2016-11-17,179.57763671875,60.400001525878906,101.0,5.179999828338623,84.75,4.119999885559082,7.25,34.849998474121094,47.150001525878906,34.95000076293945
2016-11-18,180.13075256347656,61.099998474121094,100.30000305175781,5.179999828338623,84.5999984741211,4.070000171661377,7.739999771118164,35.54999923706055,46.849998474121094,35.95000076293945
2016-11-21,178.47140502929688,60.79999923706055,100.4000015258789,5.199999809265137,84.19999694824219,4.050000190734863,7.96999979019165,35.45000076293945,46.650001525878906,36.54999923706055
2016-11-22,180.49949645996094,61.70000076293945,102.0,5.400000095367432,84.4000015258789,4.119999885559082,7.860000133514404,36.099998474121094,47.20000076293945,36.5
2016-11-23,179.11671447753906,61.45000076293945,102.0,5.389999866485596,84.0,4.099999904632568,7.739999771118164,35.54999923706055,47.20000076293945,36.70000076293945
2016-11-24,177.18080139160156,61.45000076293945,101.19999694824219,5.349999904632568,83.55000305175781,4.050000190734863,8.109999656677246,35.25,47.099998474121094,37.400001525878906
2016-11-25,177.9182891845703,61.599998474121094,100.9000015258789,5.360000133514404,83.9000015258789,4.050000190734863,8.270000457763672,35.25,47.29999923706055,37.0
2016-11-28,180.03855895996094,61.5,100.9000015258789,5.349999904632568,84.75,4.300000190734863,8.050000190734863,36.20000076293945,47.099998474121094,37.5
2016-11-29,177.9182891845703,60.599998474121094,100.4000015258789,5.340000152587891,84.0,4.260000228881836,7.980000019073486,36.0,47.04999923706055,37.599998474121094
2016-11-30,178.5635986328125,61.04999923706055,101.5,5.269999980926514,84.6500015258789,4.340000152587891,8.020000457763672,36.20000076293945,47.29999923706055,38.5
2016-12-01,179.30108642578125,61.150001525878906,101.5,5.519999980926514,85.94999694824219,4.210000038146973,7.989999771118164,35.95000076293945,46.849998474121094,37.5
2016-12-02,176.0745849609375,61.150001525878906,101.0,5.489999771118164,84.30000305175781,4.159999847412109,7.650000095367432,35.79999923706055,45.29999923706055,35.75
2016-12-05,175.15272521972656,61.29999923706055,101.5,5.46999979019165,83.44999694824219,4.079999923706055,7.710000038146973,35.45000076293945,45.54999923706055,36.650001525878906
2016-12-06,175.06053161621094,63.400001525878906,101.69999694824219,5.519999980926514,83.75,4.079999923706055,7.960000038146973,35.70000076293945,45.25,38.0
2016-12-07,175.33709716796875,65.5,102.80000305175781,5.510000228881836,84.05000305175781,4.03000020980835,8.300000190734863,35.650001525878906,45.099998474121094,38.0
2016-12-08,175.98239135742188,65.3499984741211,103.0999984741211,5.510000228881836,84.5,4.119999885559082,8.479999542236328,34.95000076293945,44.25,37.650001525878906
2016-12-09,173.49337768554688,65.75,105.19999694824219,5.440000057220459,83.5999984741211,4.079999923706055,8.279999732971191,33.95000076293945,43.70000076293945,35.0
2016-12-12,170.63563537597656,64.5999984741211,102.5999984741211,5.46999979019165,82.05000305175781,3.8499999046325684,7.800000190734863,33.45000076293945,43.79999923706055,34.5
2016-12-13,171.74185180664062,63.900001525878906,102.5,5.760000228881836,81.94999694824219,3.9100000858306885,7.829999923706055,32.849998474121094,44.5,34.5
2016-12-14,172.20278930664062,64.55000305175781,102.0999984741211,6.019999980926514,82.19999694824219,3.950000047683716,7.480000019073486,33.20000076293945,44.099998474121094,34.54999923706055
2016-12-15,169.62158203125,64.0,99.69999694824219,5.909999847412109,81.80000305175781,3.890000104904175,7.320000171661377,32.650001525878906,43.75,33.5
2016-12-16,169.52940368652344,63.95000076293945,99.44999694824219,5.880000114440918,81.25,4.03000020980835,7.260000228881836,32.45000076293945,44.400001525878906,33.900001525878906
2016-12-19,167.96224975585938,63.75,98.75,5.920000076293945,80.5999984741211,3.9700000286102295,7.230000019073486,32.25,43.849998474121094,33.599998474121094
2016-12-20,167.50131225585938,62.5,98.6500015258789,5.860000133514404,81.8499984741211,3.869999885559082,7.360000133514404,32.04999923706055,43.900001525878906,33.349998474121094
2016-12-21,167.96224975585938,63.099998474121094,98.4000015258789,5.949999809265137,81.75,3.8399999141693115,7.380000114440918,32.0,44.04999923706055,33.900001525878906
2016-12-22,167.3169403076172,62.54999923706055,97.9000015258789,5.820000171661377,80.9000015258789,3.7799999713897705,7.269999980926514,31.549999237060547,44.099998474121094,33.5
2016-12-23,165.65760803222656,62.20000076293945,97.25,5.809999942779541,80.5,3.7899999618530273,7.090000152587891,31.450000762939453,43.95000076293945,33.099998474121094
2016-12-28,169.25283813476562,61.95000076293945,97.1500015258789,5.840000152587891,81.05000305175781,3.7899999618530273,7.380000114440918,31.649999618530273,43.849998474121094,33.25
2016-12-29,172.9402618408203,61.95000076293945,97.4000015258789,5.78000020980835,81.44999694824219,3.819999933242798,7.25,31.600000381469727,43.29999923706055,33.04999923706055
2016-12-30,174.8761749267578,62.25,98.0,5.78000020980835,82.19999694824219,3.9000000953674316,7.409999847412109,31.950000762939453,43.75,33.79999923706055
2017-01-03,174.599609375,63.0,100.69999694824219,5.800000190734863,82.0,3.8299999237060547,7.659999847412109,31.850000381469727,43.75,33.349998474121094
2017-01-04,174.23086547851562,63.45000076293945,100.9000015258789,5.730000019073486,82.25,3.8399999141693115,7.670000076293945,32.25,43.54999923706055,33.349998474121094
2017-01-05,178.19485473632812,63.900001525878906,102.5999984741211,5.96999979019165,84.30000305175781,3.869999885559082,7.960000038146973,32.599998474121094,44.45000076293945,34.20000076293945
2017-01-06,179.85418701171875,63.75,103.4000015258789,6.039999961853027,84.0,3.8399999141693115,7.679999828338623,32.79999923706055,44.79999923706055,34.0
2017-01-09,180.31512451171875,63.70000076293945,104.0,6.179999828338623,84.0,3.809999942779541,7.96999979019165,33.400001525878906,45.349998474121094,35.45000076293945
2017-01-10,182.52757263183594,63.349998474121094,104.69999694824219,6.179999828338623,84.0999984741211,3.8499999046325684,8.270000457763672,35.25,46.20000076293945,35.849998474121094
2017-01-11,185.10877990722656,63.849998474121094,105.69999694824219,6.170000076293945,85.0,3.9100000858306885,8.15999984741211,36.150001525878906,46.45000076293945,36.25
2017-01-12,183.2650604248047,63.95000076293945,106.4000015258789,6.119999885559082,84.8499984741211,3.9000000953674316,8.119999885559082,36.29999923706055,46.25,35.45000076293945
2017-01-13,184.0947265625,64.0,106.69999694824219,6.28000020980835,85.3499984741211,3.859999895095825,8.4399995803833,36.099998474121094,46.400001525878906,35.5
2017-01-16,181.32916259765625,63.20000076293945,105.69999694824219,6.170000076293945,84.25,3.680000066757202,8.199999809265137,35.75,46.45000076293945,35.349998474121094
2017-01-17,182.2510223388672,64.19999694824219,105.80000305175781,6.239999771118164,85.05000305175781,3.6700000762939453,8.619999885559082,36.29999923706055,46.849998474121094,35.400001525878906
2017-01-18,184.0947265625,64.69999694824219,106.5,6.320000171661377,86.44999694824219,3.7200000286102295,8.869999885559082,36.20000076293945,47.45000076293945,35.79999923706055
2017-01-19,183.9103546142578,64.94999694824219,105.0,6.239999771118164,86.3499984741211,3.690000057220459,9.109999656677246,35.70000076293945,47.54999923706055,35.75
2017-01-20,182.2510223388672,64.5,105.0,6.130000114440918,86.4000015258789,3.5799999237060547,9.149999618530273,35.45000076293945,47.45000076293945,35.400001525878906
2017-01-23,182.34320068359375,64.5,104.5999984741211,6.079999923706055,86.0999984741211,3.5299999713897705,9.180000305175781,36.0,47.599998474121094,35.70000076293945
2017-01-24,182.34320068359375,64.55000305175781,105.80000305175781,6.179999828338623,87.0,3.619999885559082,8.859999656677246,35.599998474121094,47.45000076293945,35.599998474121094
2017-01-25,185.10877990722656,65.5,106.30000305175781,6.25,86.80000305175781,3.609999895095825,9.199999809265137,35.70000076293945,47.79999923706055,36.45000076293945
2017-01-26,188.98057556152344,66.69999694824219,107.0999984741211,6.300000190734863,88.19999694824219,3.700000047683716,9.300000190734863,35.70000076293945,48.150001525878906,36.79999923706055
2017-01-27,188.42745971679688,66.75,107.4000015258789,6.21999979019165,87.8499984741211,3.609999895095825,9.229999542236328,35.599998474121094,48.29999923706055,37.150001525878906
2017-02-01,190.45553588867188,66.3499984741211,107.80000305175781,6.130000114440918,88.6500015258789,3.5899999141693115,9.1899995803833,35.45000076293945,47.95000076293945,36.150001525878906
2017-02-02,189.16494750976562,66.25,107.19999694824219,6.090000152587891,87.80000305175781,3.569999933242798,8.989999771118164,35.099998474121094,47.25,35.54999923706055
2017-02-03,188.98057556152344,65.80000305175781,108.0,6.039999961853027,86.94999694824219,3.609999895095825,9.75,37.0,47.099998474121094,35.54999923706055
2017-02-06,191.19302368164062,66.3499984741211,108.19999694824219,6.070000171661377,88.80000305175781,3.5899999141693115,10.260000228881836,37.54999923706055,47.5,35.400001525878906
2017-02-07,189.3493194580078,66.19999694824219,108.5,6.050000190734863,88.4000015258789,3.5799999237060547,9.890000343322754,37.70000076293945,47.400001525878906,34.75
2017-02-08,188.0587158203125,66.5,108.4000015258789,6.039999961853027,88.5,3.5999999046325684,10.199999809265137,37.25,47.75,34.150001525878906
2017-02-09,188.2430877685547,66.19999694824219,108.9000015258789,6.0,88.30000305175781,3.799999952316284,10.0,37.04999923706055,47.20000076293945,34.849998474121094
2017-02-10,186.7681121826172,67.05000305175781,108.30000305175781,6.119999885559082,87.6500015258789,3.680000066757202,10.079999923706055,37.75,47.25,35.5
2017-02-13,187.68997192382812,66.9000015258789,108.0,6.170000076293945,88.6500015258789,3.640000104904175,10.779999732971191,38.0,47.599998474121094,35.400001525878906
2017-02-14,186.95248413085938,67.0,108.5,6.139999866485596,87.9000015258789,3.569999933242798,10.979999542236328,36.95000076293945,47.29999923706055,37.849998474121094
2017-02-15,190.45553588867188,67.69999694824219,109.0999984741211,6.099999904632568,87.5,3.630000114440918,11.079999923706055,36.79999923706055,47.54999923706055,37.599998474121094
2017-02-16,195.43356323242188,68.30000305175781,108.30000305175781,6.03000020980835,87.8499984741211,3.5899999141693115,10.84000015258789,36.400001525878906,47.400001525878906,37.29999923706055
2017-02-17,195.61793518066406,68.30000305175781,108.0999984741211,6.039999961853027,86.5999984741211,3.5799999237060547,10.720000267028809,36.20000076293945,49.0,36.849998474121094
2017-02-20,197.27728271484375,69.0,108.5,6.110000133514404,87.1500015258789,3.609999895095825,11.140000343322754,35.900001525878906,49.099998474121094,36.599998474121094
2017-02-21,194.51170349121094,65.55000305175781,111.69999694824219,6.139999866485596,86.94999694824219,3.619999885559082,11.180000305175781,35.400001525878906,49.04999923706055,35.79999923706055
2017-02-22,198.1991424560547,65.44999694824219,113.0,6.210000038146973,87.44999694824219,3.609999895095825,11.0600004196167,36.29999923706055,49.0,36.150001525878906
2017-02-23,198.0147705078125,64.05000305175781,114.0,6.110000133514404,86.3499984741211,3.740000009536743,11.039999961853027,36.5,49.04999923706055,36.849998474121094
2017-02-24,194.69607543945312,63.54999923706055,114.4000015258789,6.110000133514404,86.5,3.619999885559082,10.640000343322754,36.099998474121094,48.75,37.0
2017-02-27,193.77423095703125,63.0,114.69999694824219,6.019999980926514,86.55000305175781,3.549999952316284,10.579999923706055,36.0,50.099998474121094,37.099998474121094
2017-02-28,190.82427978515625,62.5,113.5,5.909999847412109,85.5999984741211,3.4100000858306885,10.5600004196167,35.900001525878906,49.04999923706055,37.20000076293945
2017-03-01,190.63990783691406,62.900001525878906,115.5999984741211,5.829999923706055,85.6500015258789,3.4100000858306885,10.800000190734863,36.54999923706055,49.29999923706055,39.25
2017-03-02,190.2711639404297,63.54999923706055,114.30000305175781,5.860000133514404,85.3499984741211,3.359999895095825,10.680000305175781,35.650001525878906,49.29999923706055,39.150001525878906
2017-03-03,191.00865173339844,63.25,113.0,5.849999904632568,85.0999984741211,3.3399999141693115,10.699999809265137,35.349998474121094,49.0,38.599998474121094
2017-03-06,192.8523712158203,63.20000076293945,112.0,5.880000114440918,84.80000305175781,3.190000057220459,10.640000343322754,35.400001525878906,49.04999923706055,38.54999923706055
2017-03-07,195.2491912841797,63.20000076293945,113.0,5.920000076293945,85.0999984741211,3.0299999713897705,10.699999809265137,35.95000076293945,49.150001525878906,38.45000076293945
2017-03-08,195.61793518066406,63.150001525878906,113.0,5.889999866485596,85.30000305175781,3.069999933242798,11.5600004196167,36.04999923706055,49.70000076293945,38.70000076293945
2017-03-09,193.40548706054688,62.849998474121094,112.5999984741211,5.760000228881836,84.5999984741211,3.0,11.220000267028809,35.70000076293945,49.599998474121094,38.20000076293945
2017-03-10,195.80230712890625,63.0,113.5,5.679999828338623,84.4000015258789,2.859999895095825,11.920000076293945,35.349998474121094,50.29999923706055,38.599998474121094
2017-03-13,198.56788635253906,64.3499984741211,113.30000305175781,5.699999809265137,84.5,2.799999952316284,12.4399995803833,35.25,48.79999923706055,38.70000076293945
2017-03-14,197.8303985595703,63.5,112.0999984741211,5.690000057220459,84.0999984741211,3.2100000381469727,12.239999771118164,35.79999923706055,48.45000076293945,39.5
2017-03-15,197.8303985595703,63.70000076293945,112.0,5.659999847412109,83.55000305175781,3.1500000953674316,12.260000228881836,36.0,48.45000076293945,39.400001525878906
2017-03-16,203.5458984375,64.3499984741211,114.30000305175781,5.840000152587891,85.5999984741211,3.109999895095825,12.5,36.45000076293945,49.79999923706055,40.0
2017-03-17,204.65213012695312,64.1500015258789,114.9000015258789,5.860000133514404,87.1500015258789,3.2300000190734863,11.239999771118164,37.400001525878906,49.79999923706055,40.45000076293945
2017-03-20,210.36764526367188,63.5,114.80000305175781,5.869999885559082,90.3499984741211,3.740000009536743,11.140000343322754,37.45000076293945,49.900001525878906,41.599998474121094
2017-03-21,210.92076110839844,63.70000076293945,115.0999984741211,5.900000095367432,90.3499984741211,3.7200000286102295,11.319999694824219,37.29999923706055,50.150001525878906,41.45000076293945
2017-03-22,207.60206604003906,63.099998474121094,114.9000015258789,5.789999961853027,90.3499984741211,3.9600000381469727,11.979999542236328,36.95000076293945,49.900001525878906,41.29999923706055
2017-03-23,205.57398986816406,63.0,114.9000015258789,5.789999961853027,87.25,3.880000114440918,11.859999656677246,36.5,50.20000076293945,41.70000076293945
2017-03-24,207.60206604003906,63.0,114.30000305175781,5.78000020980835,86.44999694824219,3.799999952316284,12.279999732971191,37.54999923706055,50.099998474121094,41.599998474121094
2017-03-27,207.2333221435547,62.75,114.4000015258789,5.75,86.19999694824219,3.5399999618530273,12.0600004196167,36.849998474121094,49.29999923706055,41.20000076293945
2017-03-28,208.3395538330078,63.29999923706055,114.4000015258789,5.769999980926514,86.80000305175781,3.5799999237060547,12.460000038146973,36.70000076293945,49.29999923706055,42.650001525878906
2017-03-29,210.1832733154297,63.54999923706055,114.0999984741211,5.75,86.4000015258789,3.5899999141693115,12.15999984741211,36.150001525878906,49.79999923706055,42.75
2017-03-30,207.60206604003906,63.5,115.0,5.760000228881836,85.69999694824219,3.559999942779541,12.079999923706055,36.099998474121094,49.599998474121094,43.099998474121094
2017-03-31,205.38961791992188,63.29999923706055,114.19999694824219,5.690000057220459,85.05000305175781,3.5,11.899999618530273,36.04999923706055,49.0,42.54999923706055
2017-04-03,207.60206604003906,63.45000076293945,115.30000305175781,5.679999828338623,85.94999694824219,3.380000114440918,12.100000381469727,36.349998474121094,49.400001525878906,43.0
2017-04-05,210.92076110839844,63.29999923706055,117.0,5.699999809265137,86.75,3.5299999713897705,11.899999618530273,36.25,49.70000076293945,43.400001525878906
2017-04-06,210.1832733154297,63.20000076293945,117.0,5.650000095367432,85.8499984741211,3.430000066757202,11.420000076293945,35.900001525878906,49.650001525878906,43.25
2017-04-07,209.44578552246094,63.25,117.0,5.78000020980835,85.5,3.380000114440918,11.039999961853027,35.650001525878906,49.650001525878906,43.29999923706055
2017-04-10,208.7082977294922,63.400001525878906,117.5999984741211,5.769999980926514,85.4000015258789,3.309999942779541,10.5,35.75,49.75,43.849998474121094
2017-04-11,207.41769409179688,63.70000076293945,116.80000305175781,5.679999828338623,84.3499984741211,3.180000066757202,10.34000015258789,35.45000076293945,49.29999923706055,43.04999923706055
2017-04-12,212.94883728027344,64.19999694824219,117.69999694824219,5.679999828338623,84.8499984741211,3.2300000190734863,10.720000267028809,35.900001525878906,49.849998474121094,43.5
2017-04-13,212.58009338378906,63.349998474121094,119.30000305175781,5.690000057220459,84.5,3.180000066757202,10.619999885559082,35.79999923706055,49.849998474121094,43.25
2017-04-18,210.1832733154297,62.400001525878906,118.19999694824219,5.630000114440918,83.55000305175781,3.1500000953674316,10.600000381469727,35.349998474121094,49.20000076293945,43.400001525878906
2017-04-19,212.2113494873047,62.099998474121094,116.19999694824219,5.559999942779541,83.19999694824219,3.2200000286102295,11.279999732971191,35.20000076293945,48.70000076293945,42.349998474121094
2017-04-20,218.11123657226562,62.25,117.30000305175781,5.559999942779541,84.1500015258789,3.130000114440918,11.640000343322754,35.400001525878906,49.54999923706055,42.29999923706055
2017-04-21,217.92686462402344,62.29999923706055,116.5,5.519999980926514,83.8499984741211,3.049999952316284,11.5600004196167,35.150001525878906,49.75,42.25
2017-04-24,219.40184020996094,63.0,115.0,5.510000228881836,82.80000305175781,3.069999933242798,11.420000076293945,35.400001525878906,49.79999923706055,41.5
2017-04-25,223.82675170898438,63.79999923706055,116.19999694824219,5.53000020980835,83.19999694824219,3.1500000953674316,11.4399995803833,35.29999923706055,50.349998474121094,42.150001525878906
2017-04-26,222.72052001953125,64.0999984741211,116.80000305175781,5.519999980926514,83.6500015258789,3.130000114440918,10.819999694824219,35.099998474121094,51.29999923706055,44.150001525878906
2017-04-27,225.486083984375,64.4000015258789,117.19999694824219,5.489999771118164,83.5999984741211,3.059999942779541,10.65999984741211,34.400001525878906,54.5,43.0
2017-04-28,224.37985229492188,64.25,116.69999694824219,5.480000019073486,82.94999694824219,3.0299999713897705,10.5,34.900001525878906,53.849998474121094,43.29999923706055
2017-05-02,228.9891357421875,64.44999694824219,117.4000015258789,5.449999809265137,82.8499984741211,3.009999990463257,10.739999771118164,34.5,54.75,43.29999923706055
2017-05-04,224.74859619140625,66.3499984741211,118.0999984741211,5.369999885559082,83.69999694824219,2.950000047683716,10.220000267028809,34.150001525878906,55.0,42.45000076293945
2017-05-05,224.74859619140625,66.5,116.5999984741211,5.239999771118164,84.30000305175781,2.9100000858306885,10.260000228881836,33.70000076293945,54.599998474121094,40.5
2017-05-08,225.6704559326172,66.80000305175781,116.5,5.25,84.30000305175781,2.9700000286102295,10.720000267028809,34.0,54.45000076293945,39.95000076293945
2017-05-09,231.20159912109375,67.1500015258789,117.5,5.320000171661377,84.80000305175781,3.0999999046325684,10.960000038146973,34.150001525878906,55.400001525878906,41.099998474121094
2017-05-10,230.83285522460938,67.3499984741211,116.80000305175781,5.289999961853027,85.44999694824219,3.2799999713897705,10.9399995803833,34.45000076293945,55.650001525878906,40.349998474121094
2017-05-11,234.70465087890625,67.94999694824219,116.5999984741211,5.309999942779541,85.25,3.2799999713897705,11.34000015258789,34.099998474121094,55.849998474121094,40.5
2017-05-12,238.02333068847656,68.0999984741211,116.0,5.309999942779541,85.0999984741211,3.240000009536743,11.119999885559082,34.25,55.400001525878906,40.54999923706055
2017-05-15,238.7608184814453,68.8499984741211,116.0,5.320000171661377,85.55000305175781,3.2799999713897705,11.100000381469727,34.45000076293945,55.70000076293945,40.900001525878906
2017-05-16,238.57644653320312,69.0,115.19999694824219,5.340000152587891,85.8499984741211,3.259999990463257,11.079999923706055,34.45000076293945,55.20000076293945,41.29999923706055
2017-05-17,239.49830627441406,68.69999694824219,116.0999984741211,5.349999904632568,85.80000305175781,3.5299999713897705,11.15999984741211,34.45000076293945,54.5,40.349998474121094
2017-05-18,243.37010192871094,67.4000015258789,115.0999984741211,5.309999942779541,85.19999694824219,3.4100000858306885,11.119999885559082,33.849998474121094,54.54999923706055,39.599998474121094
2017-05-19,247.42626953125,67.0,114.4000015258789,5.260000228881836,85.75,3.7899999618530273,11.199999809265137,33.70000076293945,54.70000076293945,40.0
2017-05-22,253.8792724609375,67.69999694824219,113.80000305175781,5.320000171661377,86.44999694824219,4.28000020980835,11.600000381469727,34.79999923706055,54.70000076293945,41.150001525878906
2017-05-23,253.6949005126953,67.6500015258789,113.0999984741211,5.329999923706055,86.25,4.21999979019165,11.65999984741211,34.75,54.79999923706055,42.79999923706055
2017-05-24,252.2199249267578,67.4000015258789,114.0999984741211,5.320000171661377,86.30000305175781,4.099999904632568,11.65999984741211,35.0,55.0,42.650001525878906
2017-05-25,255.53860473632812,67.6500015258789,115.0999984741211,5.340000152587891,86.8499984741211,3.890000104904175,11.699999809265137,35.70000076293945,54.54999923706055,42.900001525878906
2017-05-26,256.2760925292969,67.5,114.80000305175781,5.289999961853027,86.1500015258789,3.869999885559082,11.84000015258789,35.54999923706055,54.75,42.95000076293945
2017-05-29,253.32615661621094,67.75,115.19999694824219,5.260000228881836,86.19999694824219,3.7799999713897705,12.0,36.04999923706055,54.75,43.70000076293945
2017-05-31,246.68878173828125,67.69999694824219,115.30000305175781,5.190000057220459,86.44999694824219,3.9700000286102295,12.899999618530273,35.599998474121094,55.25,45.04999923706055
2017-06-01,250.00746154785156,67.9000015258789,117.69999694824219,5.170000076293945,86.94999694824219,3.890000104904175,13.260000228881836,35.349998474121094,55.29999923706055,44.95000076293945
2017-06-02,248.9012451171875,68.4000015258789,118.30000305175781,5.170000076293945,85.5,3.8399999141693115,14.180000305175781,35.5,55.349998474121094,45.349998474121094
2017-06-05,250.37620544433594,68.25,118.30000305175781,5.159999847412109,85.19999694824219,3.75,14.399999618530273,35.75,55.349998474121094,45.0
2017-06-06,252.2199249267578,68.75,124.0999984741211,5.130000114440918,85.30000305175781,3.8499999046325684,14.100000381469727,35.54999923706055,55.29999923706055,44.25
2017-06-07,251.48243713378906,68.8499984741211,122.0,5.119999885559082,85.19999694824219,3.819999933242798,13.960000038146973,35.400001525878906,55.650001525878906,45.95000076293945
2017-06-08,252.03555297851562,69.0,121.5999984741211,5.099999904632568,85.0,3.890000104904175,15.140000343322754,35.599998474121094,55.79999923706055,47.45000076293945
2017-06-09,255.7229766845703,68.5999984741211,121.5,5.079999923706055,84.0,4.0,15.479999542236328,35.5,56.29999923706055,47.099998474121094
2017-06-12,249.45436096191406,68.44999694824219,119.19999694824219,5.03000020980835,83.4000015258789,3.880000114440918,14.84000015258789,35.150001525878906,55.599998474121094,47.349998474121094
2017-06-13,251.1136932373047,68.5999984741211,120.5,5.050000190734863,83.9000015258789,3.9200000762939453,15.199999809265137,34.79999923706055,56.04999923706055,48.599998474121094
2017-06-14,255.7229766845703,68.55000305175781,120.69999694824219,5.019999980926514,84.25,3.799999952316284,14.960000038146973,35.04999923706055,55.95000076293945,48.349998474121094
2017-06-15,251.66680908203125,67.80000305175781,118.69999694824219,4.960000038146973,83.5999984741211,3.7200000286102295,14.479999542236328,34.70000076293945,55.54999923706055,47.400001525878906
2017-06-16,251.29806518554688,68.3499984741211,118.0,4.96999979019165,84.1500015258789,3.630000114440918,14.140000343322754,35.20000076293945,55.900001525878906,47.04999923706055
2017-06-19,257.0135803222656,68.9000015258789,118.0,4.96999979019165,84.05000305175781,3.6700000762939453,14.65999984741211,35.599998474121094,57.04999923706055,47.849998474121094
2017-06-20,258.11981201171875,68.5,118.0999984741211,4.920000076293945,83.69999694824219,3.619999885559082,14.5,35.650001525878906,57.099998474121094,48.599998474121094
2017-06-21,257.38232421875,67.9000015258789,116.5999984741211,4.860000133514404,83.6500015258789,3.549999952316284,14.819999694824219,35.349998474121094,56.599998474121094,48.099998474121094
2017-06-22,259.59478759765625,67.6500015258789,116.80000305175781,4.840000152587891,83.6500015258789,3.75,14.739999771118164,35.29999923706055,57.400001525878906,47.95000076293945
2017-06-23,258.3041687011719,67.80000305175781,116.5999984741211,4.849999904632568,83.4000015258789,3.880000114440918,14.84000015258789,35.95000076293945,57.45000076293945,47.150001525878906
2017-06-26,261.8072204589844,68.1500015258789,116.5,4.869999885559082,83.0999984741211,3.9600000381469727,15.520000457763672,36.20000076293945,58.0,48.099998474121094
2017-06-27,265.4946594238281,68.19999694824219,115.69999694824219,4.829999923706055,83.0,3.8499999046325684,16.15999984741211,35.79999923706055,57.900001525878906,47.54999923706055
2017-06-28,260.70098876953125,68.5,114.0,4.840000152587891,82.9000015258789,3.7899999618530273,16.5,35.54999923706055,57.25,47.04999923706055
2017-06-29,261.8072204589844,72.80000305175781,114.5,4.829999923706055,83.0999984741211,3.7300000190734863,17.280000686645508,35.45000076293945,57.650001525878906,47.599998474121094
2017-06-30,257.38232421875,72.6500015258789,114.69999694824219,4.78000020980835,82.8499984741211,3.7200000286102295,16.84000015258789,35.29999923706055,57.04999923706055,47.400001525878906
2017-07-03,258.8572998046875,73.55000305175781,115.5,4.769999980926514,82.8499984741211,3.75,17.520000457763672,35.599998474121094,56.25,46.349998474121094
2017-07-04,248.16375732421875,73.30000305175781,115.0999984741211,4.900000095367432,82.1500015258789,3.7300000190734863,16.899999618530273,34.70000076293945,54.79999923706055,44.70000076293945
2017-07-05,249.82308959960938,73.5999984741211,115.4000015258789,4.940000057220459,81.0999984741211,3.759999990463257,17.299999237060547,34.5,55.5,45.25
2017-07-06,250.56057739257812,73.3499984741211,115.80000305175781,4.880000114440918,80.30000305175781,3.809999942779541,17.18000030517578,34.79999923706055,55.599998474121094,46.04999923706055
2017-07-07,247.97938537597656,73.1500015258789,115.5,4.840000152587891,80.9000015258789,3.7300000190734863,17.3799991607666,34.5,55.349998474121094,45.849998474121094
2017-07-10,250.37620544433594,74.5999984741211,115.9000015258789,4.769999980926514,80.75,3.690000057220459,17.239999771118164,34.099998474121094,56.25,46.400001525878906
2017-07-11,256.64483642578125,75.05000305175781,115.9000015258789,4.78000020980835,81.0,3.690000057220459,18.540000915527344,34.54999923706055,57.599998474121094,46.599998474121094
2017-07-12,259.2260437011719,74.69999694824219,116.19999694824219,4.789999961853027,80.69999694824219,3.940000057220459,18.639999389648438,34.5,58.400001525878906,46.599998474121094
2017-07-13,262.17596435546875,75.0999984741211,118.69999694824219,4.829999923706055,82.0,3.9100000858306885,18.639999389648438,35.150001525878906,58.70000076293945,47.400001525878906
2017-07-14,262.5447082519531,75.1500015258789,119.30000305175781,4.880000114440918,82.25,3.859999895095825,18.559999465942383,35.150001525878906,58.099998474121094,46.849998474121094
2017-07-17,262.7290954589844,75.3499984741211,119.0,4.880000114440918,82.30000305175781,3.8299999237060547,18.700000762939453,34.650001525878906,58.25,45.349998474121094
2017-07-18,264.388427734375,75.3499984741211,119.19999694824219,4.909999847412109,82.55000305175781,3.759999990463257,18.15999984741211,34.54999923706055,58.75,45.79999923706055
2017-07-19,274.7132263183594,74.94999694824219,119.5999984741211,4.949999809265137,82.9000015258789,3.869999885559082,18.520000457763672,35.150001525878906,58.349998474121094,46.29999923706055
2017-07-20,273.7913513183594,75.3499984741211,118.9000015258789,4.940000057220459,82.6500015258789,3.809999942779541,18.420000076293945,35.099998474121094,59.29999923706055,45.849998474121094
2017-07-21,273.7913513183594,75.0999984741211,118.80000305175781,4.909999847412109,84.25,3.799999952316284,17.579999923706055,35.150001525878906,58.849998474121094,46.150001525878906
2017-07-24,278.58502197265625,75.0,118.5,4.900000095367432,84.30000305175781,3.7799999713897705,18.6200008392334,34.849998474121094,58.900001525878906,47.79999923706055
2017-07-25,278.0318908691406,76.69999694824219,117.69999694824219,4.900000095367432,83.80000305175781,3.799999952316284,18.399999618530273,34.45000076293945,58.95000076293945,47.900001525878906
2017-07-26,277.4787902832031,76.55000305175781,117.80000305175781,5.050000190734863,83.6500015258789,3.75,18.139999389648438,34.25,59.650001525878906,46.95000076293945
2017-07-27,284.300537109375,76.9000015258789,119.30000305175781,5.070000171661377,83.3499984741211,3.7300000190734863,18.299999237060547,33.29999923706055,60.70000076293945,47.54999923706055
2017-07-28,280.9818420410156,76.44999694824219,121.4000015258789,5.03000020980835,83.44999694824219,3.7300000190734863,18.079999923706055,32.79999923706055,59.5,47.95000076293945
2017-07-31,288.9098205566406,78.44999694824219,121.0,5.03000020980835,83.75,3.7200000286102295,18.059999465942383,32.75,61.54999923706055,48.349998474121094
2017-08-01,289.8316650390625,78.8499984741211,121.0,5.079999923706055,83.44999694824219,3.619999885559082,17.739999771118164,33.04999923706055,61.95000076293945,47.70000076293945
2017-08-02,288.1723327636719,79.3499984741211,121.4000015258789,5.019999980926514,83.0,3.630000114440918,18.18000030517578,32.900001525878906,61.599998474121094,47.099998474121094
2017-08-03,284.4848937988281,78.25,122.19999694824219,5.010000228881836,83.69999694824219,3.569999933242798,17.760000228881836,32.79999923706055,61.5,47.75
2017-08-04,287.06610107421875,78.5,123.5,5.019999980926514,83.3499984741211,3.5799999237060547,18.520000457763672,33.0,60.95000076293945,47.650001525878906
2017-08-07,295.54718017578125,78.3499984741211,123.0,5.019999980926514,83.5999984741211,3.569999933242798,18.540000915527344,33.04999923706055,60.650001525878906,47.5
2017-08-08,302.9220275878906,78.3499984741211,122.0999984741211,5.039999961853027,84.44999694824219,3.690000057220459,19.65999984741211,33.25,61.5,48.650001525878906
2017-08-09,304.3970031738281,77.6500015258789,123.9000015258789,5.0,84.6500015258789,3.619999885559082,19.760000228881836,33.099998474121094,60.29999923706055,48.599998474121094
2017-08-10,301.07830810546875,76.5,122.19999694824219,4.989999771118164,87.0,3.5399999618530273,19.280000686645508,33.0,60.0,47.75
2017-08-11,286.32861328125,74.75,120.69999694824219,4.929999828338623,87.69999694824219,3.3299999237060547,18.420000076293945,32.54999923706055,58.849998474121094,46.0
2017-08-14,298.6814880371094,75.5,122.30000305175781,4.949999809265137,87.44999694824219,3.3399999141693115,19.200000762939453,33.04999923706055,59.25,46.349998474121094
2017-08-15,293.8878479003906,75.05000305175781,122.0,4.860000133514404,86.75,3.3399999141693115,19.0,32.70000076293945,59.54999923706055,46.04999923706055
2017-08-16,297.9440002441406,75.25,123.0999984741211,4.869999885559082,87.0,3.299999952316284,19.15999984741211,32.900001525878906,59.849998474121094,46.900001525878906
2017-08-17,303.6595153808594,74.5999984741211,122.5999984741211,4.820000171661377,86.5,3.3399999141693115,18.979999542236328,32.599998474121094,58.849998474121094,47.5
2017-08-18,300.3408203125,73.80000305175781,121.9000015258789,4.789999961853027,86.4000015258789,3.299999952316284,18.719999313354492,32.25,58.25,47.70000076293945
2017-08-21,300.52520751953125,73.75,122.4000015258789,4.860000133514404,87.19999694824219,3.309999942779541,18.5,32.25,58.099998474121094,47.29999923706055
2017-08-22,298.6814880371094,74.5,122.9000015258789,4.860000133514404,87.44999694824219,3.609999895095825,19.040000915527344,33.900001525878906,58.70000076293945,48.150001525878906
2017-08-23,298.6814880371094,74.5,122.9000015258789,4.860000133514404,87.44999694824219,3.609999895095825,19.040000915527344,33.900001525878906,58.70000076293945,48.150001525878906
2017-08-24,301.8157958984375,74.3499984741211,123.80000305175781,4.820000171661377,87.5,3.5199999809265137,18.8799991607666,34.04999923706055,59.25,47.849998474121094
2017-08-25,302.7376708984375,75.0,125.19999694824219,5.0,87.69999694824219,3.4800000190734863,18.920000076293945,34.0,59.75,47.150001525878906
2017-08-28,297.7596435546875,75.30000305175781,125.69999694824219,5.0,87.94999694824219,3.5199999809265137,18.700000762939453,33.349998474121094,59.79999923706055,46.54999923706055
2017-08-29,294.8096923828125,74.80000305175781,125.4000015258789,4.980000019073486,88.0999984741211,3.5,18.600000381469727,34.849998474121094,59.25,47.79999923706055
2017-08-30,301.07830810546875,76.25,127.30000305175781,5.019999980926514,88.3499984741211,3.4800000190734863,19.34000015258789,35.5,60.0,48.25
2017-08-31,303.290771484375,76.0,130.60000610351562,5.0,83.0,3.6500000953674316,19.239999771118164,35.349998474121094,60.04999923706055,49.099998474121094
2017-09-01,300.7095642089844,75.9000015258789,129.6999969482422,5.059999942779541,82.9000015258789,3.5899999141693115,19.360000610351562,36.20000076293945,60.5,51.0
2017-09-04,296.8377685546875,75.69999694824219,128.60000610351562,5.050000190734863,81.8499984741211,3.559999942779541,19.15999984741211,36.150001525878906,60.599998474121094,51.70000076293945
2017-09-05,296.6534118652344,75.5,128.5,5.03000020980835,82.0,3.569999933242798,19.139999389648438,36.400001525878906,60.20000076293945,51.04999923706055
2017-09-06,298.8658752441406,74.55000305175781,128.39999389648438,5.019999980926514,82.0,3.569999933242798,19.31999969482422,36.29999923706055,59.849998474121094,51.20000076293945
2017-09-07,295.54718017578125,74.1500015258789,128.5,4.980000019073486,82.3499984741211,3.549999952316284,19.420000076293945,35.70000076293945,58.79999923706055,51.349998474121094
2017-09-08,296.6534118652344,74.44999694824219,133.6999969482422,5.010000228881836,82.30000305175781,3.5899999141693115,19.459999084472656,36.400001525878906,58.79999923706055,51.20000076293945
2017-09-11,304.9501037597656,75.44999694824219,135.60000610351562,5.0,82.75,3.569999933242798,19.520000457763672,36.04999923706055,59.70000076293945,51.5
2017-09-12,306.97821044921875,75.80000305175781,134.8000030517578,5.019999980926514,82.69999694824219,3.549999952316284,20.700000762939453,36.099998474121094,59.650001525878906,52.0
2017-09-13,307.9000549316406,75.6500015258789,136.8000030517578,4.989999771118164,82.25,3.569999933242798,20.850000381469727,36.099998474121094,59.5,53.25
2017-09-14,310.6656188964844,75.75,135.3000030517578,4.96999979019165,80.8499984741211,3.5299999713897705,20.5,35.599998474121094,59.099998474121094,52.54999923706055
2017-09-15,312.324951171875,75.3499984741211,135.10000610351562,4.949999809265137,81.5,3.4700000286102295,20.75,35.75,59.0,52.29999923706055
2017-09-18,318.96234130859375,76.1500015258789,134.60000610351562,4.960000038146973,81.0999984741211,3.5999999046325684,22.350000381469727,36.099998474121094,60.349998474121094,52.849998474121094
2017-09-19,317.302978515625,76.6500015258789,134.1999969482422,4.929999828338623,81.1500015258789,3.9200000762939453,22.700000762939453,35.5,59.79999923706055,52.400001525878906
2017-09-20,319.3310852050781,76.6500015258789,132.89999389648438,4.909999847412109,80.69999694824219,3.7799999713897705,24.0,35.400001525878906,60.04999923706055,52.849998474121094
2017-09-21,320.0685729980469,76.6500015258789,131.8000030517578,4.909999847412109,80.1500015258789,3.7899999618530273,24.200000762939453,35.0,60.20000076293945,54.150001525878906
2017-09-22,319.1466979980469,76.19999694824219,130.39999389648438,4.880000114440918,79.4000015258789,3.869999885559082,23.350000381469727,34.70000076293945,59.900001525878906,53.849998474121094
2017-09-25,314.9061584472656,76.1500015258789,126.19999694824219,4.829999923706055,79.05000305175781,3.859999895095825,22.049999237060547,34.5,59.20000076293945,52.54999923706055
2017-09-26,311.21875,76.19999694824219,126.0,5.0,79.8499984741211,3.7300000190734863,22.200000762939453,34.400001525878906,58.29999923706055,52.650001525878906
2017-09-27,311.9562072753906,76.19999694824219,126.19999694824219,5.010000228881836,80.25,3.8299999237060547,22.649999618530273,34.54999923706055,58.349998474121094,54.04999923706055
2017-09-28,306.97821044921875,76.19999694824219,126.30000305175781,4.909999847412109,79.44999694824219,3.7300000190734863,21.850000381469727,34.20000076293945,58.0,54.29999923706055
2017-09-29,309.9281311035156,76.55000305175781,126.9000015258789,4.949999809265137,79.1500015258789,3.9000000953674316,22.0,34.400001525878906,57.599998474121094,55.0
2017-10-03,319.6998291015625,77.44999694824219,127.80000305175781,4.989999771118164,79.44999694824219,3.880000114440918,24.700000762939453,34.349998474121094,57.70000076293945,55.79999923706055
2017-10-04,322.0966491699219,77.8499984741211,130.39999389648438,5.019999980926514,79.05000305175781,3.890000104904175,25.899999618530273,34.150001525878906,58.650001525878906,56.45000076293945
2017-10-06,324.49346923828125,77.3499984741211,129.89999389648438,5.039999961853027,78.94999694824219,3.930000066757202,27.350000381469727,35.25,59.599998474121094,55.400001525878906
2017-10-09,321.7279052734375,77.5,129.6999969482422,5.0,78.3499984741211,4.010000228881836,26.850000381469727,35.099998474121094,59.45000076293945,53.599998474121094
2017-10-10,323.7559814453125,78.5999984741211,131.8000030517578,5.0,79.0,4.400000095367432,26.950000762939453,35.54999923706055,59.599998474121094,54.04999923706055
2017-10-11,324.1247253417969,78.0999984741211,129.5,5.03000020980835,78.44999694824219,4.210000038146973,26.75,35.099998474121094,59.75,53.20000076293945
2017-10-12,322.8341369628906,77.30000305175781,131.89999389648438,4.989999771118164,78.94999694824219,4.170000076293945,26.700000762939453,34.650001525878906,60.25,53.900001525878906
2017-10-13,321.9122619628906,77.19999694824219,132.8000030517578,4.989999771118164,78.4000015258789,4.190000057220459,26.950000762939453,35.25,61.150001525878906,53.04999923706055
2017-10-16,327.8121643066406,77.30000305175781,133.1999969482422,5.039999961853027,78.69999694824219,4.25,26.600000381469727,35.70000076293945,61.04999923706055,53.29999923706055
2017-10-17,327.0746765136719,77.1500015258789,133.1999969482422,5.050000190734863,79.1500015258789,4.190000057220459,26.799999237060547,34.849998474121094,61.650001525878906,52.79999923706055
2017-10-18,326.8902893066406,77.0,133.10000610351562,5.050000190734863,79.1500015258789,4.119999885559082,26.850000381469727,34.95000076293945,61.95000076293945,52.70000076293945
2017-10-19,319.1466979980469,76.0,130.5,4.989999771118164,78.30000305175781,3.9100000858306885,24.850000381469727,34.75,61.099998474121094,51.400001525878906
2017-10-20,322.281005859375,76.5,132.0,5.010000228881836,79.30000305175781,3.9800000190734863,26.299999237060547,34.75,60.20000076293945,52.849998474121094
2017-10-23,321.3591613769531,76.5,130.6999969482422,4.96999979019165,78.9000015258789,4.150000095367432,25.75,35.099998474121094,59.20000076293945,52.650001525878906
2017-10-24,320.2529296875,76.5,129.60000610351562,4.929999828338623,78.5,4.03000020980835,25.100000381469727,34.849998474121094,58.75,53.0
2017-10-25,324.49346923828125,76.69999694824219,130.1999969482422,4.96999979019165,78.4000015258789,4.039999961853027,25.700000762939453,34.95000076293945,59.099998474121094,53.099998474121094
2017-10-26,319.8841857910156,76.9000015258789,129.1999969482422,4.949999809265137,78.05000305175781,3.950000047683716,25.149999618530273,34.849998474121094,59.400001525878906,52.599998474121094
2017-10-27,320.6216735839844,77.0999984741211,128.60000610351562,4.980000019073486,79.19999694824219,3.9700000286102295,24.25,34.849998474121094,60.0,51.54999923706055
2017-10-30,322.281005859375,76.8499984741211,127.69999694824219,5.090000152587891,78.94999694824219,4.070000171661377,23.549999237060547,34.75,59.400001525878906,51.79999923706055
2017-10-31,322.46539306640625,76.19999694824219,127.5999984741211,5.090000152587891,78.3499984741211,4.179999828338623,24.149999618530273,34.900001525878906,58.70000076293945,53.099998474121094
2017-11-01,331.8683166503906,76.6500015258789,129.0,5.110000133514404,79.4000015258789,4.130000114440918,24.25,34.29999923706055,60.150001525878906,55.29999923706055
2017-11-02,333.52764892578125,75.8499984741211,128.6999969482422,5.300000190734863,78.5999984741211,4.090000152587891,24.100000381469727,34.0,59.650001525878906,54.349998474121094
2017-11-03,339.2431640625,75.5999984741211,128.0,5.28000020980835,78.8499984741211,4.090000152587891,24.200000762939453,33.79999923706055,60.25,53.95000076293945
2017-11-06,347.5398864746094,75.30000305175781,127.30000305175781,5.440000057220459,78.6500015258789,4.010000228881836,24.75,33.349998474121094,59.900001525878906,54.70000076293945
2017-11-07,360.44586181640625,75.80000305175781,128.8000030517578,5.579999923706055,79.0999984741211,4.050000190734863,26.149999618530273,33.25,60.5,55.79999923706055
2017-11-08,355.46783447265625,75.3499984741211,129.8000030517578,5.510000228881836,79.25,4.099999904632568,26.0,32.79999923706055,61.20000076293945,56.099998474121094
2017-11-09,357.4959411621094,75.8499984741211,129.3000030517578,5.559999942779541,79.6500015258789,4.320000171661377,26.200000762939453,32.95000076293945,61.25,56.5
2017-11-10,355.2834777832031,75.94999694824219,130.0,5.570000171661377,80.30000305175781,4.21999979019165,26.25,32.849998474121094,61.599998474121094,57.099998474121094
2017-11-13,357.3115539550781,75.6500015258789,126.0,5.489999771118164,79.55000305175781,4.179999828338623,26.5,32.400001525878906,65.30000305175781,56.45000076293945
2017-11-14,357.6802978515625,75.1500015258789,127.4000015258789,5.420000076293945,78.55000305175781,4.320000171661377,28.200000762939453,32.25,65.9000015258789,56.25
2017-11-15,353.0710144042969,75.0999984741211,127.4000015258789,5.25,78.55000305175781,4.320000171661377,27.25,32.0,64.5999984741211,55.5
2017-11-16,361.183349609375,75.3499984741211,125.5999984741211,5.239999771118164,78.0999984741211,4.460000038146973,27.399999618530273,31.549999237060547,65.30000305175781,55.349998474121094
2017-11-17,371.87689208984375,75.25,126.0,5.199999809265137,78.1500015258789,4.179999828338623,27.450000762939453,31.5,65.9000015258789,55.70000076293945
2017-11-20,387.1797180175781,75.0999984741211,125.30000305175781,5.159999847412109,78.05000305175781,4.320000171661377,27.950000762939453,31.850000381469727,65.30000305175781,58.0
2017-11-21,396.3982849121094,75.5999984741211,126.4000015258789,5.190000057220459,78.30000305175781,4.300000190734863,28.950000762939453,31.299999237060547,68.0999984741211,58.20000076293945
2017-11-22,393.4483337402344,76.94999694824219,127.4000015258789,5.289999961853027,78.94999694824219,4.21999979019165,29.149999618530273,31.0,68.1500015258789,58.54999923706055
2017-11-23,386.81097412109375,76.1500015258789,129.0,5.300000190734863,79.05000305175781,4.079999923706055,28.350000381469727,30.5,67.5,57.650001525878906
2017-11-24,383.30792236328125,76.30000305175781,130.0,5.340000152587891,79.6500015258789,4.019999980926514,27.850000381469727,31.399999618530273,68.3499984741211,58.04999923706055
2017-11-27,379.2517395019531,76.80000305175781,129.5,5.349999904632568,79.55000305175781,4.010000228881836,27.399999618530273,31.100000381469727,67.80000305175781,58.599998474121094
2017-11-28,386.4422302246094,76.94999694824219,128.8000030517578,5.28000020980835,80.3499984741211,3.9700000286102295,28.0,31.149999618530273,66.25,58.400001525878906
2017-11-29,379.4361267089844,78.0,128.1999969482422,5.239999771118164,80.05000305175781,3.9100000858306885,27.950000762939453,31.049999237060547,65.94999694824219,57.95000076293945
2017-11-30,366.89886474609375,78.0,127.5999984741211,5.25,79.25,3.8499999046325684,27.200000762939453,30.700000762939453,63.29999923706055,56.150001525878906
2017-12-01,354.91473388671875,77.9000015258789,127.0,5.239999771118164,78.80000305175781,3.809999942779541,27.5,31.299999237060547,63.20000076293945,57.400001525878906
2017-12-04,358.0490417480469,77.69999694824219,124.9000015258789,5.320000171661377,78.5,3.8499999046325684,28.100000381469727,30.799999237060547,63.599998474121094,57.650001525878906
2017-12-05,346.6180114746094,77.3499984741211,123.30000305175781,5.309999942779541,78.3499984741211,3.7899999618530273,27.399999618530273,30.700000762939453,62.599998474121094,56.0
2017-12-06,337.39947509765625,76.0999984741211,123.0,5.21999979019165,77.3499984741211,3.6700000762939453,25.100000381469727,30.049999237060547,61.79999923706055,54.5
2017-12-07,348.46173095703125,76.25,121.80000305175781,5.150000095367432,76.5999984741211,3.680000066757202,24.450000762939453,30.0,60.79999923706055,56.150001525878906
2017-12-08,363.21142578125,76.80000305175781,121.5,5.130000114440918,76.0,3.7100000381469727,25.700000762939453,30.100000381469727,61.79999923706055,57.5
2017-12-11,373.7206115722656,78.30000305175781,122.80000305175781,5.150000095367432,75.9000015258789,3.619999885559082,26.049999237060547,30.25,62.650001525878906,58.599998474121094
2017-12-12,362.4739685058594,78.3499984741211,122.4000015258789,5.210000038146973,76.4000015258789,3.7100000381469727,25.149999618530273,30.049999237060547,63.20000076293945,57.70000076293945
2017-12-13,364.6864013671875,79.94999694824219,123.5,5.409999847412109,76.80000305175781,3.7300000190734863,25.5,30.049999237060547,63.45000076293945,61.0
2017-12-14,366.161376953125,79.55000305175781,127.5,5.409999847412109,76.94999694824219,3.7899999618530273,25.700000762939453,30.75,62.20000076293945,60.75
2017-12-15,358.6021728515625,78.55000305175781,125.69999694824219,5.360000133514404,76.80000305175781,3.8499999046325684,24.950000762939453,30.649999618530273,61.95000076293945,61.849998474121094
2017-12-18,363.39581298828125,78.8499984741211,127.9000015258789,5.349999904632568,76.8499984741211,3.7799999713897705,24.75,31.0,62.599998474121094,61.900001525878906
2017-12-19,369.84881591796875,79.3499984741211,128.0,5.420000076293945,76.8499984741211,3.880000114440918,25.200000762939453,31.950000762939453,63.150001525878906,62.099998474121094
2017-12-20,366.34576416015625,79.30000305175781,127.5,5.409999847412109,77.6500015258789,3.8299999237060547,24.899999618530273,32.349998474121094,62.599998474121094,62.75
2017-12-21,368.5581970214844,79.55000305175781,126.5999984741211,5.440000057220459,77.4000015258789,3.8499999046325684,25.5,32.54999923706055,63.099998474121094,63.099998474121094
2017-12-22,374.08935546875,80.0,127.0,5.489999771118164,78.0,3.9100000858306885,25.649999618530273,33.25,63.95000076293945,61.95000076293945
2017-12-27,369.84881591796875,79.80000305175781,129.0,5.519999980926514,78.4000015258789,3.950000047683716,25.799999237060547,33.650001525878906,64.5,61.650001525878906
2017-12-28,376.3017883300781,80.0,129.89999389648438,5.480000019073486,78.19999694824219,4.010000228881836,26.600000381469727,33.70000076293945,65.25,62.0
2017-12-29,374.2737121582031,79.94999694824219,130.39999389648438,5.449999809265137,79.25,3.950000047683716,27.100000381469727,33.79999923706055,66.6500015258789,62.70000076293945
2018-01-02,385.151611328125,81.30000305175781,131.60000610351562,5.579999923706055,79.25,3.9800000190734863,27.350000381469727,34.20000076293945,67.6500015258789,60.20000076293945
2018-01-03,389.2077941894531,80.94999694824219,131.10000610351562,5.5,78.19999694824219,4.050000190734863,28.350000381469727,34.20000076293945,68.0999984741211,60.54999923706055
2018-01-04,398.0576171875,80.5,132.5,5.78000020980835,78.1500015258789,4.110000133514404,27.450000762939453,34.29999923706055,68.0,60.25
2018-01-05,399.34820556640625,80.80000305175781,134.39999389648438,5.800000190734863,78.05000305175781,4.090000152587891,27.549999237060547,34.150001525878906,67.44999694824219,59.29999923706055
2018-01-08,404.32623291015625,80.5,134.3000030517578,5.760000228881836,78.0,4.130000114440918,27.75,34.20000076293945,66.8499984741211,60.04999923706055
2018-01-09,409.1199035644531,80.94999694824219,134.39999389648438,5.78000020980835,77.9000015258789,4.170000076293945,27.0,33.75,66.30000305175781,61.04999923706055
2018-01-10,405.9855651855469,82.0999984741211,133.10000610351562,5.820000171661377,77.4000015258789,4.099999904632568,26.700000762939453,33.650001525878906,66.5999984741211,60.5
2018-01-11,395.84515380859375,84.05000305175781,132.5,5.880000114440918,78.05000305175781,4.059999942779541,26.299999237060547,33.650001525878906,66.69999694824219,60.150001525878906
2018-01-12,407.6449279785156,83.69999694824219,133.0,5.929999828338623,77.75,4.0,27.0,34.099998474121094,67.25,60.150001525878906
2018-01-15,399.34820556640625,84.0999984741211,133.0,5.909999847412109,78.5,3.990000009536743,26.149999618530273,34.20000076293945,67.30000305175781,62.20000076293945
2018-01-16,409.4886474609375,84.80000305175781,133.8000030517578,5.900000095367432,79.3499984741211,4.0,26.299999237060547,34.0,68.30000305175781,63.150001525878906
2018-01-17,413.9135437011719,85.05000305175781,133.1999969482422,5.820000171661377,79.1500015258789,3.990000009536743,25.75,34.04999923706055,68.0,63.650001525878906
2018-01-18,412.80731201171875,85.44999694824219,132.1999969482422,5.829999923706055,81.44999694824219,3.990000009536743,24.649999618530273,33.900001525878906,66.5,63.5
2018-01-19,417.0478515625,85.4000015258789,133.10000610351562,5.800000190734863,80.5,4.199999809265137,25.0,33.849998474121094,66.6500015258789,63.900001525878906
2018-01-22,424.053955078125,85.0,133.0,5.869999885559082,81.3499984741211,4.21999979019165,24.700000762939453,33.900001525878906,66.19999694824219,65.94999694824219
2018-01-23,437.5130615234375,85.69999694824219,134.1999969482422,5.900000095367432,81.5999984741211,4.159999847412109,26.149999618530273,33.70000076293945,67.05000305175781,67.05000305175781
2018-01-24,432.3506774902344,85.8499984741211,134.0,6.210000038146973,82.80000305175781,4.150000095367432,25.850000381469727,33.54999923706055,66.9000015258789,66.3499984741211
2018-01-25,422.21026611328125,85.5,136.1999969482422,6.349999904632568,82.55000305175781,4.21999979019165,25.399999618530273,33.599998474121094,66.3499984741211,65.69999694824219
2018-01-26,434.3787536621094,85.69999694824219,138.3000030517578,6.380000114440918,82.30000305175781,4.170000076293945,25.100000381469727,33.400001525878906,66.5999984741211,66.30000305175781
2018-01-29,434.74749755859375,85.05000305175781,136.39999389648438,6.480000019073486,82.5,4.139999866485596,24.700000762939453,33.650001525878906,65.4000015258789,67.0
2018-01-30,425.71331787109375,84.0999984741211,136.1999969482422,6.25,82.1500015258789,4.099999904632568,24.649999618530273,33.79999923706055,66.5999984741211,66.8499984741211
2018-01-31,427.3726501464844,84.19999694824219,135.89999389648438,6.199999809265137,82.5999984741211,4.090000152587891,25.049999237060547,34.54999923706055,67.0,69.30000305175781
2018-02-01,424.053955078125,84.05000305175781,134.60000610351562,6.099999904632568,82.0,4.010000228881836,24.5,34.650001525878906,65.30000305175781,69.80000305175781
2018-02-02,417.0478515625,83.69999694824219,133.3000030517578,6.329999923706055,80.9000015258789,4.03000020980835,24.75,34.45000076293945,65.19999694824219,68.4000015258789
2018-02-05,406.5386962890625,82.8499984741211,130.3000030517578,6.170000076293945,79.9000015258789,3.990000009536743,24.399999618530273,34.29999923706055,63.79999923706055,69.19999694824219
2018-02-06,377.9611511230469,80.0999984741211,126.19999694824219,5.809999942779541,77.8499984741211,3.799999952316284,22.299999237060547,33.349998474121094,61.0,64.9000015258789
2018-02-07,382.38604736328125,80.0,124.19999694824219,5.659999847412109,77.1500015258789,3.7200000286102295,21.850000381469727,32.849998474121094,60.79999923706055,65.0
2018-02-08,387.36407470703125,80.5,125.5,5.570000171661377,77.19999694824219,3.75,21.899999618530273,32.95000076293945,61.95000076293945,66.94999694824219
2018-02-09,375.5643310546875,79.80000305175781,122.69999694824219,5.380000114440918,74.5999984741211,3.5799999237060547,21.5,32.04999923706055,59.29999923706055,62.900001525878906
2018-02-12,377.5924072265625,79.4000015258789,122.0,5.289999961853027,74.0,3.640000104904175,22.100000381469727,32.400001525878906,60.0,62.150001525878906
2018-02-13,389.39215087890625,79.80000305175781,122.5,5.309999942779541,73.55000305175781,3.700000047683716,22.399999618530273,33.04999923706055,61.29999923706055,64.5
2018-02-14,399.7169494628906,81.9000015258789,126.0,5.340000152587891,73.69999694824219,3.7200000286102295,22.5,32.900001525878906,62.400001525878906,65.6500015258789
2018-02-15,412.06982421875,83.55000305175781,125.5,5.449999809265137,74.19999694824219,3.8399999141693115,22.700000762939453,32.70000076293945,63.29999923706055,66.69999694824219
2018-02-20,410.9635925292969,80.94999694824219,126.80000305175781,5.420000076293945,74.0,3.8399999141693115,23.25,33.150001525878906,63.25,68.0
2018-02-21,422.21026611328125,81.5999984741211,127.4000015258789,5.570000171661377,75.25,3.890000104904175,23.75,33.04999923706055,64.3499984741211,67.94999694824219
2018-02-22,411.5167236328125,79.55000305175781,127.4000015258789,5.480000019073486,74.6500015258789,3.869999885559082,23.700000762939453,32.900001525878906,63.0,66.80000305175781
2018-02-23,417.9697265625,79.6500015258789,128.0,5.570000171661377,74.75,3.9000000953674316,23.899999618530273,33.20000076293945,63.650001525878906,67.4000015258789
2018-02-26,417.6009826660156,79.55000305175781,130.60000610351562,5.619999885559082,74.25,3.9200000762939453,25.450000762939453,35.099998474121094,63.20000076293945,68.6500015258789
2018-02-27,411.1479797363281,78.5999984741211,129.8000030517578,5.619999885559082,73.8499984741211,3.9600000381469727,25.049999237060547,34.849998474121094,65.55000305175781,69.3499984741211
2018-02-28,398.4263610839844,78.0,130.6999969482422,5.53000020980835,73.4000015258789,3.8499999046325684,25.549999237060547,34.54999923706055,65.55000305175781,68.5
2018-03-01,412.06982421875,77.9000015258789,131.8000030517578,5.460000038146973,72.9000015258789,3.869999885559082,25.350000381469727,34.04999923706055,65.5999984741211,68.25
2018-03-02,401.9294128417969,77.19999694824219,131.0,5.349999904632568,72.5999984741211,3.8499999046325684,24.850000381469727,34.79999923706055,64.4000015258789,68.0
2018-03-05,391.78900146484375,75.94999694824219,127.30000305175781,5.239999771118164,70.30000305175781,3.8299999237060547,24.25,35.099998474121094,62.54999923706055,65.8499984741211
2018-03-06,404.32623291015625,76.5999984741211,127.69999694824219,5.380000114440918,70.69999694824219,3.9000000953674316,24.450000762939453,35.0,64.55000305175781,67.6500015258789
2018-03-07,400.27008056640625,75.94999694824219,126.4000015258789,5.269999980926514,70.5,3.9100000858306885,24.450000762939453,34.650001525878906,62.79999923706055,66.0
2018-03-08,408.3824157714844,76.30000305175781,127.80000305175781,5.360000133514404,71.75,3.9800000190734863,24.700000762939453,35.75,64.69999694824219,68.4000015258789
2018-03-09,412.06982421875,76.5999984741211,130.0,5.349999904632568,72.19999694824219,4.03000020980835,25.850000381469727,36.25,66.0,69.19999694824219
2018-03-12,424.053955078125,77.4000015258789,130.39999389648438,5.429999828338623,72.55000305175781,4.059999942779541,26.649999618530273,36.75,67.75,71.44999694824219
2018-03-13,426.6351623535156,77.0999984741211,129.89999389648438,5.409999847412109,71.69999694824219,4.110000133514404,26.5,36.54999923706055,67.80000305175781,70.5999984741211
2018-03-14,427.3726501464844,76.5,130.10000610351562,5.389999866485596,71.75,4.099999904632568,26.200000762939453,36.75,67.0,70.0
2018-03-15,431.98193359375,76.4000015258789,130.1999969482422,5.369999885559082,71.94999694824219,4.099999904632568,26.299999237060547,36.599998474121094,67.1500015258789,70.4000015258789
2018-03-16,428.8476257324219,76.94999694824219,129.8000030517578,5.320000171661377,72.30000305175781,4.130000114440918,26.450000762939453,36.5,67.1500015258789,69.80000305175781
2018-03-19,425.71331787109375,77.1500015258789,129.3000030517578,5.340000152587891,72.69999694824219,4.079999923706055,26.899999618530273,36.900001525878906,68.0,71.5
2018-03-20,430.1382141113281,76.94999694824219,129.60000610351562,5.340000152587891,72.8499984741211,4.139999866485596,27.5,37.349998474121094,68.80000305175781,71.0999984741211
2018-03-21,426.4508056640625,76.8499984741211,129.8000030517578,5.46999979019165,72.30000305175781,4.130000114440918,25.799999237060547,37.400001525878906,67.94999694824219,70.80000305175781
2018-03-22,405.063720703125,76.30000305175781,128.10000610351562,5.53000020980835,71.75,4.059999942779541,25.25,36.599998474121094,67.19999694824219,70.80000305175781
2018-03-23,387.1797180175781,74.6500015258789,127.0999984741211,5.369999885559082,70.80000305175781,3.940000057220459,24.100000381469727,36.150001525878906,66.05000305175781,69.69999694824219
2018-03-26,393.2639465332031,75.0,127.80000305175781,5.449999809265137,70.55000305175781,3.930000066757202,24.25,37.599998474121094,67.6500015258789,71.69999694824219
2018-03-27,398.4263610839844,75.0999984741211,127.9000015258789,5.5,72.75,4.070000171661377,24.0,39.79999923706055,67.30000305175781,72.3499984741211
2018-03-28,379.9892272949219,74.0,124.80000305175781,5.489999771118164,71.30000305175781,3.9600000381469727,22.600000381469727,40.349998474121094,65.30000305175781,69.9000015258789
2018-03-29,377.5924072265625,74.0,124.0,5.389999866485596,71.94999694824219,3.9000000953674316,22.600000381469727,39.29999923706055,66.4000015258789,71.25
2018-04-03,377.40802001953125,73.55000305175781,123.4000015258789,5.369999885559082,72.55000305175781,3.9800000190734863,23.0,42.099998474121094,67.69999694824219,72.6500015258789
2018-04-04,366.5301208496094,72.4000015258789,122.80000305175781,5.309999942779541,70.44999694824219,3.9000000953674316,22.149999618530273,44.45000076293945,66.5999984741211,70.30000305175781
2018-04-06,374.08935546875,73.05000305175781,124.9000015258789,5.369999885559082,71.55000305175781,3.880000114440918,22.299999237060547,43.45000076293945,67.55000305175781,70.5
2018-04-09,377.9611511230469,74.19999694824219,127.80000305175781,5.369999885559082,73.5,3.990000009536743,23.450000762939453,43.599998474121094,67.80000305175781,71.9000015258789
2018-04-10,384.5985107421875,74.69999694824219,128.6999969482422,5.329999923706055,74.4000015258789,4.03000020980835,24.149999618530273,42.900001525878906,68.4000015258789,73.19999694824219
2018-04-11,386.81097412109375,75.25,128.8000030517578,5.53000020980835,73.69999694824219,4.019999980926514,23.75,35.650001525878906,71.5999984741211,73.0
2018-04-12,380.91107177734375,75.4000015258789,129.5,5.690000057220459,73.75,3.9600000381469727,23.450000762939453,35.54999923706055,70.5999984741211,70.8499984741211
2018-04-13,376.117431640625,76.30000305175781,129.1999969482422,5.699999809265137,73.75,4.110000133514404,23.399999618530273,34.349998474121094,70.5,70.9000015258789
2018-04-16,371.5081481933594,75.94999694824219,125.5,5.590000152587891,73.0,4.119999885559082,22.950000762939453,34.45000076293945,67.69999694824219,68.80000305175781
2018-04-17,366.161376953125,75.44999694824219,123.30000305175781,5.519999980926514,72.5999984741211,4.03000020980835,22.399999618530273,34.70000076293945,67.44999694824219,68.4000015258789
2018-04-18,368.7425842285156,75.6500015258789,124.80000305175781,5.619999885559082,72.55000305175781,3.9600000381469727,21.850000381469727,34.25,69.05000305175781,70.0
2018-04-19,374.08935546875,76.30000305175781,124.80000305175781,5.940000057220459,72.80000305175781,4.019999980926514,21.950000762939453,34.79999923706055,68.69999694824219,70.6500015258789
2018-04-20,368.92694091796875,76.80000305175781,123.0999984741211,5.869999885559082,73.0999984741211,3.9700000286102295,21.899999618530273,34.0,68.0999984741211,69.44999694824219
2018-04-23,363.21142578125,77.0,121.9000015258789,5.820000171661377,72.8499984741211,3.930000066757202,21.299999237060547,33.599998474121094,68.1500015258789,69.05000305175781
2018-04-24,365.6082763671875,77.6500015258789,122.5,5.860000133514404,74.0,3.930000066757202,21.649999618530273,34.349998474121094,68.75,70.0999984741211
2018-04-25,356.5740661621094,77.5,121.5999984741211,5.760000228881836,72.69999694824219,3.9800000190734863,21.200000762939453,33.349998474121094,68.8499984741211,69.3499984741211
2018-04-26,352.3335266113281,77.05000305175781,121.5999984741211,5.619999885559082,72.0999984741211,3.9200000762939453,20.700000762939453,33.04999923706055,67.8499984741211,67.0
2018-04-27,358.0490417480469,77.4000015258789,122.80000305175781,5.739999771118164,74.6500015258789,3.9000000953674316,20.75,33.29999923706055,69.0,67.5
2018-04-30,360.44586181640625,78.69999694824219,126.80000305175781,5.789999961853027,75.19999694824219,3.9700000286102295,21.0,33.099998474121094,70.69999694824219,69.4000015258789
2018-05-02,362.6583251953125,78.44999694824219,125.80000305175781,5.699999809265137,74.80000305175781,4.079999923706055,21.649999618530273,31.950000762939453,69.69999694824219,70.94999694824219
2018-05-03,354.91473388671875,77.69999694824219,124.0,5.599999904632568,73.5,4.019999980926514,21.5,31.899999618530273,69.3499984741211,69.55000305175781
2018-05-04,352.88665771484375,74.94999694824219,123.0,5.559999942779541,73.0,4.039999961853027,20.899999618530273,31.850000381469727,68.0,68.69999694824219
2018-05-07,350.3054504394531,75.0999984741211,122.80000305175781,5.710000038146973,73.4000015258789,4.170000076293945,21.799999237060547,32.25,68.3499984741211,68.19999694824219
2018-05-08,360.0771179199219,75.9000015258789,125.0,5.699999809265137,73.80000305175781,4.309999942779541,22.950000762939453,33.099998474121094,69.4000015258789,68.44999694824219
2018-05-09,363.7645568847656,76.0999984741211,124.9000015258789,5.949999809265137,73.55000305175781,4.300000190734863,22.850000381469727,33.54999923706055,69.69999694824219,67.9000015258789
2018-05-10,374.4580993652344,77.0999984741211,125.5999984741211,6.050000190734863,73.44999694824219,4.400000095367432,22.700000762939453,33.150001525878906,71.0999984741211,68.44999694824219
2018-05-11,376.85491943359375,77.55000305175781,127.0,6.03000020980835,73.8499984741211,4.409999847412109,23.549999237060547,33.400001525878906,72.80000305175781,69.5
2018-05-14,379.6204833984375,78.4000015258789,129.39999389648438,6.119999885559082,74.30000305175781,4.349999904632568,23.799999237060547,33.900001525878906,74.3499984741211,69.80000305175781
2018-05-15,366.89886474609375,77.94999694824219,129.0,6.150000095367432,74.05000305175781,4.340000152587891,23.200000762939453,34.45000076293945,73.0999984741211,68.25
2018-05-16,365.2395324707031,78.05000305175781,128.1999969482422,6.139999866485596,74.0,4.440000057220459,23.200000762939453,34.54999923706055,72.6500015258789,67.1500015258789
2018-05-17,378.88299560546875,77.0,127.4000015258789,6.119999885559082,73.3499984741211,5.599999904632568,23.049999237060547,34.0,71.69999694824219,67.05000305175781
2018-05-18,378.88299560546875,77.25,127.4000015258789,6.510000228881836,73.4000015258789,5.78000020980835,22.899999618530273,34.45000076293945,72.0,67.05000305175781
2018-05-21,376.117431640625,77.80000305175781,128.3000030517578,6.440000057220459,73.3499984741211,5.929999828338623,23.299999237060547,34.45000076293945,74.19999694824219,69.0
2018-05-23,375.1955871582031,77.5,125.4000015258789,6.150000095367432,73.1500015258789,6.789999961853027,22.75,34.45000076293945,70.3499984741211,68.44999694824219
2018-05-24,375.1955871582031,77.55000305175781,125.5,6.239999771118164,72.5999984741211,6.889999866485596,22.700000762939453,35.0,70.69999694824219,68.6500015258789
2018-05-25,372.42999267578125,77.05000305175781,125.0,6.050000190734863,72.05000305175781,6.929999828338623,22.200000762939453,34.900001525878906,70.5,68.4000015258789
2018-05-28,373.5362243652344,76.8499984741211,125.5,6.440000057220459,71.80000305175781,6.769999980926514,22.850000381469727,35.400001525878906,72.80000305175781,70.4000015258789
2018-05-29,370.5863037109375,75.9000015258789,125.80000305175781,6.389999866485596,70.9000015258789,7.010000228881836,22.75,34.849998474121094,71.25,69.69999694824219
2018-05-30,364.13330078125,74.94999694824219,125.30000305175781,6.28000020980835,70.1500015258789,7.139999866485596,22.149999618530273,33.900001525878906,70.4000015258789,68.25
2018-05-31,368.0050964355469,75.94999694824219,126.5999984741211,6.489999771118164,70.0,7.190000057220459,22.25,34.849998474121094,72.0,69.05000305175781
2018-06-01,372.42999267578125,75.94999694824219,125.80000305175781,6.480000019073486,70.55000305175781,7.019999980926514,22.200000762939453,34.70000076293945,70.94999694824219,66.8499984741211
2018-06-04,382.5704345703125,76.5999984741211,127.19999694824219,6.46999979019165,71.9000015258789,6.96999979019165,23.200000762939453,35.45000076293945,71.94999694824219,66.80000305175781
2018-06-05,387.1797180175781,76.5,126.69999694824219,6.369999885559082,72.30000305175781,7.0,23.350000381469727,35.650001525878906,72.05000305175781,65.1500015258789
2018-06-06,391.78900146484375,76.5,127.80000305175781,6.559999942779541,72.55000305175781,7.320000171661377,23.25,35.900001525878906,73.0999984741211,65.9000015258789
2018-06-07,395.6607971191406,77.25,128.1999969482422,6.590000152587891,73.19999694824219,7.340000152587891,24.049999237060547,35.900001525878906,73.75,64.94999694824219
2018-06-08,382.5704345703125,76.55000305175781,126.9000015258789,6.550000190734863,71.5,7.239999771118164,23.600000381469727,36.04999923706055,71.94999694824219,64.4000015258789
2018-06-11,386.2578430175781,76.94999694824219,127.30000305175781,6.550000190734863,71.5,8.239999771118164,24.299999237060547,35.0,72.4000015258789,65.5
2018-06-12,384.7828674316406,76.75,127.30000305175781,6.53000020980835,71.75,8.270000457763672,24.399999618530273,34.400001525878906,71.80000305175781,66.1500015258789
2018-06-13,382.7547912597656,76.6500015258789,124.9000015258789,6.269999980926514,70.8499984741211,8.5,23.850000381469727,33.75,71.1500015258789,65.5
2018-06-14,379.80487060546875,76.4000015258789,123.19999694824219,6.119999885559082,70.44999694824219,7.639999866485596,23.450000762939453,33.54999923706055,70.1500015258789,64.8499984741211
2018-06-15,377.9611511230469,76.3499984741211,123.30000305175781,6.039999961853027,70.25,7.420000076293945,23.200000762939453,33.900001525878906,69.5999984741211,64.3499984741211
2018-06-19,365.7926330566406,74.5999984741211,121.5,5.829999923706055,69.25,7.139999866485596,22.0,32.599998474121094,67.4000015258789,62.099998474121094
2018-06-20,368.92694091796875,75.19999694824219,122.30000305175781,5.849999904632568,69.4000015258789,7.510000228881836,22.450000762939453,32.900001525878906,69.05000305175781,63.54999923706055
2018-06-21,365.7926330566406,74.4000015258789,121.30000305175781,5.769999980926514,68.55000305175781,7.260000228881836,21.899999618530273,32.45000076293945,67.6500015258789,63.099998474121094
2018-06-22,366.34576416015625,74.4000015258789,121.9000015258789,5.710000038146973,68.69999694824219,7.730000019073486,21.700000762939453,32.5,68.5999984741211,63.70000076293945
2018-06-25,358.41778564453125,73.75,120.4000015258789,5.730000019073486,68.6500015258789,7.75,21.299999237060547,32.45000076293945,67.19999694824219,61.29999923706055
2018-06-26,355.8365783691406,73.5,119.80000305175781,5.699999809265137,69.5,7.570000171661377,20.850000381469727,32.25,67.6500015258789,60.54999923706055
2018-06-27,347.90863037109375,72.5,119.0,5.71999979019165,68.80000305175781,7.360000133514404,19.780000686645508,31.549999237060547,66.19999694824219,59.70000076293945
2018-06-28,349.38360595703125,72.9000015258789,118.5999984741211,5.860000133514404,69.1500015258789,7.119999885559082,19.8799991607666,30.850000381469727,68.0999984741211,59.099998474121094
2018-06-29,363.0270690917969,73.5999984741211,118.4000015258789,5.96999979019165,69.69999694824219,7.570000171661377,20.350000381469727,31.549999237060547,68.5999984741211,60.75
2018-07-03,360.2615051269531,72.3499984741211,119.5,5.880000114440918,68.30000305175781,7.429999828338623,19.979999542236328,30.950000762939453,67.3499984741211,56.79999923706055
2018-07-04,353.0710144042969,72.19999694824219,118.5,5.78000020980835,68.6500015258789,7.150000095367432,19.200000762939453,30.299999237060547,67.25,56.5
2018-07-05,355.46783447265625,72.5,118.69999694824219,5.690000057220459,69.1500015258789,6.800000190734863,18.979999542236328,30.100000381469727,67.0,55.95000076293945
2018-07-06,356.38970947265625,72.5999984741211,119.5,5.659999847412109,69.5999984741211,6.900000095367432,19.299999237060547,30.25,67.6500015258789,57.5
2018-07-09,365.0551452636719,73.3499984741211,120.5,5.730000019073486,70.69999694824219,7.360000133514404,19.920000076293945,30.700000762939453,68.55000305175781,60.45000076293945
2018-07-10,356.5740661621094,73.9000015258789,120.0,5.860000133514404,70.8499984741211,7.25,20.25,31.25,67.94999694824219,61.349998474121094
2018-07-11,349.7523498535156,72.94999694824219,118.5999984741211,5.769999980926514,70.44999694824219,7.25,19.84000015258789,31.350000381469727,67.55000305175781,61.54999923706055
2018-07-12,350.3054504394531,73.0999984741211,118.0,5.75,69.69999694824219,7.800000190734863,20.399999618530273,32.20000076293945,68.25,62.349998474121094
2018-07-13,351.227294921875,73.30000305175781,118.0,5.75,69.0,8.199999809265137,20.549999237060547,33.0,68.0999984741211,63.04999923706055
2018-07-16,351.5960388183594,73.30000305175781,117.5999984741211,5.71999979019165,69.05000305175781,8.180000305175781,20.399999618530273,33.45000076293945,68.80000305175781,64.75
2018-07-17,346.43365478515625,73.1500015258789,116.0,5.559999942779541,68.30000305175781,8.079999923706055,20.100000381469727,33.20000076293945,68.1500015258789,63.599998474121094
2018-07-18,348.46173095703125,72.5999984741211,115.9000015258789,5.510000228881836,67.94999694824219,8.300000190734863,20.0,33.29999923706055,67.69999694824219,63.04999923706055
2018-07-19,346.249267578125,73.19999694824219,116.19999694824219,5.519999980926514,68.1500015258789,7.900000095367432,19.260000228881836,32.95000076293945,67.55000305175781,62.400001525878906
2018-07-20,347.171142578125,73.19999694824219,117.0,5.639999866485596,68.5,7.989999771118164,19.18000030517578,32.900001525878906,67.75,62.0
2018-07-23,342.00872802734375,73.4000015258789,117.30000305175781,5.590000152587891,69.1500015258789,7.989999771118164,19.0,32.45000076293945,68.44999694824219,62.25
2018-07-24,345.88055419921875,74.6500015258789,117.9000015258789,5.619999885559082,69.75,8.289999961853027,19.420000076293945,32.150001525878906,69.25,62.45000076293945
2018-07-25,350.12109375,75.05000305175781,120.80000305175781,5.760000228881836,69.75,8.430000305175781,19.68000030517578,32.70000076293945,68.94999694824219,64.69999694824219
2018-07-26,345.5118103027344,74.75,120.9000015258789,5.820000171661377,69.69999694824219,8.369999885559082,19.040000915527344,33.150001525878906,68.30000305175781,64.0999984741211
2018-07-27,343.8524475097656,74.8499984741211,122.9000015258789,5.889999866485596,69.9000015258789,8.510000228881836,18.420000076293945,33.04999923706055,68.6500015258789,64.19999694824219
2018-07-30,338.50567626953125,74.69999694824219,124.0999984741211,5.920000076293945,69.94999694824219,8.149999618530273,17.8799991607666,32.75,68.69999694824219,63.599998474121094
2018-07-31,327.44342041015625,74.5999984741211,123.0,5.989999771118164,70.80000305175781,8.039999961853027,17.899999618530273,33.20000076293945,68.5,63.04999923706055
2018-08-01,327.259033203125,74.25,122.0,5.869999885559082,69.8499984741211,8.0,17.979999542236328,33.849998474121094,67.30000305175781,62.150001525878906
2018-08-02,318.04046630859375,72.80000305175781,119.5,5.690000057220459,69.0999984741211,7.889999866485596,17.260000228881836,33.54999923706055,65.9000015258789,58.849998474121094
2018-08-03,322.46539306640625,72.30000305175781,118.9000015258789,5.679999828338623,69.25,7.630000114440918,16.579999923706055,33.400001525878906,66.19999694824219,57.20000076293945
2018-08-06,325.4153137207031,72.6500015258789,119.5,5.699999809265137,69.25,7.25,16.18000030517578,33.70000076293945,67.5999984741211,56.150001525878906
2018-08-07,329.1027526855469,72.8499984741211,122.5,5.880000114440918,70.0,7.75,16.979999542236328,33.79999923706055,68.1500015258789,57.20000076293945
2018-08-08,335.5557556152344,72.9000015258789,122.9000015258789,6.070000171661377,70.0999984741211,7.480000019073486,16.799999237060547,34.150001525878906,68.3499984741211,59.75
2018-08-09,343.48370361328125,73.3499984741211,122.19999694824219,6.019999980926514,71.30000305175781,8.09000015258789,17.18000030517578,34.599998474121094,69.5999984741211,60.400001525878906
2018-08-10,341.0868835449219,72.5999984741211,121.4000015258789,5.929999828338623,71.8499984741211,7.989999771118164,16.940000534057617,35.04999923706055,69.25,59.400001525878906
2018-08-13,332.7901916503906,72.0999984741211,120.19999694824219,5.809999942779541,70.44999694824219,7.829999923706055,16.6200008392334,35.099998474121094,68.1500015258789,57.849998474121094
2018-08-14,321.3591613769531,72.3499984741211,120.69999694824219,5.869999885559082,71.0,7.5,16.0,35.599998474121094,68.0,55.75
2018-08-15,309.7437744140625,71.55000305175781,119.5,5.800000190734863,71.4000015258789,7.079999923706055,15.15999984741211,35.20000076293945,66.9000015258789,53.29999923706055
2018-08-16,300.3408203125,70.1500015258789,118.69999694824219,5.739999771118164,72.5,6.940000057220459,15.199999809265137,35.400001525878906,65.5999984741211,53.79999923706055
2018-08-17,310.6656188964844,70.0999984741211,118.0999984741211,5.710000038146973,73.30000305175781,6.489999771118164,15.260000228881836,35.20000076293945,65.9000015258789,53.5
2018-08-20,323.3872375488281,70.55000305175781,118.69999694824219,5.760000228881836,74.80000305175781,6.809999942779541,15.260000228881836,35.79999923706055,67.1500015258789,54.95000076293945
2018-08-21,323.202880859375,70.30000305175781,118.30000305175781,5.789999961853027,73.80000305175781,7.46999979019165,16.3799991607666,35.599998474121094,68.30000305175781,55.79999923706055
2018-08-22,331.3152160644531,70.05000305175781,118.0999984741211,5.860000133514404,73.25,7.309999942779541,16.540000915527344,36.25,68.6500015258789,56.849998474121094
2018-08-23,330.94647216796875,69.6500015258789,116.80000305175781,5.800000190734863,73.0,7.699999809265137,16.639999389648438,36.70000076293945,67.94999694824219,56.349998474121094
2018-08-24,326.3371887207031,69.4000015258789,116.9000015258789,5.800000190734863,72.9000015258789,7.829999923706055,16.360000610351562,36.75,66.1500015258789,56.04999923706055
2018-08-27,332.7901916503906,70.0999984741211,119.19999694824219,6.010000228881836,74.0,8.100000381469727,17.5,36.79999923706055,67.44999694824219,58.75
2018-08-28,336.8463439941406,70.19999694824219,119.5999984741211,5.989999771118164,74.30000305175781,8.079999923706055,17.399999618530273,39.45000076293945,67.44999694824219,57.900001525878906
2018-08-29,332.6058044433594,70.1500015258789,120.0,6.070000171661377,75.0,8.25,17.360000610351562,39.349998474121094,68.44999694824219,58.150001525878906
2018-08-30,329.47149658203125,69.5,118.4000015258789,6.070000171661377,73.5,8.180000305175781,17.0,38.349998474121094,67.8499984741211,57.79999923706055
2018-08-31,313.4311828613281,68.8499984741211,116.5,5.840000152587891,73.80000305175781,7.940000057220459,16.68000030517578,39.04999923706055,67.69999694824219,58.099998474121094
2018-09-03,306.7938232421875,68.3499984741211,115.80000305175781,5.71999979019165,74.6500015258789,7.670000076293945,15.9399995803833,39.099998474121094,67.6500015258789,57.20000076293945
2018-09-04,312.1405944824219,68.80000305175781,115.4000015258789,5.789999961853027,75.55000305175781,8.119999885559082,16.260000228881836,39.0,68.0,58.70000076293945
2018-09-05,299.4189758300781,67.80000305175781,111.30000305175781,5.659999847412109,74.0,7.789999961853027,15.539999961853027,37.849998474121094,65.80000305175781,56.75
2018-09-06,290.01605224609375,67.5,111.69999694824219,5.75,75.1500015258789,7.840000152587891,15.300000190734863,37.650001525878906,64.5,54.04999923706055
2018-09-07,292.04412841796875,67.19999694824219,111.80000305175781,5.800000190734863,75.6500015258789,7.849999904632568,15.199999809265137,38.04999923706055,64.05000305175781,52.0
2018-09-10,289.09417724609375,66.3499984741211,111.4000015258789,5.829999923706055,75.80000305175781,7.400000095367432,14.779999732971191,38.04999923706055,61.849998474121094,51.0
2018-09-11,283.9317932128906,66.30000305175781,111.5,5.739999771118164,76.1500015258789,7.199999809265137,14.0600004196167,37.25,62.0,48.099998474121094
2018-09-12,284.300537109375,66.6500015258789,113.0,5.760000228881836,75.75,6.929999828338623,13.880000114440918,37.04999923706055,62.79999923706055,45.70000076293945
2018-09-13,298.49713134765625,67.55000305175781,114.69999694824219,5.940000057220459,76.0,7.360000133514404,15.039999961853027,36.20000076293945,64.0,48.0
2018-09-14,304.2126159667969,67.9000015258789,117.19999694824219,5.96999979019165,76.9000015258789,7.650000095367432,15.300000190734863,37.79999923706055,64.80000305175781,49.849998474121094
2018-09-17,294.256591796875,67.55000305175781,116.19999694824219,6.0,76.05000305175781,7.389999866485596,14.720000267028809,37.400001525878906,64.3499984741211,49.150001525878906
2018-09-18,293.1503601074219,67.75,117.0,6.050000190734863,76.3499984741211,7.5,14.140000343322754,37.5,65.1500015258789,51.150001525878906
2018-09-19,296.4690246582031,67.94999694824219,116.80000305175781,6.170000076293945,75.75,7.570000171661377,14.9399995803833,37.400001525878906,65.75,52.79999923706055
2018-09-20,298.8658752441406,68.6500015258789,116.30000305175781,6.159999847412109,76.9000015258789,7.590000152587891,14.9399995803833,37.79999923706055,65.5,52.900001525878906
2018-09-21,308.268798828125,69.75,116.9000015258789,6.099999904632568,76.25,7.769999980926514,16.579999923706055,38.0,67.80000305175781,54.849998474121094
2018-09-24,302.1845397949219,68.94999694824219,116.0,5.980000019073486,75.5,7.679999828338623,15.920000076293945,36.849998474121094,66.9000015258789,52.70000076293945
2018-09-26,304.2126159667969,69.6500015258789,115.9000015258789,6.269999980926514,75.69999694824219,7.599999904632568,15.920000076293945,37.349998474121094,68.0999984741211,52.650001525878906
2018-09-27,299.9720764160156,69.4000015258789,115.0999984741211,6.230000019073486,76.0,7.570000171661377,15.65999984741211,37.75,69.0,50.29999923706055
2018-09-28,297.9440002441406,69.19999694824219,114.0,6.340000152587891,77.1500015258789,7.670000076293945,15.600000381469727,38.29999923706055,69.9000015258789,49.650001525878906
2018-10-02,292.2284851074219,67.75,111.4000015258789,6.329999923706055,75.44999694824219,7.679999828338623,14.9399995803833,37.150001525878906,67.55000305175781,47.29999923706055
2018-10-03,291.306640625,67.94999694824219,111.0999984741211,6.460000038146973,75.8499984741211,7.539999961853027,14.84000015258789,37.70000076293945,65.80000305175781,48.0
2018-10-04,284.300537109375,68.05000305175781,109.5999984741211,6.289999961853027,75.6500015258789,7.139999866485596,14.220000267028809,36.650001525878906,63.95000076293945,48.849998474121094
2018-10-05,281.1662292480469,68.44999694824219,109.5999984741211,6.230000019073486,77.55000305175781,6.96999979019165,14.380000114440918,37.25,63.75,48.45000076293945
2018-10-08,275.63507080078125,68.05000305175781,108.9000015258789,6.119999885559082,78.05000305175781,6.610000133514404,14.140000343322754,37.099998474121094,63.54999923706055,45.25
2018-10-09,270.8414306640625,67.6500015258789,109.5,6.21999979019165,78.4000015258789,6.760000228881836,13.399999618530273,37.650001525878906,63.0,44.79999923706055
2018-10-10,264.0196838378906,68.0999984741211,108.4000015258789,6.230000019073486,80.75,6.670000076293945,13.760000228881836,37.099998474121094,63.20000076293945,44.95000076293945
2018-10-11,246.1356658935547,66.05000305175781,105.4000015258789,5.989999771118164,78.5,6.159999847412109,12.899999618530273,36.75,60.5,42.79999923706055
2018-10-12,265.8634033203125,66.05000305175781,104.69999694824219,5.960000038146973,78.0,6.269999980926514,14.079999923706055,36.45000076293945,62.95000076293945,45.650001525878906
2018-10-15,260.70098876953125,64.75,103.69999694824219,6.0,76.5999984741211,6.099999904632568,13.84000015258789,35.95000076293945,62.400001525878906,44.54999923706055
2018-10-16,259.410400390625,64.80000305175781,102.9000015258789,6.050000190734863,77.69999694824219,6.400000095367432,14.039999961853027,35.75,61.45000076293945,44.900001525878906
2018-10-18,259.0416564941406,64.55000305175781,102.80000305175781,5.960000038146973,78.1500015258789,6.5,13.699999809265137,35.04999923706055,61.849998474121094,45.349998474121094
2018-10-19,259.9635314941406,63.849998474121094,103.4000015258789,5.920000076293945,77.8499984741211,6.849999904632568,14.020000457763672,36.0,62.29999923706055,45.599998474121094
2018-10-22,268.4446105957031,64.3499984741211,104.0999984741211,6.03000020980835,77.5,7.139999866485596,15.119999885559082,36.79999923706055,64.6500015258789,47.20000076293945
2018-10-23,256.09173583984375,62.400001525878906,101.69999694824219,5.920000076293945,74.5,6.889999866485596,14.65999984741211,36.04999923706055,61.650001525878906,43.45000076293945
2018-10-24,254.2480010986328,61.599998474121094,101.0,5.809999942779541,74.69999694824219,6.769999980926514,14.600000381469727,36.400001525878906,60.70000076293945,43.04999923706055
2018-10-25,247.97938537597656,61.04999923706055,100.9000015258789,5.650000095367432,74.0999984741211,6.449999809265137,14.460000038146973,37.349998474121094,59.349998474121094,42.45000076293945
2018-10-26,239.68267822265625,60.5,102.5999984741211,5.559999942779541,73.05000305175781,6.309999942779541,14.0,36.29999923706055,59.400001525878906,42.29999923706055
2018-10-29,239.68267822265625,63.54999923706055,103.80000305175781,5.579999923706055,71.80000305175781,6.300000190734863,13.619999885559082,36.849998474121094,59.54999923706055,41.79999923706055
2018-10-30,232.49220275878906,63.150001525878906,101.80000305175781,5.550000190734863,71.4000015258789,6.170000076293945,13.9399995803833,36.25,58.25,40.75
2018-10-31,246.1356658935547,64.4000015258789,101.9000015258789,5.739999771118164,73.30000305175781,6.340000152587891,15.0,37.79999923706055,59.349998474121094,42.400001525878906
2018-11-01,256.09173583984375,65.05000305175781,103.9000015258789,5.789999961853027,73.94999694824219,6.619999885559082,15.359999656677246,36.79999923706055,61.29999923706055,43.75
2018-11-02,279.8756103515625,66.4000015258789,106.9000015258789,5.820000171661377,74.05000305175781,7.300000190734863,17.15999984741211,37.45000076293945,64.25,47.900001525878906
2018-11-05,269.5508117675781,65.5,105.19999694824219,5.800000190734863,72.75,7.210000038146973,16.68000030517578,37.75,62.20000076293945,46.54999923706055
2018-11-06,269.18206787109375,66.05000305175781,107.5,5.929999828338623,73.80000305175781,7.239999771118164,16.200000762939453,38.45000076293945,62.5,45.79999923706055
2018-11-07,270.4726867675781,65.94999694824219,107.19999694824219,5.96999979019165,72.8499984741211,7.239999771118164,15.399999618530273,38.95000076293945,63.599998474121094,46.0
2018-11-08,270.65704345703125,65.9000015258789,107.5999984741211,6.050000190734863,74.8499984741211,7.090000152587891,15.079999923706055,39.0,63.349998474121094,44.25
2018-11-09,257.38232421875,64.6500015258789,106.0,5.909999847412109,72.9000015258789,7.230000019073486,14.5600004196167,39.150001525878906,62.650001525878906,42.900001525878906
2018-11-12,249.45436096191406,65.05000305175781,101.80000305175781,5.960000038146973,74.19999694824219,7.269999980926514,14.420000076293945,39.099998474121094,63.650001525878906,42.75
2018-11-13,252.95741271972656,64.75,102.9000015258789,5.880000114440918,75.0999984741211,7.349999904632568,15.100000381469727,39.5,64.75,44.099998474121094
2018-11-14,250.9293212890625,65.25,102.69999694824219,5.670000076293945,75.0999984741211,7.139999866485596,14.859999656677246,39.150001525878906,63.5,44.400001525878906
2018-11-15,265.4946594238281,66.0,105.30000305175781,5.699999809265137,76.44999694824219,7.659999847412109,14.779999732971191,39.349998474121094,64.19999694824219,46.95000076293945
2018-11-16,267.7071228027344,66.19999694824219,106.5999984741211,5.679999828338623,76.8499984741211,7.579999923706055,14.779999732971191,38.650001525878906,64.5999984741211,46.25
2018-11-19,268.4446105957031,66.05000305175781,110.0999984741211,5.670000076293945,77.25,7.630000114440918,15.15999984741211,39.20000076293945,65.55000305175781,46.900001525878906
2018-11-20,259.59478759765625,65.0999984741211,108.0,5.539999961853027,76.5,7.059999942779541,14.600000381469727,38.79999923706055,62.75,45.04999923706055
2018-11-21,266.9696350097656,65.30000305175781,109.30000305175781,5.429999828338623,75.5,7.139999866485596,15.279999732971191,38.45000076293945,63.45000076293945,46.75
2018-11-22,271.9476623535156,65.94999694824219,109.30000305175781,5.420000076293945,74.9000015258789,7.110000133514404,15.4399995803833,38.70000076293945,63.650001525878906,47.400001525878906
2018-11-23,268.4446105957031,65.9000015258789,108.80000305175781,5.380000114440918,75.9000015258789,6.989999771118164,14.960000038146973,38.54999923706055,63.75,46.650001525878906
2018-11-26,274.7132263183594,66.8499984741211,111.80000305175781,5.300000190734863,77.75,6.929999828338623,15.180000305175781,38.900001525878906,64.9000015258789,48.70000076293945
2018-11-27,280.05999755859375,67.0999984741211,111.69999694824219,5.329999923706055,76.80000305175781,6.889999866485596,15.260000228881836,38.54999923706055,64.3499984741211,49.20000076293945
2018-11-28,290.2004089355469,67.6500015258789,112.19999694824219,5.400000095367432,77.69999694824219,6.960000038146973,15.520000457763672,38.54999923706055,64.69999694824219,50.5
2018-11-29,287.61920166015625,66.6500015258789,113.30000305175781,5.429999828338623,76.5,7.099999904632568,15.4399995803833,38.900001525878906,64.4000015258789,48.5
2018-11-30,287.61920166015625,66.9000015258789,111.5,5.489999771118164,77.6500015258789,7.0,15.420000076293945,38.54999923706055,63.849998474121094,48.04999923706055
2018-12-03,299.4189758300781,68.19999694824219,114.19999694824219,5.699999809265137,75.3499984741211,7.070000171661377,15.84000015258789,38.5,66.25,52.79999923706055
2018-12-04,302.7376708984375,68.0999984741211,113.5999984741211,5.670000076293945,75.75,7.210000038146973,15.739999771118164,38.45000076293945,67.0,52.900001525878906
2018-12-05,295.9159240722656,66.30000305175781,113.0,5.550000190734863,76.1500015258789,7.159999847412109,15.079999923706055,38.0,64.80000305175781,51.900001525878906
2018-12-06,280.4287414550781,64.94999694824219,112.19999694824219,5.429999828338623,76.05000305175781,6.949999809265137,14.5600004196167,36.650001525878906,63.20000076293945,49.849998474121094
2018-12-07,286.32861328125,63.70000076293945,113.19999694824219,5.309999942779541,77.55000305175781,7.019999980926514,14.319999694824219,35.0,63.04999923706055,48.75
2018-12-10,283.9317932128906,63.75,111.19999694824219,5.360000133514404,76.94999694824219,6.889999866485596,14.0600004196167,33.79999923706055,61.900001525878906,49.400001525878906
2018-12-11,286.8817138671875,63.349998474121094,110.19999694824219,5.289999961853027,75.69999694824219,6.980000019073486,14.140000343322754,34.150001525878906,62.349998474121094,50.599998474121094
2018-12-12,292.04412841796875,64.0,112.19999694824219,5.380000114440918,77.19999694824219,7.010000228881836,14.140000343322754,34.099998474121094,63.95000076293945,50.400001525878906
2018-12-13,293.7034606933594,65.19999694824219,115.0,5.449999809265137,77.44999694824219,7.119999885559082,14.739999771118164,34.349998474121094,64.5999984741211,52.099998474121094
2018-12-14,284.6692810058594,64.0999984741211,113.5,5.369999885559082,74.94999694824219,6.940000057220459,14.479999542236328,32.900001525878906,64.05000305175781,51.150001525878906
2018-12-17,284.6692810058594,64.25,113.9000015258789,5.309999942779541,75.25,6.860000133514404,14.100000381469727,32.45000076293945,63.75,50.20000076293945
2018-12-18,279.13812255859375,63.79999923706055,113.19999694824219,5.190000057220459,75.0,6.659999847412109,13.800000190734863,32.45000076293945,63.349998474121094,49.849998474121094
2018-12-19,279.322509765625,64.0999984741211,114.9000015258789,5.039999961853027,75.75,6.539999961853027,13.819999694824219,32.099998474121094,64.44999694824219,50.70000076293945
2018-12-20,278.0318908691406,63.54999923706055,114.19999694824219,4.949999809265137,76.0,6.320000171661377,13.619999885559082,31.850000381469727,64.1500015258789,48.599998474121094
2018-12-21,290.56915283203125,64.55000305175781,113.0999984741211,4.880000114440918,75.3499984741211,6.309999942779541,13.84000015258789,31.950000762939453,64.80000305175781,48.29999923706055
2018-12-24,286.32861328125,64.1500015258789,113.4000015258789,4.849999904632568,74.0,6.210000038146973,13.800000190734863,31.25,64.0,47.79999923706055
2018-12-27,285.4067687988281,64.0,111.80000305175781,4.840000152587891,74.44999694824219,6.159999847412109,13.359999656677246,31.850000381469727,63.70000076293945,47.849998474121094
2018-12-28,285.7755126953125,63.75,110.19999694824219,4.809999942779541,73.9000015258789,6.46999979019165,13.619999885559082,32.150001525878906,64.1500015258789,48.54999923706055
2018-12-31,289.4629211425781,64.80000305175781,111.5999984741211,4.880000114440918,75.3499984741211,6.349999904632568,13.800000190734863,32.900001525878906,65.0,49.79999923706055
2019-01-02,282.64117431640625,63.29999923706055,108.80000305175781,4.630000114440918,73.4000015258789,6.190000057220459,12.979999542236328,31.049999237060547,62.95000076293945,47.349998474121094
2019-01-03,281.1662292480469,63.25,112.0,4.760000228881836,74.0999984741211,6.050000190734863,11.920000076293945,30.5,61.849998474121094,47.75
2019-01-04,286.32861328125,64.3499984741211,117.4000015258789,4.880000114440918,76.80000305175781,6.050000190734863,11.880000114440918,31.100000381469727,63.45000076293945,48.599998474121094
2019-01-07,292.7816162109375,64.9000015258789,118.19999694824219,4.909999847412109,77.94999694824219,6.150000095367432,11.520000457763672,31.700000762939453,63.29999923706055,48.150001525878906
2019-01-08,290.9378967285156,64.75,119.5,4.949999809265137,78.44999694824219,6.480000019073486,10.220000267028809,32.650001525878906,64.0,48.0
2019-01-09,302.00018310546875,65.5,120.0,5.03000020980835,79.80000305175781,6.369999885559082,11.079999923706055,33.0,65.9000015258789,49.79999923706055
2019-01-10,303.290771484375,64.80000305175781,120.80000305175781,5.03000020980835,79.75,6.800000190734863,11.0,32.79999923706055,66.80000305175781,49.45000076293945
2019-01-11,305.31884765625,65.4000015258789,122.0,5.059999942779541,80.0,6.739999771118164,11.100000381469727,33.099998474121094,67.30000305175781,48.04999923706055
2019-01-14,296.6534118652344,64.55000305175781,120.5999984741211,4.900000095367432,80.05000305175781,6.53000020980835,10.760000228881836,32.79999923706055,67.0999984741211,46.29999923706055
2019-01-15,304.2126159667969,65.0999984741211,123.69999694824219,5.010000228881836,81.5999984741211,6.760000228881836,11.260000228881836,32.54999923706055,69.5999984741211,47.150001525878906
2019-01-16,305.1344909667969,65.1500015258789,123.5,5.010000228881836,81.4000015258789,6.889999866485596,11.520000457763672,32.75,69.69999694824219,47.70000076293945
2019-01-17,305.31884765625,65.1500015258789,121.5,4.989999771118164,80.6500015258789,6.78000020980835,11.600000381469727,32.29999923706055,68.6500015258789,47.5
2019-01-18,310.6656188964844,65.3499984741211,124.0,5.050000190734863,80.8499984741211,6.929999828338623,12.260000228881836,34.29999923706055,69.9000015258789,49.150001525878906
2019-01-21,313.4311828613281,65.3499984741211,124.19999694824219,5.130000114440918,80.94999694824219,6.96999979019165,12.739999771118164,34.650001525878906,68.5999984741211,50.349998474121094
2019-01-22,309.55938720703125,65.0999984741211,123.69999694824219,4.960000038146973,80.3499984741211,6.840000152587891,12.399999618530273,34.0,68.80000305175781,49.400001525878906
2019-01-23,307.1625671386719,64.94999694824219,125.19999694824219,4.900000095367432,81.30000305175781,6.800000190734863,12.239999771118164,35.04999923706055,68.44999694824219,49.20000076293945
2019-01-24,304.3970031738281,65.30000305175781,126.30000305175781,4.949999809265137,82.3499984741211,7.050000190734863,12.739999771118164,35.25,68.30000305175781,49.0
2019-01-25,316.9342346191406,65.9000015258789,129.0,5.039999961853027,81.1500015258789,6.96999979019165,13.380000114440918,35.150001525878906,69.5,51.25
2019-01-28,314.9061584472656,65.8499984741211,128.0,4.989999771118164,82.4000015258789,6.840000152587891,13.199999809265137,34.79999923706055,69.9000015258789,50.79999923706055
2019-01-29,315.6436462402344,65.94999694824219,129.6999969482422,4.980000019073486,82.0,6.900000095367432,12.65999984741211,34.95000076293945,68.6500015258789,51.150001525878906
2019-01-30,317.302978515625,66.30000305175781,130.8000030517578,4.980000019073486,82.55000305175781,6.789999961853027,12.65999984741211,34.099998474121094,68.8499984741211,51.099998474121094
2019-01-31,318.96234130859375,66.69999694824219,131.1999969482422,5.059999942779541,82.30000305175781,7.179999828338623,13.260000228881836,35.04999923706055,70.5,54.0
2019-02-01,320.8060302734375,66.0999984741211,130.0,5.070000171661377,83.1500015258789,7.199999809265137,13.199999809265137,36.04999923706055,69.9000015258789,55.099998474121094
2019-02-04,320.4372863769531,65.94999694824219,130.39999389648438,5.050000190734863,83.4000015258789,7.159999847412109,13.260000228881836,35.400001525878906,72.44999694824219,54.650001525878906
2019-02-08,318.5935974121094,65.8499984741211,131.1999969482422,4.960000038146973,82.3499984741211,7.210000038146973,13.079999923706055,35.400001525878906,74.05000305175781,54.099998474121094
2019-02-11,324.49346923828125,66.0,132.10000610351562,4.929999828338623,82.25,7.099999904632568,13.739999771118164,35.349998474121094,74.4000015258789,54.900001525878906
2019-02-12,323.94036865234375,66.25,132.3000030517578,4.920000076293945,82.5,7.320000171661377,14.34000015258789,35.900001525878906,73.0,54.79999923706055
2019-02-13,320.6216735839844,67.0999984741211,133.0,5.03000020980835,83.1500015258789,7.340000152587891,15.0,36.20000076293945,74.5,55.599998474121094
2019-02-14,315.0905456542969,67.19999694824219,133.89999389648438,5.039999961853027,83.4000015258789,7.730000019073486,14.779999732971191,36.20000076293945,74.80000305175781,54.25
2019-02-15,307.7156677246094,66.3499984741211,132.39999389648438,4.980000019073486,83.30000305175781,7.730000019073486,14.0,35.04999923706055,73.19999694824219,51.70000076293945
2019-02-18,313.246826171875,67.69999694824219,133.5,5.210000038146973,83.8499984741211,7.840000152587891,14.420000076293945,35.599998474121094,74.4000015258789,52.849998474121094
2019-02-19,310.48126220703125,66.1500015258789,133.0,5.21999979019165,82.5999984741211,7.599999904632568,14.420000076293945,34.849998474121094,74.19999694824219,53.099998474121094
2019-02-20,314.3530578613281,66.05000305175781,134.39999389648438,5.289999961853027,82.69999694824219,7.840000152587891,14.920000076293945,33.650001525878906,75.75,54.70000076293945
2019-02-21,316.3811340332031,64.9000015258789,134.6999969482422,5.289999961853027,83.0999984741211,7.920000076293945,15.279999732971191,34.04999923706055,75.80000305175781,56.95000076293945
2019-02-22,317.1186218261719,64.4000015258789,133.60000610351562,5.320000171661377,85.0,7.96999979019165,15.4399995803833,33.599998474121094,76.55000305175781,57.150001525878906
2019-02-25,316.9342346191406,64.19999694824219,133.89999389648438,5.309999942779541,82.6500015258789,7.860000133514404,15.880000114440918,33.400001525878906,76.5999984741211,56.849998474121094
2019-02-26,316.1967468261719,63.95000076293945,131.8000030517578,5.28000020980835,83.05000305175781,7.909999847412109,15.399999618530273,35.0,75.75,55.95000076293945
2019-02-27,313.6155700683594,64.0999984741211,132.89999389648438,5.269999980926514,83.44999694824219,7.829999923706055,15.039999961853027,34.95000076293945,77.0,55.849998474121094
2019-02-28,309.55938720703125,64.1500015258789,130.0,5.190000057220459,82.5999984741211,8.050000190734863,14.739999771118164,34.900001525878906,78.5,55.75
2019-03-01,309.9281311035156,64.19999694824219,129.3000030517578,5.210000038146973,83.9000015258789,8.8100004196167,15.420000076293945,34.5,79.0,54.400001525878906
2019-03-04,319.6998291015625,64.19999694824219,130.10000610351562,5.179999828338623,81.6500015258789,9.210000038146973,15.15999984741211,35.0,78.5,56.349998474121094
2019-03-05,333.1589050292969,64.3499984741211,129.1999969482422,5.190000057220459,81.0,9.5,15.399999618530273,36.099998474121094,77.5,55.150001525878906
2019-03-06,333.7120361328125,64.69999694824219,130.1999969482422,5.159999847412109,81.0,9.369999885559082,15.819999694824219,36.400001525878906,77.5999984741211,54.650001525878906
2019-03-07,327.44342041015625,64.8499984741211,130.1999969482422,5.130000114440918,81.1500015258789,9.289999961853027,14.600000381469727,35.650001525878906,76.5999984741211,53.25
2019-03-08,319.8841857910156,64.25,129.60000610351562,5.03000020980835,81.25,9.0600004196167,14.119999885559082,34.45000076293945,75.0,51.599998474121094
2019-03-11,327.0746765136719,64.44999694824219,129.1999969482422,5.059999942779541,82.94999694824219,9.100000381469727,13.920000076293945,35.599998474121094,76.80000305175781,51.45000076293945
2019-03-12,332.7901916503906,64.8499984741211,129.6999969482422,5.119999885559082,84.5999984741211,9.239999771118164,14.079999923706055,36.29999923706055,78.1500015258789,52.20000076293945
2019-03-13,330.3933410644531,64.4000015258789,130.3000030517578,5.099999904632568,84.4000015258789,9.34000015258789,13.9399995803833,35.0,78.69999694824219,51.849998474121094
2019-03-14,329.6558532714844,64.6500015258789,129.1999969482422,5.119999885559082,85.5,9.149999618530273,13.680000305175781,34.79999923706055,78.75,51.54999923706055
2019-03-15,330.94647216796875,64.8499984741211,129.3000030517578,5.099999904632568,85.94999694824219,9.3100004196167,13.819999694824219,34.20000076293945,78.5,52.900001525878906
2019-03-18,339.98065185546875,65.0999984741211,130.60000610351562,5.230000019073486,86.9000015258789,9.350000381469727,14.279999732971191,34.150001525878906,79.05000305175781,53.79999923706055
2019-03-19,341.0868835449219,65.3499984741211,130.8000030517578,5.360000133514404,87.0,9.5600004196167,14.4399995803833,34.54999923706055,78.30000305175781,54.0
2019-03-20,341.0868835449219,65.05000305175781,130.60000610351562,5.380000114440918,87.25,9.5,14.100000381469727,34.150001525878906,77.5,53.29999923706055
2019-03-21,334.6338806152344,64.80000305175781,130.1999969482422,5.389999866485596,83.0999984741211,9.380000114440918,14.420000076293945,34.900001525878906,76.25,53.900001525878906
2019-03-22,336.47760009765625,64.75,130.6999969482422,5.28000020980835,81.9000015258789,9.329999923706055,15.239999771118164,33.29999923706055,77.0999984741211,53.849998474121094
2019-03-25,326.1528015136719,63.70000076293945,130.0,5.079999923706055,81.3499984741211,9.0,14.720000267028809,31.600000381469727,75.4000015258789,51.54999923706055
2019-03-26,323.94036865234375,63.900001525878906,129.89999389648438,5.079999923706055,80.69999694824219,8.949999809265137,14.84000015258789,30.450000762939453,75.6500015258789,51.79999923706055
2019-03-27,326.8902893066406,63.849998474121094,130.8000030517578,5.110000133514404,80.30000305175781,8.949999809265137,14.859999656677246,31.5,76.3499984741211,52.5
2019-03-28,326.3371887207031,63.70000076293945,133.60000610351562,5.110000133514404,80.30000305175781,8.859999656677246,14.800000190734863,32.29999923706055,76.4000015258789,52.150001525878906
2019-03-29,332.7901916503906,63.900001525878906,134.6999969482422,5.090000152587891,80.0,9.069999694824219,15.0,32.70000076293945,78.1500015258789,53.45000076293945
2019-04-01,336.47760009765625,64.75,141.39999389648438,5.150000095367432,78.0999984741211,8.8100004196167,15.5600004196167,33.099998474121094,79.0999984741211,56.650001525878906
2019-04-02,337.39947509765625,65.44999694824219,141.3000030517578,5.150000095367432,78.3499984741211,8.920000076293945,15.819999694824219,33.099998474121094,80.0,58.95000076293945
2019-04-03,348.46173095703125,66.4000015258789,141.60000610351562,5.190000057220459,80.05000305175781,8.989999771118164,16.360000610351562,33.150001525878906,80.8499984741211,60.75
2019-04-04,346.6180114746094,66.5,141.5,5.210000038146973,79.5,9.0,16.760000228881836,33.099998474121094,80.0,61.29999923706055
2019-04-08,350.48980712890625,66.69999694824219,141.3000030517578,5.28000020980835,78.3499984741211,9.0,17.15999984741211,32.95000076293945,80.0,59.849998474121094
2019-04-09,353.6241455078125,67.0,140.6999969482422,5.300000190734863,78.0999984741211,9.789999961853027,17.31999969482422,33.0,79.69999694824219,59.70000076293945
2019-04-10,358.41778564453125,66.94999694824219,139.60000610351562,5.230000019073486,77.8499984741211,10.0,17.700000762939453,32.70000076293945,80.25,60.400001525878906
2019-04-11,360.8146057128906,66.5999984741211,136.8000030517578,5.159999847412109,77.30000305175781,9.880000114440918,17.6200008392334,32.54999923706055,80.0,58.04999923706055
2019-04-12,363.0270690917969,66.9000015258789,136.0,5.110000133514404,77.0,10.0,16.899999618530273,32.25,79.30000305175781,58.20000076293945
2019-04-15,357.86468505859375,67.0999984741211,134.6999969482422,5.050000190734863,76.55000305175781,9.760000228881836,16.940000534057617,32.0,80.0,58.54999923706055
2019-04-16,362.84271240234375,67.5999984741211,133.8000030517578,5.050000190734863,76.8499984741211,9.800000190734863,16.68000030517578,31.850000381469727,80.9000015258789,58.349998474121094
2019-04-17,364.6864013671875,67.8499984741211,133.8000030517578,5.059999942779541,76.0,9.779999732971191,18.81999969482422,31.950000762939453,79.9000015258789,59.0
2019-04-18,360.9989929199219,67.5999984741211,133.5,5.039999961853027,75.69999694824219,9.649999618530273,18.1200008392334,31.549999237060547,79.69999694824219,58.650001525878906
2019-04-23,362.2895812988281,67.69999694824219,132.8000030517578,5.110000133514404,75.44999694824219,9.279999732971191,17.84000015258789,31.100000381469727,80.30000305175781,58.349998474121094
2019-04-24,362.2895812988281,67.19999694824219,133.1999969482422,5.090000152587891,74.6500015258789,9.520000457763672,16.8799991607666,31.649999618530273,80.19999694824219,58.650001525878906
2019-04-25,352.88665771484375,66.9000015258789,135.1999969482422,5.079999923706055,74.1500015258789,9.130000114440918,16.059999465942383,31.200000762939453,79.8499984741211,58.099998474121094
2019-04-26,353.9928894042969,67.0,135.89999389648438,5.050000190734863,75.05000305175781,9.210000038146973,16.040000915527344,30.299999237060547,79.9000015258789,58.849998474121094
2019-04-29,360.0771179199219,67.44999694824219,136.1999969482422,5.059999942779541,75.1500015258789,9.0600004196167,16.020000457763672,30.5,80.30000305175781,60.5
2019-04-30,357.6802978515625,67.69999694824219,135.39999389648438,4.980000019073486,74.75,9.380000114440918,15.739999771118164,30.799999237060547,79.94999694824219,58.650001525878906
2019-05-02,360.8146057128906,68.25,135.89999389648438,4.900000095367432,74.0,9.210000038146973,15.520000457763672,30.850000381469727,83.25,59.349998474121094
2019-05-03,357.4959411621094,69.69999694824219,137.10000610351562,4.880000114440918,74.30000305175781,9.260000228881836,15.699999809265137,31.100000381469727,83.44999694824219,59.95000076293945
2019-05-06,346.249267578125,68.0999984741211,134.39999389648438,4.789999961853027,73.9000015258789,8.819999694824219,14.579999923706055,30.5,80.44999694824219,57.29999923706055
2019-05-07,351.0429382324219,68.69999694824219,135.10000610351562,4.769999980926514,73.44999694824219,8.789999961853027,14.640000343322754,31.0,81.80000305175781,57.04999923706055
2019-05-08,354.7303466796875,67.44999694824219,134.5,4.699999809265137,72.6500015258789,8.640000343322754,14.359999656677246,30.149999618530273,80.4000015258789,55.75
2019-05-09,346.249267578125,66.44999694824219,132.8000030517578,4.639999866485596,72.75,8.0,13.5,30.100000381469727,77.6500015258789,53.45000076293945
2019-05-10,352.149169921875,66.9000015258789,134.0,4.599999904632568,72.0999984741211,8.270000457763672,13.779999732971191,30.350000381469727,77.94999694824219,54.349998474121094
2019-05-14,341.6400146484375,66.30000305175781,132.89999389648438,4.550000190734863,72.0999984741211,8.100000381469727,13.600000381469727,30.399999618530273,75.69999694824219,51.5
2019-05-15,344.7743225097656,66.69999694824219,132.3000030517578,4.550000190734863,71.8499984741211,8.649999618530273,13.760000228881836,30.0,77.4000015258789,51.95000076293945
2019-05-16,337.0307312011719,66.0999984741211,134.8000030517578,4.579999923706055,71.25,8.270000457763672,13.4399995803833,29.950000762939453,77.0,51.04999923706055
2019-05-17,327.99652099609375,65.55000305175781,134.0,4.559999942779541,72.55000305175781,8.0,13.0600004196167,30.0,77.05000305175781,49.849998474121094
2019-05-20,315.27490234375,65.19999694824219,135.0,4.610000133514404,73.0999984741211,7.579999923706055,12.619999885559082,29.799999237060547,76.75,47.95000076293945
2019-05-21,314.53741455078125,65.0999984741211,133.89999389648438,4.599999904632568,73.5,7.619999885559082,12.600000381469727,29.450000762939453,75.0,47.79999923706055
2019-05-22,312.50933837890625,65.30000305175781,134.60000610351562,4.579999923706055,72.55000305175781,7.679999828338623,12.720000267028809,29.200000762939453,76.05000305175781,48.25
2019-05-23,300.52520751953125,65.25,134.10000610351562,4.510000228881836,72.0999984741211,7.579999923706055,12.180000305175781,29.0,74.9000015258789,46.849998474121094
2019-05-24,299.4189758300781,65.4000015258789,134.60000610351562,4.489999771118164,73.4000015258789,7.550000190734863,12.460000038146973,28.950000762939453,75.44999694824219,47.0
2019-05-27,298.49713134765625,65.44999694824219,135.3000030517578,4.480000019073486,71.5999984741211,7.46999979019165,12.4399995803833,28.700000762939453,75.75,46.849998474121094
2019-05-28,300.1564636230469,65.44999694824219,134.0,4.5,70.5,7.639999866485596,13.020000457763672,29.100000381469727,77.5,48.04999923706055
2019-05-29,296.8377685546875,64.8499984741211,130.6999969482422,4.429999828338623,70.05000305175781,7.429999828338623,12.960000038146973,29.450000762939453,76.69999694824219,47.54999923706055
2019-05-30,299.05023193359375,64.5,129.6999969482422,4.460000038146973,70.05000305175781,7.360000133514404,12.819999694824219,29.700000762939453,75.05000305175781,46.900001525878906
2019-05-31,300.52520751953125,64.05000305175781,124.0999984741211,4.380000114440918,68.44999694824219,7.429999828338623,12.859999656677246,29.450000762939453,73.6500015258789,47.400001525878906
2019-06-03,307.53131103515625,63.29999923706055,123.5999984741211,4.389999866485596,70.44999694824219,7.429999828338623,12.779999732971191,29.649999618530273,72.44999694824219,46.349998474121094
2019-06-04,301.6314392089844,63.70000076293945,123.5,4.340000152587891,70.4000015258789,7.099999904632568,12.5,28.75,72.19999694824219,46.0
2019-06-05,305.1344909667969,64.25,124.0999984741211,4.289999961853027,70.25,7.159999847412109,12.5600004196167,28.899999618530273,73.75,46.95000076293945
2019-06-06,304.58135986328125,64.30000305175781,126.4000015258789,4.28000020980835,70.4000015258789,7.110000133514404,12.84000015258789,28.600000381469727,74.30000305175781,46.79999923706055
2019-06-10,316.1967468261719,65.25,128.89999389648438,4.349999904632568,70.05000305175781,7.400000095367432,12.920000076293945,28.299999237060547,76.30000305175781,50.150001525878906
2019-06-11,317.6717224121094,65.44999694824219,129.10000610351562,4.349999904632568,69.9000015258789,7.670000076293945,13.079999923706055,28.200000762939453,77.0999984741211,50.25
2019-06-12,311.03436279296875,64.69999694824219,125.0999984741211,4.28000020980835,68.80000305175781,7.420000076293945,12.699999809265137,27.75,75.0999984741211,49.0
2019-06-13,308.08441162109375,64.30000305175781,125.30000305175781,4.230000019073486,68.94999694824219,7.460000038146973,12.579999923706055,27.200000762939453,75.05000305175781,48.650001525878906
2019-06-14,304.2126159667969,63.79999923706055,125.9000015258789,4.269999980926514,68.30000305175781,7.150000095367432,12.15999984741211,27.299999237060547,73.80000305175781,48.5
2019-06-17,303.290771484375,64.19999694824219,127.0,4.28000020980835,68.1500015258789,7.150000095367432,12.319999694824219,27.649999618530273,75.19999694824219,48.20000076293945
2019-06-18,307.9000549316406,64.05000305175781,130.1999969482422,4.28000020980835,68.75,7.239999771118164,12.4399995803833,27.5,76.69999694824219,49.20000076293945
2019-06-19,320.0685729980469,65.1500015258789,131.8000030517578,4.369999885559082,69.75,7.690000057220459,12.720000267028809,28.100000381469727,80.0,51.5
2019-06-20,326.3371887207031,65.19999694824219,134.39999389648438,4.340000152587891,70.25,7.769999980926514,13.34000015258789,27.649999618530273,82.05000305175781,52.150001525878906
2019-06-21,326.7059326171875,64.6500015258789,133.0,4.360000133514404,71.0,7.690000057220459,13.100000381469727,27.25,82.69999694824219,51.150001525878906
2019-06-24,327.99652099609375,64.3499984741211,134.5,4.360000133514404,70.44999694824219,7.670000076293945,13.15999984741211,27.049999237060547,82.8499984741211,51.0
2019-06-25,322.0966491699219,64.0999984741211,133.6999969482422,4.309999942779541,70.19999694824219,7.489999771118164,13.15999984741211,26.299999237060547,82.4000015258789,50.0
2019-06-26,321.7279052734375,64.1500015258789,131.39999389648438,4.300000190734863,70.30000305175781,7.53000020980835,13.100000381469727,26.850000381469727,82.5999984741211,50.400001525878906
2019-06-27,325.23095703125,65.05000305175781,133.10000610351562,4.349999904632568,71.4000015258789,7.579999923706055,13.420000076293945,27.299999237060547,84.19999694824219,52.349998474121094
2019-06-28,325.04656982421875,64.80000305175781,132.5,4.309999942779541,71.1500015258789,7.480000019073486,13.359999656677246,27.5,84.25,52.650001525878906
2019-07-02,334.0807800292969,65.3499984741211,132.60000610351562,4.340000152587891,71.19999694824219,7.659999847412109,13.680000305175781,27.299999237060547,86.19999694824219,56.400001525878906
2019-07-03,332.237060546875,65.5,134.6999969482422,4.269999980926514,71.1500015258789,7.559999942779541,13.819999694824219,27.200000762939453,86.69999694824219,55.54999923706055
2019-07-04,331.8683166503906,65.5999984741211,136.1999969482422,4.25,71.19999694824219,7.400000095367432,13.539999961853027,27.25,86.0,55.5
2019-07-05,331.6839599609375,65.44999694824219,136.60000610351562,4.25,70.9000015258789,7.440000057220459,12.680000305175781,27.149999618530273,86.25,55.650001525878906
2019-07-08,323.5716247558594,65.0,134.5,4.199999809265137,70.30000305175781,7.210000038146973,12.15999984741211,26.950000762939453,84.55000305175781,54.95000076293945
2019-07-09,323.3872375488281,64.9000015258789,131.39999389648438,4.199999809265137,70.19999694824219,7.230000019073486,11.699999809265137,26.450000762939453,83.8499984741211,54.599998474121094
2019-07-10,328.91839599609375,64.9000015258789,131.6999969482422,4.210000038146973,70.1500015258789,7.380000114440918,12.0,27.049999237060547,83.30000305175781,55.849998474121094
2019-07-11,329.287109375,65.19999694824219,134.60000610351562,4.289999961853027,70.19999694824219,7.25,11.819999694824219,28.450000762939453,84.3499984741211,55.70000076293945
2019-07-12,327.259033203125,65.19999694824219,134.8000030517578,4.28000020980835,69.9000015258789,7.150000095367432,11.600000381469727,28.649999618530273,85.44999694824219,55.900001525878906
2019-07-15,332.6058044433594,65.0,135.1999969482422,4.269999980926514,70.3499984741211,7.300000190734863,11.699999809265137,29.049999237060547,85.75,55.70000076293945
2019-07-16,334.26513671875,65.0999984741211,135.8000030517578,4.260000228881836,70.9000015258789,7.380000114440918,11.859999656677246,29.25,85.4000015258789,57.29999923706055
2019-07-17,334.8182678222656,65.0,136.0,4.260000228881836,70.8499984741211,7.300000190734863,12.220000267028809,29.549999237060547,85.5,57.099998474121094
2019-07-18,328.7340087890625,64.75,135.1999969482422,4.239999771118164,70.55000305175781,7.170000076293945,12.119999885559082,29.450000762939453,86.1500015258789,56.45000076293945
2019-07-19,333.52764892578125,65.05000305175781,135.8000030517578,4.289999961853027,70.6500015258789,7.199999809265137,12.199999809265137,30.0,88.5,57.45000076293945
2019-07-22,329.6558532714844,64.44999694824219,132.3000030517578,4.239999771118164,69.30000305175781,7.130000114440918,12.119999885559082,29.950000762939453,87.1500015258789,55.95000076293945
2019-07-23,330.5777282714844,64.75,131.60000610351562,4.239999771118164,69.1500015258789,7.110000133514404,12.079999923706055,29.899999618530273,87.1500015258789,56.150001525878906
2019-07-24,337.0307312011719,64.69999694824219,130.60000610351562,4.239999771118164,68.6500015258789,7.110000133514404,12.479999542236328,30.0,86.80000305175781,56.20000076293945
2019-07-25,343.2993469238281,64.6500015258789,128.8000030517578,4.269999980926514,68.25,7.389999866485596,12.600000381469727,30.200000762939453,85.55000305175781,55.70000076293945
2019-07-26,341.2712707519531,64.25,128.0,4.25,67.4000015258789,7.21999979019165,12.460000038146973,29.5,84.19999694824219,55.25
2019-07-29,343.1149597167969,63.900001525878906,127.19999694824219,4.210000038146973,67.19999694824219,7.329999923706055,12.380000114440918,29.75,82.5999984741211,54.599998474121094
2019-07-30,344.0368347167969,63.79999923706055,127.80000305175781,4.210000038146973,67.5,7.230000019073486,12.380000114440918,29.350000381469727,82.55000305175781,54.95000076293945
2019-07-31,339.42755126953125,63.349998474121094,126.9000015258789,4.159999847412109,66.75,7.110000133514404,12.140000343322754,29.200000762939453,80.9000015258789,54.0
2019-08-01,341.0868835449219,63.04999923706055,121.69999694824219,4.170000076293945,66.3499984741211,7.119999885559082,11.920000076293945,29.350000381469727,79.69999694824219,53.25
2019-08-02,327.99652099609375,62.150001525878906,120.80000305175781,4.019999980926514,65.05000305175781,6.989999771118164,11.399999618530273,28.549999237060547,78.1500015258789,50.099998474121094
2019-08-05,313.98431396484375,61.0,114.5,3.9200000762939453,63.150001525878906,6.619999885559082,11.100000381469727,28.299999237060547,75.5999984741211,48.29999923706055
2019-08-06,310.8500061035156,60.29999923706055,113.4000015258789,3.869999885559082,63.70000076293945,6.5,11.039999961853027,28.049999237060547,75.5,48.099998474121094
2019-08-07,312.1405944824219,60.20000076293945,111.80000305175781,3.869999885559082,63.150001525878906,6.630000114440918,10.800000190734863,28.049999237060547,76.80000305175781,47.900001525878906
2019-08-08,315.6436462402344,60.20000076293945,114.19999694824219,3.890000104904175,63.04999923706055,6.659999847412109,11.220000267028809,28.399999618530273,77.19999694824219,47.849998474121094
2019-08-09,311.9562072753906,60.0,112.0,3.880000114440918,64.9000015258789,6.5,11.079999923706055,28.25,75.80000305175781,47.04999923706055
2019-08-12,313.4311828613281,59.04999923706055,110.30000305175781,3.8499999046325684,64.55000305175781,6.650000095367432,11.020000457763672,28.149999618530273,75.6500015258789,47.04999923706055
2019-08-13,307.9000549316406,57.70000076293945,108.30000305175781,3.7799999713897705,63.099998474121094,6.28000020980835,10.800000190734863,28.0,73.4000015258789,44.29999923706055
2019-08-14,313.4311828613281,58.0,108.30000305175781,3.819999933242798,62.70000076293945,6.25,10.739999771118164,27.299999237060547,73.30000305175781,44.650001525878906
2019-08-15,304.58135986328125,56.79999923706055,112.69999694824219,3.809999942779541,66.0999984741211,6.300000190734863,10.779999732971191,26.149999618530273,74.80000305175781,45.650001525878906
2019-08-16,300.8939514160156,56.5,116.80000305175781,3.799999952316284,66.05000305175781,6.400000095367432,10.84000015258789,26.75,76.0,46.849998474121094
2019-08-19,310.48126220703125,57.95000076293945,119.19999694824219,3.8499999046325684,66.25,6.699999809265137,11.0600004196167,27.149999618530273,78.25,49.04999923706055
2019-08-20,307.3469543457031,57.400001525878906,116.69999694824219,3.9000000953674316,67.25,6.900000095367432,11.100000381469727,27.950000762939453,77.4000015258789,49.25
2019-08-21,306.6094665527344,57.20000076293945,116.4000015258789,3.890000104904175,66.94999694824219,6.730000019073486,11.039999961853027,28.5,77.5,49.70000076293945
2019-08-22,305.1344909667969,56.849998474121094,114.30000305175781,3.8499999046325684,66.25,6.559999942779541,11.880000114440918,28.850000381469727,76.25,49.150001525878906
2019-08-23,308.08441162109375,57.099998474121094,114.30000305175781,3.8299999237060547,66.80000305175781,7.320000171661377,11.9399995803833,29.299999237060547,77.75,49.45000076293945
2019-08-26,300.52520751953125,56.20000076293945,111.9000015258789,3.75,66.4000015258789,7.559999942779541,11.800000190734863,28.100000381469727,75.5,48.5
2019-08-27,300.7095642089844,56.04999923706055,112.5,3.7300000190734863,65.4000015258789,7.429999828338623,12.100000381469727,28.25,75.3499984741211,48.75
2019-08-28,294.07220458984375,56.04999923706055,113.19999694824219,3.7300000190734863,66.0,7.340000152587891,12.039999961853027,28.100000381469727,75.3499984741211,49.75
2019-08-29,295.1784362792969,56.150001525878906,113.0999984741211,3.75,65.05000305175781,7.480000019073486,11.979999542236328,27.899999618530273,76.6500015258789,49.650001525878906
2019-08-30,299.4189758300781,56.29999923706055,111.0999984741211,3.890000104904175,64.94999694824219,7.429999828338623,12.119999885559082,28.350000381469727,76.25,49.20000076293945
2019-09-02,305.31884765625,56.04999923706055,108.0,3.890000104904175,64.9000015258789,7.349999904632568,12.079999923706055,27.200000762939453,75.1500015258789,48.70000076293945
2019-09-03,303.4751281738281,55.95000076293945,107.9000015258789,3.869999885559082,64.75,7.300000190734863,11.739999771118164,26.850000381469727,75.0,49.0
2019-09-04,314.53741455078125,57.900001525878906,118.5,3.9100000858306885,66.3499984741211,7.309999942779541,12.15999984741211,27.0,79.4000015258789,51.79999923706055
2019-09-05,314.7218017578125,57.5,115.0999984741211,3.9800000190734863,66.05000305175781,7.329999923706055,12.619999885559082,27.0,78.55000305175781,51.900001525878906
2019-09-06,316.56549072265625,57.900001525878906,115.0999984741211,3.990000009536743,66.0999984741211,7.320000171661377,12.760000228881836,26.950000762939453,79.69999694824219,53.0
2019-09-09,315.6436462402344,58.20000076293945,114.19999694824219,4.119999885559082,66.0,7.269999980926514,13.420000076293945,26.600000381469727,79.69999694824219,52.75
2019-09-10,313.6155700683594,58.900001525878906,114.0999984741211,4.210000038146973,66.19999694824219,7.099999904632568,13.420000076293945,26.399999618530273,79.69999694824219,53.25
2019-09-11,318.96234130859375,60.75,117.80000305175781,4.25,67.30000305175781,7.090000152587891,13.479999542236328,26.5,80.3499984741211,53.70000076293945
2019-09-12,322.0966491699219,60.25,116.9000015258789,4.190000057220459,67.3499984741211,7.139999866485596,13.479999542236328,26.850000381469727,79.19999694824219,53.29999923706055
2019-09-13,322.281005859375,60.70000076293945,117.19999694824219,4.230000019073486,67.5,7.269999980926514,14.119999885559082,26.75,80.69999694824219,54.0
2019-09-16,319.51544189453125,60.599998474121094,115.5,4.320000171661377,67.05000305175781,7.130000114440918,13.680000305175781,27.450000762939453,79.6500015258789,52.75
2019-09-17,316.7498779296875,59.75,114.4000015258789,4.309999942779541,66.0,6.889999866485596,13.279999732971191,27.799999237060547,78.3499984741211,51.79999923706055
2019-09-18,316.1967468261719,59.849998474121094,114.30000305175781,4.239999771118164,65.69999694824219,6.929999828338623,13.279999732971191,27.75,78.9000015258789,51.849998474121094
2019-09-19,311.9562072753906,59.70000076293945,113.69999694824219,4.159999847412109,64.80000305175781,6.920000076293945,13.220000267028809,27.700000762939453,76.5,51.349998474121094
2019-09-20,311.21875,60.0,114.5,4.159999847412109,64.5999984741211,6.929999828338623,13.020000457763672,27.399999618530273,75.44999694824219,51.0
2019-09-23,309.55938720703125,59.5,113.5999984741211,4.130000114440918,64.5999984741211,7.090000152587891,12.899999618530273,27.200000762939453,74.9000015258789,50.04999923706055
2019-09-24,309.3750305175781,59.95000076293945,114.0,4.130000114440918,65.19999694824219,7.050000190734863,12.859999656677246,26.549999237060547,76.05000305175781,49.5
2019-09-25,302.7376708984375,59.400001525878906,112.5,4.050000190734863,64.94999694824219,6.900000095367432,12.479999542236328,25.850000381469727,74.5,48.599998474121094
2019-09-26,306.4250793457031,59.75,112.0,3.9700000286102295,64.30000305175781,6.889999866485596,12.720000267028809,25.450000762939453,74.3499984741211,48.650001525878906
2019-09-27,303.6595153808594,59.900001525878906,112.0,3.9600000381469727,64.0,6.900000095367432,13.180000305175781,24.549999237060547,74.0,48.29999923706055
2019-09-30,304.3970031738281,60.400001525878906,112.80000305175781,4.03000020980835,64.8499984741211,6.849999904632568,13.300000190734863,24.549999237060547,74.05000305175781,48.75
2019-10-02,299.60333251953125,59.650001525878906,113.9000015258789,4.039999961853027,65.1500015258789,6.880000114440918,13.399999618530273,24.850000381469727,74.3499984741211,48.70000076293945
2019-10-03,299.7877197265625,58.849998474121094,114.19999694824219,4.03000020980835,65.75,6.860000133514404,13.4399995803833,25.100000381469727,74.5999984741211,50.0
2019-10-04,297.57525634765625,58.25,110.9000015258789,3.9600000381469727,65.0,6.900000095367432,13.180000305175781,25.299999237060547,73.55000305175781,48.650001525878906
2019-10-08,298.49713134765625,58.45000076293945,109.69999694824219,4.010000228881836,65.0999984741211,6.949999809265137,13.520000457763672,25.149999618530273,73.94999694824219,48.150001525878906
2019-10-09,293.334716796875,58.099998474121094,108.5,3.990000009536743,65.0999984741211,6.820000171661377,13.5,25.149999618530273,72.5,47.5
2019-10-10,293.8878479003906,57.45000076293945,108.19999694824219,4.0,65.19999694824219,7.159999847412109,13.859999656677246,25.549999237060547,71.69999694824219,48.25
2019-10-11,299.4189758300781,58.95000076293945,112.19999694824219,4.130000114440918,66.5999984741211,7.090000152587891,13.880000114440918,25.899999618530273,73.25,49.150001525878906
2019-10-14,302.55328369140625,59.95000076293945,112.4000015258789,4.130000114440918,66.4000015258789,7.110000133514404,13.65999984741211,25.850000381469727,73.80000305175781,51.25
2019-10-15,303.1064147949219,59.95000076293945,111.9000015258789,4.110000133514404,65.80000305175781,7.019999980926514,13.319999694824219,25.950000762939453,73.69999694824219,51.099998474121094
2019-10-16,305.1344909667969,60.099998474121094,115.19999694824219,4.079999923706055,65.0999984741211,7.239999771118164,13.5,26.049999237060547,75.05000305175781,51.25
2019-10-17,305.1344909667969,60.900001525878906,116.0999984741211,4.090000152587891,66.05000305175781,7.179999828338623,13.739999771118164,26.149999618530273,75.75,51.20000076293945
2019-10-18,305.1344909667969,60.900001525878906,115.0999984741211,4.059999942779541,66.1500015258789,7.079999923706055,13.720000267028809,26.350000381469727,75.3499984741211,50.599998474121094
2019-10-21,299.4189758300781,61.150001525878906,115.30000305175781,4.03000020980835,66.3499984741211,7.079999923706055,13.640000343322754,26.149999618530273,75.19999694824219,50.599998474121094
2019-10-22,302.00018310546875,61.400001525878906,115.4000015258789,4.010000228881836,65.6500015258789,7.349999904632568,14.279999732971191,26.100000381469727,75.25,51.849998474121094
2019-10-23,294.9940490722656,61.20000076293945,114.9000015258789,4.019999980926514,64.94999694824219,7.110000133514404,14.15999984741211,25.649999618530273,74.69999694824219,50.79999923706055
2019-10-24,294.07220458984375,61.849998474121094,115.0,4.059999942779541,65.30000305175781,7.320000171661377,14.199999809265137,26.049999237060547,75.30000305175781,51.95000076293945
2019-10-25,291.8597412109375,61.650001525878906,114.80000305175781,4.079999923706055,64.44999694824219,7.480000019073486,14.180000305175781,26.350000381469727,74.75,52.29999923706055
2019-10-28,296.8377685546875,60.25,115.0,4.119999885559082,64.8499984741211,7.849999904632568,14.680000305175781,27.200000762939453,77.5,53.54999923706055
2019-10-29,292.2284851074219,59.45000076293945,115.80000305175781,4.090000152587891,64.30000305175781,7.840000152587891,14.920000076293945,27.75,77.3499984741211,52.79999923706055
2019-10-30,291.4909973144531,59.20000076293945,116.5999984741211,4.010000228881836,63.79999923706055,8.020000457763672,14.720000267028809,27.850000381469727,76.69999694824219,52.75
2019-10-31,295.7315368652344,59.5,118.9000015258789,3.8499999046325684,63.79999923706055,7.909999847412109,14.899999618530273,28.149999618530273,78.44999694824219,54.150001525878906
2019-11-01,296.4690246582031,59.599998474121094,118.5999984741211,3.809999942779541,64.25,7.989999771118164,14.859999656677246,27.25,79.5,54.150001525878906
2019-11-04,302.00018310546875,60.099998474121094,119.69999694824219,3.880000114440918,64.19999694824219,8.210000038146973,15.199999809265137,27.850000381469727,82.1500015258789,55.099998474121094
2019-11-05,306.97821044921875,60.099998474121094,120.5,3.9600000381469727,64.55000305175781,8.119999885559082,15.34000015258789,27.75,82.4000015258789,55.75
2019-11-06,307.9000549316406,60.349998474121094,121.30000305175781,3.9800000190734863,64.0999984741211,8.170000076293945,15.199999809265137,27.850000381469727,82.80000305175781,55.29999923706055
2019-11-07,307.53131103515625,60.20000076293945,122.30000305175781,3.9700000286102295,64.25,8.260000228881836,15.260000228881836,28.5,83.3499984741211,55.29999923706055
2019-11-08,301.6314392089844,60.04999923706055,120.69999694824219,3.950000047683716,64.30000305175781,8.260000228881836,15.539999961853027,28.450000762939453,82.4000015258789,55.25
2019-11-11,297.7596435546875,59.0,112.0,3.8499999046325684,62.75,7.960000038146973,15.119999885559082,27.450000762939453,79.5999984741211,52.95000076293945
2019-11-12,304.3970031738281,59.04999923706055,112.0999984741211,3.8399999141693115,62.75,8.220000267028809,15.199999809265137,27.549999237060547,80.3499984741211,53.70000076293945
2019-11-13,301.8157958984375,58.25,109.4000015258789,3.75,61.650001525878906,8.180000305175781,14.619999885559082,27.399999618530273,77.75,52.849998474121094
2019-11-14,294.8096923828125,57.900001525878906,108.0,3.7200000286102295,61.20000076293945,8.130000114440918,14.619999885559082,26.799999237060547,76.4000015258789,52.79999923706055
2019-11-15,294.9940490722656,57.70000076293945,107.4000015258789,3.700000047683716,61.20000076293945,8.0,14.779999732971191,26.649999618530273,77.0,52.70000076293945
2019-11-18,304.2126159667969,58.20000076293945,109.19999694824219,3.7100000381469727,61.599998474121094,8.0,15.4399995803833,26.600000381469727,78.5,52.70000076293945
2019-11-19,310.296875,58.849998474121094,110.80000305175781,3.7200000286102295,62.20000076293945,8.15999984741211,15.460000038146973,26.950000762939453,79.5,53.650001525878906
2019-11-20,309.3750305175781,58.5,110.9000015258789,3.7100000381469727,62.099998474121094,8.1899995803833,15.0600004196167,26.850000381469727,77.80000305175781,52.900001525878906
2019-11-21,303.6595153808594,57.900001525878906,110.19999694824219,3.6700000762939453,61.0,8.579999923706055,15.0,26.700000762939453,76.69999694824219,52.099998474121094
2019-11-22,307.53131103515625,58.150001525878906,110.9000015258789,3.6700000762939453,61.29999923706055,8.5,14.859999656677246,26.399999618530273,77.30000305175781,52.79999923706055
2019-11-25,312.324951171875,59.0,114.19999694824219,3.7200000286102295,61.95000076293945,8.4399995803833,15.279999732971191,26.049999237060547,80.0999984741211,53.150001525878906
2019-11-26,309.3750305175781,58.79999923706055,115.0,3.7100000381469727,61.54999923706055,8.239999771118164,15.5,26.25,79.3499984741211,53.70000076293945
2019-11-27,308.8218994140625,58.95000076293945,114.9000015258789,3.690000057220459,61.29999923706055,8.59000015258789,15.300000190734863,26.200000762939453,79.80000305175781,53.70000076293945
2019-11-28,311.5874938964844,58.79999923706055,114.69999694824219,3.680000066757202,60.29999923706055,9.119999885559082,15.079999923706055,26.149999618530273,80.19999694824219,52.54999923706055
2019-11-29,305.8719787597656,58.099998474121094,113.9000015258789,3.609999895095825,59.0,8.859999656677246,14.640000343322754,25.850000381469727,78.4000015258789,51.20000076293945
2019-12-02,306.97821044921875,58.400001525878906,113.30000305175781,3.5999999046325684,59.349998474121094,8.489999771118164,14.800000190734863,25.850000381469727,78.9000015258789,52.0
2019-12-03,305.1344909667969,57.95000076293945,113.0,3.5799999237060547,59.400001525878906,8.699999809265137,14.899999618530273,25.950000762939453,79.0,51.79999923706055
2019-12-04,302.9220275878906,57.0,110.9000015258789,3.5399999618530273,59.25,8.579999923706055,14.979999542236328,25.899999618530273,77.6500015258789,51.0
2019-12-05,304.2126159667969,57.20000076293945,111.9000015258789,3.559999942779541,59.29999923706055,8.890000343322754,15.180000305175781,26.299999237060547,77.55000305175781,51.099998474121094
2019-12-06,309.3750305175781,57.45000076293945,113.69999694824219,3.5799999237060547,59.29999923706055,8.9399995803833,15.359999656677246,26.350000381469727,77.94999694824219,52.25
2019-12-09,309.9281311035156,57.70000076293945,114.0999984741211,3.630000114440918,60.0,8.739999771118164,14.84000015258789,26.350000381469727,77.5999984741211,52.0
2019-12-10,310.48126220703125,57.599998474121094,113.30000305175781,3.619999885559082,60.0,8.65999984741211,14.880000114440918,26.25,77.4000015258789,51.650001525878906
2019-12-11,313.4311828613281,58.04999923706055,112.9000015258789,3.630000114440918,60.099998474121094,8.779999732971191,15.0,26.399999618530273,78.0,51.849998474121094
2019-12-12,321.7279052734375,58.599998474121094,114.69999694824219,3.700000047683716,60.29999923706055,8.640000343322754,15.359999656677246,26.649999618530273,79.75,54.20000076293945
2019-12-13,332.7901916503906,60.349998474121094,118.30000305175781,3.8299999237060547,61.599998474121094,8.680000305175781,15.399999618530273,26.899999618530273,82.6500015258789,57.95000076293945
2019-12-16,331.6839599609375,60.0,117.0,3.799999952316284,61.70000076293945,8.729999542236328,15.34000015258789,26.899999618530273,81.0,58.54999923706055
2019-12-17,342.193115234375,60.70000076293945,115.80000305175781,3.8499999046325684,61.95000076293945,8.899999618530273,15.239999771118164,27.299999237060547,81.80000305175781,58.400001525878906
2019-12-18,348.0929870605469,60.599998474121094,115.9000015258789,3.859999895095825,62.099998474121094,9.109999656677246,14.960000038146973,27.350000381469727,81.30000305175781,57.45000076293945
2019-12-19,346.249267578125,60.79999923706055,117.0,3.8299999237060547,62.45000076293945,9.180000305175781,14.760000228881836,27.5,80.1500015258789,56.70000076293945
2019-12-20,345.88055419921875,60.75,117.9000015258789,3.859999895095825,63.95000076293945,9.010000228881836,14.619999885559082,27.75,79.9000015258789,55.650001525878906
2019-12-23,348.2773742675781,60.54999923706055,117.5,3.8399999141693115,63.70000076293945,9.180000305175781,14.800000190734863,28.049999237060547,79.19999694824219,56.25
2019-12-24,347.3554992675781,60.5,117.5999984741211,3.819999933242798,64.25,9.25,14.779999732971191,28.100000381469727,79.4000015258789,56.099998474121094
2019-12-27,353.9928894042969,60.849998474121094,117.5,3.9200000762939453,65.4000015258789,9.210000038146973,15.0600004196167,28.350000381469727,80.94999694824219,57.650001525878906
2019-12-30,353.2554016113281,60.900001525878906,119.0,3.9000000953674316,65.80000305175781,9.029999732971191,15.319999694824219,28.399999618530273,82.1500015258789,57.70000076293945
2019-12-31,346.249267578125,60.849998474121094,119.30000305175781,3.9100000858306885,65.5,9.0,15.239999771118164,28.450000762939453,81.80000305175781,57.400001525878906
2020-01-02,352.5179138183594,60.900001525878906,118.5,3.930000066757202,65.3499984741211,9.130000114440918,15.600000381469727,28.350000381469727,84.69999694824219,60.70000076293945
2020-01-03,353.0710144042969,60.400001525878906,118.5,4.039999961853027,64.4000015258789,9.119999885559082,15.760000228881836,28.350000381469727,85.19999694824219,58.900001525878906
2020-01-06,347.90863037109375,60.0,117.4000015258789,4.199999809265137,64.25,8.8100004196167,15.4399995803833,28.149999618530273,84.30000305175781,58.150001525878906
2020-01-07,355.46783447265625,59.900001525878906,117.0,4.130000114440918,63.79999923706055,9.859999656677246,15.680000305175781,28.399999618530273,85.30000305175781,59.20000076293945
2020-01-08,352.149169921875,59.29999923706055,116.4000015258789,4.139999866485596,63.849998474121094,9.869999885559082,15.539999961853027,27.950000762939453,83.80000305175781,59.29999923706055
2020-01-09,359.5240173339844,59.849998474121094,118.19999694824219,4.099999904632568,64.8499984741211,9.609999656677246,16.079999923706055,28.049999237060547,85.5999984741211,60.20000076293945
2020-01-10,367.45196533203125,59.849998474121094,119.0,4.010000228881836,64.19999694824219,9.479999542236328,16.0,28.049999237060547,86.0,61.400001525878906
2020-01-13,374.6424560546875,59.95000076293945,121.30000305175781,3.990000009536743,65.4000015258789,9.899999618530273,16.34000015258789,28.899999618530273,86.6500015258789,61.04999923706055
2020-01-14,369.111328125,59.75,121.19999694824219,3.950000047683716,66.0999984741211,9.800000190734863,16.040000915527344,29.0,87.30000305175781,62.45000076293945
2020-01-15,367.6363525390625,59.79999923706055,121.9000015258789,3.940000057220459,65.80000305175781,9.90999984741211,15.920000076293945,29.200000762939453,86.6500015258789,62.29999923706055
2020-01-16,368.7425842285156,59.900001525878906,122.0,3.940000057220459,66.0,10.0600004196167,15.800000190734863,29.450000762939453,87.3499984741211,62.20000076293945
2020-01-17,367.8207092285156,60.150001525878906,123.0,3.940000057220459,66.19999694824219,10.0600004196167,15.520000457763672,29.100000381469727,86.5999984741211,62.20000076293945
2020-01-20,365.0551452636719,59.95000076293945,122.0,3.890000104904175,68.6500015258789,9.920000076293945,14.84000015258789,28.399999618530273,84.75,58.849998474121094
2020-01-21,355.2834777832031,59.150001525878906,118.69999694824219,3.7899999618530273,66.94999694824219,10.15999984741211,14.0600004196167,27.549999237060547,81.8499984741211,56.75
2020-01-22,360.44586181640625,59.29999923706055,118.5,3.819999933242798,69.4000015258789,10.479999542236328,14.100000381469727,27.950000762939453,83.0,57.599998474121094
2020-01-23,355.46783447265625,58.95000076293945,115.9000015258789,3.7300000190734863,68.0,10.380000114440918,13.600000381469727,27.5,82.80000305175781,55.599998474121094
2020-01-24,355.6522216796875,58.75,115.69999694824219,3.7300000190734863,69.69999694824219,10.760000228881836,13.4399995803833,27.649999618530273,83.0,56.04999923706055
2020-01-29,353.2554016113281,57.54999923706055,112.0999984741211,3.5899999141693115,67.5999984741211,11.779999732971191,13.039999961853027,27.100000381469727,80.80000305175781,53.150001525878906
2020-01-30,345.6961669921875,56.70000076293945,110.19999694824219,3.509999990463257,64.5999984741211,11.15999984741211,12.520000457763672,26.149999618530273,78.30000305175781,51.79999923706055
2020-01-31,343.8524475097656,56.849998474121094,109.30000305175781,3.450000047683716,64.19999694824219,10.960000038146973,12.539999961853027,25.5,77.75,51.5
2020-02-03,350.3054504394531,56.5,108.0,3.380000114440918,63.79999923706055,10.479999542236328,12.600000381469727,25.100000381469727,78.5,53.099998474121094
2020-02-04,362.2895812988281,56.599998474121094,110.4000015258789,3.4100000858306885,63.79999923706055,11.239999771118164,12.760000228881836,25.049999237060547,79.25,51.900001525878906
2020-02-05,361.5520935058594,56.79999923706055,110.5,3.4100000858306885,63.70000076293945,11.15999984741211,13.0600004196167,25.149999618530273,79.30000305175781,52.900001525878906
2020-02-06,368.7425842285156,57.900001525878906,113.5,3.5299999713897705,67.1500015258789,11.619999885559082,13.380000114440918,26.350000381469727,81.05000305175781,55.0
2020-02-07,370.9550476074219,57.79999923706055,113.5,3.5,67.30000305175781,12.079999923706055,13.5,26.399999618530273,80.19999694824219,54.70000076293945
2020-02-10,369.2956848144531,58.099998474121094,112.69999694824219,3.450000047683716,66.8499984741211,13.65999984741211,13.699999809265137,26.0,79.1500015258789,53.25
2020-02-11,377.0392761230469,58.650001525878906,112.4000015258789,3.4600000381469727,66.44999694824219,13.579999923706055,14.479999542236328,25.850000381469727,80.1500015258789,54.599998474121094
2020-02-12,378.88299560546875,59.349998474121094,113.69999694824219,3.5,66.44999694824219,13.699999809265137,14.720000267028809,25.799999237060547,81.3499984741211,57.0
2020-02-13,383.86102294921875,59.45000076293945,113.80000305175781,3.450000047683716,66.05000305175781,14.199999809265137,14.600000381469727,25.700000762939453,80.19999694824219,57.20000076293945
2020-02-14,382.5704345703125,59.650001525878906,115.5,3.450000047683716,65.0999984741211,13.960000038146973,14.479999542236328,25.799999237060547,80.6500015258789,57.20000076293945
2020-02-17,384.04541015625,59.400001525878906,115.69999694824219,3.4600000381469727,66.0,14.600000381469727,15.0600004196167,26.5,81.0,57.54999923706055
2020-02-18,376.3017883300781,57.75,114.30000305175781,3.4200000762939453,65.75,14.800000190734863,15.0600004196167,26.5,79.80000305175781,56.900001525878906
2020-02-19,379.2517395019531,57.0,115.0,3.4200000762939453,67.05000305175781,15.020000457763672,15.0600004196167,26.549999237060547,79.80000305175781,57.650001525878906
2020-02-20,377.9611511230469,56.79999923706055,113.69999694824219,3.4200000762939453,66.75,15.479999542236328,15.100000381469727,26.5,79.6500015258789,57.349998474121094
2020-02-21,369.6644287109375,56.650001525878906,112.5,3.380000114440918,66.0999984741211,15.0600004196167,15.100000381469727,26.200000762939453,79.0999984741211,56.0
2020-02-24,359.89276123046875,56.5,111.0999984741211,3.2200000286102295,65.44999694824219,14.399999618530273,14.800000190734863,25.450000762939453,77.3499984741211,53.900001525878906
2020-02-25,370.2175598144531,56.04999923706055,111.19999694824219,3.190000057220459,64.5999984741211,14.420000076293945,15.039999961853027,25.200000762939453,77.44999694824219,54.599998474121094
2020-02-26,368.37384033203125,55.599998474121094,111.4000015258789,3.1600000858306885,63.099998474121094,14.0600004196167,14.859999656677246,24.850000381469727,77.30000305175781,53.70000076293945
2020-02-27,368.0050964355469,54.400001525878906,113.0999984741211,3.1600000858306885,63.400001525878906,15.399999618530273,14.739999771118164,25.0,78.1500015258789,52.5
2020-02-28,355.8365783691406,53.150001525878906,110.80000305175781,3.0199999809265137,61.29999923706055,14.9399995803833,13.859999656677246,24.049999237060547,76.9000015258789,51.45000076293945
2020-03-02,359.1552734375,52.79999923706055,109.0,3.0999999046325684,61.29999923706055,14.680000305175781,14.260000228881836,24.149999618530273,76.44999694824219,51.150001525878906
2020-03-03,363.21142578125,52.54999923706055,109.0,3.0899999141693115,60.70000076293945,15.9399995803833,14.100000381469727,23.299999237060547,75.5,51.599998474121094
2020-03-04,363.21142578125,51.349998474121094,110.80000305175781,3.0399999618530273,61.400001525878906,15.640000343322754,14.100000381469727,22.549999237060547,75.05000305175781,51.099998474121094
2020-03-05,374.4580993652344,51.79999923706055,113.69999694824219,3.0899999141693115,62.5,15.880000114440918,14.300000190734863,22.600000381469727,77.6500015258789,52.650001525878906
2020-03-06,364.87078857421875,50.650001525878906,111.0999984741211,3.009999990463257,60.5,15.979999542236328,14.079999923706055,21.899999618530273,76.05000305175781,51.0
2020-03-09,347.90863037109375,48.75,106.9000015258789,2.7200000286102295,58.79999923706055,14.859999656677246,13.4399995803833,19.600000381469727,71.4000015258789,48.75
2020-03-10,353.0710144042969,48.900001525878906,108.19999694824219,2.7899999618530273,58.150001525878906,14.739999771118164,13.720000267028809,19.600000381469727,71.8499984741211,50.599998474121094
2020-03-11,348.8304748535156,48.650001525878906,107.19999694824219,2.7300000190734863,57.54999923706055,14.539999961853027,13.399999618530273,19.31999969482422,72.0,50.79999923706055
2020-03-12,335.18701171875,46.650001525878906,103.0999984741211,2.559999942779541,55.45000076293945,13.279999732971191,12.800000190734863,18.420000076293945,68.80000305175781,49.20000076293945
2020-03-13,336.47760009765625,45.70000076293945,102.0,2.5799999237060547,52.900001525878906,12.880000114440918,12.859999656677246,18.059999465942383,69.0999984741211,48.04999923706055
2020-03-16,315.0905456542969,43.79999923706055,100.80000305175781,2.4600000381469727,52.0,12.0600004196167,11.9399995803833,17.639999389648438,66.05000305175781,44.04999923706055
2020-03-17,322.46539306640625,44.95000076293945,101.0999984741211,2.440000057220459,51.70000076293945,12.0,11.779999732971191,17.639999389648438,65.9000015258789,43.150001525878906
2020-03-18,307.9000549316406,44.54999923706055,97.75,2.309999942779541,48.79999923706055,11.84000015258789,10.779999732971191,15.819999694824219,64.3499984741211,40.5
2020-03-19,316.1967468261719,44.599998474121094,94.30000305175781,2.2300000190734863,48.25,11.520000457763672,10.300000190734863,14.859999656677246,60.70000076293945,38.599998474121094
2020-03-20,331.49957275390625,47.0,95.8499984741211,2.440000057220459,54.79999923706055,12.300000190734863,10.960000038146973,15.960000038146973,64.94999694824219,43.20000076293945
2020-03-23,320.8060302734375,44.20000076293945,91.5,2.299999952316284,53.349998474121094,11.119999885559082,10.079999923706055,15.899999618530273,61.5,40.70000076293945
2020-03-24,336.6619873046875,45.099998474121094,95.9000015258789,2.450000047683716,56.599998474121094,11.760000228881836,11.15999984741211,17.260000228881836,63.900001525878906,43.900001525878906
2020-03-25,350.3054504394531,46.29999923706055,99.6500015258789,2.630000114440918,56.099998474121094,12.579999923706055,11.979999542236328,18.31999969482422,68.0999984741211,45.150001525878906
2020-03-26,351.96478271484375,45.70000076293945,100.5999984741211,2.569999933242798,56.54999923706055,13.319999694824219,11.699999809265137,17.81999969482422,67.5999984741211,44.29999923706055
2020-03-27,352.5179138183594,45.400001525878906,101.0,2.549999952316284,56.54999923706055,13.119999885559082,11.760000228881836,17.760000228881836,68.75,42.650001525878906
2020-03-30,347.171142578125,44.5,99.0,2.619999885559082,55.900001525878906,12.760000228881836,11.279999732971191,17.34000015258789,68.1500015258789,40.599998474121094
2020-03-31,350.48980712890625,44.150001525878906,102.19999694824219,2.8399999141693115,57.650001525878906,12.960000038146973,11.4399995803833,17.440000534057617,70.1500015258789,41.349998474121094
2020-04-01,345.14306640625,39.95000076293945,102.4000015258789,2.7899999618530273,57.04999923706055,12.859999656677246,10.84000015258789,17.020000457763672,69.69999694824219,40.5
2020-04-02,350.12109375,38.900001525878906,102.69999694824219,3.059999942779541,59.099998474121094,14.460000038146973,10.880000114440918,17.6200008392334,69.80000305175781,41.29999923706055
2020-04-03,346.98675537109375,37.900001525878906,102.30000305175781,2.890000104904175,60.650001525878906,14.220000267028809,10.880000114440918,17.440000534057617,70.19999694824219,41.0
2020-04-06,351.5960388183594,38.95000076293945,105.80000305175781,2.9800000190734863,62.0,15.0,11.220000267028809,18.260000228881836,70.8499984741211,42.849998474121094
2020-04-07,357.3115539550781,40.150001525878906,107.80000305175781,2.990000009536743,63.25,15.119999885559082,11.460000038146973,18.700000762939453,72.6500015258789,46.0
2020-04-08,354.91473388671875,39.900001525878906,106.4000015258789,2.930000066757202,61.54999923706055,15.0,11.119999885559082,18.719999313354492,72.1500015258789,45.150001525878906
2020-04-09,360.8146057128906,41.0,108.19999694824219,2.9800000190734863,61.599998474121094,15.079999923706055,11.5,19.31999969482422,71.5999984741211,48.0
2020-04-14,364.13330078125,41.45000076293945,108.0,2.9000000953674316,62.0,16.100000381469727,11.300000190734863,19.6200008392334,71.9000015258789,48.349998474121094
2020-04-15,364.13330078125,40.599998474121094,107.4000015258789,2.7799999713897705,60.900001525878906,16.219999313354492,11.199999809265137,19.5,70.30000305175781,47.95000076293945
2020-04-16,375.0111999511719,39.70000076293945,107.4000015258789,2.75,60.150001525878906,16.84000015258789,11.0600004196167,19.959999084472656,69.44999694824219,48.75
2020-04-17,377.5924072265625,39.5,108.9000015258789,2.759999990463257,60.29999923706055,16.6200008392334,11.699999809265137,20.0,72.5999984741211,49.95000076293945
2020-04-20,376.6705322265625,40.04999923706055,105.69999694824219,2.7799999713897705,61.0,17.360000610351562,11.720000267028809,19.899999618530273,72.1500015258789,49.75
2020-04-21,369.2956848144531,39.150001525878906,103.80000305175781,2.7100000381469727,59.849998474121094,17.079999923706055,11.260000228881836,19.600000381469727,70.1500015258789,47.900001525878906
2020-04-22,377.40802001953125,38.849998474121094,102.69999694824219,2.680000066757202,61.45000076293945,18.940000534057617,11.399999618530273,20.0,70.0999984741211,48.70000076293945
2020-04-23,379.4361267089844,38.70000076293945,104.19999694824219,2.700000047683716,61.5,19.600000381469727,11.479999542236328,19.81999969482422,69.6500015258789,50.45000076293945
2020-04-24,374.6424560546875,38.75,102.5999984741211,2.690000057220459,61.04999923706055,18.34000015258789,11.420000076293945,19.280000686645508,69.55000305175781,49.29999923706055
2020-04-27,380.7267150878906,39.5,105.19999694824219,2.7300000190734863,62.650001525878906,19.1200008392334,11.880000114440918,20.149999618530273,70.94999694824219,49.95000076293945
2020-04-28,384.5985107421875,39.95000076293945,106.80000305175781,2.75,63.04999923706055,19.0,11.880000114440918,20.350000381469727,71.80000305175781,50.70000076293945
2020-04-29,384.4141540527344,40.25,106.4000015258789,2.7899999618530273,62.45000076293945,18.760000228881836,12.119999885559082,21.0,71.94999694824219,50.45000076293945
2020-05-04,368.7425842285156,38.599998474121094,102.5999984741211,2.549999952316284,60.099998474121094,17.860000610351562,11.539999961853027,19.940000534057617,67.9000015258789,48.70000076293945
2020-05-05,374.2737121582031,39.0,103.9000015258789,2.5999999046325684,60.150001525878906,17.920000076293945,12.079999923706055,20.5,67.8499984741211,50.04999923706055
2020-05-06,377.9611511230469,39.0,104.0999984741211,2.690000057220459,59.70000076293945,17.780000686645508,12.579999923706055,20.600000381469727,69.25,51.150001525878906
2020-05-07,375.37994384765625,38.849998474121094,102.5,2.6600000858306885,59.099998474121094,18.139999389648438,12.619999885559082,20.649999618530273,69.19999694824219,51.099998474121094
2020-05-08,385.5203552246094,39.54999923706055,102.4000015258789,2.700000047683716,59.099998474121094,18.239999771118164,12.960000038146973,20.850000381469727,69.6500015258789,53.70000076293945
2020-05-11,401.007568359375,40.04999923706055,102.19999694824219,2.75,59.150001525878906,18.700000762939453,13.079999923706055,20.799999237060547,70.69999694824219,54.25
2020-05-12,397.32012939453125,39.29999923706055,99.30000305175781,2.6700000762939453,57.849998474121094,20.149999618530273,12.899999618530273,20.450000762939453,69.55000305175781,52.900001525878906
2020-05-13,396.029541015625,38.900001525878906,97.94999694824219,2.640000104904175,57.79999923706055,20.299999237060547,12.800000190734863,19.959999084472656,68.55000305175781,52.400001525878906
2020-05-14,396.9513854980469,38.20000076293945,96.69999694824219,2.5799999237060547,56.849998474121094,20.299999237060547,12.600000381469727,19.31999969482422,67.1500015258789,51.599998474121094
2020-05-15,388.28594970703125,38.099998474121094,96.5999984741211,2.559999942779541,56.599998474121094,21.299999237060547,12.420000076293945,19.360000610351562,68.25,52.04999923706055
2020-05-18,389.9452819824219,38.20000076293945,96.9000015258789,2.700000047683716,57.349998474121094,20.399999618530273,12.699999809265137,20.100000381469727,68.30000305175781,52.54999923706055
2020-05-19,396.3982849121094,39.45000076293945,99.19999694824219,2.7799999713897705,56.95000076293945,19.899999618530273,12.979999542236328,20.350000381469727,70.4000015258789,53.04999923706055
2020-05-20,405.6168518066406,38.45000076293945,99.0999984741211,2.740000009536743,55.900001525878906,20.0,12.859999656677246,19.940000534057617,70.5999984741211,54.0
2020-05-21,399.5325927734375,38.5,98.4000015258789,2.7300000190734863,57.70000076293945,19.65999984741211,12.680000305175781,19.68000030517578,70.6500015258789,52.79999923706055
2020-05-22,380.173583984375,35.849998474121094,90.75,2.569999933242798,56.150001525878906,18.18000030517578,11.899999618530273,18.5,64.0,50.0
2020-05-25,384.04541015625,35.70000076293945,89.0999984741211,2.5899999141693115,54.20000076293945,18.719999313354492,12.039999961853027,18.739999771118164,63.0,51.20000076293945
2020-05-26,392.1577453613281,36.900001525878906,92.5999984741211,2.6600000858306885,54.849998474121094,19.079999923706055,12.220000267028809,18.959999084472656,64.75,53.150001525878906
2020-05-27,387.1797180175781,37.349998474121094,92.80000305175781,2.6500000953674316,54.349998474121094,18.079999923706055,12.100000381469727,18.860000610351562,64.5,52.849998474121094
2020-05-28,376.3017883300781,37.0,91.69999694824219,2.630000114440918,54.099998474121094,17.3799991607666,11.720000267028809,18.6200008392334,64.69999694824219,52.400001525878906
2020-05-29,378.32989501953125,35.849998474121094,89.0,2.6600000858306885,54.099998474121094,18.15999984741211,10.600000381469727,19.059999465942383,62.849998474121094,52.29999923706055
2020-06-01,395.4764099121094,36.599998474121094,94.44999694824219,2.7100000381469727,55.5,19.420000076293945,10.899999618530273,19.719999313354492,66.0999984741211,54.70000076293945
2020-06-02,396.76702880859375,37.20000076293945,96.25,2.690000057220459,54.95000076293945,19.899999618530273,11.079999923706055,19.81999969482422,68.19999694824219,54.70000076293945
2020-06-03,398.79510498046875,38.150001525878906,96.1500015258789,2.7699999809265137,54.95000076293945,20.200000762939453,11.460000038146973,19.520000457763672,70.8499984741211,54.70000076293945
2020-06-04,401.007568359375,38.849998474121094,95.8499984741211,2.740000009536743,54.5,20.0,11.5,20.049999237060547,71.0,56.0
2020-06-05,400.27008056640625,40.5,99.75,2.809999942779541,54.650001525878906,19.68000030517578,11.760000228881836,20.149999618530273,71.5999984741211,56.04999923706055
2020-06-08,396.3982849121094,41.0,100.5,2.8299999237060547,53.95000076293945,18.959999084472656,11.960000038146973,20.100000381469727,72.25,55.29999923706055
2020-06-09,399.9013366699219,40.349998474121094,102.80000305175781,2.869999885559082,55.900001525878906,19.700000762939453,12.420000076293945,20.549999237060547,74.19999694824219,56.349998474121094
2020-06-10,411.33233642578125,39.75,102.5,2.8299999237060547,55.75,19.399999618530273,12.140000343322754,19.84000015258789,73.44999694824219,56.349998474121094
2020-06-11,407.82928466796875,37.849998474121094,99.5,2.740000009536743,54.75,19.719999313354492,11.979999542236328,19.420000076293945,71.3499984741211,53.5
2020-06-12,406.5386962890625,37.29999923706055,100.30000305175781,2.6600000858306885,54.25,20.649999618530273,12.039999961853027,19.5,71.4000015258789,54.45000076293945
2020-06-15,399.7169494628906,36.5,97.5999984741211,2.5899999141693115,53.099998474121094,19.940000534057617,11.600000381469727,18.799999237060547,69.19999694824219,51.849998474121094
2020-06-16,413.72918701171875,37.400001525878906,98.75,2.75,54.150001525878906,20.549999237060547,11.819999694824219,19.0,70.6500015258789,53.400001525878906
2020-06-17,415.3885192871094,37.70000076293945,100.30000305175781,2.7899999618530273,54.150001525878906,20.399999618530273,11.899999618530273,20.75,71.9000015258789,52.79999923706055
2020-06-18,422.21026611328125,37.099998474121094,101.0,2.7899999618530273,54.099998474121094,20.5,12.600000381469727,20.649999618530273,72.0,52.650001525878906
2020-06-19,424.4226989746094,37.349998474121094,103.19999694824219,2.7899999618530273,54.25,22.049999237060547,12.520000457763672,20.399999618530273,71.80000305175781,54.349998474121094
2020-06-22,437.1443176269531,36.70000076293945,101.30000305175781,2.690000057220459,53.95000076293945,21.950000762939453,12.279999732971191,19.600000381469727,73.0999984741211,52.349998474121094
2020-06-23,458.5314025878906,37.45000076293945,101.5999984741211,2.700000047683716,54.75,23.700000762939453,12.34000015258789,19.15999984741211,74.9000015258789,53.349998474121094
2020-06-24,452.4471435546875,37.0,100.4000015258789,2.6600000858306885,55.0,23.700000762939453,12.279999732971191,19.559999465942383,75.5999984741211,53.150001525878906
2020-06-26,447.1003723144531,36.70000076293945,99.75,2.609999895095825,53.400001525878906,23.299999237060547,12.640000343322754,19.440000534057617,74.0999984741211,52.0
2020-06-29,448.0222473144531,36.04999923706055,98.1500015258789,2.569999933242798,51.79999923706055,22.75,12.279999732971191,19.68000030517578,72.4000015258789,50.79999923706055
2020-06-30,459.63763427734375,36.20000076293945,98.94999694824219,2.569999933242798,52.29999923706055,22.600000381469727,12.199999809265137,19.84000015258789,72.30000305175781,52.75
2020-07-02,477.9825744628906,37.29999923706055,101.4000015258789,2.640000104904175,54.5,22.549999237060547,12.579999923706055,20.100000381469727,74.69999694824219,53.599998474121094
2020-07-03,483.5137023925781,37.45000076293945,101.0999984741211,2.700000047683716,54.650001525878906,23.149999618530273,14.15999984741211,20.0,74.94999694824219,54.70000076293945
2020-07-06,479.3653564453125,39.29999923706055,104.19999694824219,2.9000000953674316,57.95000076293945,22.75,16.399999618530273,20.75,77.4000015258789,54.95000076293945
2020-07-07,475.67791748046875,38.650001525878906,100.80000305175781,2.799999952316284,56.400001525878906,22.899999618530273,16.940000534057617,20.200000762939453,76.5999984741211,53.5
2020-07-08,500.56805419921875,37.0,100.0,2.809999942779541,56.099998474121094,23.549999237060547,17.0,19.959999084472656,76.80000305175781,52.650001525878906
2020-07-09,519.0051879882812,37.099998474121094,98.1500015258789,2.869999885559082,56.400001525878906,23.549999237060547,16.940000534057617,20.350000381469727,76.5,51.54999923706055
2020-07-10,503.7945556640625,36.400001525878906,98.19999694824219,2.759999990463257,54.900001525878906,22.200000762939453,17.600000381469727,19.719999313354492,75.0999984741211,50.70000076293945
2020-07-13,498.7243347167969,37.25,97.9000015258789,2.7699999809265137,55.099998474121094,21.799999237060547,19.059999465942383,19.81999969482422,75.0,50.849998474121094
2020-07-14,483.9746398925781,36.849998474121094,98.4000015258789,2.700000047683716,54.400001525878906,21.0,18.100000381469727,19.3799991607666,73.75,53.95000076293945
2020-07-15,500.56805419921875,37.20000076293945,98.6500015258789,2.700000047683716,54.04999923706055,20.649999618530273,17.700000762939453,19.280000686645508,73.25,54.20000076293945
2020-07-16,472.912353515625,37.20000076293945,97.44999694824219,2.619999885559082,53.95000076293945,19.139999389648438,15.579999923706055,18.239999771118164,72.5999984741211,53.29999923706055
2020-07-17,480.2872009277344,36.95000076293945,96.6500015258789,2.6500000953674316,54.150001525878906,19.700000762939453,15.899999618530273,18.1200008392334,72.1500015258789,54.79999923706055
2020-07-20,481.66998291015625,36.599998474121094,95.4000015258789,2.680000066757202,53.75,19.899999618530273,16.1200008392334,18.059999465942383,71.94999694824219,52.650001525878906
2020-07-21,519.9270629882812,37.5,95.44999694824219,2.6700000762939453,54.400001525878906,22.649999618530273,16.479999542236328,18.100000381469727,73.25,52.599998474121094
2020-07-22,496.880615234375,36.599998474121094,93.8499984741211,2.7799999713897705,53.349998474121094,21.649999618530273,15.640000343322754,18.100000381469727,71.94999694824219,51.599998474121094
2020-07-23,513.4740600585938,36.54999923706055,92.69999694824219,2.799999952316284,52.95000076293945,22.350000381469727,16.100000381469727,19.1200008392334,72.8499984741211,51.79999923706055
2020-07-24,486.7402038574219,36.0,92.44999694824219,2.859999895095825,53.5,20.850000381469727,15.880000114440918,18.639999389648438,71.9000015258789,50.04999923706055
2020-07-27,479.3653564453125,35.349998474121094,91.6500015258789,2.7799999713897705,53.0,20.5,15.720000267028809,18.700000762939453,72.4000015258789,50.25
2020-07-28,501.02899169921875,34.79999923706055,92.75,2.7300000190734863,53.0,21.5,16.0,18.459999084472656,72.80000305175781,51.150001525878906
2020-07-29,499.1852722167969,35.75,92.44999694824219,2.7200000286102295,53.45000076293945,21.200000762939453,16.420000076293945,18.600000381469727,72.5999984741211,51.79999923706055
2020-07-30,493.1932067871094,35.650001525878906,93.9000015258789,2.690000057220459,53.099998474121094,21.399999618530273,16.260000228881836,18.559999465942383,70.8499984741211,51.900001525878906
2020-07-31,492.2713317871094,34.95000076293945,94.9000015258789,2.690000057220459,53.099998474121094,21.399999618530273,16.299999237060547,18.459999084472656,70.05000305175781,52.79999923706055
2020-08-03,496.880615234375,33.400001525878906,94.4000015258789,2.630000114440918,53.900001525878906,21.049999237060547,16.600000381469727,19.0,69.3499984741211,52.45000076293945
2020-08-04,507.02105712890625,33.650001525878906,96.19999694824219,2.6700000762939453,54.20000076293945,21.799999237060547,16.860000610351562,19.15999984741211,72.19999694824219,53.400001525878906
2020-08-05,517.1614379882812,33.95000076293945,96.3499984741211,2.7899999618530273,55.5,21.25,17.260000228881836,19.219999313354492,71.94999694824219,53.099998474121094
2020-08-06,512.0912475585938,33.5,96.0999984741211,2.7799999713897705,54.04999923706055,21.200000762939453,17.1200008392334,18.979999542236328,71.5999984741211,53.099998474121094
2020-08-07,486.2792663574219,32.79999923706055,94.5999984741211,2.7100000381469727,53.849998474121094,20.850000381469727,16.84000015258789,19.040000915527344,71.1500015258789,53.70000076293945
2020-08-10,462.7719421386719,33.099998474121094,94.94999694824219,2.680000066757202,54.79999923706055,20.450000762939453,16.760000228881836,19.200000762939453,70.8499984741211,56.70000076293945
2020-08-11,473.373291015625,34.099998474121094,97.4000015258789,2.7100000381469727,56.75,19.84000015258789,16.8799991607666,18.940000534057617,72.6500015258789,59.79999923706055
2020-08-12,479.8262939453125,35.75,99.44999694824219,2.7300000190734863,56.95000076293945,19.399999618530273,16.979999542236328,18.579999923706055,74.8499984741211,59.5
2020-08-13,470.14678955078125,35.400001525878906,100.0,2.7300000190734863,59.0,19.520000457763672,16.739999771118164,18.739999771118164,74.3499984741211,59.25
2020-08-14,466.9202880859375,34.70000076293945,99.25,2.7100000381469727,58.650001525878906,19.3799991607666,16.700000762939453,18.780000686645508,75.0999984741211,58.95000076293945
2020-08-17,465.0765686035156,34.599998474121094,98.55000305175781,2.7699999809265137,58.599998474121094,19.18000030517578,15.640000343322754,19.139999389648438,75.25,59.95000076293945
2020-08-18,471.9905090332031,34.25,98.75,2.75,59.849998474121094,19.84000015258789,15.960000038146973,19.700000762939453,74.9000015258789,59.54999923706055
2020-08-19,466.4593505859375,34.150001525878906,99.0,2.7200000286102295,58.849998474121094,19.479999542236328,16.0,19.760000228881836,74.5999984741211,59.150001525878906
2020-08-20,468.3030700683594,33.650001525878906,98.69999694824219,2.680000066757202,57.599998474121094,19.18000030517578,15.539999961853027,19.360000610351562,72.1500015258789,58.650001525878906
2020-08-21,477.5216369628906,33.650001525878906,99.8499984741211,2.690000057220459,58.400001525878906,18.8799991607666,15.5,19.520000457763672,75.05000305175781,62.29999923706055
2020-08-24,505.1773376464844,33.900001525878906,101.9000015258789,2.7100000381469727,59.04999923706055,19.020000457763672,15.5600004196167,19.6200008392334,78.55000305175781,60.900001525878906
2020-08-25,501.9508361816406,34.349998474121094,101.5,2.7300000190734863,58.349998474121094,17.719999313354492,15.739999771118164,19.5,77.9000015258789,62.29999923706055
2020-08-26,508.4038391113281,33.95000076293945,101.80000305175781,2.7100000381469727,58.95000076293945,18.059999465942383,15.5600004196167,19.280000686645508,77.80000305175781,61.25
2020-08-27,514.3958740234375,33.29999923706055,101.5,2.6500000953674316,55.95000076293945,18.760000228881836,15.84000015258789,18.959999084472656,77.5,60.0
2020-08-28,498.2633972167969,34.0,102.9000015258789,2.6700000762939453,55.79999923706055,19.18000030517578,15.739999771118164,19.1200008392334,80.6500015258789,61.0
2020-08-31,489.04486083984375,33.79999923706055,104.19999694824219,2.680000066757202,54.150001525878906,18.719999313354492,16.3799991607666,19.079999923706055,79.80000305175781,61.04999923706055
2020-09-01,496.880615234375,33.5,101.69999694824219,2.690000057220459,53.79999923706055,18.6200008392334,17.100000381469727,18.780000686645508,80.4000015258789,62.150001525878906
2020-09-02,502.4117736816406,33.150001525878906,101.80000305175781,2.630000114440918,53.04999923706055,19.700000762939453,17.65999984741211,18.200000762939453,80.0,61.150001525878906
2020-09-03,492.2713317871094,33.45000076293945,100.69999694824219,2.5799999237060547,53.0,19.739999771118164,16.520000457763672,18.299999237060547,80.44999694824219,62.79999923706055
2020-09-04,477.5216369628906,33.099998474121094,99.5,2.569999933242798,53.150001525878906,19.459999084472656,16.34000015258789,18.059999465942383,78.0,59.79999923706055
2020-09-07,471.0686340332031,32.849998474121094,99.25,2.5399999618530273,52.599998474121094,18.360000610351562,16.360000610351562,17.899999618530273,82.30000305175781,58.349998474121094
2020-09-08,468.7640075683594,33.0,99.1500015258789,2.549999952316284,53.54999923706055,17.860000610351562,16.34000015258789,18.18000030517578,81.19999694824219,58.20000076293945
2020-09-09,464.61566162109375,32.70000076293945,100.0999984741211,2.5299999713897705,53.849998474121094,17.399999618530273,15.9399995803833,18.139999389648438,81.05000305175781,57.54999923706055
2020-09-10,466.4593505859375,32.400001525878906,99.9000015258789,2.490000009536743,53.150001525878906,17.6200008392334,15.800000190734863,18.079999923706055,79.8499984741211,57.95000076293945
2020-09-11,475.67791748046875,32.25,100.19999694824219,2.490000009536743,53.150001525878906,18.059999465942383,16.200000762939453,18.239999771118164,80.3499984741211,59.79999923706055
2020-09-14,488.12298583984375,32.20000076293945,100.5,2.490000009536743,53.79999923706055,18.760000228881836,15.960000038146973,18.6200008392334,80.5,59.20000076293945
2020-09-15,488.12298583984375,32.04999923706055,100.4000015258789,2.4800000190734863,53.54999923706055,18.65999984741211,16.18000030517578,18.700000762939453,81.80000305175781,60.099998474121094
2020-09-16,492.7322692871094,31.75,101.5999984741211,2.490000009536743,53.099998474121094,19.639999389648438,16.059999465942383,18.399999618530273,81.0,59.70000076293945
2020-09-17,485.818359375,30.899999618530273,101.4000015258789,2.509999990463257,52.400001525878906,18.860000610351562,16.059999465942383,18.399999618530273,79.05000305175781,58.25
2020-09-18,483.9746398925781,30.950000762939453,100.9000015258789,2.5199999809265137,52.45000076293945,19.18000030517578,15.979999542236328,18.559999465942383,80.0,57.75
2020-09-21,476.13885498046875,29.299999237060547,99.69999694824219,2.4700000286102295,51.900001525878906,18.84000015258789,16.0,18.139999389648438,78.30000305175781,55.0
2020-09-22,471.5295715332031,28.700000762939453,98.4000015258789,2.4200000762939453,51.5,19.100000381469727,15.300000190734863,17.639999389648438,77.44999694824219,53.20000076293945
2020-09-23,473.834228515625,28.75,98.05000305175781,2.4100000858306885,50.900001525878906,19.3799991607666,15.640000343322754,17.420000076293945,77.94999694824219,53.349998474121094
2020-09-24,465.5375061035156,28.600000381469727,98.55000305175781,2.3399999141693115,49.95000076293945,18.459999084472656,15.300000190734863,16.81999969482422,76.6500015258789,52.45000076293945
2020-09-25,464.15472412109375,28.200000762939453,98.05000305175781,2.3299999237060547,50.349998474121094,18.399999618530273,15.180000305175781,16.559999465942383,77.6500015258789,52.20000076293945
2020-09-28,466.4593505859375,30.799999237060547,97.9000015258789,2.369999885559082,50.04999923706055,18.540000915527344,15.260000228881836,16.559999465942383,77.0,51.70000076293945
2020-09-29,465.9984436035156,30.0,97.25,2.2699999809265137,48.95000076293945,18.100000381469727,15.119999885559082,16.540000915527344,76.1500015258789,52.29999923706055
2020-09-30,471.5295715332031,29.799999237060547,98.80000305175781,2.2699999809265137,49.45000076293945,18.8799991607666,15.399999618530273,16.260000228881836,75.9000015258789,51.95000076293945
2020-10-05,483.9746398925781,31.0,99.0,2.240000009536743,49.5,19.200000762939453,14.720000267028809,16.479999542236328,78.69999694824219,51.599998474121094
2020-10-06,486.2792663574219,31.049999237060547,99.0,2.259999990463257,49.650001525878906,20.549999237060547,15.619999885559082,16.719999313354492,78.8499984741211,53.0
2020-10-07,493.1932067871094,31.549999237060547,99.9000015258789,2.259999990463257,50.400001525878906,20.799999237060547,15.5,16.8799991607666,79.94999694824219,53.849998474121094
2020-10-08,493.1932067871094,31.399999618530273,99.1500015258789,2.2699999809265137,50.349998474121094,21.100000381469727,15.600000381469727,16.959999084472656,80.0,52.79999923706055
2020-10-09,497.341552734375,31.450000762939453,98.5,2.2699999809265137,49.95000076293945,21.350000381469727,15.800000190734863,17.020000457763672,79.6500015258789,52.099998474121094
2020-10-12,513.4740600585938,31.450000762939453,98.9000015258789,2.2899999618530273,50.79999923706055,21.25,16.420000076293945,17.1200008392334,80.3499984741211,51.900001525878906
2020-10-14,528.6846923828125,30.5,98.8499984741211,2.2300000190734863,51.29999923706055,22.200000762939453,16.739999771118164,16.860000610351562,81.3499984741211,51.400001525878906
2020-10-15,508.86474609375,29.899999618530273,98.25,2.200000047683716,50.25,20.649999618530273,16.700000762939453,16.579999923706055,78.3499984741211,51.04999923706055
2020-10-16,513.4740600585938,30.149999618530273,98.19999694824219,2.200000047683716,50.0,20.850000381469727,16.399999618530273,16.079999923706055,77.80000305175781,51.599998474121094
2020-10-19,517.6223754882812,30.899999618530273,98.9000015258789,2.2100000381469727,49.95000076293945,20.399999618530273,16.1200008392334,15.899999618530273,77.5999984741211,51.650001525878906
2020-10-20,520.387939453125,30.799999237060547,98.19999694824219,2.180000066757202,49.95000076293945,20.450000762939453,16.6200008392334,16.200000762939453,77.94999694824219,52.0
2020-10-21,522.231689453125,31.049999237060547,97.69999694824219,2.190000057220459,51.900001525878906,20.450000762939453,16.3799991607666,16.899999618530273,77.69999694824219,52.150001525878906
2020-10-22,519.4661254882812,31.25,97.75,2.1600000858306885,50.5,20.649999618530273,16.299999237060547,16.959999084472656,78.25,54.79999923706055
2020-10-23,517.6223754882812,32.25,98.0,2.299999952316284,50.900001525878906,20.350000381469727,16.299999237060547,17.81999969482422,78.1500015258789,54.25
2020-10-27,539.2860107421875,33.79999923706055,96.80000305175781,2.259999990463257,50.29999923706055,21.0,16.18000030517578,18.420000076293945,76.4000015258789,53.70000076293945
2020-10-28,554.0357055664062,32.650001525878906,96.5,2.2200000286102295,49.04999923706055,21.299999237060547,15.899999618530273,18.479999542236328,76.5999984741211,52.79999923706055
2020-10-29,557.72314453125,32.29999923706055,98.5,2.180000066757202,48.099998474121094,20.700000762939453,16.059999465942383,18.3799991607666,75.5999984741211,52.54999923706055
2020-10-30,544.817138671875,32.099998474121094,99.1500015258789,2.1700000762939453,47.150001525878906,20.25,15.920000076293945,17.719999313354492,73.05000305175781,51.099998474121094
2020-11-02,554.4966430664062,32.79999923706055,97.6500015258789,2.200000047683716,48.54999923706055,20.299999237060547,18.079999923706055,17.65999984741211,73.3499984741211,52.650001525878906
2020-11-03,551.2701416015625,33.79999923706055,100.69999694824219,2.2699999809265137,49.04999923706055,20.700000762939453,19.079999923706055,17.81999969482422,77.94999694824219,53.5
2020-11-04,542.5125122070312,33.79999923706055,100.5999984741211,2.259999990463257,48.04999923706055,20.799999237060547,19.68000030517578,17.559999465942383,78.5,54.04999923706055
2020-11-05,576.1602783203125,34.150001525878906,101.9000015258789,2.299999952316284,49.95000076293945,21.600000381469727,21.399999618530273,17.780000686645508,80.30000305175781,55.75
2020-11-06,566.4807739257812,34.70000076293945,103.9000015258789,2.299999952316284,50.75,21.799999237060547,20.899999618530273,18.100000381469727,80.5,55.79999923706055
2020-11-09,573.8556518554688,34.849998474121094,99.19999694824219,2.3299999237060547,50.599998474121094,23.0,21.049999237060547,18.399999618530273,82.30000305175781,58.849998474121094
2020-11-10,548.5045776367188,37.70000076293945,104.0,2.4800000190734863,51.25,21.5,20.399999618530273,19.0,87.0,61.25
2020-11-11,507.9429016113281,39.25,107.30000305175781,2.5299999713897705,53.95000076293945,18.940000534057617,19.239999771118164,19.559999465942383,87.0,59.599998474121094
2020-11-12,531.9111938476562,38.349998474121094,105.0,2.4800000190734863,52.650001525878906,19.5,20.5,19.440000534057617,83.69999694824219,59.79999923706055
2020-11-13,554.9575805664062,37.25,104.19999694824219,2.4100000858306885,50.0,20.299999237060547,20.700000762939453,19.020000457763672,84.75,59.25
2020-11-16,550.3483276367188,38.79999923706055,104.0999984741211,2.4200000762939453,48.150001525878906,20.0,20.850000381469727,19.280000686645508,87.44999694824219,61.54999923706055
2020-11-17,536.0595092773438,39.25,106.4000015258789,2.5299999713897705,47.400001525878906,19.65999984741211,21.100000381469727,19.239999771118164,89.19999694824219,61.5
2020-11-18,542.9734497070312,39.20000076293945,106.69999694824219,2.5299999713897705,47.04999923706055,19.959999084472656,22.549999237060547,19.520000457763672,89.8499984741211,61.70000076293945
2020-11-19,528.2237548828125,39.099998474121094,106.5999984741211,2.5199999809265137,47.099998474121094,20.25,22.649999618530273,19.360000610351562,88.19999694824219,61.29999923706055
2020-11-20,542.0515747070312,38.900001525878906,106.5,2.5,46.95000076293945,20.549999237060547,23.100000381469727,19.399999618530273,89.5,61.54999923706055
2020-11-23,540.2078857421875,39.349998474121094,103.9000015258789,2.5799999237060547,46.5,20.299999237060547,23.399999618530273,19.15999984741211,87.0,59.599998474121094
2020-11-24,538.3641357421875,39.75,106.0,2.5799999237060547,47.45000076293945,19.959999084472656,23.950000762939453,18.700000762939453,88.19999694824219,61.900001525878906
2020-11-25,528.2237548828125,42.349998474121094,107.0,2.619999885559082,47.599998474121094,19.700000762939453,22.899999618530273,19.739999771118164,88.8499984741211,62.5
2020-11-26,540.2078857421875,42.0,104.80000305175781,2.6500000953674316,47.650001525878906,21.200000762939453,22.899999618530273,19.739999771118164,89.8499984741211,62.0
2020-11-27,537.4423217773438,42.0,105.30000305175781,2.630000114440918,47.54999923706055,22.5,22.700000762939453,19.639999389648438,88.5,61.75
2020-11-30,519.0051879882812,41.5,103.5,2.4700000286102295,46.400001525878906,22.799999237060547,21.549999237060547,19.15999984741211,84.94999694824219,59.0
2020-12-01,532.8330078125,41.0,103.80000305175781,2.450000047683716,46.29999923706055,22.200000762939453,21.649999618530273,19.299999237060547,88.19999694824219,60.349998474121094
2020-12-02,529.1456298828125,42.5,103.80000305175781,2.4700000286102295,46.849998474121094,22.549999237060547,20.75,19.559999465942383,88.30000305175781,60.349998474121094
2020-12-03,542.9734497070312,43.400001525878906,103.69999694824219,2.4800000190734863,47.400001525878906,23.200000762939453,20.600000381469727,19.3799991607666,88.9000015258789,61.04999923706055
2020-12-04,542.5125122070312,43.75,103.19999694824219,2.450000047683716,46.75,22.549999237060547,21.049999237060547,19.18000030517578,89.0,62.099998474121094
2020-12-07,537.9032592773438,42.900001525878906,103.5,2.4000000953674316,46.349998474121094,23.0,20.850000381469727,19.059999465942383,87.94999694824219,61.25
2020-12-08,537.4423217773438,41.349998474121094,103.0,2.359999895095825,45.45000076293945,23.899999618530273,20.950000762939453,18.979999542236328,87.05000305175781,61.099998474121094
2020-12-09,539.2860107421875,41.75,104.30000305175781,2.3499999046325684,45.20000076293945,25.0,21.75,19.139999389648438,89.0,60.400001525878906
2020-12-10,532.8330078125,41.900001525878906,104.5999984741211,2.319999933242798,44.95000076293945,25.399999618530273,21.200000762939453,19.020000457763672,89.55000305175781,60.95000076293945
2020-12-11,542.0515747070312,41.650001525878906,105.30000305175781,2.380000114440918,44.29999923706055,25.100000381469727,22.0,19.200000762939453,89.25,61.349998474121094
2020-12-14,526.3800048828125,41.349998474121094,105.30000305175781,2.4100000858306885,44.20000076293945,25.450000762939453,22.450000762939453,18.920000076293945,90.0,60.650001525878906
2020-12-15,516.2396240234375,41.0,104.0,2.390000104904175,44.150001525878906,26.25,23.049999237060547,17.940000534057617,89.6500015258789,59.20000076293945
2020-12-16,526.8409423828125,41.29999923706055,104.80000305175781,2.390000104904175,44.400001525878906,25.850000381469727,22.850000381469727,18.219999313354492,91.0,59.20000076293945
2020-12-17,537.4423217773438,41.70000076293945,103.80000305175781,2.4000000953674316,44.150001525878906,26.399999618530273,22.850000381469727,18.600000381469727,90.94999694824219,59.20000076293945
2020-12-18,534.6767578125,41.150001525878906,102.5,2.4200000762939453,45.54999923706055,26.75,23.049999237060547,18.700000762939453,89.5,57.79999923706055
2020-12-21,527.3018798828125,39.5,101.30000305175781,2.4000000953674316,44.150001525878906,26.549999237060547,23.350000381469727,18.5,89.8499984741211,58.54999923706055
2020-12-22,527.7628173828125,39.45000076293945,100.5,2.3399999141693115,43.75,25.649999618530273,22.100000381469727,18.399999618530273,88.1500015258789,56.75
2020-12-23,526.3800048828125,39.54999923706055,99.94999694824219,2.3499999046325684,43.849998474121094,26.549999237060547,23.5,18.15999984741211,90.25,56.849998474121094
2020-12-24,513.9349975585938,40.20000076293945,100.0999984741211,2.380000114440918,44.400001525878906,23.649999618530273,23.399999618530273,18.260000228881836,91.1500015258789,58.75
2020-12-28,478.4435119628906,40.0,98.5,2.4000000953674316,45.5,20.549999237060547,24.5,17.979999542236328,95.0,57.5
2020-12-29,489.04486083984375,40.25,98.3499984741211,2.4100000858306885,44.650001525878906,20.899999618530273,23.850000381469727,17.899999618530273,94.19999694824219,58.29999923706055
2020-12-30,515.7786865234375,40.599998474121094,99.3499984741211,2.4100000858306885,43.849998474121094,22.799999237060547,24.450000762939453,18.239999771118164,96.30000305175781,59.70000076293945
2020-12-31,521.770751953125,40.650001525878906,100.0999984741211,2.390000104904175,44.349998474121094,22.700000762939453,26.399999618530273,18.81999969482422,95.44999694824219,60.45000076293945
2021-01-04,527.7628173828125,40.45000076293945,103.30000305175781,2.4000000953674316,43.849998474121094,21.600000381469727,26.899999618530273,18.979999542236328,98.55000305175781,60.79999923706055
2021-01-05,537.9032592773438,40.150001525878906,106.5999984741211,2.380000114440918,46.099998474121094,22.799999237060547,26.350000381469727,18.84000015258789,98.75,60.099998474121094
2021-01-06,549.8873901367188,41.5,106.5999984741211,2.450000047683716,46.650001525878906,23.149999618530273,26.450000762939453,19.0,95.1500015258789,59.75
2021-01-07,524.0753784179688,43.400001525878906,106.5999984741211,2.450000047683716,43.29999923706055,22.450000762939453,27.799999237060547,18.639999389648438,97.1500015258789,60.79999923706055
2021-01-08,528.2237548828125,43.400001525878906,107.19999694824219,2.4100000858306885,41.5,22.600000381469727,33.25,18.3799991607666,99.0,62.0
2021-01-11,544.817138671875,43.0,108.0,2.450000047683716,43.900001525878906,22.850000381469727,32.400001525878906,18.600000381469727,98.8499984741211,60.5
2021-01-12,543.8953247070312,43.25,107.80000305175781,2.4800000190734863,46.79999923706055,22.75,32.349998474121094,18.1200008392334,103.0,59.45000076293945
2021-01-13,549.4264526367188,42.75,108.30000305175781,2.5899999141693115,45.95000076293945,22.149999618530273,32.70000076293945,17.940000534057617,101.69999694824219,60.150001525878906
2021-01-14,580.3086547851562,43.0,108.0,2.5899999141693115,47.150001525878906,22.350000381469727,32.79999923706055,18.31999969482422,100.69999694824219,58.29999923706055
2021-01-15,594.597412109375,42.95000076293945,108.5999984741211,2.5799999237060547,47.099998474121094,22.200000762939453,31.200000762939453,18.6200008392334,104.4000015258789,57.650001525878906
2021-01-18,605.65966796875,42.04999923706055,108.5,2.5999999046325684,49.20000076293945,23.0,32.0,18.899999618530273,104.30000305175781,57.599998474121094
2021-01-19,603.8159790039062,43.79999923706055,111.5,2.640000104904175,49.900001525878906,23.450000762939453,32.0,19.260000228881836,108.9000015258789,59.150001525878906
2021-01-20,626.4014282226562,43.25,109.69999694824219,2.630000114440918,49.0,27.450000762939453,33.79999923706055,19.15999984741211,105.19999694824219,60.5
2021-01-21,629.1670532226562,44.349998474121094,109.69999694824219,2.640000104904175,48.95000076293945,26.75,33.29999923706055,19.059999465942383,103.80000305175781,61.75
2021-01-22,637.0028076171875,43.20000076293945,109.0,2.5299999713897705,47.599998474121094,27.799999237060547,32.0,19.139999389648438,100.4000015258789,59.04999923706055
2021-01-25,706.6029663085938,42.79999923706055,108.0999984741211,2.450000047683716,47.150001525878906,27.049999237060547,33.79999923706055,19.559999465942383,102.0999984741211,59.5
2021-01-26,662.3538818359375,42.20000076293945,108.5,2.4100000858306885,45.5,26.049999237060547,33.400001525878906,18.899999618530273,100.69999694824219,59.5
2021-01-27,646.6823120117188,42.75,108.5999984741211,2.4600000381469727,47.900001525878906,26.299999237060547,31.700000762939453,19.8799991607666,99.75,60.95000076293945
2021-01-28,627.7842407226562,41.54999923706055,107.30000305175781,2.390000104904175,47.900001525878906,24.5,29.5,19.280000686645508,95.0999984741211,59.150001525878906
2021-01-29,628.2451782226562,40.95000076293945,106.0,2.3499999046325684,47.29999923706055,24.299999237060547,28.350000381469727,18.940000534057617,93.75,58.79999923706055
2021-02-01,656.36181640625,40.75,106.5999984741211,2.3499999046325684,48.45000076293945,25.299999237060547,28.75,19.139999389648438,96.1500015258789,59.25
2021-02-02,667.885009765625,40.95000076293945,106.19999694824219,2.3399999141693115,48.29999923706055,26.5,30.0,19.299999237060547,97.75,61.70000076293945
2021-02-03,678.486328125,41.349998474121094,106.0,2.369999885559082,48.25,26.5,29.450000762939453,19.200000762939453,97.75,61.45000076293945
2021-02-04,678.025390625,41.0,105.5,2.380000114440918,47.29999923706055,26.5,28.799999237060547,18.940000534057617,97.8499984741211,62.75
2021-02-05,675.7207641601562,41.70000076293945,105.69999694824219,2.390000104904175,46.900001525878906,26.149999618530273,28.100000381469727,18.579999923706055,100.0,66.69999694824219
2021-02-08,678.947265625,41.349998474121094,106.0999984741211,2.390000104904175,46.75,26.399999618530273,28.25,18.31999969482422,100.4000015258789,68.5999984741211
2021-02-09,682.6347045898438,41.70000076293945,105.80000305175781,2.440000057220459,46.5,26.350000381469727,29.299999237060547,18.280000686645508,102.0999984741211,68.5
2021-02-10,701.5327758789062,42.599998474121094,107.19999694824219,2.440000057220459,46.849998474121094,26.799999237060547,29.950000762939453,18.5,103.19999694824219,68.94999694824219
2021-02-11,697.8453369140625,42.650001525878906,108.80000305175781,2.430000066757202,47.54999923706055,27.399999618530273,29.850000381469727,18.8799991607666,103.4000015258789,68.8499984741211
2021-02-16,686.7830810546875,45.75,111.9000015258789,2.75,47.849998474121094,28.899999618530273,30.25,18.84000015258789,105.0,69.0
2021-02-17,698.3062744140625,46.04999923706055,111.0,2.75,49.5,29.899999618530273,30.200000762939453,18.860000610351562,105.5999984741211,69.80000305175781
2021-02-18,689.0877075195312,46.400001525878906,111.0999984741211,2.700000047683716,50.5,29.100000381469727,29.399999618530273,18.639999389648438,101.4000015258789,68.30000305175781
2021-02-19,683.0956420898438,45.54999923706055,113.9000015258789,2.6700000762939453,53.75,29.399999618530273,29.25,18.84000015258789,101.5,66.9000015258789
2021-02-22,657.7445678710938,46.5,118.30000305175781,2.799999952316284,55.650001525878906,27.149999618530273,28.350000381469727,18.5,100.5999984741211,69.8499984741211
2021-02-23,651.7525024414062,46.70000076293945,124.30000305175781,2.890000104904175,55.900001525878906,27.549999237060547,27.5,18.520000457763672,105.4000015258789,76.05000305175781
2021-02-24,633.3153686523438,46.099998474121094,121.0,2.809999942779541,54.79999923706055,26.899999618530273,25.899999618530273,18.1200008392334,101.4000015258789,74.9000015258789
2021-02-25,637.4637451171875,47.650001525878906,125.0,2.880000114440918,54.79999923706055,27.600000381469727,26.600000381469727,18.299999237060547,100.9000015258789,74.05000305175781
2021-02-26,610.7299194335938,47.29999923706055,124.5999984741211,2.7799999713897705,53.70000076293945,26.0,25.200000762939453,18.15999984741211,97.05000305175781,70.9000015258789
2021-03-01,642.533935546875,46.099998474121094,120.0,2.809999942779541,56.349998474121094,28.450000762939453,26.049999237060547,17.979999542236328,99.9000015258789,72.44999694824219
2021-03-02,643.455810546875,45.04999923706055,119.19999694824219,2.7200000286102295,55.0,27.850000381469727,25.950000762939453,17.719999313354492,96.80000305175781,69.19999694824219
2021-03-03,666.502197265625,46.25,120.0,2.799999952316284,56.25,28.700000762939453,26.149999618530273,17.959999084472656,99.30000305175781,74.5
2021-03-04,636.0809326171875,46.54999923706055,119.0999984741211,2.8399999141693115,55.0,26.5,24.649999618530273,17.559999465942383,99.8499984741211,73.4000015258789
2021-03-05,625.9405517578125,46.099998474121094,119.19999694824219,2.930000066757202,56.849998474121094,24.350000381469727,24.350000381469727,17.639999389648438,98.0999984741211,73.55000305175781
2021-03-08,592.2927856445312,47.75,118.9000015258789,3.049999952316284,56.25,22.799999237060547,22.049999237060547,17.5,96.55000305175781,69.25
2021-03-09,593.675537109375,48.75,120.30000305175781,2.9700000286102295,54.849998474121094,22.450000762939453,22.450000762939453,17.360000610351562,100.69999694824219,72.6500015258789
2021-03-10,607.04248046875,47.75,119.19999694824219,2.9600000381469727,53.70000076293945,22.600000381469727,23.049999237060547,17.479999542236328,100.4000015258789,72.9000015258789
2021-03-11,627.3233032226562,46.900001525878906,117.9000015258789,3.0399999618530273,53.349998474121094,24.350000381469727,23.950000762939453,17.760000228881836,101.4000015258789,72.94999694824219
2021-03-12,599.6676025390625,45.75,118.19999694824219,3.0399999618530273,52.0,23.899999618530273,23.75,17.6200008392334,96.0,71.05000305175781
2021-03-15,578.9258422851562,46.5,117.30000305175781,3.059999942779541,52.04999923706055,23.5,23.25,17.520000457763672,100.0,72.5
2021-03-16,581.23046875,45.79999923706055,116.80000305175781,3.0299999713897705,53.04999923706055,24.0,23.950000762939453,17.940000534057617,97.5,74.80000305175781
2021-03-17,575.6993408203125,45.75,117.0999984741211,3.009999990463257,53.599998474121094,24.200000762939453,24.549999237060547,18.299999237060547,97.5999984741211,78.25
2021-03-18,590.4490356445312,46.79999923706055,117.69999694824219,3.0199999809265137,53.599998474121094,24.549999237060547,24.700000762939453,18.139999389648438,98.25,76.4000015258789
2021-03-19,578.9258422851562,46.79999923706055,115.9000015258789,2.8499999046325684,52.95000076293945,23.350000381469727,23.950000762939453,18.280000686645508,97.69999694824219,71.5999984741211
2021-03-22,583.9960327148438,46.0,116.19999694824219,2.880000114440918,52.599998474121094,23.350000381469727,24.149999618530273,18.8799991607666,96.75,70.80000305175781
2021-03-23,579.3867797851562,45.349998474121094,117.0,2.809999942779541,52.150001525878906,22.850000381469727,22.549999237060547,18.8799991607666,96.3499984741211,69.44999694824219
2021-03-24,574.7774658203125,44.349998474121094,113.0,2.7799999713897705,52.099998474121094,22.25,19.899999618530273,19.0,92.75,67.5
2021-03-25,558.64501953125,44.75,112.19999694824219,2.7699999809265137,51.0,21.75,19.68000030517578,18.940000534057617,95.4000015258789,70.19999694824219
2021-03-26,571.551025390625,44.849998474121094,114.0999984741211,2.809999942779541,50.75,22.350000381469727,20.450000762939453,18.81999969482422,95.75,70.3499984741211
2021-03-29,564.1761474609375,45.099998474121094,116.19999694824219,2.8499999046325684,51.0,21.5,19.899999618530273,18.899999618530273,96.0999984741211,71.25
2021-03-30,561.8715209960938,45.45000076293945,122.0,2.880000114440918,51.25,22.450000762939453,20.0,18.899999618530273,96.05000305175781,72.0999984741211
2021-03-31,562.3324584960938,45.5,117.80000305175781,2.809999942779541,50.95000076293945,22.0,19.780000686645508,18.81999969482422,94.30000305175781,70.0
2021-04-01,602.8941040039062,45.349998474121094,117.80000305175781,2.799999952316284,51.04999923706055,23.149999618530273,20.549999237060547,19.399999618530273,94.9000015258789,71.30000305175781
2021-04-07,580.3086547851562,45.900001525878906,117.19999694824219,2.7799999713897705,50.70000076293945,22.350000381469727,20.399999618530273,19.020000457763672,93.3499984741211,72.3499984741211
2021-04-08,571.551025390625,46.849998474121094,118.0999984741211,2.7699999809265137,50.650001525878906,22.850000381469727,20.75,19.959999084472656,99.0999984741211,72.6500015258789
2021-04-09,572.0119018554688,46.54999923706055,118.4000015258789,2.7300000190734863,50.25,22.350000381469727,20.700000762939453,19.84000015258789,97.80000305175781,69.8499984741211
2021-04-12,565.5589599609375,45.79999923706055,118.0,2.7200000286102295,50.150001525878906,22.0,19.239999771118164,20.649999618530273,96.19999694824219,69.30000305175781
2021-04-13,560.4887084960938,46.0,119.5,2.740000009536743,50.0,21.950000762939453,19.239999771118164,20.75,99.30000305175781,68.1500015258789
2021-04-14,574.7774658203125,46.150001525878906,122.5999984741211,2.7799999713897705,50.0,22.649999618530273,20.200000762939453,20.75,98.9000015258789,70.0
2021-04-15,571.551025390625,45.650001525878906,121.0999984741211,2.809999942779541,49.70000076293945,22.5,20.350000381469727,22.049999237060547,99.8499984741211,68.30000305175781
2021-04-16,582.61328125,45.20000076293945,119.30000305175781,2.8299999237060547,51.20000076293945,22.25,21.799999237060547,22.149999618530273,98.94999694824219,69.0
2021-04-19,578.0039672851562,46.0,119.4000015258789,2.8399999141693115,52.099998474121094,23.0,22.850000381469727,24.100000381469727,98.0,69.8499984741211
2021-04-20,573.8556518554688,46.099998474121094,119.80000305175781,2.809999942779541,52.349998474121094,22.799999237060547,23.100000381469727,23.5,98.05000305175781,69.55000305175781
2021-04-21,561.4105834960938,45.20000076293945,119.0999984741211,2.740000009536743,52.45000076293945,22.5,22.5,23.5,95.9000015258789,67.9000015258789
2021-04-22,572.4728393554688,44.849998474121094,118.80000305175781,2.7200000286102295,53.29999923706055,22.600000381469727,22.100000381469727,24.149999618530273,96.75,68.44999694824219
2021-04-23,582.61328125,44.79999923706055,119.4000015258789,2.7200000286102295,52.45000076293945,23.799999237060547,22.200000762939453,23.850000381469727,97.8499984741211,67.75
2021-04-26,579.3867797851562,45.099998474121094,118.5999984741211,2.7100000381469727,52.099998474121094,24.0,21.549999237060547,23.799999237060547,99.0,68.5
2021-04-27,576.1602783203125,46.0,118.0999984741211,2.7100000381469727,52.04999923706055,24.450000762939453,21.5,24.25,99.55000305175781,68.69999694824219
2021-04-28,578.9258422851562,47.45000076293945,118.69999694824219,2.7300000190734863,51.79999923706055,24.0,20.649999618530273,24.200000762939453,99.80000305175781,69.19999694824219
2021-04-29,582.15234375,48.29999923706055,119.0999984741211,2.759999990463257,52.400001525878906,23.850000381469727,20.950000762939453,23.850000381469727,103.5,70.94999694824219
2021-04-30,574.3165893554688,48.849998474121094,117.30000305175781,2.8299999237060547,52.0,23.700000762939453,20.149999618530273,24.100000381469727,98.9000015258789,68.4000015258789
2021-05-03,575.6993408203125,47.29999923706055,116.9000015258789,2.819999933242798,49.95000076293945,23.100000381469727,19.799999237060547,26.700000762939453,96.3499984741211,68.30000305175781
2021-05-04,573.3947143554688,48.150001525878906,117.5999984741211,2.9200000762939453,49.70000076293945,23.399999618530273,20.049999237060547,25.549999237060547,97.94999694824219,69.0999984741211
2021-05-05,562.7933349609375,48.400001525878906,116.9000015258789,2.9700000286102295,50.0,22.850000381469727,20.049999237060547,25.75,97.0999984741211,67.30000305175781
2021-05-06,562.7933349609375,49.150001525878906,117.69999694824219,3.0299999713897705,50.04999923706055,22.799999237060547,19.760000228881836,24.0,99.25,66.5
2021-05-07,553.1138916015625,49.099998474121094,118.5999984741211,3.0799999237060547,50.0,22.899999618530273,19.219999313354492,24.200000762939453,101.5,66.69999694824219
2021-05-10,548.5045776367188,49.150001525878906,119.80000305175781,3.2200000286102295,49.849998474121094,23.299999237060547,19.200000762939453,25.799999237060547,101.9000015258789,67.3499984741211
2021-05-11,538.8250732421875,48.349998474121094,117.9000015258789,3.130000114440918,49.25,22.950000762939453,17.979999542236328,26.200000762939453,98.69999694824219,65.3499984741211
2021-05-12,551.7310791015625,47.95000076293945,116.69999694824219,3.140000104904175,48.900001525878906,22.399999618530273,18.360000610351562,25.399999618530273,97.6500015258789,64.94999694824219
2021-05-13,534.6767578125,47.79999923706055,114.5,3.119999885559082,48.400001525878906,21.700000762939453,17.68000030517578,24.899999618530273,96.1500015258789,63.0
2021-05-14,537.4423217773438,48.75,114.5999984741211,3.0999999046325684,48.54999923706055,21.299999237060547,17.579999923706055,25.600000381469727,102.19999694824219,63.20000076293945
2021-05-17,553.5747680664062,48.54999923706055,114.5999984741211,3.140000104904175,48.79999923706055,21.450000762939453,18.239999771118164,25.899999618530273,102.9000015258789,62.599998474121094
2021-05-18,560.0277709960938,49.20000076293945,117.5,3.2899999618530273,50.099998474121094,21.700000762939453,18.299999237060547,26.100000381469727,103.69999694824219,63.25
2021-05-20,561.4105834960938,48.45000076293945,118.9000015258789,3.140000104904175,49.849998474121094,21.600000381469727,19.079999923706055,25.850000381469727,101.5999984741211,62.099998474121094
2021-05-21,542.5125122070312,48.54999923706055,119.0,3.130000114440918,49.849998474121094,21.899999618530273,19.200000762939453,25.549999237060547,101.69999694824219,62.79999923706055
2021-05-24,539.7469482421875,48.900001525878906,117.4000015258789,3.140000104904175,50.0,21.450000762939453,18.8799991607666,25.649999618530273,101.5,62.400001525878906
2021-05-25,562.3324584960938,49.20000076293945,117.69999694824219,3.180000066757202,50.099998474121094,21.850000381469727,19.479999542236328,25.399999618530273,101.80000305175781,63.599998474121094
2021-05-26,569.707275390625,49.099998474121094,119.69999694824219,3.1500000953674316,50.0,20.600000381469727,19.700000762939453,26.700000762939453,102.4000015258789,66.30000305175781
2021-05-27,558.18408203125,48.95000076293945,121.0,3.1500000953674316,49.79999923706055,20.25,19.719999313354492,26.549999237060547,102.19999694824219,65.5999984741211
2021-05-28,554.4966430664062,50.79999923706055,121.19999694824219,3.1700000762939453,49.25,19.219999313354492,19.65999984741211,25.899999618530273,103.19999694824219,64.94999694824219
2021-05-31,570.629150390625,49.29999923706055,119.19999694824219,3.1700000762939453,48.400001525878906,19.260000228881836,19.739999771118164,26.399999618530273,99.19999694824219,62.900001525878906
2021-06-01,578.9258422851562,49.75,120.30000305175781,3.25,48.75,19.719999313354492,20.200000762939453,26.200000762939453,100.4000015258789,65.0
2021-06-02,579.3867797851562,49.150001525878906,120.5,3.359999895095825,48.5,19.399999618530273,21.399999618530273,26.149999618530273,99.1500015258789,64.0999984741211
2021-06-03,567.4026489257812,48.79999923706055,119.19999694824219,3.359999895095825,48.29999923706055,19.579999923706055,20.950000762939453,26.75,97.55000305175781,63.54999923706055
2021-06-04,563.7152099609375,48.54999923706055,118.0,3.380000114440918,48.400001525878906,19.65999984741211,22.25,26.549999237060547,97.94999694824219,63.70000076293945
2021-06-07,553.5747680664062,48.70000076293945,119.0,3.359999895095825,48.650001525878906,18.719999313354492,21.100000381469727,27.850000381469727,97.3499984741211,62.349998474121094
2021-06-08,554.0357055664062,48.900001525878906,120.19999694824219,3.3499999046325684,48.650001525878906,18.540000915527344,21.399999618530273,26.299999237060547,97.0,63.099998474121094
2021-06-09,555.8794555664062,48.400001525878906,122.19999694824219,3.4100000858306885,48.900001525878906,18.079999923706055,21.75,26.5,96.3499984741211,62.75
2021-06-10,553.5747680664062,47.650001525878906,123.0999984741211,3.440000057220459,48.75,17.81999969482422,22.0,26.100000381469727,95.5999984741211,62.349998474121094
2021-06-11,549.4264526367188,47.599998474121094,122.0,3.569999933242798,48.599998474121094,17.899999618530273,22.049999237060547,26.0,95.5999984741211,62.45000076293945
2021-06-15,553.1138916015625,47.349998474121094,120.9000015258789,3.549999952316284,48.0,17.5,23.100000381469727,23.950000762939453,93.94999694824219,61.849998474121094
2021-06-16,549.8873901367188,48.099998474121094,119.9000015258789,3.5999999046325684,47.900001525878906,17.639999389648438,22.149999618530273,23.200000762939453,95.0999984741211,61.54999923706055
2021-06-17,552.1920166015625,48.29999923706055,119.4000015258789,3.6700000762939453,47.5,17.299999237060547,22.799999237060547,23.549999237060547,95.19999694824219,62.0
2021-06-18,555.8794555664062,47.20000076293945,119.69999694824219,3.5799999237060547,47.349998474121094,17.34000015258789,24.0,22.549999237060547,95.19999694824219,62.349998474121094
2021-06-21,544.3562622070312,45.54999923706055,119.0,3.4200000762939453,48.650001525878906,17.020000457763672,25.049999237060547,22.899999618530273,93.69999694824219,63.25
2021-06-22,528.6846923828125,45.75,118.69999694824219,3.619999885559082,48.79999923706055,17.059999465942383,24.950000762939453,22.75,93.75,61.25
2021-06-23,536.9813842773438,46.04999923706055,118.30000305175781,3.7100000381469727,48.5,17.020000457763672,26.399999618530273,23.450000762939453,96.55000305175781,60.400001525878906
2021-06-24,537.4423217773438,45.900001525878906,118.0,3.7899999618530273,48.29999923706055,17.459999084472656,26.100000381469727,23.0,97.1500015258789,60.650001525878906
2021-06-25,551.7310791015625,46.099998474121094,117.9000015258789,3.9100000858306885,49.5,17.799999237060547,26.049999237060547,23.299999237060547,97.1500015258789,60.70000076293945
2021-06-28,548.9655151367188,45.900001525878906,117.0,3.859999895095825,49.599998474121094,18.100000381469727,25.5,23.549999237060547,95.80000305175781,60.25
2021-06-29,544.3562622070312,45.25,115.69999694824219,3.700000047683716,49.0,17.639999389648438,25.299999237060547,23.049999237060547,95.69999694824219,59.54999923706055
2021-06-30,538.3641357421875,44.849998474121094,115.69999694824219,3.7799999713897705,48.54999923706055,17.219999313354492,24.450000762939453,23.100000381469727,96.5,62.150001525878906
2021-07-02,529.6065063476562,44.849998474121094,115.0,3.7899999618530273,47.849998474121094,16.559999465942383,23.299999237060547,22.799999237060547,95.80000305175781,60.70000076293945
2021-07-05,510.7084655761719,45.150001525878906,115.80000305175781,3.8499999046325684,48.0,16.200000762939453,24.549999237060547,22.649999618530273,96.75,61.150001525878906
2021-07-06,515.3177490234375,45.25,114.4000015258789,3.799999952316284,47.650001525878906,15.300000190734863,24.25,22.0,96.55000305175781,61.20000076293945
2021-07-07,505.6382751464844,44.599998474121094,114.5,3.7200000286102295,47.5,15.420000076293945,24.049999237060547,22.399999618530273,97.0,61.45000076293945
2021-07-08,486.7402038574219,43.95000076293945,113.30000305175781,3.5,46.79999923706055,14.739999771118164,24.149999618530273,21.850000381469727,94.19999694824219,58.900001525878906
2021-07-09,496.4197082519531,43.54999923706055,113.5,3.490000009536743,46.70000076293945,15.15999984741211,23.649999618530273,21.850000381469727,94.55000305175781,59.599998474121094
2021-07-12,492.7322692871094,43.900001525878906,115.0,3.440000057220459,46.70000076293945,15.680000305175781,24.149999618530273,22.0,94.0999984741211,59.29999923706055
2021-07-13,512.0912475585938,45.04999923706055,116.30000305175781,3.4800000190734863,47.45000076293945,15.699999809265137,25.399999618530273,21.899999618530273,97.0,59.45000076293945
2021-07-14,513.0131225585938,44.349998474121094,114.9000015258789,3.4200000762939453,47.849998474121094,15.899999618530273,24.75,22.649999618530273,95.25,58.79999923706055
2021-07-15,520.848876953125,44.150001525878906,117.19999694824219,3.440000057220459,48.04999923706055,15.739999771118164,24.350000381469727,22.649999618530273,96.05000305175781,59.04999923706055
2021-07-16,519.9270629882812,43.75,116.80000305175781,3.369999885559082,48.04999923706055,15.220000267028809,24.350000381469727,22.5,96.1500015258789,58.70000076293945
2021-07-19,506.56011962890625,42.75,115.0999984741211,3.359999895095825,48.45000076293945,15.420000076293945,23.700000762939453,22.549999237060547,93.0,57.650001525878906
2021-07-20,500.10711669921875,42.04999923706055,113.69999694824219,3.240000009536743,48.20000076293945,14.279999732971191,22.899999618530273,22.25,93.19999694824219,55.79999923706055
2021-07-21,495.9587707519531,42.349998474121094,114.5,3.2200000286102295,48.79999923706055,14.260000228881836,23.399999618530273,22.299999237060547,93.69999694824219,55.849998474121094
2021-07-22,501.4898986816406,43.29999923706055,115.5999984741211,3.3399999141693115,50.20000076293945,14.520000457763672,23.950000762939453,22.299999237060547,96.0,58.599998474121094
2021-07-23,489.5057678222656,42.95000076293945,115.4000015258789,3.2899999618530273,50.099998474121094,14.039999961853027,23.700000762939453,22.0,94.9000015258789,57.04999923706055
2021-07-26,451.70965576171875,42.349998474121094,114.5,3.2200000286102295,48.75,12.420000076293945,23.399999618530273,21.700000762939453,92.8499984741211,54.349998474121094
2021-07-27,411.1479797363281,43.099998474121094,113.0,3.240000009536743,48.04999923706055,10.119999885559082,22.75,20.200000762939453,89.25,53.0
2021-07-28,412.25421142578125,42.75,112.9000015258789,3.2899999618530273,47.650001525878906,10.5,23.75,20.75,88.5999984741211,53.29999923706055
2021-07-29,453.5533752441406,42.900001525878906,112.69999694824219,3.259999990463257,48.25,12.880000114440918,25.549999237060547,20.75,92.05000305175781,52.5
2021-07-30,441.5692443847656,43.04999923706055,111.30000305175781,3.240000009536743,47.849998474121094,12.079999923706055,25.950000762939453,20.399999618530273,93.0999984741211,52.70000076293945
2021-08-02,437.8818054199219,43.45000076293945,112.80000305175781,3.299999952316284,49.0,11.920000076293945,26.75,20.75,92.69999694824219,51.849998474121094
2021-08-03,411.1479797363281,42.900001525878906,112.0999984741211,3.2799999713897705,49.599998474121094,12.0,26.850000381469727,21.200000762939453,92.80000305175781,50.0
2021-08-04,421.1040344238281,43.150001525878906,112.19999694824219,3.2899999618530273,49.79999923706055,12.640000343322754,28.200000762939453,21.399999618530273,92.5999984741211,46.75
2021-08-05,404.6949768066406,43.29999923706055,110.9000015258789,3.2100000381469727,49.45000076293945,11.859999656677246,28.049999237060547,20.799999237060547,91.9000015258789,47.849998474121094
2021-08-06,418.1540832519531,43.20000076293945,111.4000015258789,3.2100000381469727,49.20000076293945,11.579999923706055,27.299999237060547,20.899999618530273,92.0999984741211,47.79999923706055
2021-08-09,425.5289306640625,43.79999923706055,110.80000305175781,3.2200000286102295,50.04999923706055,11.880000114440918,27.049999237060547,20.850000381469727,93.1500015258789,48.099998474121094
2021-08-10,448.20660400390625,43.79999923706055,109.5,3.2300000190734863,49.900001525878906,12.600000381469727,27.399999618530273,21.25,93.19999694824219,49.150001525878906
2021-08-11,446.17852783203125,44.04999923706055,110.5999984741211,3.3399999141693115,50.45000076293945,12.739999771118164,28.299999237060547,21.350000381469727,93.6500015258789,48.79999923706055
2021-08-12,444.3348083496094,44.29999923706055,111.0,3.4100000858306885,50.29999923706055,12.180000305175781,28.899999618530273,21.25,91.55000305175781,49.25
2021-08-13,433.4569091796875,44.20000076293945,109.80000305175781,3.380000114440918,51.849998474121094,12.260000228881836,28.450000762939453,21.149999618530273,92.8499984741211,49.0
2021-08-16,418.3384704589844,44.349998474121094,110.69999694824219,3.3499999046325684,51.900001525878906,11.880000114440918,26.549999237060547,22.200000762939453,94.0,49.150001525878906
2021-08-17,401.007568359375,43.849998474121094,110.19999694824219,3.2200000286102295,51.20000076293945,11.760000228881836,25.600000381469727,21.75,96.94999694824219,47.599998474121094
2021-08-18,402.11376953125,43.400001525878906,112.19999694824219,3.240000009536743,51.45000076293945,11.84000015258789,26.25,21.600000381469727,97.5,47.79999923706055
2021-08-19,388.28594970703125,42.349998474121094,111.4000015258789,3.069999933242798,51.45000076293945,11.5,26.799999237060547,21.100000381469727,97.6500015258789,46.849998474121094
2021-08-20,392.1577453613281,42.04999923706055,113.0,2.9800000190734863,50.599998474121094,9.970000267028809,25.75,20.5,95.5999984741211,44.29999923706055
2021-08-23,399.9013366699219,42.400001525878906,113.0999984741211,3.069999933242798,51.04999923706055,10.579999923706055,25.600000381469727,20.0,95.75,43.849998474121094
2021-08-24,435.1162414550781,41.75,112.5,3.0999999046325684,50.75,11.260000228881836,25.399999618530273,19.65999984741211,95.5999984741211,47.75
2021-08-25,437.5130615234375,42.0,110.69999694824219,3.140000104904175,48.75,11.539999961853027,25.5,19.440000534057617,95.4000015258789,48.400001525878906
2021-08-26,434.931884765625,42.150001525878906,110.5999984741211,3.140000104904175,47.849998474121094,11.479999542236328,25.149999618530273,19.079999923706055,93.94999694824219,49.20000076293945
2021-08-27,429.953857421875,42.0,110.30000305175781,3.1700000762939453,47.45000076293945,11.279999732971191,25.799999237060547,18.979999542236328,95.25,48.29999923706055
2021-08-30,429.4007263183594,41.650001525878906,110.5999984741211,3.299999952316284,47.29999923706055,11.920000076293945,26.899999618530273,19.18000030517578,93.9000015258789,50.25
2021-08-31,443.5973205566406,41.45000076293945,109.5999984741211,3.4100000858306885,47.150001525878906,12.760000228881836,28.100000381469727,19.979999542236328,92.94999694824219,49.849998474121094
2021-09-01,450.23468017578125,41.79999923706055,109.80000305175781,3.4200000762939453,48.0,12.920000076293945,27.600000381469727,20.299999237060547,93.80000305175781,50.849998474121094
2021-09-02,457.24078369140625,41.349998474121094,109.30000305175781,3.440000057220459,48.5,13.319999694824219,28.100000381469727,20.350000381469727,92.6500015258789,51.5
2021-09-03,449.8659362792969,41.45000076293945,108.30000305175781,3.5199999809265137,48.25,13.300000190734863,27.399999618530273,20.549999237060547,92.69999694824219,50.650001525878906
2021-09-06,465.5375061035156,41.400001525878906,108.80000305175781,3.5199999809265137,49.099998474121094,13.039999961853027,27.950000762939453,21.100000381469727,94.80000305175781,50.849998474121094
2021-09-07,475.2170104980469,41.0,108.5999984741211,3.5399999618530273,49.45000076293945,13.119999885559082,28.649999618530273,21.0,94.94999694824219,51.45000076293945
2021-09-08,483.5137023925781,40.45000076293945,108.80000305175781,3.509999990463257,48.650001525878906,13.119999885559082,27.75,20.850000381469727,94.6500015258789,54.0
2021-09-09,442.4910888671875,40.400001525878906,109.5999984741211,3.3499999046325684,48.25,12.65999984741211,27.100000381469727,20.799999237060547,93.3499984741211,53.25
2021-09-10,451.70965576171875,40.900001525878906,110.9000015258789,3.4100000858306885,48.79999923706055,13.260000228881836,27.149999618530273,20.950000762939453,95.30000305175781,52.70000076293945
2021-09-13,440.6473693847656,40.70000076293945,109.9000015258789,3.5799999237060547,48.900001525878906,12.619999885559082,26.799999237060547,20.75,94.25,50.0
2021-09-14,435.8537292480469,40.20000076293945,107.9000015258789,3.7200000286102295,48.650001525878906,11.760000228881836,26.5,21.049999237060547,93.6500015258789,48.95000076293945
2021-09-15,417.9697265625,40.099998474121094,106.80000305175781,3.7699999809265137,48.650001525878906,11.220000267028809,26.399999618530273,20.549999237060547,90.0,39.150001525878906
2021-09-16,415.75726318359375,40.0,105.19999694824219,3.799999952316284,47.70000076293945,11.039999961853027,25.100000381469727,20.149999618530273,88.0999984741211,39.099998474121094
2021-09-17,425.71331787109375,40.25,105.4000015258789,3.799999952316284,47.79999923706055,12.020000457763672,25.75,20.549999237060547,88.0999984741211,40.150001525878906
2021-09-20,418.7071838378906,39.0,94.5,3.690000057220459,47.0,11.65999984741211,24.25,20.299999237060547,83.75,40.349998474121094
2021-09-21,414.83538818359375,38.79999923706055,96.0999984741211,3.7200000286102295,47.150001525878906,11.539999961853027,24.399999618530273,20.799999237060547,88.75,41.75
2021-09-23,427.00390625,39.75,98.75,3.7899999618530273,47.75,11.960000038146973,23.149999618530273,20.700000762939453,88.4000015258789,42.0
2021-09-24,424.23834228515625,39.70000076293945,95.69999694824219,3.799999952316284,47.20000076293945,11.199999809265137,23.0,20.25,86.5,40.25
2021-09-27,428.29449462890625,40.29999923706055,94.75,3.8499999046325684,47.04999923706055,11.0,21.950000762939453,20.149999618530273,86.80000305175781,38.79999923706055
2021-09-28,433.0881652832031,40.849998474121094,95.0,3.930000066757202,47.0,10.760000228881836,22.450000762939453,20.25,86.4000015258789,39.099998474121094
2021-09-29,428.6632385253906,41.25,98.4000015258789,3.6700000762939453,47.0,10.979999542236328,22.549999237060547,20.399999618530273,89.05000305175781,39.29999923706055
2021-09-30,425.3445739746094,40.95000076293945,97.4000015258789,3.690000057220459,46.95000076293945,11.199999809265137,22.350000381469727,20.299999237060547,89.94999694824219,40.0
2021-10-04,421.28839111328125,40.5,97.3499984741211,3.690000057220459,46.650001525878906,10.680000305175781,22.0,20.200000762939453,88.19999694824219,39.650001525878906
2021-10-05,414.83538818359375,41.099998474121094,98.0,3.9700000286102295,46.900001525878906,10.619999885559082,22.049999237060547,20.25,89.94999694824219,38.79999923706055
2021-10-06,411.5167236328125,42.45000076293945,99.5999984741211,4.139999866485596,47.0,10.399999618530273,21.5,20.049999237060547,89.44999694824219,39.099998474121094
2021-10-07,434.5631408691406,43.25,102.0,4.039999961853027,47.400001525878906,10.880000114440918,22.049999237060547,20.75,90.30000305175781,39.79999923706055
2021-10-08,444.15045166015625,43.849998474121094,101.69999694824219,4.059999942779541,48.29999923706055,11.359999656677246,22.200000762939453,20.75,90.0,39.95000076293945
2021-10-11,457.24078369140625,45.0,101.0999984741211,4.110000133514404,48.75,11.399999618530273,22.700000762939453,21.0,88.6500015258789,40.349998474121094
2021-10-12,445.4410400390625,44.95000076293945,100.9000015258789,4.03000020980835,48.45000076293945,10.880000114440918,22.600000381469727,20.5,87.5,40.95000076293945
2021-10-15,456.8720703125,46.04999923706055,102.0,4.03000020980835,48.650001525878906,10.640000343322754,24.399999618530273,20.950000762939453,87.80000305175781,39.849998474121094
2021-10-18,458.16265869140625,46.20000076293945,101.9000015258789,4.090000152587891,48.54999923706055,10.5600004196167,24.799999237060547,21.450000762939453,87.44999694824219,41.20000076293945
2021-10-19,460.0063781738281,46.150001525878906,102.0,4.090000152587891,48.75,11.119999885559082,25.350000381469727,21.700000762939453,89.44999694824219,41.20000076293945
2021-10-20,469.68585205078125,46.349998474121094,102.0,4.059999942779541,48.79999923706055,12.619999885559082,26.600000381469727,21.700000762939453,90.69999694824219,42.54999923706055
2021-10-21,465.9984436035156,46.5,103.0999984741211,4.050000190734863,49.0,12.600000381469727,26.100000381469727,21.350000381469727,89.69999694824219,42.20000076293945
2021-10-22,469.68585205078125,46.5,103.4000015258789,3.9000000953674316,48.95000076293945,12.600000381469727,26.700000762939453,21.0,89.4000015258789,42.5
2021-10-25,465.5375061035156,46.70000076293945,102.80000305175781,3.950000047683716,49.0,12.319999694824219,26.950000762939453,19.81999969482422,90.94999694824219,41.900001525878906
2021-10-26,462.7719421386719,47.5,102.19999694824219,3.9600000381469727,49.150001525878906,10.979999542236328,27.049999237060547,19.040000915527344,90.25,42.54999923706055
2021-10-27,448.944091796875,47.849998474121094,102.0999984741211,3.880000114440918,48.75,10.319999694824219,26.549999237060547,18.600000381469727,88.80000305175781,42.0
2021-10-28,450.0503234863281,47.0,102.5,3.740000009536743,48.849998474121094,10.15999984741211,26.350000381469727,18.459999084472656,89.55000305175781,41.849998474121094
2021-10-29,443.4129638671875,47.150001525878906,103.5,3.759999990463257,48.25,9.829999923706055,27.049999237060547,18.559999465942383,87.8499984741211,42.099998474121094
2021-11-01,432.9037780761719,46.95000076293945,102.4000015258789,3.75,48.54999923706055,9.029999732971191,26.100000381469727,18.559999465942383,87.8499984741211,41.70000076293945
2021-11-02,427.74139404296875,47.04999923706055,102.19999694824219,3.690000057220459,48.5,9.180000305175781,26.200000762939453,18.15999984741211,88.19999694824219,41.599998474121094
2021-11-03,432.3506774902344,46.849998474121094,102.19999694824219,3.619999885559082,48.150001525878906,8.930000305175781,25.649999618530273,17.84000015258789,86.05000305175781,41.5
2021-11-04,443.22857666015625,47.150001525878906,102.9000015258789,3.619999885559082,48.45000076293945,8.960000038146973,26.200000762939453,17.760000228881836,85.5999984741211,41.75
2021-11-05,430.8757019042969,45.45000076293945,103.30000305175781,3.440000057220459,48.70000076293945,9.069999694824219,26.5,17.639999389648438,86.1500015258789,41.95000076293945
2021-11-08,427.5570068359375,45.70000076293945,99.4000015258789,3.509999990463257,48.25,8.960000038146973,25.399999618530273,17.639999389648438,86.1500015258789,44.04999923706055
2021-11-09,427.74139404296875,45.54999923706055,98.8499984741211,3.509999990463257,48.099998474121094,9.229999542236328,26.049999237060547,17.719999313354492,85.5999984741211,44.04999923706055
2021-11-10,445.8097839355469,45.29999923706055,99.80000305175781,3.5199999809265137,47.95000076293945,9.550000190734863,25.600000381469727,17.920000076293945,82.55000305175781,43.900001525878906
2021-11-11,440.27862548828125,45.45000076293945,100.80000305175781,3.5299999713897705,47.54999923706055,9.640000343322754,25.850000381469727,17.920000076293945,82.94999694824219,44.400001525878906
2021-11-12,447.2847595214844,45.29999923706055,100.19999694824219,3.549999952316284,47.45000076293945,9.899999618530273,25.350000381469727,17.899999618530273,83.19999694824219,44.04999923706055
2021-11-15,453.3689880371094,45.20000076293945,100.69999694824219,3.5399999618530273,47.25,9.970000267028809,25.299999237060547,17.760000228881836,85.1500015258789,44.25
2021-11-16,463.2328796386719,45.79999923706055,101.0,3.5799999237060547,47.150001525878906,10.039999961853027,26.350000381469727,18.0,85.80000305175781,46.5
2021-11-17,469.2249450683594,46.0,100.4000015258789,3.640000104904175,47.04999923706055,9.989999771118164,26.799999237060547,18.299999237060547,85.30000305175781,45.900001525878906
2021-11-18,457.978271484375,46.04999923706055,99.8499984741211,3.5399999618530273,47.349998474121094,9.380000114440918,26.299999237060547,18.020000457763672,84.94999694824219,45.79999923706055
2021-11-19,457.24078369140625,46.04999923706055,100.5,3.5399999618530273,47.349998474121094,8.979999542236328,26.0,18.280000686645508,84.5999984741211,46.25
2021-11-22,455.7658386230469,45.54999923706055,100.5,3.4800000190734863,47.54999923706055,8.890000343322754,27.100000381469727,18.239999771118164,85.5999984741211,47.849998474121094
2021-11-23,443.5973205566406,45.5,99.69999694824219,3.5,47.75,8.510000228881836,26.299999237060547,18.360000610351562,85.3499984741211,47.95000076293945
2021-11-24,435.3006286621094,46.099998474121094,99.94999694824219,3.569999933242798,47.400001525878906,7.909999847412109,25.350000381469727,18.360000610351562,87.5999984741211,48.849998474121094
2021-11-25,440.4630126953125,46.150001525878906,99.0999984741211,3.5299999713897705,47.349998474121094,7.78000020980835,25.399999618530273,18.5,87.5,49.5
2021-11-26,427.1882629394531,44.349998474121094,96.69999694824219,3.4100000858306885,46.900001525878906,7.409999847412109,24.700000762939453,18.399999618530273,84.5999984741211,46.150001525878906
2021-11-29,426.26641845703125,43.75,96.75,3.4100000858306885,46.849998474121094,7.409999847412109,23.950000762939453,18.34000015258789,83.9000015258789,43.650001525878906
2021-11-30,423.5008544921875,42.95000076293945,94.80000305175781,3.390000104904175,46.599998474121094,7.190000057220459,23.149999618530273,16.940000534057617,82.05000305175781,42.650001525878906
2021-12-01,432.1662902832031,43.5,94.44999694824219,3.430000066757202,46.70000076293945,7.079999923706055,23.0,16.65999984741211,82.4000015258789,41.400001525878906
2021-12-02,436.5912170410156,44.0,94.6500015258789,3.440000057220459,46.650001525878906,7.130000114440918,23.100000381469727,16.739999771118164,82.8499984741211,42.599998474121094
2021-12-03,426.4508056640625,44.849998474121094,95.75,3.509999990463257,46.70000076293945,7.21999979019165,23.049999237060547,17.31999969482422,81.30000305175781,42.45000076293945
2021-12-06,412.80731201171875,44.849998474121094,95.4000015258789,3.509999990463257,46.20000076293945,6.920000076293945,22.25,16.899999618530273,80.6500015258789,41.45000076293945
2021-12-07,427.5570068359375,45.650001525878906,95.5,3.5199999809265137,46.650001525878906,7.380000114440918,23.25,17.3799991607666,82.0999984741211,42.849998474121094
2021-12-08,430.5069580078125,45.5,95.80000305175781,3.549999952316284,46.599998474121094,7.21999979019165,23.5,17.219999313354492,83.19999694824219,43.20000076293945
2021-12-09,435.6693420410156,45.29999923706055,96.80000305175781,3.5799999237060547,46.54999923706055,7.679999828338623,24.25,17.079999923706055,82.9000015258789,43.099998474121094
2021-12-10,427.1882629394531,45.20000076293945,96.5999984741211,3.5299999713897705,46.20000076293945,7.320000171661377,24.200000762939453,16.739999771118164,81.80000305175781,41.849998474121094
2021-12-13,430.1382141113281,45.099998474121094,95.44999694824219,3.549999952316284,46.349998474121094,7.619999885559082,23.799999237060547,16.600000381469727,81.19999694824219,41.0
2021-12-14,423.8695983886719,44.5,94.5999984741211,3.5,46.099998474121094,7.349999904632568,23.100000381469727,16.559999465942383,79.94999694824219,39.599998474121094
2021-12-15,420.1821594238281,44.95000076293945,93.9000015258789,3.450000047683716,46.5,7.28000020980835,22.799999237060547,16.3799991607666,79.55000305175781,39.95000076293945
2021-12-16,417.23223876953125,45.150001525878906,93.6500015258789,3.5299999713897705,46.349998474121094,7.420000076293945,23.0,16.739999771118164,80.0,40.20000076293945
2021-12-17,403.77313232421875,46.400001525878906,93.5999984741211,3.509999990463257,46.45000076293945,7.0,22.399999618530273,16.559999465942383,79.6500015258789,39.099998474121094
2021-12-20,396.3982849121094,45.5,92.5999984741211,3.430000066757202,46.349998474121094,6.739999771118164,21.950000762939453,16.299999237060547,78.19999694824219,38.349998474121094
2021-12-21,406.35430908203125,45.45000076293945,93.0999984741211,3.369999885559082,46.29999923706055,6.800000190734863,22.049999237060547,16.5,77.94999694824219,38.650001525878906
2021-12-22,408.3824157714844,45.70000076293945,93.0,3.4000000953674316,46.29999923706055,6.900000095367432,22.200000762939453,16.5,78.3499984741211,39.70000076293945
2021-12-23,425.71331787109375,46.20000076293945,93.5,3.4700000286102295,46.599998474121094,6.610000133514404,22.350000381469727,16.65999984741211,78.5999984741211,40.20000076293945
2021-12-24,424.23834228515625,46.45000076293945,93.5,3.4800000190734863,47.5,6.550000190734863,21.950000762939453,16.65999984741211,78.80000305175781,41.04999923706055
2021-12-28,415.2041320800781,46.599998474121094,94.80000305175781,3.5,47.29999923706055,6.409999847412109,21.100000381469727,16.84000015258789,79.4000015258789,39.95000076293945
2021-12-29,410.041748046875,46.849998474121094,95.0,3.509999990463257,47.20000076293945,6.360000133514404,20.950000762939453,16.920000076293945,79.30000305175781,39.75
2021-12-30,408.75115966796875,46.900001525878906,95.19999694824219,3.4700000286102295,47.04999923706055,6.300000190734863,20.850000381469727,16.700000762939453,79.1500015258789,39.900001525878906
2021-12-31,421.1040344238281,46.900001525878906,94.5999984741211,3.4700000286102295,46.79999923706055,6.590000152587891,21.299999237060547,16.959999084472656,78.5999984741211,40.400001525878906
