Date,TCS.NS,INFY.NS,RELIANCE.NS,HDFCBANK.NS,LT.NS,HINDUNILVR.NS,ASIANPAINT.NS,COALINDIA.NS,NTPC.NS,TATAMOTORS.NS
2012-01-02,589.2999877929688,351.1187438964844,323.0108947753906,213.4250030517578,448.4666748046875,402.3999938964844,259.0299987792969,312.1499938964844,131.7916717529297,181.99789428710938
2012-01-03,598.7999877929688,358.0375061035156,331.2856140136719,219.5749969482422,471.4888916015625,407.95001220703125,265.2300109863281,327.20001220703125,133.625,191.8917694091797
2012-01-04,586.5,356.79998779296875,327.3996887207031,221.64999389648438,475.4888916015625,395.45001220703125,267.4949951171875,326.70001220703125,133.4583282470703,199.06483459472656
2012-01-05,586.0,355.01873779296875,319.7878723144531,221.8249969482422,483.4666748046875,393.3500061035156,267.1700134277344,320.54998779296875,130.6666717529297,199.9552764892578
2012-01-06,584.7000122070312,354.01873779296875,328.03973388671875,226.64999389648438,480.6666564941406,396.79998779296875,266.05999755859375,318.04998779296875,130.7916717529297,201.43936157226562
2012-01-09,585.6749877929688,354.5687561035156,322.8737487792969,227.85000610351562,483.6000061035156,393.45001220703125,267.57501220703125,313.8999938964844,130.7916717529297,198.47119140625
2012-01-10,582.7000122070312,357.95001220703125,336.56585693359375,229.85000610351562,503.9111022949219,395.45001220703125,265.6549987792969,318.04998779296875,131.6666717529297,202.92344665527344
2012-01-11,568.5,353.32501220703125,342.0747375488281,231.3249969482422,509.8222351074219,392.5,272.0299987792969,320.3999938964844,133.0833282470703,202.72557067871094
2012-01-12,544.75,323.53125,336.8858947753906,233.3249969482422,503.022216796875,394.04998779296875,273.6300048828125,325.6499938964844,134.0416717529297,204.0117645263672
2012-01-13,542.875,323.0249938964844,334.5543518066406,234.8000030517578,521.111083984375,391.6499938964844,277.2049865722656,343.79998779296875,138.5,206.5841827392578
2012-01-16,554.7000122070312,330.01873779296875,325.936767578125,230.25,534.111083984375,386.3500061035156,274.8550109863281,340.79998779296875,134.875,211.4816436767578
2012-01-17,551.9749755859375,332.7562561035156,339.24029541015625,234.1999969482422,563.2888793945312,397.6000061035156,273.55999755859375,351.75,139.3333282470703,215.09291076660156
2012-01-18,538.0750122070312,326.5062561035156,356.4754638671875,240.9499969482422,551.3777465820312,392.25,272.3800048828125,339.79998779296875,137.0833282470703,211.58058166503906
2012-01-19,537.7750244140625,324.3374938964844,359.1727600097656,243.39999389648438,567.6221923828125,391.3999938964844,273.2900085449219,349.8999938964844,142.875,216.13177490234375
2012-01-20,539.75,323.6000061035156,362.3729248046875,245.27499389648438,566.4000244140625,391.1499938964844,273.2449951171875,344.79998779296875,145.4166717529297,216.77487182617188
2012-01-23,538.8499755859375,325.0375061035156,352.7267150878906,242.0,567.6889038085938,395.6499938964844,281.875,335.0,146.2916717529297,216.77487182617188
2012-01-24,544.3499755859375,327.6000061035156,358.30413818359375,244.39999389648438,600.8222045898438,393.1000061035156,280.42999267578125,329.95001220703125,146.125,219.59463500976562
2012-01-25,549.0,333.2250061035156,361.5957336425781,245.10000610351562,591.4222412109375,393.54998779296875,284.8450012207031,342.8999938964844,145.625,228.49911499023438
2012-01-27,554.375,340.625,375.05926513671875,242.10000610351562,614.0,389.95001220703125,291.635009765625,341.95001220703125,145.0416717529297,237.30467224121094
2012-01-30,555.875,339.0375061035156,363.33294677734375,239.52499389648438,580.1333618164062,382.3500061035156,298.80999755859375,335.6499938964844,143.125,231.41781616210938
2012-01-31,566.2000122070312,343.25,373.5506286621094,246.0500030517578,582.5777587890625,378.95001220703125,299.5299987792969,327.20001220703125,143.5,241.1632843017578
2012-02-01,564.3499755859375,342.8374938964844,379.9966735839844,248.5749969482422,597.6444702148438,384.75,293.5199890136719,317.0,142.375,245.76393127441406
2012-02-02,574.0,344.625,379.1051940917969,248.9499969482422,605.3777465820312,390.70001220703125,296.79998779296875,322.0,143.25,243.83462524414062
2012-02-03,585.7750244140625,347.90625,383.2425537109375,253.125,602.04443359375,401.3999938964844,295.0299987792969,327.3500061035156,147.3333282470703,245.0218963623047
2012-02-06,596.9249877929688,347.13751220703125,380.819580078125,253.85000610351562,615.5333251953125,387.04998779296875,299.3599853515625,328.25,148.0416717529297,249.07838439941406
2012-02-07,599.0,340.9375,386.099853515625,254.64999389648438,602.0,382.1499938964844,295.8949890136719,325.8500061035156,146.4583282470703,247.6932373046875
2012-02-08,609.8250122070312,346.14373779296875,392.4316101074219,254.22500610351562,607.7777709960938,388.54998779296875,297.06500244140625,333.29998779296875,147.7083282470703,247.94058227539062
2012-02-09,614.2999877929688,351.23748779296875,390.35150146484375,261.2749938964844,602.3333129882812,393.3500061035156,305.82000732421875,333.29998779296875,150.0,254.56948852539062
2012-02-10,616.7000122070312,348.79998779296875,385.5055236816406,258.75,600.4444580078125,387.3999938964844,309.94500732421875,331.8500061035156,150.2916717529297,254.61895751953125
2012-02-13,612.8499755859375,348.54998779296875,388.24853515625,260.9750061035156,590.3333129882812,391.75,305.44500732421875,336.6000061035156,150.8333282470703,255.55886840820312
2012-02-14,610.0,350.1312561035156,388.0885314941406,258.95001220703125,613.111083984375,391.8500061035156,302.7200012207031,334.3500061035156,151.375,265.1064758300781
2012-02-15,620.7999877929688,358.01251220703125,382.48822021484375,266.5249938964844,646.7111206054688,388.5,303.1400146484375,339.8500061035156,151.75,284.7952880859375
2012-02-16,612.6749877929688,363.6187438964844,371.4248046875,263.2250061035156,643.7999877929688,384.04998779296875,306.82000732421875,320.04998779296875,153.2916717529297,272.97210693359375
2012-02-17,614.375,368.4750061035156,374.05352783203125,264.1499938964844,643.1777954101562,385.1000061035156,305.44500732421875,323.79998779296875,156.5833282470703,271.04278564453125
2012-02-21,618.5250244140625,367.28125,385.6426696777344,266.0249938964844,643.0,381.95001220703125,304.5400085449219,326.0,155.125,268.4209289550781
2012-02-22,626.1749877929688,369.03125,381.00244140625,265.7250061035156,632.4444580078125,378.5,307.42498779296875,322.1499938964844,152.3333282470703,265.6011657714844
2012-02-23,629.9000244140625,366.64373779296875,383.8368835449219,266.57501220703125,621.977783203125,388.20001220703125,305.93499755859375,322.75,154.2083282470703,265.6011657714844
2012-02-24,635.0,368.5062561035156,374.8535461425781,262.32501220703125,599.3777465820312,385.8999938964844,306.7099914550781,327.6499938964844,153.0833282470703,262.63299560546875
2012-02-27,626.0250244140625,360.41876220703125,357.2526550292969,257.79998779296875,578.6221923828125,380.04998779296875,309.7300109863281,323.1000061035156,150.7083282470703,257.1913757324219
2012-02-28,613.2750244140625,359.04998779296875,364.13299560546875,265.25,599.4666748046875,381.25,315.864990234375,330.45001220703125,150.0416717529297,270.44915771484375
2012-02-29,610.9749755859375,360.4312438964844,375.21929931640625,258.54998779296875,581.3555297851562,380.20001220703125,317.05499267578125,334.5,150.875,268.07464599609375
2012-03-01,609.7999877929688,357.08123779296875,370.7390441894531,257.0,567.95556640625,380.3500061035156,314.9649963378906,334.5,147.0416717529297,264.36444091796875
2012-03-02,608.625,355.7124938964844,372.17913818359375,259.375,577.6221923828125,382.8500061035156,315.875,332.1499938964844,149.1666717529297,264.8096618652344
2012-03-05,603.6500244140625,351.23126220703125,364.5901794433594,255.47500610351562,563.0,382.54998779296875,323.4700012207031,327.8500061035156,146.375,271.24066162109375
2012-03-06,601.0,356.5562438964844,355.0125427246094,253.6999969482422,548.9111328125,380.20001220703125,316.0450134277344,330.1499938964844,145.4583282470703,264.1665344238281
2012-03-07,596.4249877929688,360.48126220703125,348.2693176269531,257.82501220703125,550.022216796875,385.0,309.17498779296875,326.8999938964844,141.8333282470703,265.1064758300781
2012-03-09,604.2750244140625,356.9125061035156,353.7553405761719,261.6000061035156,578.8222045898438,382.25,317.1499938964844,336.04998779296875,144.7083282470703,277.67169189453125
2012-03-12,594.5250244140625,352.17498779296875,365.0701904296875,259.4750061035156,599.5555419921875,380.54998779296875,316.0249938964844,337.45001220703125,143.4166717529297,281.18402099609375
2012-03-13,598.5,357.4750061035156,374.8535461425781,262.20001220703125,605.2000122070312,381.79998779296875,318.6650085449219,343.3500061035156,144.375,279.99676513671875
2012-03-14,577.2750244140625,359.85626220703125,372.36199951171875,264.1000061035156,620.7111206054688,381.54998779296875,320.4200134277344,348.04998779296875,148.0,286.9224548339844
2012-03-15,581.8499755859375,360.23748779296875,364.2015686035156,255.39999389648438,605.111083984375,388.1000061035156,321.4949951171875,340.5,149.6666717529297,287.3677062988281
2012-03-16,584.7750244140625,358.1187438964844,353.0924377441406,253.9250030517578,586.6666870117188,390.20001220703125,321.010009765625,341.6499938964844,143.625,283.6575012207031
2012-03-19,561.0,354.6875,345.2063293457031,249.4250030517578,576.2444458007812,393.8500061035156,307.31500244140625,334.79998779296875,143.2916717529297,280.4419860839844
2012-03-20,567.4249877929688,353.91876220703125,347.6978759765625,252.6999969482422,572.04443359375,395.3999938964844,301.57000732421875,326.54998779296875,144.2916717529297,268.5198669433594
2012-03-21,587.875,358.4125061035156,351.1266174316406,257.82501220703125,598.4000244140625,403.20001220703125,306.2850036621094,331.1499938964844,146.5,273.16998291015625
2012-03-22,583.875,353.5375061035156,336.63446044921875,252.125,576.4000244140625,395.8500061035156,307.125,338.6499938964844,142.7083282470703,267.233642578125
2012-03-23,592.3250122070312,359.0874938964844,340.1546325683594,256.9750061035156,578.0888671875,403.1000061035156,311.1600036621094,334.8500061035156,143.1666717529297,269.8060607910156
2012-03-26,580.7999877929688,353.84375,333.77716064453125,255.8249969482422,568.7777709960938,403.3500061035156,306.07000732421875,331.95001220703125,137.875,265.55169677734375
2012-03-27,587.375,359.48748779296875,334.2114562988281,259.42498779296875,579.2000122070312,416.04998779296875,309.6650085449219,330.8999938964844,136.6666717529297,269.9049987792969
2012-03-28,582.5499877929688,355.38751220703125,331.765625,256.7250061035156,581.2444458007812,412.5,310.44500732421875,331.6000061035156,134.6666717529297,268.27252197265625
2012-03-29,570.5999755859375,349.0,331.2856140136719,255.0500030517578,569.1333618164062,408.3500061035156,318.8500061035156,332.79998779296875,135.4166717529297,269.06402587890625
2012-03-30,584.4000244140625,358.2875061035156,343.1490783691406,259.92498779296875,581.7777709960938,410.04998779296875,324.20001220703125,343.8999938964844,135.625,272.3290100097656
2012-04-02,597.125,356.2749938964844,338.5545349121094,264.17498779296875,592.2000122070312,405.6499938964844,326.3399963378906,341.20001220703125,139.5833282470703,273.862548828125
2012-04-03,589.0,357.3062438964844,344.109130859375,265.1000061035156,605.3777465820312,403.75,335.6400146484375,343.29998779296875,139.5833282470703,278.26531982421875
2012-04-04,589.2249755859375,356.38751220703125,341.5032653808594,263.2749938964844,597.9111328125,399.20001220703125,332.3500061035156,341.6000061035156,139.8333282470703,275.5939636230469
2012-04-09,582.0499877929688,352.84375,339.2860107421875,260.875,577.04443359375,404.5,327.9049987792969,336.45001220703125,135.875,272.67529296875
2012-04-10,578.0999755859375,346.42498779296875,339.51458740234375,262.42498779296875,571.2444458007812,414.95001220703125,325.6549987792969,333.29998779296875,135.3333282470703,280.7388000488281
2012-04-11,569.0499877929688,350.54998779296875,333.86859130859375,263.2250061035156,570.5777587890625,416.6000061035156,323.68499755859375,331.04998779296875,137.7916717529297,280.0462341308594
2012-04-12,565.8250122070312,343.83123779296875,339.811767578125,265.20001220703125,573.95556640625,421.20001220703125,325.56500244140625,333.1499938964844,137.875,283.16278076171875
2012-04-13,534.1749877929688,300.3187561035156,343.5833740234375,264.67498779296875,569.9111328125,425.1499938964844,330.1099853515625,338.8999938964844,138.9583282470703,286.2298889160156
2012-04-16,534.875,295.5687561035156,342.00616455078125,264.875,578.4444580078125,421.25,335.4549865722656,339.1499938964844,137.9166717529297,297.5089111328125
2012-04-17,545.4249877929688,297.5874938964844,341.2289733886719,265.125,592.3555297851562,422.20001220703125,332.82501220703125,350.04998779296875,139.5833282470703,298.1520080566406
2012-04-18,548.7750244140625,296.40625,342.2347412109375,268.82501220703125,588.7333374023438,422.8500061035156,331.114990234375,348.04998779296875,139.9166717529297,306.462890625
2012-04-19,551.4749755859375,300.67498779296875,339.05743408203125,277.0249938964844,585.6889038085938,425.5,332.885009765625,361.6000061035156,140.125,315.862060546875
2012-04-20,544.2249755859375,300.92498779296875,334.1200256347656,275.54998779296875,573.933349609375,423.0,334.05499267578125,362.45001220703125,137.7083282470703,313.2896423339844
2012-04-23,532.125,288.86248779296875,336.6116027832031,272.67498779296875,557.2444458007812,417.1000061035156,347.1000061035156,355.3999938964844,138.2916717529297,306.462890625
2012-04-24,597.0999755859375,293.6937561035156,336.06298828125,270.92498779296875,541.5777587890625,420.5,346.20001220703125,356.1000061035156,139.4166717529297,308.54058837890625
2012-04-25,585.5250244140625,293.7437438964844,336.6116027832031,273.32501220703125,547.3333129882812,419.1000061035156,342.2300109863281,349.5,137.4166717529297,310.6183166503906
2012-04-26,597.3250122070312,294.5249938964844,340.6117858886719,270.25,545.1777954101562,414.70001220703125,348.20001220703125,359.3999938964844,134.2916717529297,308.7879333496094
2012-04-27,602.0,298.875,339.2174377441406,270.57501220703125,542.3333129882812,415.3999938964844,352.3299865722656,351.25,134.9166717529297,309.33209228515625
2012-04-30,623.2999877929688,307.76251220703125,340.6346435546875,271.25,545.2666625976562,417.6000061035156,352.67999267578125,352.3500061035156,135.4166717529297,313.1907043457031
2012-05-02,633.625,309.0,339.9260559082031,274.95001220703125,539.7111206054688,425.0,353.0799865722656,345.79998779296875,133.2083282470703,301.2685852050781
2012-05-03,639.75,310.36248779296875,337.7773742675781,277.0249938964844,533.022216796875,434.75,360.3599853515625,336.95001220703125,130.8333282470703,297.7562561035156
2012-05-04,638.4000244140625,305.2437438964844,332.1084899902344,268.75,509.8444519042969,434.8999938964844,361.5350036621094,329.79998779296875,129.125,298.5972595214844
2012-05-07,636.625,304.70001220703125,327.1939697265625,266.125,534.6221923828125,429.95001220703125,364.44000244140625,328.5,130.125,305.127197265625
2012-05-08,600.3499755859375,299.23748779296875,323.83380126953125,257.67498779296875,515.0,430.8500061035156,365.55499267578125,334.70001220703125,129.9166717529297,293.2545471191406
2012-05-09,612.7750244140625,295.78125,317.7763366699219,256.32501220703125,514.2000122070312,432.54998779296875,370.875,326.5,126.20833587646484,289.7422180175781
2012-05-10,616.2750244140625,293.0249938964844,317.342041015625,258.75,513.3110961914062,433.25,365.385009765625,321.29998779296875,124.5,286.1309509277344
2012-05-11,615.375,288.9125061035156,318.73638916015625,255.27499389648438,505.77777099609375,432.04998779296875,362.385009765625,314.5,123.45833587646484,294.3428649902344
2012-05-14,612.9749755859375,292.3687438964844,311.4674377441406,250.27499389648438,515.2888793945312,433.8500061035156,369.7250061035156,316.1000061035156,122.91666412353516,287.51611328125
2012-05-15,613.1500244140625,301.8999938964844,311.62744140625,249.5500030517578,543.2222290039062,432.45001220703125,376.80499267578125,314.20001220703125,119.5,287.2687683105469
2012-05-16,611.7000122070312,296.0562438964844,309.0901794433594,247.60000610351562,535.933349609375,427.75,375.43499755859375,308.3999938964844,117.54166412353516,266.14532470703125
2012-05-17,611.0,296.3187561035156,313.2275390625,248.89999389648438,517.1333618164062,429.95001220703125,369.5050048828125,306.45001220703125,118.41666412353516,268.27252197265625
2012-05-18,605.3250122070312,297.85626220703125,314.7818908691406,250.27499389648438,516.066650390625,432.04998779296875,370.1050109863281,303.1000061035156,120.79166412353516,257.14190673828125
2012-05-21,604.5999755859375,292.5562438964844,317.9591979980469,248.72500610351562,529.888916015625,426.20001220703125,375.42498779296875,310.0,119.66666412353516,259.0711975097656
2012-05-22,612.0250244140625,292.63751220703125,315.9476623535156,244.625,515.4444580078125,423.8500061035156,367.70001220703125,305.95001220703125,117.79166412353516,262.2867126464844
2012-05-23,612.5750122070312,293.5249938964844,314.00469970703125,243.60000610351562,510.8222351074219,427.0,367.75,308.3500061035156,117.54166412353516,258.6754455566406
2012-05-24,610.7249755859375,297.6000061035156,317.8677673339844,249.85000610351562,519.3110961914062,424.70001220703125,374.9750061035156,309.75,118.41666412353516,264.1665344238281
2012-05-25,610.4000244140625,296.60626220703125,315.9933776855469,250.0,528.0,420.8500061035156,376.5849914550781,313.54998779296875,118.5,266.1947937011719
2012-05-28,612.3499755859375,298.2250061035156,320.7707824707031,254.375,535.3777465820312,417.45001220703125,382.2749938964844,315.0,120.41666412353516,273.6646728515625
2012-05-29,620.1749877929688,301.1875,320.8622131347656,252.47500610351562,534.2888793945312,416.25,384.2550048828125,321.8500061035156,121.25,272.8236999511719
2012-05-30,620.2750244140625,304.0375061035156,322.8737487792969,250.3249969482422,527.8222045898438,422.45001220703125,381.6449890136719,319.6499938964844,121.04166412353516,240.47071838378906
2012-05-31,622.6749877929688,303.66876220703125,322.5765686035156,253.10000610351562,521.1555786132812,428.0,402.1549987792969,321.6000061035156,122.33333587646484,230.52735900878906
2012-06-01,612.2999877929688,298.6499938964844,313.27325439453125,245.1999969482422,504.3999938964844,419.5,377.9800109863281,321.75,120.91666412353516,222.1670379638672
2012-06-04,606.625,298.20001220703125,316.7019958496094,247.8249969482422,521.5555419921875,412.3999938964844,368.4200134277344,320.1000061035156,120.04166412353516,226.42140197753906
2012-06-05,613.25,298.60626220703125,321.1822204589844,250.75,538.2888793945312,407.29998779296875,371.8949890136719,316.1000061035156,122.45833587646484,219.2978057861328
2012-06-06,625.5750122070312,301.9375,327.285400390625,259.95001220703125,563.1777954101562,420.04998779296875,382.4049987792969,322.0,127.29166412353516,231.91250610351562
2012-06-07,620.0999755859375,306.6187438964844,329.7312316894531,268.8999938964844,566.6666870117188,423.75,384.7699890136719,325.25,129.2083282470703,233.9407501220703
2012-06-08,615.4500122070312,302.40625,333.59429931640625,269.54998779296875,581.977783203125,429.29998779296875,382.5299987792969,327.70001220703125,130.0,236.6615753173828
2012-06-11,616.7750244140625,303.20623779296875,330.18841552734375,270.9750061035156,570.3333129882812,436.1499938964844,383.6199951171875,332.70001220703125,129.25,233.00083923339844
2012-06-12,624.0499877929688,307.2562561035156,330.5084228515625,274.79998779296875,584.7333374023438,432.54998779296875,388.3800048828125,336.1000061035156,131.375,240.37176513671875
2012-06-13,625.2000122070312,308.76251220703125,327.46826171875,270.875,599.95556640625,447.54998779296875,387.7650146484375,333.29998779296875,128.5833282470703,234.88067626953125
2012-06-14,627.0,312.2875061035156,327.4911193847656,267.20001220703125,576.4000244140625,440.79998779296875,387.05999755859375,330.95001220703125,123.54166412353516,224.29421997070312
2012-06-15,636.2249755859375,315.3187561035156,332.2456359863281,273.7749938964844,588.3333129882812,449.45001220703125,388.614990234375,339.70001220703125,125.16666412353516,237.74989318847656
2012-06-18,628.5750122070312,313.9624938964844,328.6568908691406,267.4750061035156,586.6444702148438,446.45001220703125,386.3999938964844,339.54998779296875,124.33333587646484,235.42483520507812
2012-06-19,636.9749755859375,309.625,337.1373291015625,268.2250061035156,591.2444458007812,449.20001220703125,388.6099853515625,344.0,124.70833587646484,235.62271118164062
2012-06-20,626.4000244140625,308.76251220703125,337.1144714355469,267.1000061035156,596.7777709960938,455.6000061035156,388.5050048828125,337.8999938964844,124.625,243.33993530273438
2012-06-21,612.0250244140625,311.4125061035156,328.5654602050781,271.45001220703125,610.1555786132812,460.1499938964844,389.6700134277344,341.8999938964844,126.08333587646484,245.56605529785156
2012-06-22,616.7249755859375,309.3062438964844,325.0452880859375,272.17498779296875,605.3110961914062,460.29998779296875,389.125,337.70001220703125,126.79166412353516,244.4777374267578
2012-06-25,608.375,308.51873779296875,327.42254638671875,268.3500061035156,602.4222412109375,460.04998779296875,380.79998779296875,336.6499938964844,127.08333587646484,243.5872802734375
2012-06-26,617.5499877929688,305.04998779296875,330.7598571777344,271.7250061035156,599.3777465820312,450.70001220703125,375.8999938964844,338.79998779296875,128.0833282470703,244.08197021484375
2012-06-27,623.3499755859375,308.51251220703125,330.3027038574219,274.5,598.9111328125,452.45001220703125,377.614990234375,342.79998779296875,129.25,236.6615753173828
2012-06-28,629.4249877929688,309.1625061035156,329.11407470703125,274.25,597.04443359375,451.6499938964844,374.9049987792969,347.8500061035156,131.3333282470703,237.7993621826172
2012-06-29,638.7249755859375,313.6499938964844,337.3201904296875,281.7749938964844,621.2444458007812,454.5,388.8550109863281,346.79998779296875,132.875,239.8770751953125
2012-07-02,629.7249755859375,312.42498779296875,337.1144714355469,286.9750061035156,622.022216796875,446.6000061035156,392.114990234375,350.3999938964844,134.4166717529297,235.42483520507812
2012-07-03,619.7000122070312,311.3187561035156,336.63446044921875,287.92498779296875,623.977783203125,441.3500061035156,394.0249938964844,356.8999938964844,134.2083282470703,235.02908325195312
2012-07-04,623.9249877929688,309.92498779296875,335.6744079589844,289.0,630.5777587890625,437.95001220703125,387.2449951171875,353.75,134.0833282470703,233.6934051513672
2012-07-05,620.2999877929688,310.03125,337.70880126953125,292.04998779296875,634.8666381835938,440.8500061035156,378.114990234375,348.5,134.6666717529297,237.4530792236328
2012-07-06,623.875,305.58123779296875,335.9486999511719,290.75,624.4444580078125,446.04998779296875,371.44500732421875,351.3999938964844,134.0416717529297,238.09617614746094
2012-07-09,629.7000122070312,304.7437438964844,334.5543518066406,289.07501220703125,617.2444458007812,443.95001220703125,368.3450012207031,350.54998779296875,133.375,238.29405212402344
2012-07-10,630.8499755859375,307.42498779296875,338.16595458984375,294.32501220703125,629.7777709960938,446.3999938964844,369.30999755859375,353.8999938964844,133.2083282470703,243.88409423828125
2012-07-11,629.1500244140625,308.875,331.7427673339844,293.5,638.1777954101562,441.3999938964844,369.3900146484375,353.5,133.4583282470703,238.8876953125
2012-07-12,618.0,283.04998779296875,329.7083740234375,290.04998779296875,625.5999755859375,442.95001220703125,372.32000732421875,354.3500061035156,132.4583282470703,234.2870330810547
2012-07-13,624.7000122070312,278.7250061035156,328.4740295410156,293.5249938964844,624.3333129882812,441.1000061035156,370.82501220703125,354.1000061035156,133.125,233.44606018066406
2012-07-16,603.6749877929688,271.4125061035156,329.3197937011719,291.32501220703125,614.7777709960938,441.1499938964844,369.2950134277344,350.54998779296875,132.3333282470703,226.81715393066406
2012-07-17,592.9500122070312,271.40625,328.86260986328125,291.625,612.6444702148438,444.1499938964844,366.2699890136719,354.29998779296875,131.9166717529297,223.50271606445312
2012-07-18,597.6500244140625,272.36248779296875,327.23968505859375,293.5,622.888916015625,446.29998779296875,366.489990234375,360.29998779296875,130.875,219.2483367919922
2012-07-19,600.5,280.6499938964844,332.7256774902344,294.70001220703125,625.1555786132812,446.6499938964844,361.91497802734375,359.79998779296875,130.9166717529297,222.4143829345703
2012-07-20,611.5250244140625,277.34375,330.37127685546875,291.29998779296875,617.95556640625,446.04998779296875,371.7250061035156,361.0,129.9166717529297,221.02923583984375
2012-07-23,607.125,273.63751220703125,328.7026062011719,286.5,612.4888916015625,442.95001220703125,360.2550048828125,355.79998779296875,128.125,213.75723266601562
2012-07-24,604.5750122070312,271.08123779296875,331.217041015625,287.0249938964844,602.0888671875,476.20001220703125,356.67999267578125,356.1000061035156,127.41666412353516,213.55935668945312
2012-07-25,606.5750122070312,271.0687561035156,328.81689453125,288.0249938964844,596.3777465820312,464.45001220703125,352.83502197265625,351.0,125.04166412353516,210.73960876464844
2012-07-26,599.2249755859375,265.4750061035156,324.65667724609375,282.8999938964844,585.8444213867188,461.8500061035156,346.9100036621094,348.75,125.95833587646484,202.92344665527344
2012-07-27,612.6500244140625,268.58123779296875,329.616943359375,292.29998779296875,586.5777587890625,464.6000061035156,350.6100158691406,353.8999938964844,127.70833587646484,210.59120178222656
2012-07-30,615.5,276.2124938964844,333.548583984375,293.625,607.2444458007812,465.75,357.6549987792969,355.79998779296875,131.5833282470703,219.34727478027344
2012-07-31,621.8250122070312,278.3687438964844,339.94891357421875,293.875,608.6221923828125,467.3500061035156,364.2300109863281,359.3500061035156,130.8333282470703,223.8489990234375
2012-08-01,612.3250122070312,277.3187561035156,341.38897705078125,293.25,614.2666625976562,470.1499938964844,362.69500732421875,349.25,131.25,224.93731689453125
2012-08-02,616.4000244140625,275.71875,338.0973815917969,291.25,618.2000122070312,468.45001220703125,365.1300048828125,346.75,136.25,220.336669921875
2012-08-03,618.4500122070312,276.0625,339.4688720703125,294.1000061035156,614.3777465820312,466.6000061035156,375.7250061035156,344.0,138.5416717529297,218.60523986816406
2012-08-06,614.4500122070312,277.1000061035156,359.3556213378906,300.125,624.977783203125,467.3500061035156,374.80999755859375,343.45001220703125,138.0416717529297,226.61927795410156
2012-08-07,632.0250244140625,281.6625061035156,358.30413818359375,300.04998779296875,630.0888671875,469.8999938964844,374.3800048828125,344.5,139.4583282470703,236.26580810546875
2012-08-08,624.5999755859375,285.45001220703125,361.52716064453125,299.45001220703125,624.4888916015625,477.1499938964844,373.1399841308594,345.20001220703125,140.2083282470703,238.93716430664062
2012-08-09,629.0750122070312,285.2562561035156,356.6583251953125,302.32501220703125,630.3777465820312,488.25,375.0050048828125,352.6000061035156,141.625,236.76051330566406
2012-08-10,640.0250244140625,289.1312561035156,357.5498046875,301.07501220703125,632.8666381835938,497.70001220703125,371.3399963378906,348.6000061035156,143.2916717529297,229.48851013183594
2012-08-13,633.1500244140625,290.01251220703125,360.315673828125,303.7250061035156,640.111083984375,490.29998779296875,377.2649841308594,347.6499938964844,143.5,225.82777404785156
2012-08-14,634.2000122070312,291.16876220703125,365.5273742675781,304.07501220703125,646.4888916015625,495.8999938964844,378.19500732421875,353.75,143.1666717529297,232.50613403320312
2012-08-16,631.7750244140625,289.4312438964844,373.1163330078125,300.0249938964844,656.6221923828125,494.75,371.19500732421875,353.6000061035156,141.6666717529297,232.9513702392578
2012-08-17,639.2999877929688,293.8812561035156,373.0934753417969,297.54998779296875,645.2666625976562,503.3999938964844,367.8550109863281,349.8999938964844,140.0416717529297,237.6509552001953
2012-08-21,649.3250122070312,301.125,372.2477111816406,298.20001220703125,651.888916015625,513.5999755859375,369.4100036621094,352.45001220703125,144.7916717529297,243.5872802734375
2012-08-22,645.8250122070312,304.20001220703125,369.2989807128906,298.45001220703125,647.6666870117188,512.8499755859375,369.2049865722656,355.75,142.8333282470703,245.4671173095703
2012-08-23,661.7249755859375,309.6499938964844,363.2186584472656,298.8500061035156,636.5111083984375,520.4000244140625,370.0,359.1000061035156,142.0833282470703,242.69683837890625
2012-08-24,661.4249877929688,305.6000061035156,357.5498046875,298.1499938964844,631.4666748046875,517.9500122070312,367.6549987792969,367.04998779296875,140.5,243.43887329101562
2012-08-27,660.2249755859375,301.48748779296875,359.9499206542969,297.17498779296875,620.7111206054688,521.0499877929688,366.2250061035156,364.75,140.7916717529297,238.49192810058594
2012-08-28,675.4500122070312,302.64373779296875,361.25286865234375,294.67498779296875,605.2000122070312,524.0999755859375,372.5950012207031,359.45001220703125,143.2083282470703,234.78173828125
2012-08-29,671.6500244140625,298.5375061035156,357.5726623535156,294.2749938964844,599.7111206054688,522.5499877929688,370.2250061035156,359.79998779296875,143.5833282470703,230.92311096191406
2012-08-30,683.5750122070312,299.0874938964844,358.1441345214844,297.95001220703125,602.066650390625,528.7000122070312,369.635009765625,360.70001220703125,142.875,234.23756408691406
2012-08-31,671.875,295.20623779296875,350.3722839355469,297.67498779296875,596.8444213867188,515.0999755859375,364.07000732421875,351.45001220703125,140.0416717529297,231.81356811523438
2012-09-03,668.9249877929688,295.63751220703125,348.8407897949219,295.2250061035156,600.933349609375,515.0999755859375,365.1000061035156,360.8999938964844,140.6666717529297,228.44964599609375
2012-09-04,670.4249877929688,295.1000061035156,356.4068908691406,295.04998779296875,607.04443359375,521.0499877929688,369.32000732421875,360.6499938964844,141.9583282470703,232.35772705078125
2012-09-05,682.25,292.4312438964844,352.5438232421875,296.04998779296875,588.5777587890625,531.2000122070312,365.135009765625,359.20001220703125,140.4583282470703,226.2729949951172
2012-09-06,687.7999877929688,302.75,351.1951904296875,294.07501220703125,584.4000244140625,526.4500122070312,370.0249938964844,358.25,142.9166717529297,230.5768280029297
2012-09-07,693.3499755859375,310.90625,361.9614562988281,295.20001220703125,608.0888671875,538.9500122070312,377.04998779296875,361.20001220703125,143.5416717529297,240.7180633544922
2012-09-10,685.7249755859375,314.04376220703125,362.0986022949219,295.57501220703125,612.7555541992188,535.1500244140625,373.864990234375,366.70001220703125,143.3333282470703,246.25863647460938
2012-09-11,696.3250122070312,316.1875,361.61859130859375,297.20001220703125,608.4888916015625,531.8499755859375,377.614990234375,366.70001220703125,145.2916717529297,247.14907836914062
2012-09-12,707.4500122070312,317.4624938964844,364.8644714355469,299.6000061035156,626.4000244140625,541.0,384.53997802734375,376.6499938964844,142.2083282470703,260.45635986328125
2012-09-13,708.8499755859375,319.3812561035156,365.344482421875,299.6000061035156,630.3555297851562,547.0499877929688,384.95001220703125,380.0,142.625,256.647216796875
2012-09-14,706.5499877929688,329.01251220703125,384.8197937011719,306.375,662.2222290039062,548.0499877929688,390.1399841308594,383.20001220703125,140.25,267.4315185546875
2012-09-17,671.0499877929688,320.5625,399.4490966796875,304.1499938964844,691.3110961914062,531.8499755859375,388.4549865722656,374.29998779296875,140.8333282470703,274.9013977050781
2012-09-18,649.9000244140625,325.1000061035156,391.1515197753906,302.7250061035156,690.5111083984375,532.4000244140625,390.04998779296875,375.54998779296875,138.625,270.5975646972656
2012-09-20,661.0,327.1499938964844,380.59100341796875,303.45001220703125,676.2666625976562,527.5,389.57501220703125,364.5,136.75,268.7177429199219
2012-09-21,652.0250244140625,324.1625061035156,388.7285461425781,312.57501220703125,704.5555419921875,529.7000122070312,394.6600036621094,372.6000061035156,140.625,272.5268859863281
2012-09-24,644.7249755859375,325.01873779296875,382.35107421875,317.5,701.4444580078125,518.0499877929688,397.989990234375,369.75,138.7083282470703,270.7954406738281
2012-09-25,646.5999755859375,324.7562561035156,383.90545654296875,318.45001220703125,699.7555541992188,528.4000244140625,393.6499938964844,368.6499938964844,137.4583282470703,266.04638671875
2012-09-26,642.7999877929688,323.6625061035156,386.1912841796875,315.375,694.4000244140625,526.8499755859375,389.31500244140625,358.1499938964844,137.5,260.30792236328125
2012-09-27,635.7750244140625,318.66876220703125,379.3794860839844,315.3999938964844,710.2888793945312,537.75,387.0299987792969,357.6000061035156,136.9583282470703,257.04296875
2012-09-28,647.9500122070312,316.8687438964844,382.73968505859375,314.57501220703125,709.6889038085938,545.8499755859375,393.4800109863281,358.95001220703125,140.0833282470703,264.7107238769531
2012-10-01,651.4749755859375,326.20623779296875,381.04815673828125,311.42498779296875,714.0888671875,542.8499755859375,393.9649963378906,357.6000061035156,141.7916717529297,271.7848205566406
2012-10-03,661.3250122070312,322.28125,386.8084411621094,309.7250061035156,715.1333618164062,555.5,390.80499267578125,365.20001220703125,141.7083282470703,270.5975646972656
2012-10-04,658.5750122070312,321.95623779296875,389.91717529296875,315.6499938964844,726.2444458007812,555.5,387.3999938964844,361.70001220703125,142.375,271.3890686035156
2012-10-05,652.0,315.85626220703125,392.15728759765625,311.20001220703125,733.2888793945312,565.4000244140625,381.125,363.45001220703125,142.5416717529297,277.57275390625
2012-10-08,646.3499755859375,311.0249938964844,374.60211181640625,310.3500061035156,709.2222290039062,560.0499877929688,388.9850158691406,357.3999938964844,142.9583282470703,269.5587158203125
2012-10-09,647.4249877929688,317.03125,372.72772216796875,312.875,725.6889038085938,568.8499755859375,389.1600036621094,356.54998779296875,141.5,266.837890625
2012-10-10,644.6749877929688,313.01873779296875,373.0477600097656,308.9750061035156,718.4444580078125,563.9000244140625,389.6000061035156,353.25,138.75,264.6117858886719
2012-10-11,644.7249755859375,316.6499938964844,374.8535461425781,312.42498779296875,734.7333374023438,571.3499755859375,389.5299987792969,358.75,139.875,270.8943786621094
2012-10-12,649.2249755859375,299.41876220703125,374.37353515625,315.57501220703125,733.3333129882812,575.0499877929688,389.8999938964844,359.29998779296875,140.75,268.3714599609375
2012-10-15,647.3250122070312,295.70001220703125,376.2707824707031,317.07501220703125,727.1333618164062,578.5499877929688,387.385009765625,356.45001220703125,140.125,266.54107666015625
2012-10-16,647.9500122070312,294.4624938964844,371.4248046875,315.20001220703125,713.6889038085938,574.25,388.5050048828125,354.20001220703125,139.75,259.51641845703125
2012-10-17,641.5750122070312,296.26873779296875,368.0874938964844,314.04998779296875,722.7777709960938,573.0499877929688,390.8800048828125,353.6000061035156,140.875,262.0888366699219
2012-10-18,653.6749877929688,297.20001220703125,370.8990783691406,318.1000061035156,734.2666625976562,575.5999755859375,392.3699951171875,359.29998779296875,140.5833282470703,267.3820495605469
2012-10-19,644.8499755859375,297.91876220703125,367.0131530761719,314.25,725.7999877929688,566.5499877929688,388.1700134277344,353.95001220703125,138.5833282470703,266.14532470703125
2012-10-22,659.4500122070312,298.1937561035156,372.8648681640625,319.5,742.6666870117188,569.4500122070312,392.91497802734375,357.8500061035156,140.9583282470703,264.21600341796875
2012-10-23,657.2999877929688,294.13751220703125,370.2818908691406,317.04998779296875,756.1555786132812,570.3499755859375,391.0199890136719,358.54998779296875,140.8333282470703,261.7920227050781
2012-10-25,657.6749877929688,293.09375,370.48760986328125,318.67498779296875,761.066650390625,563.9500122070312,389.614990234375,356.3500061035156,141.0833282470703,258.4775695800781
2012-10-29,654.2000122070312,291.9375,370.8533630371094,320.29998779296875,750.066650390625,546.0499877929688,393.1549987792969,350.1000061035156,139.7916717529297,254.02532958984375
2012-10-30,655.75,294.79376220703125,367.2188720703125,316.82501220703125,728.3555297851562,550.5999755859375,388.7950134277344,346.54998779296875,138.4583282470703,245.0218963623047
2012-10-31,657.75,295.375,368.24749755859375,317.1000061035156,723.04443359375,546.5999755859375,387.1199951171875,346.29998779296875,137.7916717529297,252.0465545654297
2012-11-01,657.625,295.58123779296875,368.9789733886719,314.29998779296875,725.04443359375,537.4500122070312,387.8600158691406,347.8500061035156,137.875,264.6117858886719
2012-11-02,665.5999755859375,298.51251220703125,369.3675537109375,315.1499938964844,744.6221923828125,533.0,390.3299865722656,350.6000061035156,140.125,267.1841735839844
2012-11-05,664.7999877929688,297.3062438964844,368.5446472167969,317.5,744.95556640625,533.0,395.70001220703125,352.95001220703125,139.5416717529297,266.93682861328125
2012-11-06,660.2750244140625,297.70623779296875,368.2246398925781,319.7749938964844,740.2444458007812,532.8499755859375,409.5350036621094,351.8999938964844,140.5416717529297,264.1170654296875
2012-11-07,665.75,300.54998779296875,366.1216735839844,320.0249938964844,741.977783203125,534.5499877929688,412.0450134277344,348.3500061035156,141.0833282470703,266.4916076660156
2012-11-08,665.5999755859375,296.9125061035156,364.1787109375,319.5,726.8222045898438,533.3499755859375,417.80999755859375,349.1499938964844,141.6666717529297,280.9366760253906
2012-11-09,662.4749755859375,293.5874938964844,360.0870666503906,319.67498779296875,720.4888916015625,529.1500244140625,411.42999267578125,346.6000061035156,138.9166717529297,277.6222229003906
2012-11-12,667.25,294.8687438964844,359.6299133300781,325.6499938964844,713.95556640625,529.7999877929688,408.96002197265625,344.6499938964844,139.5833282470703,277.7706298828125
2012-11-15,647.0750122070312,287.0375061035156,358.6927185058594,323.125,713.3110961914062,533.7999877929688,401.4949951171875,348.3999938964844,139.0833282470703,269.36083984375
2012-11-16,643.4000244140625,292.91876220703125,354.37249755859375,321.125,701.4888916015625,521.0,395.1050109863281,351.1499938964844,138.6666717529297,262.1877746582031
2012-11-19,631.1749877929688,294.8187561035156,353.9839172363281,323.375,692.6444702148438,516.6500244140625,387.67498779296875,351.20001220703125,140.2916717529297,261.2973327636719
2012-11-20,636.4000244140625,290.59375,349.89227294921875,326.92498779296875,688.6221923828125,520.2000122070312,384.9949951171875,354.04998779296875,140.2916717529297,263.2760925292969
2012-11-21,641.0999755859375,293.73126220703125,352.5666809082031,331.8500061035156,695.8444213867188,524.5999755859375,391.989990234375,354.79998779296875,135.0,262.6824645996094
2012-11-22,638.2249755859375,297.82501220703125,350.120849609375,334.54998779296875,707.0,524.3499755859375,396.80499267578125,355.79998779296875,136.5833282470703,256.00408935546875
2012-11-23,644.2999877929688,297.1937561035156,353.73248291015625,334.875,705.4888916015625,530.2000122070312,405.4100036621094,358.04998779296875,132.8333282470703,257.73553466796875
2012-11-26,646.8499755859375,302.17498779296875,353.6867370605469,330.95001220703125,715.8444213867188,537.4000244140625,408.3399963378906,360.45001220703125,132.875,260.4068603515625
2012-11-27,647.5999755859375,308.83123779296875,359.698486328125,340.25,721.5111083984375,541.6500244140625,412.3900146484375,363.29998779296875,132.125,263.82025146484375
2012-11-29,649.0499877929688,305.65625,364.9559020996094,349.92498779296875,739.066650390625,548.1500244140625,431.9800109863281,369.8999938964844,133.8333282470703,275.4950256347656
2012-11-30,657.0,304.60626220703125,362.8529357910156,351.9750061035156,741.2888793945312,538.0999755859375,433.0350036621094,366.54998779296875,135.3333282470703,270.548095703125
2012-12-03,658.4000244140625,304.89373779296875,367.5617370605469,343.4750061035156,741.04443359375,536.5,434.6650085449219,366.1499938964844,133.7083282470703,269.2124328613281
2012-12-04,649.7249755859375,304.6812438964844,377.02508544921875,342.57501220703125,737.2888793945312,533.7000122070312,435.20001220703125,364.45001220703125,132.1666717529297,268.66827392578125
2012-12-05,648.9500122070312,297.8125,380.63671875,346.29998779296875,740.7333374023438,531.75,437.7850036621094,361.70001220703125,132.25,272.0321960449219
2012-12-06,640.3499755859375,292.2875061035156,385.8027038574219,347.375,744.2222290039062,535.25,435.6549987792969,362.3999938964844,134.25,277.86956787109375
2012-12-07,632.0750122070312,290.14373779296875,381.5510559082031,346.54998779296875,744.6444702148438,530.6500244140625,431.2550048828125,362.95001220703125,133.2083282470703,278.9084167480469
2012-12-10,618.5999755859375,289.1937561035156,378.6708984375,346.5,739.888916015625,534.8499755859375,431.58502197265625,362.75,130.75,276.9791259765625
2012-12-11,609.8499755859375,286.7562561035156,374.8992614746094,345.42498779296875,741.1777954101562,544.9000244140625,430.02001953125,357.20001220703125,128.5,275.14874267578125
2012-12-12,612.9000244140625,287.2250061035156,380.63671875,346.92498779296875,732.2666625976562,529.75,432.04998779296875,356.3999938964844,127.66666412353516,273.56573486328125
2012-12-13,611.2750244140625,285.4437561035156,381.3910217285156,345.5249938964844,722.977783203125,519.75,430.96002197265625,353.6499938964844,125.5,284.8447570800781
2012-12-14,621.4500122070312,284.8500061035156,383.6768798828125,344.375,728.5111083984375,516.6500244140625,428.0799865722656,354.1000061035156,127.33333587646484,289.00018310546875
2012-12-17,602.75,283.28125,381.3453063964844,338.25,726.4000244140625,522.75,424.94000244140625,351.79998779296875,128.75,290.92950439453125
2012-12-18,605.3250122070312,283.875,380.0881042480469,337.9750061035156,736.4222412109375,524.75,429.54998779296875,352.1499938964844,129.5416717529297,295.1838684082031
2012-12-19,616.3250122070312,287.01873779296875,383.7911682128906,344.0,726.0,522.9500122070312,442.9849853515625,357.1499938964844,128.9583282470703,304.4841003417969
2012-12-20,626.0250244140625,287.45001220703125,383.0368347167969,341.70001220703125,718.888916015625,532.7000122070312,444.4200134277344,356.5,128.375,301.6643371582031
2012-12-21,629.3499755859375,287.10626220703125,377.27655029296875,338.0,706.7111206054688,527.1500244140625,435.6199951171875,352.6000061035156,127.625,296.22271728515625
2012-12-24,633.0999755859375,290.2875061035156,375.1964416503906,338.04998779296875,704.5777587890625,531.7000122070312,436.1000061035156,354.3500061035156,128.5833282470703,303.6925964355469
2012-12-26,631.0999755859375,289.40625,378.6480407714844,340.1499938964844,721.04443359375,523.4000244140625,442.364990234375,355.1000061035156,129.4166717529297,302.85162353515625
2012-12-27,625.4749755859375,285.96875,373.8249206542969,340.04998779296875,716.8222045898438,518.2000122070312,434.6400146484375,353.04998779296875,129.5833282470703,305.918701171875
2012-12-28,633.75,290.3999938964844,384.134033203125,338.82501220703125,719.977783203125,522.0999755859375,439.4700012207031,353.3999938964844,130.5416717529297,306.75970458984375
2012-12-31,627.9249877929688,289.8374938964844,383.81402587890625,339.29998779296875,714.2888793945312,524.8499755859375,443.2550048828125,354.79998779296875,130.375,309.33209228515625
2013-01-01,632.0750122070312,288.60626220703125,384.3397521972656,342.25,722.1777954101562,530.5999755859375,442.30499267578125,359.95001220703125,129.5833282470703,313.3885803222656
2013-01-02,631.6500244140625,288.6499938964844,387.6542053222656,343.67498779296875,733.1333618164062,530.5,437.19500732421875,358.70001220703125,131.25,314.6253356933594
2013-01-03,640.2999877929688,292.23748779296875,393.5059509277344,341.67498779296875,727.4888916015625,532.3499755859375,439.6700134277344,360.45001220703125,131.2916717529297,314.7242736816406
2013-01-04,649.5999755859375,293.6937561035156,394.0088195800781,339.67498779296875,723.5555419921875,534.7000122070312,440.20001220703125,363.79998779296875,132.4166717529297,312.05291748046875
2013-01-07,647.4249877929688,296.8500061035156,391.60870361328125,334.1000061035156,705.8444213867188,525.4000244140625,439.43499755859375,360.20001220703125,131.3333282470703,309.9257507324219
2013-01-08,650.125,293.0,388.8885498046875,335.125,696.4000244140625,525.5,439.4100036621094,360.25,131.2083282470703,310.8161926269531
2013-01-09,638.2999877929688,291.375,389.82574462890625,333.75,688.7555541992188,519.2999877929688,436.41497802734375,363.70001220703125,129.75,323.8760986328125
2013-01-10,629.2000122070312,290.2875061035156,388.6142578125,337.8999938964844,687.3777465820312,516.5999755859375,436.2699890136719,365.6499938964844,128.1666717529297,330.1587219238281
2013-01-11,653.1749877929688,339.01251220703125,383.9740295410156,334.6499938964844,680.8666381835938,498.1000061035156,429.94500732421875,360.6499938964844,127.25,326.89373779296875
2013-01-14,667.25,350.8125,387.4713439941406,334.6499938964844,691.022216796875,505.29998779296875,436.55499267578125,359.1499938964844,128.375,324.2223815917969
2013-01-15,668.7249755859375,348.3812561035156,387.2884826660156,334.1499938964844,693.3333129882812,503.70001220703125,431.30999755859375,355.04998779296875,129.7083282470703,328.0315246582031
2013-01-16,673.875,345.9312438964844,393.7802429199219,330.25,686.3110961914062,500.1499938964844,427.8299865722656,352.6000061035156,130.1666717529297,316.653564453125
2013-01-17,681.0,349.7437438964844,406.8780517578125,333.3999938964844,678.977783203125,500.54998779296875,433.32000732421875,352.54998779296875,130.9166717529297,325.4591369628906
2013-01-18,675.5,348.5062561035156,411.5411682128906,331.42498779296875,683.2000122070312,490.3999938964844,431.1050109863281,354.79998779296875,137.0833282470703,325.0633850097656
2013-01-21,665.0,349.5375061035156,420.5701904296875,329.2749938964844,696.5999755859375,497.25,428.7900085449219,351.6000061035156,134.6666717529297,319.8196105957031
2013-01-22,658.75,347.9437561035156,420.61590576171875,326.875,690.4000244140625,480.8999938964844,441.30499267578125,350.45001220703125,136.9583282470703,315.16949462890625
2013-01-23,655.9749755859375,348.70001220703125,421.9873962402344,328.29998779296875,693.8222045898438,460.04998779296875,444.25,350.5,135.5,309.72784423828125
2013-01-24,664.2750244140625,349.7749938964844,418.55865478515625,330.1499938964844,704.4444580078125,468.79998779296875,440.510009765625,343.6499938964844,133.625,290.3358459472656
2013-01-25,670.25,351.83123779296875,417.02716064453125,332.5249938964844,716.1333618164062,476.5,440.57000732421875,341.04998779296875,132.7916717529297,297.80572509765625
2013-01-28,672.5250244140625,351.33123779296875,410.32965087890625,335.17498779296875,709.7777709960938,470.3500061035156,439.9200134277344,342.25,131.375,305.2756042480469
2013-01-29,672.4749755859375,349.875,403.60931396484375,326.2250061035156,708.7111206054688,468.54998779296875,443.1600036621094,347.6499938964844,131.0833282470703,301.021240234375
2013-01-30,673.0750122070312,348.83123779296875,411.1754150390625,328.32501220703125,695.0,477.45001220703125,447.375,350.25,129.8333282470703,296.02484130859375
2013-01-31,672.0750122070312,348.6875,405.3465576171875,321.5249938964844,685.2666625976562,473.95001220703125,450.114990234375,353.3500061035156,130.9166717529297,294.83758544921875
2013-02-01,674.0499877929688,346.3687438964844,408.70672607421875,320.07501220703125,681.4888916015625,464.8500061035156,454.2550048828125,356.70001220703125,130.7916717529297,278.66107177734375
2013-02-04,678.1749877929688,345.95001220703125,405.3694152832031,323.45001220703125,682.2000122070312,467.1000061035156,464.2950134277344,350.54998779296875,129.625,288.9012451171875
2013-02-05,680.0250244140625,344.48748779296875,399.9062805175781,322.07501220703125,681.888916015625,461.5,463.8900146484375,349.3999938964844,129.5416717529297,284.1521911621094
2013-02-06,685.2750244140625,347.0,400.3177185058594,319.75,672.4444580078125,454.25,462.41497802734375,342.3500061035156,126.5,283.16278076171875
2013-02-07,693.5750122070312,348.6875,399.0605163574219,320.75,665.066650390625,456.0,460.385009765625,343.79998779296875,123.375,285.5373229980469
2013-02-08,711.2999877929688,348.6812438964844,394.7860107421875,325.0249938964844,671.5999755859375,452.70001220703125,452.3500061035156,338.75,123.375,282.37127685546875
2013-02-11,707.3499755859375,349.0062561035156,397.0032653808594,328.4750061035156,662.1555786132812,460.54998779296875,453.3500061035156,338.45001220703125,123.04166412353516,287.81292724609375
2013-02-12,705.0250244140625,344.40625,400.2262878417969,332.6000061035156,664.4444580078125,460.0,450.95001220703125,345.1000061035156,122.83333587646484,295.3817443847656
2013-02-13,717.7000122070312,348.6937561035156,401.8492431640625,332.1000061035156,658.6889038085938,455.75,447.1050109863281,347.6499938964844,123.54166412353516,301.4664611816406
2013-02-14,723.8499755859375,351.59375,391.3572692871094,337.3999938964844,640.4888916015625,464.54998779296875,452.6099853515625,350.8999938964844,124.41666412353516,294.0460510253906
2013-02-15,721.0750122070312,348.57501220703125,386.6712951660156,338.375,641.7777709960938,462.1000061035156,454.239990234375,349.8500061035156,124.95833587646484,301.2191162109375
2013-02-18,712.6749877929688,347.51251220703125,387.448486328125,338.0,652.8666381835938,470.20001220703125,450.4100036621094,343.1000061035156,125.91666412353516,302.5548095703125
2013-02-19,721.7750244140625,352.5562438964844,387.85992431640625,337.3999938964844,650.1777954101562,476.6000061035156,455.8900146484375,338.79998779296875,127.91666412353516,303.4947204589844
2013-02-20,726.4000244140625,352.4312438964844,399.92913818359375,338.4750061035156,647.6444702148438,477.1499938964844,455.54998779296875,342.6000061035156,127.0,300.72442626953125
2013-02-21,725.5250244140625,350.9750061035156,392.7973327636719,333.125,633.7111206054688,468.25,451.364990234375,340.29998779296875,126.66666412353516,294.392333984375
2013-02-22,727.5499877929688,355.0687561035156,394.3517150878906,329.6499938964844,637.9111328125,455.3999938964844,453.7300109863281,331.70001220703125,126.29166412353516,289.79168701171875
2013-02-25,736.8499755859375,364.7250061035156,390.580078125,328.2250061035156,623.04443359375,451.70001220703125,450.2149963378906,325.79998779296875,124.875,295.9753723144531
2013-02-26,748.2000122070312,369.9750061035156,376.47650146484375,325.625,606.977783203125,452.1000061035156,440.010009765625,314.6000061035156,125.83333587646484,286.3288269042969
2013-02-27,741.5999755859375,363.8187561035156,380.0423889160156,321.375,626.5111083984375,453.25,435.80499267578125,311.5,128.2083282470703,283.2122497558594
2013-02-28,758.5,363.375,372.0648498535156,312.67498779296875,607.9111328125,443.04998779296875,427.2200012207031,309.79998779296875,125.75,284.49847412109375
2013-03-01,750.9249877929688,364.2250061035156,370.48760986328125,311.25,622.4222412109375,452.79998779296875,435.9100036621094,314.0,125.04166412353516,285.3394470214844
2013-03-04,756.5999755859375,362.9312438964844,371.4933776855469,313.82501220703125,606.5555419921875,440.95001220703125,432.989990234375,316.1000061035156,124.45833587646484,286.67510986328125
2013-03-05,770.0750122070312,365.1625061035156,377.7794189453125,316.4750061035156,620.2666625976562,449.8999938964844,443.489990234375,318.1499938964844,124.625,297.31103515625
2013-03-06,780.5999755859375,371.26251220703125,381.84820556640625,315.25,636.5777587890625,440.5,446.32000732421875,317.0,123.70833587646484,306.1166076660156
2013-03-07,794.9500122070312,375.54376220703125,382.4196472167969,320.8999938964844,650.5777587890625,433.20001220703125,458.5450134277344,313.0,123.45833587646484,302.65374755859375
2013-03-08,791.5750122070312,371.28125,389.18572998046875,328.6499938964844,665.5777587890625,437.79998779296875,466.6600036621094,321.3500061035156,124.20833587646484,300.5760192871094
2013-03-11,783.0999755859375,368.21875,386.0769958496094,327.625,671.2000122070312,439.04998779296875,475.67498779296875,320.3999938964844,124.66666412353516,298.3498840332031
2013-03-12,780.25,364.76251220703125,387.6084899902344,322.0,666.977783203125,444.45001220703125,475.239990234375,319.1499938964844,123.16666412353516,301.4664611816406
2013-03-13,775.8499755859375,357.9312438964844,386.3055725097656,317.45001220703125,664.6444702148438,446.75,479.0799865722656,319.04998779296875,122.33333587646484,297.80572509765625
2013-03-14,783.8499755859375,359.26251220703125,393.1859130859375,324.625,676.4666748046875,456.04998779296875,489.6449890136719,319.20001220703125,122.375,297.80572509765625
2013-03-15,785.125,359.78125,385.6883850097656,319.70001220703125,670.2888793945312,458.6000061035156,500.7300109863281,320.0,121.625,288.01080322265625
2013-03-18,783.4749755859375,357.59375,381.41387939453125,321.6499938964844,671.2666625976562,463.45001220703125,500.25,302.29998779296875,121.54166412353516,283.805908203125
2013-03-19,773.375,357.0,377.1622314453125,315.7749938964844,653.6221923828125,453.5,490.93499755859375,297.8500061035156,120.25,278.6116027832031
2013-03-20,778.8250122070312,358.20623779296875,376.1107482910156,312.75,638.2666625976562,468.6499938964844,499.260009765625,297.8999938964844,116.125,282.6186218261719
2013-03-21,779.9749755859375,359.1000061035156,371.4933776855469,303.5,619.7333374023438,460.79998779296875,491.2699890136719,298.1499938964844,114.95833587646484,270.6965026855469
2013-03-22,771.0750122070312,357.8999938964844,370.57904052734375,302.625,621.8444213867188,459.1000061035156,495.3699951171875,296.70001220703125,116.08333587646484,267.4809875488281
2013-03-25,771.6749877929688,356.59375,369.9618835449219,304.70001220703125,607.3110961914062,461.29998779296875,487.9049987792969,297.3999938964844,118.70833587646484,267.8767395019531
2013-03-26,778.1749877929688,356.8187561035156,358.12127685546875,307.25,594.4222412109375,472.70001220703125,490.32501220703125,301.3500061035156,118.91666412353516,272.8731689453125
2013-03-28,787.875,361.16876220703125,353.3438720703125,312.67498779296875,607.2000122070312,466.95001220703125,491.7250061035156,309.1000061035156,118.29166412353516,266.2937316894531
2013-04-01,778.4249877929688,368.0249938964844,356.018310546875,311.92498779296875,621.6221923828125,471.3500061035156,495.4950256347656,305.1000061035156,119.58333587646484,262.6824645996094
2013-04-02,783.6749877929688,371.1312561035156,362.9443664550781,314.95001220703125,633.5111083984375,470.8999938964844,489.0350036621094,308.8999938964844,120.08333587646484,264.36444091796875
2013-04-03,771.7000122070312,371.0562438964844,355.0125427246094,311.82501220703125,613.1555786132812,462.79998779296875,488.510009765625,301.70001220703125,121.16666412353516,254.47055053710938
2013-04-04,753.9000244140625,360.0062561035156,350.8980407714844,308.07501220703125,605.2666625976562,470.04998779296875,478.8599853515625,310.75,120.66666412353516,254.96524047851562
2013-04-05,749.1749877929688,358.23126220703125,356.6354675292969,310.4750061035156,599.9111328125,471.70001220703125,476.7549743652344,309.25,117.5,252.4917755126953
2013-04-08,740.375,353.98748779296875,360.8871154785156,312.2250061035156,589.1777954101562,477.95001220703125,462.2449951171875,308.8999938964844,117.375,253.97586059570312
2013-04-09,748.7000122070312,345.79376220703125,355.1954040527344,310.29998779296875,586.7999877929688,472.1499938964844,453.1600036621094,306.5,117.95833587646484,260.0605773925781
2013-04-10,765.2249755859375,351.95623779296875,356.3154602050781,316.0,601.7333374023438,467.95001220703125,453.6199951171875,308.6499938964844,119.0,265.15594482421875
2013-04-11,768.4500122070312,364.5874938964844,352.5209655761719,319.625,613.1555786132812,471.6499938964844,455.4649963378906,305.6499938964844,116.875,275.1982116699219
2013-04-12,755.875,287.08123779296875,354.46392822265625,321.8500061035156,604.3333129882812,479.04998779296875,466.20001220703125,299.8999938964844,117.16666412353516,272.2300720214844
2013-04-15,736.2249755859375,292.3812561035156,362.8072204589844,320.7749938964844,614.2222290039062,475.0,464.2099914550781,293.95001220703125,117.45833587646484,266.14532470703125
2013-04-16,741.5750122070312,287.03125,367.9960632324219,331.67498779296875,634.2222290039062,485.79998779296875,468.7699890136719,294.79998779296875,119.95833587646484,268.07464599609375
2013-04-17,728.3250122070312,285.48126220703125,353.7096252441406,330.04998779296875,632.95556640625,483.04998779296875,465.0350036621094,296.8500061035156,120.125,268.3219909667969
2013-04-18,726.375,286.9624938964844,357.32122802734375,336.79998779296875,655.7555541992188,483.20001220703125,464.95001220703125,299.6000061035156,121.54166412353516,279.4526062011719
2013-04-22,712.6500244140625,280.5687561035156,361.047119140625,349.1499938964844,681.7111206054688,482.8999938964844,464.7149963378906,312.5,124.125,282.2228698730469
2013-04-23,715.2750244140625,282.78125,367.4245910644531,344.5,668.7555541992188,479.3500061035156,464.94500732421875,311.79998779296875,124.20833587646484,278.5126647949219
2013-04-25,701.1500244140625,278.4624938964844,374.7164001464844,344.7749938964844,675.2222290039062,478.6499938964844,465.2149963378906,317.1000061035156,129.375,290.18743896484375
2013-04-26,684.6749877929688,276.5,362.25860595703125,344.54998779296875,684.8222045898438,465.04998779296875,470.55499267578125,319.0,129.0833282470703,293.1556091308594
2013-04-29,685.375,278.6625061035156,362.3729248046875,347.57501220703125,679.9111328125,497.3500061035156,471.375,313.45001220703125,130.0,293.0072021484375
2013-04-30,689.2000122070312,279.4312438964844,360.3385314941406,341.1499938964844,672.0888671875,583.7999877929688,468.125,319.20001220703125,131.125,296.81634521484375
2013-05-02,716.9500122070312,285.8374938964844,367.0588684082031,346.25,689.7999877929688,571.8499755859375,472.7350158691406,317.29998779296875,133.5416717529297,294.1944580078125
2013-05-03,709.25,288.4937438964844,365.961669921875,340.4750061035156,697.95556640625,572.4000244140625,469.5249938964844,318.75,132.75,282.56915283203125
2013-05-06,733.5999755859375,292.63751220703125,375.6078796386719,337.75,693.1333618164062,573.1500244140625,485.59503173828125,316.45001220703125,131.0,287.9613342285156
2013-05-07,735.7999877929688,293.6000061035156,378.6023254394531,344.0249938964844,701.3555297851562,579.3499755859375,490.0,309.95001220703125,131.5416717529297,295.23333740234375
2013-05-08,740.0499877929688,293.83123779296875,379.2880554199219,348.57501220703125,694.4444580078125,587.0,485.3550109863281,312.25,130.25,297.0636901855469
2013-05-09,749.2249755859375,295.17498779296875,374.0077819824219,345.0249938964844,694.5111083984375,584.8499755859375,467.0950012207031,308.8500061035156,130.25,296.915283203125
2013-05-10,747.9500122070312,296.4437561035156,371.65338134765625,351.67498779296875,694.2444458007812,585.0,463.875,299.70001220703125,129.1666717529297,305.7702941894531
2013-05-13,725.7999877929688,292.45001220703125,367.1045837402344,346.375,674.4000244140625,582.2000122070312,469.95001220703125,296.79998779296875,128.2083282470703,294.29339599609375
2013-05-14,728.9749755859375,293.7562561035156,364.8873291015625,344.5249938964844,676.1555786132812,583.8499755859375,474.8999938964844,294.79998779296875,128.2916717529297,297.1131591796875
2013-05-15,735.7750244140625,295.0562438964844,374.41925048828125,357.42498779296875,702.4666748046875,585.5,482.44500732421875,300.1499938964844,131.0833282470703,305.5724182128906
2013-05-16,727.0250244140625,291.57501220703125,384.31689453125,361.3999938964844,707.888916015625,582.75,486.1499938964844,298.6000061035156,130.375,300.4276123046875
2013-05-17,736.9000244140625,293.96875,381.9624938964844,359.45001220703125,721.5111083984375,586.0,481.2799987792969,297.5,133.25,300.13079833984375
2013-05-20,736.2000122070312,296.5062561035156,379.97381591796875,357.25,721.0888671875,586.4000244140625,477.3600158691406,301.29998779296875,132.9583282470703,298.8446044921875
2013-05-21,746.4249877929688,299.70001220703125,378.80804443359375,353.8999938964844,713.5777587890625,585.7999877929688,478.4949951171875,307.5,126.91666412353516,289.8411560058594
2013-05-22,749.2000122070312,298.1625061035156,374.3049621582031,351.7250061035156,672.8444213867188,585.0999755859375,483.56500244140625,309.95001220703125,128.9583282470703,288.0602722167969
2013-05-23,746.3499755859375,294.98126220703125,358.6241455078125,349.29998779296875,630.3110961914062,585.25,480.0,308.1000061035156,123.75,287.9613342285156
2013-05-24,734.7750244140625,293.48748779296875,359.5384826660156,350.67498779296875,647.4666748046875,586.1500244140625,480.4949951171875,310.1499938964844,125.0,285.0426330566406
2013-05-27,749.0,296.5874938964844,378.6708984375,357.5249938964844,652.2444458007812,591.5999755859375,482.6050109863281,313.79998779296875,126.91666412353516,291.3747253417969
2013-05-28,757.0499877929688,295.7749938964844,385.5740966796875,356.6499938964844,646.5999755859375,591.3499755859375,482.1700134277344,323.3999938964844,129.25,292.6609191894531
2013-05-29,748.6749877929688,294.04998779296875,387.63134765625,357.9750061035156,642.7555541992188,594.1500244140625,481.52996826171875,327.3999938964844,128.3333282470703,300.5760192871094
2013-05-30,749.7000122070312,292.6812438964844,382.5567932128906,362.57501220703125,634.4222412109375,595.5499877929688,491.3599853515625,327.70001220703125,130.5,313.6854248046875
2013-05-31,749.2249755859375,301.4624938964844,368.61322021484375,350.25,622.5555419921875,592.5,486.30999755859375,324.70001220703125,128.5,309.9752197265625
2013-06-03,734.7000122070312,314.26251220703125,360.2013854980469,344.57501220703125,616.5777587890625,592.0999755859375,469.42999267578125,326.1499938964844,126.83333587646484,310.7172546386719
2013-06-04,732.6749877929688,311.98748779296875,356.6811828613281,341.5249938964844,626.4444580078125,590.7000122070312,468.0299987792969,325.0,128.375,302.85162353515625
2013-06-05,733.9000244140625,307.65625,366.6474304199219,343.9750061035156,631.0,590.2999877929688,467.5249938964844,323.54998779296875,128.2916717529297,304.03887939453125
2013-06-06,735.375,303.70623779296875,362.07574462890625,341.1000061035156,636.2444458007812,590.8499755859375,462.0049743652344,323.29998779296875,125.625,303.44525146484375
2013-06-07,759.4749755859375,305.8500061035156,358.2355651855469,338.07501220703125,627.6889038085938,591.1500244140625,457.67999267578125,319.70001220703125,123.16666412353516,298.6961975097656
2013-06-10,762.5250244140625,310.84375,360.8642578125,338.17498779296875,624.2000122070312,592.7000122070312,453.7250061035156,319.95001220703125,125.04166412353516,292.90826416015625
2013-06-11,750.7750244140625,309.4375,359.14990234375,332.45001220703125,623.5777587890625,593.5,448.9700012207031,311.8999938964844,125.16666412353516,290.0390319824219
2013-06-12,734.0499877929688,302.66876220703125,361.52716064453125,331.9750061035156,620.7111206054688,593.6500244140625,449.6099853515625,303.04998779296875,125.95833587646484,290.4347839355469
2013-06-13,722.8250122070312,297.48748779296875,361.0699768066406,327.54998779296875,619.4444580078125,594.7000122070312,444.4200134277344,298.8999938964844,124.75,279.9472961425781
2013-06-14,725.3499755859375,299.3687438964844,372.4305725097656,332.5249938964844,640.3333129882812,593.5999755859375,455.95001220703125,300.95001220703125,126.66666412353516,293.6502990722656
2013-06-17,726.2249755859375,302.82501220703125,377.4136962890625,333.67498779296875,646.7555541992188,595.9000244140625,457.5350036621094,301.8999938964844,125.54166412353516,296.2721862792969
2013-06-18,721.9000244140625,305.8187561035156,376.4307861328125,328.7250061035156,639.04443359375,595.6500244140625,457.5249938964844,303.04998779296875,122.33333587646484,294.4418029785156
2013-06-19,713.8499755859375,304.79376220703125,380.2252502441406,332.6000061035156,639.022216796875,594.75,461.05499267578125,299.54998779296875,120.83333587646484,289.00018310546875
2013-06-20,702.25,296.13751220703125,364.8187561035156,318.29998779296875,620.3555297851562,593.2999877929688,457.364990234375,295.8999938964844,116.83333587646484,285.68572998046875
2013-06-21,711.125,302.34375,362.46435546875,317.625,619.022216796875,590.6500244140625,455.7699890136719,298.6000061035156,119.16666412353516,284.0037841796875
2013-06-24,705.3499755859375,297.54998779296875,362.3729248046875,312.67498779296875,602.04443359375,583.9500122070312,439.32000732421875,297.0,118.33333587646484,280.88720703125
2013-06-25,696.1500244140625,296.73748779296875,367.4703063964844,317.0,607.6889038085938,587.75,436.1499938964844,294.20001220703125,115.04166412353516,278.46319580078125
2013-06-26,718.8499755859375,299.92498779296875,367.3788757324219,311.42498779296875,601.1333618164062,588.3499755859375,449.29998779296875,288.45001220703125,117.75,269.756591796875
2013-06-27,745.9500122070312,310.3500061035156,379.4480895996094,323.25,600.1777954101562,588.9500122070312,453.80999755859375,287.29998779296875,116.91666412353516,267.4315185546875
2013-06-28,759.0750122070312,312.35626220703125,394.3517150878906,334.75,625.7333374023438,585.1500244140625,463.6499938964844,302.54998779296875,119.79166412353516,278.3147888183594
2013-07-01,746.1749877929688,306.375,404.9122314453125,334.375,645.1777954101562,587.4000244140625,471.25,305.0,123.45833587646484,286.7245788574219
2013-07-02,750.2750244140625,300.4937438964844,398.5804748535156,328.2749938964844,635.3333129882812,587.8499755859375,467.760009765625,299.45001220703125,121.33333587646484,283.41015625
2013-07-03,744.9000244140625,300.5625,388.97998046875,325.32501220703125,618.95556640625,587.8499755859375,457.1299743652344,297.3999938964844,120.125,281.18402099609375
2013-07-04,769.1500244140625,308.5,393.9173889160156,327.57501220703125,623.1777954101562,601.4000244140625,456.52001953125,299.5,120.04166412353516,289.19805908203125
2013-07-05,765.0999755859375,307.0249938964844,402.4664001464844,333.875,626.1333618164062,609.3499755859375,466.8799743652344,296.8500061035156,119.70833587646484,293.0566711425781
2013-07-08,753.3250122070312,308.51873779296875,396.3403625488281,330.2250061035156,623.5777587890625,609.7000122070312,467.2950134277344,290.0,117.0,284.7458190917969
2013-07-09,752.4500122070312,312.2749938964844,399.92913818359375,335.1499938964844,634.7999877929688,604.9500122070312,476.2550048828125,291.3999938964844,118.58333587646484,286.0320129394531
2013-07-10,755.9749755859375,312.64373779296875,391.33441162109375,329.6499938964844,628.3110961914062,594.9500122070312,478.27996826171875,289.8999938964844,117.58333587646484,281.0356140136719
2013-07-11,782.2750244140625,316.04376220703125,397.7575988769531,341.625,643.2333374023438,601.0499877929688,487.45001220703125,298.45001220703125,119.875,281.8765869140625
2013-07-12,804.9249877929688,350.5249938964844,406.8551940917969,347.875,663.6666870117188,601.5999755859375,482.6700134277344,299.95001220703125,121.75,289.39593505859375
2013-07-15,820.875,342.8374938964844,410.0096435546875,347.7250061035156,670.933349609375,614.2000122070312,481.2650146484375,292.29998779296875,118.625,285.388916015625
2013-07-16,824.6749877929688,341.1000061035156,411.7240295410156,339.3500061035156,647.5,623.0999755859375,483.5849914550781,294.45001220703125,119.33333587646484,288.4560241699219
2013-07-17,839.25,343.85626220703125,418.28436279296875,331.45001220703125,645.4666748046875,685.0499877929688,501.1549987792969,291.20001220703125,122.95833587646484,282.2228698730469
2013-07-18,830.2000122070312,350.09375,419.3358459472656,342.04998779296875,656.8666381835938,688.0499877929688,521.3099975585938,291.1000061035156,122.08333587646484,283.8553771972656
2013-07-19,871.4000244140625,355.9312438964844,422.2845764160156,340.0,649.3333129882812,686.0999755859375,516.5399780273438,297.0,119.75,291.52313232421875
2013-07-22,873.25,359.59375,415.5870666503906,341.0249938964844,601.0,697.1500244140625,505.02996826171875,300.20001220703125,119.20833587646484,294.6891784667969
2013-07-23,874.9000244140625,362.7437438964844,415.815673828125,341.79998779296875,600.7333374023438,718.7999877929688,494.1050109863281,298.54998779296875,119.41666412353516,295.62908935546875
2013-07-24,891.4000244140625,363.57501220703125,415.7242126464844,329.9750061035156,578.2333374023438,709.4500122070312,498.6050109863281,298.3500061035156,117.66666412353516,294.1449890136719
2013-07-25,897.875,364.4125061035156,407.220947265625,326.92498779296875,569.566650390625,687.9500122070312,508.03997802734375,294.3500061035156,116.875,296.7174072265625
2013-07-26,887.25,364.1625061035156,406.9466247558594,322.04998779296875,563.8333129882812,663.7000122070312,507.55499267578125,282.25,117.54166412353516,286.87298583984375
2013-07-29,889.5999755859375,365.1499938964844,404.9122314453125,316.25,560.7666625976562,638.5499877929688,511.82000732421875,273.3500061035156,118.33333587646484,292.6114501953125
2013-07-30,896.1500244140625,369.4624938964844,391.9515686035156,312.67498779296875,566.5999755859375,627.0,510.75,274.79998779296875,114.75,281.8765869140625
2013-07-31,907.75,371.20623779296875,398.67193603515625,304.875,564.7666625976562,612.5499877929688,507.6000061035156,281.54998779296875,108.91666412353516,287.41717529296875
2013-08-01,907.7000122070312,371.83123779296875,388.5914001464844,316.1000061035156,563.3333129882812,635.2000122070312,498.20001220703125,270.1000061035156,109.625,285.88360595703125
2013-08-02,922.9249877929688,376.1000061035156,391.9515686035156,315.625,553.433349609375,615.9500122070312,497.45001220703125,254.60000610351562,108.20833587646484,287.3677062988281
2013-08-05,933.5999755859375,376.1312561035156,393.8716735839844,316.3500061035156,542.5,618.7999877929688,472.79998779296875,263.1000061035156,112.70833587646484,281.7281799316406
2013-08-06,935.0499877929688,373.41876220703125,384.499755859375,304.32501220703125,530.1666870117188,608.3499755859375,437.3500061035156,256.79998779296875,112.375,284.49847412109375
2013-08-07,911.3499755859375,370.41876220703125,398.85479736328125,300.6000061035156,519.3333129882812,603.2000122070312,423.20001220703125,262.5,113.66666412353516,275.9402770996094
2013-08-08,922.7000122070312,370.5687561035156,395.7460632324219,305.25,520.0,600.0,430.79998779296875,269.1499938964844,114.25,275.8413391113281
2013-08-12,907.0,375.67498779296875,386.60272216796875,301.1000061035156,531.8666381835938,615.6500244140625,436.8999938964844,274.3500061035156,115.29166412353516,278.3147888183594
2013-08-13,909.9000244140625,385.45001220703125,389.91717529296875,310.25,535.8333129882812,621.5999755859375,439.95001220703125,268.70001220703125,119.79166412353516,287.7634582519531
2013-08-14,916.75,383.70623779296875,395.44891357421875,310.67498779296875,532.9666748046875,616.5999755859375,434.75,270.75,120.25,315.7136535644531
2013-08-16,890.4500122070312,372.29998779296875,377.9394226074219,293.95001220703125,504.9666748046875,599.0,418.70001220703125,258.29998779296875,116.375,310.6183166503906
2013-08-19,888.7249755859375,375.625,374.9906921386719,292.3500061035156,491.73333740234375,589.2999877929688,427.20001220703125,257.04998779296875,113.95833587646484,298.4983215332031
2013-08-20,868.2000122070312,375.83123779296875,377.322265625,292.375,488.3333435058594,590.5999755859375,417.79998779296875,262.6499938964844,113.45833587646484,284.89422607421875
2013-08-21,858.9000244140625,369.84375,358.2355651855469,296.67498779296875,472.9333190917969,589.4000244140625,415.1499938964844,260.45001220703125,108.875,280.3430480957031
2013-08-22,889.4749755859375,377.5249938964844,368.52178955078125,294.3500061035156,482.9333190917969,592.6500244140625,420.29998779296875,267.8500061035156,109.29166412353516,288.8517761230469
2013-08-23,914.7249755859375,375.0874938964844,374.6478271484375,303.7749938964844,492.6666564941406,601.3499755859375,420.04998779296875,269.75,107.54166412353516,297.7562561035156
2013-08-26,921.0,378.8374938964844,376.0650329589844,305.6499938964844,497.5666809082031,608.5,427.8500061035156,271.25,110.33333587646484,294.9365234375
2013-08-27,919.4000244140625,382.0062561035156,367.2188720703125,280.95001220703125,470.4333190917969,595.5499877929688,410.0,260.29998779296875,103.70833587646484,286.971923828125
2013-08-28,953.9500122070312,389.53125,371.1276550292969,280.9750061035156,470.0333251953125,594.5499877929688,392.0,253.89999389648438,105.25,294.7881164550781
2013-08-29,973.5499877929688,388.07501220703125,386.41986083984375,286.0249938964844,482.26666259765625,607.0,403.20001220703125,250.3000030517578,109.0,302.752685546875
2013-08-30,1016.5999755859375,388.23126220703125,390.35150146484375,297.0,483.0333251953125,631.4500122070312,420.95001220703125,251.39999389648438,109.08333587646484,296.0743103027344
2013-09-02,1028.425048828125,385.73748779296875,405.39227294921875,294.75,485.1000061035156,641.2999877929688,422.3999938964844,258.04998779296875,108.91666412353516,296.51953125
2013-09-03,1000.5499877929688,379.2124938964844,379.9052429199219,281.2749938964844,462.9333190917969,613.3499755859375,398.1499938964844,261.1000061035156,106.70833587646484,294.1944580078125
2013-09-04,1034.550048828125,389.0874938964844,388.29425048828125,282.0249938964844,466.0,616.5,403.29998779296875,264.95001220703125,108.33333587646484,308.3921813964844
2013-09-05,995.375,375.6000061035156,394.3288269042969,304.75,485.20001220703125,628.0,405.6000061035156,283.3999938964844,108.70833587646484,314.7242736816406
2013-09-06,994.4000244140625,378.6312561035156,396.8204040527344,308.1000061035156,502.73333740234375,617.5999755859375,425.1000061035156,277.3500061035156,111.91666412353516,314.4274597167969
2013-09-10,993.9500122070312,394.86248779296875,407.0380554199219,319.0,538.1333618164062,653.5,445.79998779296875,288.20001220703125,115.5,345.8899841308594
2013-09-11,996.9000244140625,389.88751220703125,405.84942626953125,323.625,545.5999755859375,643.5999755859375,444.6000061035156,293.04998779296875,114.66666412353516,336.83709716796875
2013-09-12,983.9500122070312,383.23126220703125,400.20343017578125,316.9750061035156,543.2999877929688,626.2999877929688,438.5,284.95001220703125,116.20833587646484,329.911376953125
2013-09-13,976.875,378.5062561035156,399.1062316894531,314.6000061035156,557.5999755859375,621.75,442.3500061035156,293.0,117.58333587646484,330.5050048828125
2013-09-16,951.2750244140625,374.17498779296875,393.9631042480469,321.3999938964844,552.2666625976562,620.0999755859375,441.3500061035156,289.54998779296875,119.125,327.8336486816406
2013-09-17,973.7249755859375,377.82501220703125,392.31732177734375,321.125,547.5,628.6500244140625,441.70001220703125,293.70001220703125,116.79166412353516,331.494384765625
2013-09-18,977.25,377.14373779296875,398.6261901855469,325.25,557.9666748046875,642.2000122070312,445.5,297.3999938964844,120.75,333.2752990722656
2013-09-19,983.1500244140625,377.375,407.15234375,341.6000061035156,592.2666625976562,677.5999755859375,479.1000061035156,297.45001220703125,122.58333587646484,345.44476318359375
2013-09-20,975.1500244140625,374.39373779296875,403.1750183105469,329.5249938964844,564.2666625976562,651.0499877929688,488.1499938964844,301.70001220703125,123.58333587646484,334.7593688964844
2013-09-23,977.5499877929688,377.42498779296875,399.7234191894531,320.9750061035156,541.3333129882812,642.5999755859375,486.1000061035156,304.75,119.0,330.30712890625
2013-09-24,969.75,376.88751220703125,399.83770751953125,319.2250061035156,551.2000122070312,643.0999755859375,485.29998779296875,297.0,121.20833587646484,333.52264404296875
2013-09-25,979.5250244140625,376.20623779296875,388.1571044921875,310.29998779296875,554.2333374023438,633.5999755859375,477.8500061035156,295.04998779296875,124.16666412353516,340.4483642578125
2013-09-26,971.4500122070312,376.5375061035156,383.2196960449219,310.57501220703125,552.7333374023438,628.9000244140625,479.79998779296875,303.8500061035156,124.75,339.9041748046875
2013-09-27,974.0499877929688,375.82501220703125,383.9740295410156,304.45001220703125,543.9000244140625,621.0,469.79998779296875,306.8999938964844,123.29166412353516,336.4908142089844
2013-09-30,963.9000244140625,376.625,375.9736022949219,296.5249938964844,525.8333129882812,627.4500122070312,459.25,294.45001220703125,122.875,328.9714660644531
2013-10-01,974.5250244140625,376.875,375.539306640625,305.82501220703125,533.3333129882812,619.2000122070312,454.3500061035156,297.5,119.875,332.0880126953125
2013-10-03,1012.2999877929688,379.64373779296875,387.1970520019531,318.1000061035156,552.433349609375,609.6500244140625,470.79998779296875,302.3500061035156,119.91666412353516,342.2787170410156
2013-10-04,1016.7999877929688,377.04998779296875,390.6029357910156,320.2250061035156,546.5999755859375,606.75,467.1000061035156,310.04998779296875,118.83333587646484,346.335205078125
2013-10-07,1044.875,377.73126220703125,385.87127685546875,317.1499938964844,539.433349609375,611.0999755859375,463.5,299.75,118.54166412353516,344.2080383300781
2013-10-08,1030.7249755859375,379.26873779296875,386.28271484375,316.32501220703125,552.2666625976562,609.6500244140625,459.70001220703125,296.3500061035156,120.29166412353516,346.82989501953125
2013-10-09,1045.425048828125,388.73126220703125,393.57452392578125,324.57501220703125,563.433349609375,610.2000122070312,469.8999938964844,296.25,120.95833587646484,350.441162109375
2013-10-10,1040.0,390.95001220703125,393.1630554199219,320.5249938964844,563.7999877929688,601.3499755859375,479.6499938964844,293.95001220703125,123.25,367.70599365234375
2013-10-11,1061.0250244140625,409.3125,394.694580078125,330.6499938964844,588.6333618164062,603.9000244140625,485.04998779296875,282.54998779296875,120.04166412353516,381.21112060546875
2013-10-14,1106.375,415.54376220703125,397.87188720703125,333.75,584.433349609375,596.4000244140625,470.6000061035156,285.25,119.70833587646484,386.3064880371094
2013-10-15,1107.699951171875,419.3500061035156,396.7289733886719,326.2250061035156,581.1333618164062,602.7000122070312,480.79998779296875,283.45001220703125,120.91666412353516,384.72344970703125
2013-10-17,1054.2249755859375,408.5625,402.4664001464844,327.1000061035156,557.933349609375,605.0,486.3999938964844,283.95001220703125,119.625,369.4374084472656
2013-10-18,1060.324951171875,414.3187561035156,414.03271484375,338.29998779296875,581.3666381835938,606.0999755859375,486.8999938964844,286.1000061035156,121.54166412353516,375.62109375
2013-10-21,1035.824951171875,416.9312438964844,417.48431396484375,335.625,617.0333251953125,609.0,515.7999877929688,287.8999938964844,123.04166412353516,376.016845703125
2013-10-22,1044.675048828125,417.79376220703125,413.36981201171875,334.5,623.5999755859375,608.9500122070312,523.2000122070312,292.95001220703125,123.95833587646484,375.9673767089844
2013-10-23,1030.574951171875,415.6000061035156,409.96392822265625,330.1000061035156,632.9000244140625,614.6500244140625,522.1500244140625,289.8500061035156,121.125,370.6741638183594
2013-10-24,1004.3499755859375,413.59375,404.3636474609375,334.6499938964844,643.7666625976562,609.5,521.5,279.29998779296875,119.41666412353516,375.2748107910156
2013-10-25,1033.875,416.4437561035156,405.5065612792969,336.2749938964844,631.6666870117188,593.9500122070312,513.7000122070312,278.95001220703125,121.0,372.2571716308594
2013-10-28,1031.9749755859375,415.4312438964844,407.220947265625,333.95001220703125,643.5999755859375,589.25,501.54998779296875,276.54998779296875,120.04166412353516,373.59283447265625
2013-10-29,1034.9000244140625,416.95001220703125,409.9867858886719,343.25,651.3666381835938,604.6500244140625,519.0,281.1499938964844,121.70833587646484,377.599853515625
2013-10-30,1045.9749755859375,415.48748779296875,410.6039733886719,339.67498779296875,647.6333618164062,613.6500244140625,528.25,282.25,122.70833587646484,375.5716247558594
2013-10-31,1056.0250244140625,413.73748779296875,418.1700744628906,340.3999938964844,649.1333618164062,609.8499755859375,539.4500122070312,287.95001220703125,124.25,377.10516357421875
2013-11-01,1048.800048828125,409.5874938964844,415.2213439941406,341.8999938964844,654.7999877929688,608.9000244140625,542.7999877929688,292.04998779296875,121.875,380.5185546875
2013-11-05,1021.0,408.23126220703125,415.8842468261719,338.125,644.933349609375,595.9500122070312,548.2000122070312,296.3999938964844,122.70833587646484,391.1050109863281
2013-11-06,1045.550048828125,413.26873779296875,410.8096923828125,334.45001220703125,642.5333251953125,588.0999755859375,552.3499755859375,298.79998779296875,127.16666412353516,386.9001159667969
2013-11-07,1060.9749755859375,419.70001220703125,405.003662109375,332.70001220703125,638.2999877929688,589.9500122070312,551.4000244140625,295.95001220703125,127.25,376.11578369140625
2013-11-08,1045.425048828125,420.0062561035156,400.4548645019531,326.25,649.933349609375,585.1500244140625,556.5999755859375,291.29998779296875,127.125,380.0733337402344
2013-11-11,1047.324951171875,420.32501220703125,394.9460144042969,327.125,629.0999755859375,575.0499877929688,546.5,289.25,125.25,373.09814453125
2013-11-12,1043.574951171875,417.10626220703125,389.780029296875,322.9750061035156,619.2333374023438,574.4500122070312,530.4500122070312,284.70001220703125,124.29166412353516,356.17962646484375
2013-11-13,1024.5,416.5062561035156,386.0312805175781,316.8500061035156,613.2000122070312,582.75,522.8499755859375,285.1000061035156,124.58333587646484,362.3138122558594
2013-11-14,1013.0999755859375,419.28125,389.3457336425781,321.1000061035156,626.3666381835938,580.25,513.1500244140625,274.45001220703125,127.33333587646484,382.94256591796875
2013-11-18,1022.0,425.51251220703125,399.9062805175781,334.3999938964844,652.0333251953125,596.6500244140625,526.2999877929688,270.75,130.0416717529297,388.0873718261719
2013-11-19,1014.9500122070312,430.3687438964844,401.55206298828125,330.0249938964844,663.9000244140625,592.25,531.2999877929688,267.54998779296875,129.2083282470703,387.1969299316406
2013-11-20,1011.7999877929688,425.2749938964844,394.30596923828125,324.7749938964844,651.0,581.5,524.2999877929688,272.5,128.875,381.9036865234375
2013-11-21,993.2999877929688,418.04376220703125,387.49420166015625,318.82501220703125,632.066650390625,574.2000122070312,509.25,269.20001220703125,125.16666412353516,379.0839538574219
2013-11-22,1000.4249877929688,418.45001220703125,385.7341003417969,321.07501220703125,642.7666625976562,571.5999755859375,508.1000061035156,267.8500061035156,125.70833587646484,370.179443359375
2013-11-25,1006.625,415.75,389.36859130859375,329.875,668.433349609375,581.0,516.2999877929688,269.8500061035156,125.125,382.0521240234375
2013-11-26,996.8499755859375,414.5249938964844,384.5911865234375,326.4750061035156,669.6666870117188,588.7000122070312,506.70001220703125,263.04998779296875,123.95833587646484,386.1086120605469
2013-11-27,993.2249755859375,411.6625061035156,383.0825500488281,326.7749938964844,671.0333251953125,583.75,504.75,265.6499938964844,122.16666412353516,394.963623046875
2013-11-28,992.2999877929688,415.9750061035156,387.6542053222656,326.70001220703125,681.933349609375,589.75,504.8500061035156,269.8999938964844,123.25,393.67742919921875
2013-11-29,1002.1749877929688,419.3187561035156,390.0543212890625,330.6499938964844,697.2999877929688,594.75,503.6499938964844,271.95001220703125,122.70833587646484,394.46893310546875
2013-12-02,1006.9500122070312,417.3374938964844,391.0143737792969,330.6499938964844,713.3666381835938,582.0999755859375,505.1000061035156,273.95001220703125,122.54166412353516,395.65618896484375
2013-12-03,1010.4000244140625,418.59375,394.03167724609375,327.875,703.0999755859375,579.0,504.45001220703125,270.3999938964844,121.41666412353516,394.8152160644531
2013-12-04,1000.0250244140625,420.66876220703125,391.3572692871094,328.79998779296875,692.8333129882812,572.0,502.3500061035156,271.79998779296875,121.125,388.4831237792969
2013-12-05,993.5750122070312,418.9125061035156,398.19189453125,344.04998779296875,724.2999877929688,565.3499755859375,504.8500061035156,279.95001220703125,119.875,386.1580810546875
2013-12-06,1000.1500244140625,415.7250061035156,396.22607421875,341.3500061035156,730.933349609375,559.6500244140625,504.75,289.54998779296875,124.125,386.751708984375
2013-12-09,1002.4249877929688,417.3500061035156,401.82635498046875,348.32501220703125,764.5999755859375,559.75,504.6499938964844,290.6000061035156,127.875,389.2746276855469
2013-12-10,1041.375,421.35626220703125,404.4322204589844,348.3500061035156,733.5999755859375,563.2000122070312,504.70001220703125,285.8500061035156,113.375,386.5538330078125
2013-12-11,1029.0250244140625,421.79376220703125,403.4950256347656,347.7749938964844,720.4000244140625,565.4500122070312,501.75,288.8999938964844,116.04166412353516,373.79071044921875
2013-12-12,1014.4500122070312,420.48126220703125,397.826171875,347.6000061035156,710.0333251953125,562.75,497.79998779296875,281.0,116.375,356.6248474121094
2013-12-13,1000.9000244140625,421.73126220703125,395.3117370605469,344.9750061035156,699.9666748046875,560.8499755859375,494.1000061035156,283.1000061035156,114.41666412353516,366.4197692871094
2013-12-16,1009.5750122070312,431.53125,386.32843017578125,342.17498779296875,705.566650390625,557.2000122070312,485.8500061035156,286.8500061035156,114.95833587646484,364.1441955566406
2013-12-17,1022.6749877929688,432.04376220703125,383.6540222167969,328.79998779296875,709.6666870117188,556.8499755859375,490.6499938964844,278.45001220703125,112.45833587646484,362.9569091796875
2013-12-18,1027.9000244140625,432.1812438964844,393.14019775390625,333.125,728.4666748046875,558.0499877929688,497.1499938964844,283.04998779296875,112.875,364.58941650390625
2013-12-19,1040.75,439.03125,390.44293212890625,326.2749938964844,707.2999877929688,554.9500122070312,485.95001220703125,281.0,112.5,365.6282653808594
2013-12-20,1060.2750244140625,443.91876220703125,409.2324523925781,332.29998779296875,707.4000244140625,568.7000122070312,489.6000061035156,284.3999938964844,113.29166412353516,369.7342224121094
2013-12-23,1054.5250244140625,433.5562438964844,409.7353515625,332.2250061035156,712.6666870117188,565.2000122070312,486.70001220703125,283.6000061035156,114.0,371.6635437011719
2013-12-24,1055.3499755859375,435.79998779296875,410.5582580566406,328.6499938964844,717.3333129882812,565.0999755859375,487.3999938964844,283.20001220703125,114.83333587646484,368.69537353515625
2013-12-26,1050.1500244140625,440.08123779296875,405.75799560546875,334.5249938964844,715.1333618164062,563.5999755859375,489.8500061035156,282.1000061035156,114.29166412353516,366.3208312988281
2013-12-27,1080.324951171875,445.1625061035156,401.7806396484375,334.82501220703125,718.6333618164062,568.75,485.1000061035156,283.1000061035156,114.375,367.9533386230469
2013-12-30,1078.0250244140625,437.79376220703125,405.5522766113281,334.75,709.3333129882812,573.3499755859375,487.8500061035156,289.75,113.375,370.82257080078125
2013-12-31,1086.0250244140625,435.70623779296875,409.25531005859375,332.92498779296875,713.5,570.6500244140625,490.0,290.0,114.16666412353516,372.40557861328125
2014-01-01,1076.6500244140625,433.5,406.3294677734375,332.57501220703125,712.3666381835938,572.3499755859375,499.75,292.20001220703125,115.16666412353516,370.9709777832031
2014-01-02,1083.5,435.0687561035156,400.02056884765625,328.5,690.7000122070312,562.4000244140625,485.54998779296875,283.1499938964844,112.41666412353516,368.3985595703125
2014-01-03,1111.0999755859375,445.64373779296875,395.10601806640625,331.54998779296875,674.7000122070312,565.0,489.5,277.6000061035156,109.79166412353516,358.8509521484375
2014-01-06,1119.800048828125,439.73748779296875,390.8543701171875,330.8500061035156,673.6666870117188,563.5,490.6499938964844,276.29998779296875,110.125,363.05584716796875
2014-01-07,1103.074951171875,432.14373779296875,384.97979736328125,332.20001220703125,679.6666870117188,558.9500122070312,489.95001220703125,275.3500061035156,108.20833587646484,361.2254943847656
2014-01-08,1116.324951171875,428.51251220703125,388.1571044921875,332.3500061035156,665.566650390625,559.1500244140625,490.5,288.79998779296875,107.95833587646484,366.3208312988281
2014-01-09,1120.9749755859375,431.3500061035156,388.9114074707031,331.4750061035156,647.933349609375,554.1500244140625,490.1000061035156,295.6499938964844,111.375,364.0452575683594
2014-01-10,1140.449951171875,443.90625,392.31732177734375,331.0249938964844,637.3666381835938,549.7999877929688,492.0,288.95001220703125,109.5,363.1053466796875
2014-01-13,1184.375,458.125,402.4892578125,336.42498779296875,653.7000122070312,545.7000122070312,494.04998779296875,290.25,110.625,372.1582336425781
2014-01-14,1163.375,460.84375,402.9921569824219,336.1499938964844,648.0,538.4000244140625,487.3999938964844,288.8999938964844,109.375,367.8544006347656
2014-01-15,1176.800048828125,464.0062561035156,404.7979431152344,340.2749938964844,666.066650390625,545.2000122070312,493.5,295.20001220703125,110.20833587646484,373.2960205078125
2014-01-16,1175.1500244140625,465.6312561035156,405.11798095703125,336.5249938964844,669.3333129882812,552.0999755859375,495.6000061035156,302.6499938964844,110.95833587646484,365.8261413574219
2014-01-17,1106.5250244140625,466.21875,404.4779357910156,332.5,668.566650390625,558.9000244140625,491.54998779296875,272.0,109.66666412353516,365.77667236328125
2014-01-20,1169.0999755859375,468.6625061035156,397.6204528808594,335.0249938964844,665.9666748046875,555.0999755859375,490.0,269.45001220703125,109.875,370.9215087890625
2014-01-21,1140.1500244140625,469.79376220703125,394.55743408203125,338.04998779296875,674.3333129882812,559.7999877929688,479.25,263.0,108.95833587646484,380.7164306640625
2014-01-22,1137.0250244140625,470.73748779296875,398.85479736328125,338.54998779296875,669.8666381835938,566.4500122070312,472.6000061035156,261.79998779296875,110.54166412353516,382.00262451171875
2014-01-23,1126.2249755859375,474.0625,395.81463623046875,339.75,688.6333618164062,567.0999755859375,473.0,259.1000061035156,109.25,379.5291748046875
2014-01-24,1124.3499755859375,469.76873779296875,396.660400390625,336.70001220703125,670.9000244140625,565.7999877929688,478.1000061035156,257.8999938964844,109.58333587646484,366.46923828125
2014-01-27,1114.800048828125,466.5249938964844,385.4598083496094,324.6000061035156,653.433349609375,575.25,476.3999938964844,249.0,107.875,344.5543212890625
2014-01-28,1106.175048828125,459.38751220703125,386.23699951171875,322.2250061035156,655.6666870117188,569.7000122070312,476.79998779296875,249.14999389648438,107.08333587646484,352.46942138671875
2014-01-29,1104.9000244140625,464.7250061035156,382.4653625488281,322.7250061035156,662.0999755859375,569.5999755859375,482.8999938964844,250.6999969482422,106.5,348.0171813964844
2014-01-30,1108.800048828125,463.03125,377.1622314453125,315.8999938964844,653.6333618164062,570.4000244140625,477.5,246.14999389648438,106.83333587646484,357.9110412597656
2014-01-31,1120.5250244140625,462.63751220703125,379.97381591796875,314.25,657.2666625976562,570.0999755859375,471.70001220703125,247.4499969482422,105.375,345.84051513671875
2014-02-03,1097.2249755859375,453.64373779296875,375.2878723144531,313.25,652.8666381835938,569.75,469.8999938964844,245.75,105.0,332.830078125
2014-02-04,1075.675048828125,445.13751220703125,375.58502197265625,315.29998779296875,655.3333129882812,570.25,476.0,249.3000030517578,108.5,342.1797790527344
2014-02-05,1097.199951171875,447.65625,373.61920166015625,318.7250061035156,656.933349609375,570.0,484.45001220703125,255.1999969482422,110.33333587646484,351.33160400390625
2014-02-06,1087.625,445.4624938964844,372.97918701171875,323.5,650.1666870117188,586.5499877929688,484.04998779296875,267.29998779296875,111.33333587646484,353.85455322265625
2014-02-07,1072.199951171875,445.8187561035156,372.3391418457031,323.875,656.0999755859375,577.6500244140625,490.5,269.6000061035156,113.29166412353516,356.37750244140625
2014-02-10,1046.7750244140625,446.7250061035156,375.76788330078125,321.95001220703125,663.933349609375,564.0,487.0,270.0,112.66666412353516,360.1866455078125
2014-02-11,1050.8499755859375,449.53125,368.1332092285156,322.3999938964844,662.433349609375,562.4500122070312,484.3500061035156,270.0,110.125,370.5257263183594
2014-02-12,1052.7249755859375,450.01251220703125,373.9163513183594,322.7250061035156,673.6666870117188,569.4500122070312,477.3500061035156,269.8999938964844,108.95833587646484,372.6529235839844
2014-02-13,1066.875,448.2250061035156,369.1161193847656,316.25,657.9666748046875,557.25,468.79998779296875,260.3999938964844,108.41666412353516,371.9603576660156
2014-02-14,1083.949951171875,455.5375061035156,375.8135986328125,320.8999938964844,661.8333129882812,560.25,472.79998779296875,260.79998779296875,110.20833587646484,384.6739807128906
2014-02-17,1082.699951171875,457.26873779296875,371.3562316894531,325.20001220703125,665.5333251953125,560.25,473.25,256.25,111.54166412353516,382.4973449707031
2014-02-18,1083.0,460.25,371.74481201171875,330.20001220703125,678.2666625976562,562.25,473.1000061035156,255.10000610351562,111.54166412353516,387.24639892578125
2014-02-19,1098.9749755859375,469.17498779296875,371.3333740234375,335.0249938964844,687.5333251953125,558.7000122070312,468.5,254.8000030517578,110.29166412353516,387.3453369140625
2014-02-20,1094.675048828125,463.90625,368.2246398925781,331.375,689.7666625976562,554.0499877929688,461.6000061035156,251.0500030517578,109.25,387.6916198730469
2014-02-21,1102.8499755859375,468.8374938964844,370.9905090332031,332.20001220703125,703.433349609375,555.3499755859375,464.0,251.25,110.375,391.9954528808594
2014-02-24,1088.949951171875,468.73748779296875,371.37908935546875,335.5,723.0999755859375,554.9000244140625,470.79998779296875,252.0,97.41666412353516,392.34173583984375
2014-02-25,1094.449951171875,472.86248779296875,370.5561828613281,335.54998779296875,725.2666625976562,554.4500122070312,472.04998779296875,246.14999389648438,96.54166412353516,394.27105712890625
2014-02-26,1091.074951171875,475.9375,370.624755859375,338.70001220703125,731.0999755859375,554.75,477.1499938964844,244.0,96.20833587646484,396.9423828125
2014-02-28,1137.875,478.10626220703125,365.7102355957031,334.79998779296875,739.7666625976562,549.25,473.0,244.0,93.66666412353516,412.5252685546875
2014-03-03,1120.0250244140625,474.78125,367.2874450683594,333.1000061035156,731.7000122070312,543.2000122070312,472.95001220703125,244.35000610351562,92.66666412353516,406.3415832519531
2014-03-04,1120.324951171875,474.9437561035156,371.65338134765625,335.8500061035156,744.4666748046875,554.9000244140625,475.6000061035156,247.14999389648438,94.875,408.5182189941406
2014-03-05,1125.949951171875,477.7124938964844,368.9332580566406,334.875,748.9000244140625,551.2000122070312,474.6000061035156,251.5500030517578,95.04166412353516,405.2532653808594
2014-03-06,1120.375,478.98748779296875,375.9964599609375,337.79998779296875,761.6666870117188,549.0499877929688,474.54998779296875,257.1000061035156,97.25,404.1154479980469
2014-03-07,1114.25,467.5375061035156,397.4604187011719,355.7250061035156,799.0999755859375,550.4000244140625,481.0,264.79998779296875,96.95833587646484,404.758544921875
2014-03-10,1071.324951171875,458.95001220703125,404.7979431152344,367.2250061035156,824.5999755859375,557.2000122070312,484.8500061035156,258.79998779296875,97.5,391.7975769042969
2014-03-11,1075.824951171875,459.41876220703125,399.9062805175781,362.57501220703125,820.0333251953125,560.3499755859375,480.70001220703125,255.75,97.83333587646484,393.7268981933594
2014-03-12,1089.7249755859375,458.9125061035156,398.3518981933594,362.7749938964844,812.1666870117188,560.25,494.29998779296875,260.5,97.625,384.72344970703125
2014-03-13,1074.7750244140625,419.70001220703125,402.1006774902344,371.17498779296875,816.7999877929688,561.8499755859375,493.75,265.1000061035156,96.875,383.8824768066406
2014-03-14,1069.7750244140625,424.26873779296875,405.11798095703125,366.07501220703125,836.6333618164062,553.6500244140625,495.5,264.25,97.54166412353516,389.0767517089844
2014-03-18,1061.0,418.8187561035156,409.8267822265625,367.0,827.0333251953125,556.0499877929688,501.6000061035156,270.70001220703125,98.25,377.2041015625
2014-03-19,1019.7000122070312,408.96875,412.82122802734375,369.2250061035156,830.6666870117188,561.5999755859375,513.0499877929688,263.1499938964844,96.625,380.2712097167969
2014-03-20,1054.0999755859375,412.8812561035156,414.1927185058594,365.1000061035156,812.7000122070312,572.5499877929688,515.5999755859375,260.45001220703125,96.45833587646484,375.6705627441406
2014-03-21,1063.5,413.20623779296875,404.95794677734375,366.92498779296875,811.066650390625,571.7000122070312,510.1000061035156,263.04998779296875,94.875,385.020263671875
2014-03-24,1076.300048828125,409.4750061035156,413.9184265136719,375.32501220703125,820.2333374023438,582.3499755859375,523.9000244140625,269.95001220703125,94.95833587646484,387.3453369140625
2014-03-25,1073.324951171875,406.79998779296875,401.98638916015625,375.07501220703125,832.2999877929688,592.75,525.2999877929688,274.5,95.91666412353516,386.7022399902344
2014-03-26,1046.75,406.11248779296875,407.4266662597656,373.0249938964844,850.5333251953125,591.5499877929688,529.0999755859375,280.75,95.75,397.38763427734375
2014-03-27,1047.125,403.8812561035156,411.7926025390625,373.375,855.7333374023438,599.7999877929688,539.0499877929688,280.0,97.33333587646484,392.4901428222656
2014-03-28,1051.050048828125,407.82501220703125,418.83294677734375,372.4750061035156,858.7666625976562,599.7999877929688,539.8499755859375,286.3500061035156,100.79166412353516,393.0837707519531
2014-03-31,1066.574951171875,410.3500061035156,425.5075988769531,374.3999938964844,847.933349609375,605.5499877929688,547.9500122070312,288.75,99.91666412353516,394.4194641113281
2014-04-01,1088.3499755859375,414.2437438964844,430.9250183105469,369.04998779296875,852.7000122070312,601.75,536.6500244140625,290.5,101.625,398.8717041015625
2014-04-02,1086.125,415.2562561035156,438.0567932128906,365.95001220703125,866.9666748046875,594.5999755859375,522.7999877929688,286.8999938964844,102.41666412353516,409.70550537109375
2014-04-03,1083.25,417.26873779296875,435.51953125,364.3999938964844,860.066650390625,606.2999877929688,538.5999755859375,280.5,102.5,406.98468017578125
2014-04-04,1069.425048828125,414.5062561035156,431.6793212890625,362.7250061035156,851.4000244140625,605.2999877929688,530.7000122070312,281.70001220703125,100.25,401.19677734375
2014-04-07,1076.9000244140625,411.67498779296875,431.63360595703125,362.67498779296875,856.2333374023438,604.7999877929688,539.5499877929688,284.0,99.5,399.7126770019531
2014-04-09,1070.199951171875,406.8187561035156,439.86260986328125,370.92498779296875,865.3666381835938,609.0999755859375,547.7000122070312,288.1499938964844,100.45833587646484,416.433349609375
2014-04-10,1063.074951171875,400.1499938964844,443.0170593261719,369.70001220703125,876.1666870117188,617.9000244140625,541.5,292.1499938964844,103.08333587646484,426.228271484375
2014-04-11,1082.050048828125,404.39373779296875,436.02239990234375,369.07501220703125,865.6666870117188,609.4000244140625,543.7000122070312,293.04998779296875,103.83333587646484,419.10467529296875
2014-04-15,1126.375,407.4750061035156,433.8965759277344,361.9750061035156,865.2333374023438,612.1500244140625,534.5,292.79998779296875,104.5,407.57830810546875
2014-04-16,1098.1500244140625,394.6625061035156,430.3306884765625,362.9750061035156,839.933349609375,607.5499877929688,534.9000244140625,289.70001220703125,102.16666412353516,406.78680419921875
2014-04-17,1111.449951171875,399.0062561035156,438.46826171875,359.3500061035156,845.9666748046875,609.4500122070312,543.75,290.8999938964844,102.45833587646484,424.54632568359375
2014-04-21,1110.875,397.8687438964844,438.69683837890625,358.2250061035156,881.7000122070312,599.0999755859375,539.2000122070312,296.1000061035156,103.79166412353516,427.51446533203125
2014-04-22,1110.5250244140625,393.83123779296875,442.4227294921875,363.7749938964844,897.7000122070312,596.4500122070312,536.4000244140625,299.0,103.16666412353516,424.24951171875
2014-04-23,1106.875,396.58123779296875,442.1484375,366.5,917.566650390625,595.5,529.5999755859375,302.25,101.75,420.539306640625
2014-04-24,1106.875,396.58123779296875,442.1484375,366.5,917.566650390625,595.5,529.5999755859375,302.25,101.75,420.539306640625
2014-04-25,1102.625,396.95001220703125,433.50799560546875,363.20001220703125,899.933349609375,580.9000244140625,514.9500122070312,299.95001220703125,98.75,418.7583923339844
2014-04-28,1095.675048828125,397.2562561035156,432.022216796875,362.6000061035156,885.6666870117188,581.0,500.54998779296875,295.70001220703125,98.29166412353516,412.0305480957031
2014-04-29,1097.125,397.21875,429.87353515625,357.8999938964844,880.933349609375,562.4500122070312,497.6000061035156,296.70001220703125,98.04166412353516,404.6101379394531
2014-04-30,1094.5999755859375,397.6000061035156,427.8162841796875,360.6499938964844,862.7333374023438,567.5,505.1499938964844,291.8500061035156,96.95833587646484,410.3486022949219
2014-05-02,1104.2249755859375,402.4624938964844,424.29608154296875,358.54998779296875,842.3666381835938,562.1500244140625,511.45001220703125,295.29998779296875,95.375,410.3486022949219
2014-05-05,1106.8499755859375,397.11248779296875,432.8679504394531,358.3500061035156,855.9666748046875,557.1500244140625,518.5999755859375,296.45001220703125,94.875,410.0517883300781
2014-05-06,1099.449951171875,395.64373779296875,440.4112243652344,360.1000061035156,866.6666870117188,553.7000122070312,514.75,296.45001220703125,95.25,414.701904296875
2014-05-07,1082.7750244140625,383.41876220703125,439.2682800292969,357.79998779296875,863.7333374023438,553.1500244140625,505.6499938964844,295.3999938964844,96.45833587646484,412.27789306640625
2014-05-08,1081.0250244140625,383.1625061035156,439.016845703125,359.1499938964844,866.0999755859375,552.2999877929688,504.3999938964844,293.75,96.29166412353516,418.5605163574219
2014-05-09,1079.949951171875,388.9312438964844,456.06915283203125,378.3999938964844,895.1333618164062,556.2999877929688,521.1500244140625,308.6499938964844,98.45833587646484,422.9632873535156
2014-05-12,1079.675048828125,396.88751220703125,470.2870178222656,396.07501220703125,924.8333129882812,571.5,538.2000122070312,331.04998779296875,100.91666412353516,440.4754638671875
2014-05-13,1105.4749755859375,408.15625,486.15069580078125,394.07501220703125,939.5333251953125,577.5999755859375,540.3499755859375,332.04998779296875,102.33333587646484,436.27056884765625
2014-05-14,1108.050048828125,406.76251220703125,477.9674377441406,387.7250061035156,929.6666870117188,577.5,556.9000244140625,343.29998779296875,104.58333587646484,437.65570068359375
2014-05-15,1096.574951171875,409.0562438964844,481.57904052734375,394.17498779296875,918.933349609375,588.9500122070312,529.0499877929688,340.3500061035156,107.75,434.9843444824219
2014-05-16,1080.375,397.1937561035156,493.39678955078125,402.3500061035156,951.7999877929688,580.7000122070312,536.5,345.3999938964844,109.66666412353516,445.07611083984375
2014-05-19,1018.3499755859375,376.8812561035156,512.0491943359375,405.95001220703125,1016.3666381835938,555.7999877929688,527.4500122070312,388.95001220703125,121.33333587646484,439.6839599609375
2014-05-20,1034.0999755859375,390.2749938964844,493.67108154296875,408.0249938964844,1006.2333374023438,562.5999755859375,528.9000244140625,366.5,118.54166412353516,435.1822204589844
2014-05-21,1041.425048828125,394.63751220703125,493.0082092285156,404.75,984.0333251953125,561.3499755859375,546.2999877929688,370.8999938964844,121.375,432.3130187988281
2014-05-22,1055.9749755859375,389.23748779296875,503.24871826171875,401.29998779296875,987.0999755859375,562.9000244140625,537.7999877929688,389.8999938964844,128.5,426.228271484375
2014-05-23,1063.949951171875,383.6937561035156,515.4321899414062,394.82501220703125,1009.3333129882812,561.5,540.5499877929688,397.8999938964844,133.5,426.72296142578125
2014-05-26,1077.0,386.85626220703125,503.6601867675781,398.57501220703125,1032.1666259765625,559.8499755859375,523.5999755859375,401.04998779296875,130.2083282470703,439.3376770019531
2014-05-27,1065.7249755859375,391.7562561035156,497.3741455078125,402.45001220703125,1044.0333251953125,560.1500244140625,523.75,393.04998779296875,128.4583282470703,431.96673583984375
2014-05-28,1075.2750244140625,396.6625061035156,497.8084411621094,411.7250061035156,1051.4000244140625,561.9000244140625,510.20001220703125,380.3999938964844,126.20833587646484,424.2000427246094
2014-05-29,1079.9749755859375,365.5625,490.79095458984375,405.125,1033.0999755859375,556.4500122070312,506.3500061035156,373.54998779296875,126.79166412353516,419.7972412109375
2014-05-30,1070.675048828125,367.42498779296875,486.7450256347656,396.375,1030.3333740234375,603.3499755859375,507.6000061035156,370.8999938964844,133.75,410.6454162597656
2014-06-02,1064.925048828125,374.14373779296875,494.74542236328125,409.70001220703125,1097.3333740234375,601.0,509.8500061035156,373.3500061035156,132.7083282470703,416.284912109375
2014-06-03,1064.300048828125,377.1499938964844,500.780029296875,412.17498779296875,1102.2332763671875,593.4500122070312,509.1000061035156,393.3999938964844,136.8333282470703,416.433349609375
2014-06-04,1044.625,373.0625,492.59674072265625,408.3500061035156,1116.433349609375,604.9500122070312,509.0,390.3500061035156,137.5,417.5711364746094
2014-06-05,1052.074951171875,380.14373779296875,498.265625,402.7250061035156,1121.2332763671875,630.0999755859375,510.1000061035156,391.95001220703125,136.8333282470703,430.3836975097656
2014-06-06,1042.125,375.3812561035156,513.12353515625,407.625,1127.36669921875,639.9500122070312,505.3500061035156,390.6499938964844,137.9166717529297,434.440185546875
2014-06-09,1056.9000244140625,373.3062438964844,513.23779296875,409.7250061035156,1168.0999755859375,632.7000122070312,528.0999755859375,413.20001220703125,137.7916717529297,443.8393859863281
2014-06-10,1079.074951171875,384.39373779296875,511.2491455078125,408.32501220703125,1159.300048828125,640.25,536.25,420.3999938964844,136.2916717529297,448.58843994140625
2014-06-11,1103.4749755859375,399.16876220703125,503.8430480957031,410.25,1144.9666748046875,625.8499755859375,543.6500244140625,404.29998779296875,131.75,441.0196228027344
2014-06-12,1118.675048828125,396.8812561035156,500.20855712890625,419.92498779296875,1148.2667236328125,630.0999755859375,549.2999877929688,394.8999938964844,133.5416717529297,444.779296875
2014-06-13,1106.7750244140625,398.375,494.6082763671875,417.70001220703125,1123.9666748046875,634.9500122070312,542.2000122070312,389.3500061035156,127.79166412353516,433.5992126464844
2014-06-16,1134.875,405.51873779296875,487.087890625,419.5,1100.3333740234375,634.75,539.8499755859375,389.3500061035156,127.41666412353516,426.2777404785156
2014-06-17,1139.925048828125,405.85626220703125,498.3341979980469,423.2749938964844,1123.0333251953125,630.3499755859375,560.5999755859375,400.45001220703125,129.0833282470703,436.2210998535156
2014-06-18,1113.5250244140625,405.0625,487.6822204589844,417.42498779296875,1114.2332763671875,618.8499755859375,557.9000244140625,394.1000061035156,126.25,428.5533447265625
2014-06-19,1138.0250244140625,413.98748779296875,476.4130554199219,412.875,1104.4666748046875,625.75,568.0,385.1499938964844,127.08333587646484,433.94549560546875
2014-06-20,1146.199951171875,414.57501220703125,473.8529357910156,410.9750061035156,1098.63330078125,624.2999877929688,568.4500122070312,386.3500061035156,126.375,433.4013366699219
2014-06-23,1134.425048828125,404.0687561035156,474.51580810546875,410.7250061035156,1104.7667236328125,617.6500244140625,574.0999755859375,387.8999938964844,127.125,430.9773254394531
2014-06-24,1154.5250244140625,400.4750061035156,484.52777099609375,414.5,1113.63330078125,616.25,579.9000244140625,391.5,129.0416717529297,437.45782470703125
2014-06-25,1155.2750244140625,401.40625,480.4818420410156,412.04998779296875,1100.0333251953125,625.2999877929688,586.5,397.8500061035156,130.7083282470703,438.546142578125
2014-06-26,1153.824951171875,397.8125,462.60662841796875,406.20001220703125,1115.699951171875,618.6500244140625,584.7999877929688,388.29998779296875,126.91666412353516,433.35186767578125
2014-06-27,1199.7750244140625,402.92498779296875,462.69805908203125,408.1000061035156,1111.5333251953125,616.4000244140625,584.7000122070312,380.8500061035156,126.875,427.7618408203125
2014-06-30,1212.699951171875,406.9437561035156,464.20672607421875,410.7749938964844,1134.4666748046875,620.3499755859375,594.0,384.95001220703125,130.1666717529297,426.72296142578125
2014-07-01,1195.375,402.6312561035156,460.8236999511719,411.6499938964844,1150.9000244140625,628.8499755859375,583.8499755859375,384.45001220703125,128.8333282470703,446.0160217285156
2014-07-02,1200.800048828125,401.9125061035156,465.5096435546875,419.95001220703125,1169.300048828125,631.1500244140625,584.0499877929688,393.54998779296875,133.125,450.9629821777344
2014-07-03,1208.949951171875,401.3374938964844,460.137939453125,418.3999938964844,1168.2332763671875,624.0999755859375,581.7000122070312,396.1000061035156,131.125,464.7649230957031
2014-07-04,1205.25,405.7437438964844,471.7728271484375,428.32501220703125,1161.800048828125,625.1500244140625,588.6500244140625,394.1499938964844,132.125,464.4681091308594
2014-07-07,1244.2750244140625,418.1812438964844,469.6012878417969,420.2250061035156,1166.2332763671875,627.5999755859375,593.5999755859375,396.75,134.4583282470703,473.76837158203125
2014-07-08,1224.7249755859375,417.76873779296875,454.90338134765625,414.625,1115.0333251953125,627.3499755859375,590.0999755859375,377.3999938964844,127.5,465.01226806640625
2014-07-09,1199.074951171875,413.79376220703125,457.6006774902344,415.1499938964844,1101.0999755859375,629.8499755859375,594.6500244140625,365.70001220703125,125.54166412353516,452.3975830078125
2014-07-10,1175.9000244140625,411.5874938964844,455.88629150390625,411.67498779296875,1103.1666259765625,631.8499755859375,587.0,369.8999938964844,125.95833587646484,448.3410949707031
2014-07-11,1197.2249755859375,415.83123779296875,441.8512878417969,405.8999938964844,1049.566650390625,641.8499755859375,568.8499755859375,362.70001220703125,124.75,441.2174987792969
2014-07-14,1213.125,403.15625,439.67974853515625,408.7250061035156,1064.9666748046875,622.9500122070312,589.5,358.25,123.16666412353516,451.1608581542969
2014-07-15,1199.6500244140625,403.20623779296875,444.4571228027344,413.3999938964844,1089.0999755859375,618.9000244140625,582.5,364.45001220703125,121.33333587646484,457.98760986328125
2014-07-16,1200.925048828125,403.70001220703125,452.4575500488281,417.875,1106.0333251953125,621.2999877929688,579.8499755859375,365.29998779296875,122.20833587646484,465.30908203125
2014-07-17,1190.9749755859375,404.9125061035156,449.16595458984375,415.8999938964844,1112.63330078125,626.8499755859375,579.6500244140625,376.70001220703125,125.33333587646484,470.25604248046875
2014-07-18,1220.5999755859375,406.4437561035156,446.5372314453125,416.2250061035156,1124.3333740234375,622.5,580.4500122070312,375.6000061035156,124.75,470.25604248046875
2014-07-21,1231.875,400.0874938964844,456.0920104980469,413.7250061035156,1113.5,627.5499877929688,593.6500244140625,378.45001220703125,123.33333587646484,469.9097595214844
2014-07-22,1266.199951171875,404.2124938964844,471.3156433105469,419.92498779296875,1103.300048828125,633.5999755859375,603.5999755859375,387.54998779296875,124.875,481.5350646972656
2014-07-23,1293.074951171875,418.6812438964844,472.36712646484375,418.1499938964844,1102.36669921875,634.0999755859375,603.3499755859375,384.79998779296875,124.66666412353516,479.7046813964844
2014-07-24,1297.5999755859375,422.78125,475.93304443359375,421.125,1108.9666748046875,642.9000244140625,620.0999755859375,385.25,124.75,480.1004333496094
2014-07-25,1302.875,419.0249938964844,467.15545654296875,417.75,1105.3333740234375,663.75,637.4000244140625,377.0,124.125,456.20672607421875
2014-07-28,1294.6500244140625,421.38751220703125,459.72650146484375,414.7749938964844,1094.066650390625,686.7999877929688,636.0,364.3500061035156,124.20833587646484,449.0336608886719
2014-07-30,1297.5250244140625,421.5249938964844,459.9779357910156,419.3999938964844,1016.066650390625,694.6500244140625,643.9000244140625,367.29998779296875,124.83333587646484,446.5601806640625
2014-07-31,1290.0250244140625,420.95623779296875,460.1150817871094,417.0,1001.933349609375,686.5999755859375,628.6500244140625,367.70001220703125,120.875,442.0090026855469
2014-08-01,1258.199951171875,417.6625061035156,446.3315124511719,407.7250061035156,979.1333618164062,693.5499877929688,624.5,359.0,117.29166412353516,435.3306579589844
2014-08-04,1263.0250244140625,433.1937561035156,450.3088684082031,406.5,995.9666748046875,699.6500244140625,629.8499755859375,359.45001220703125,117.75,441.860595703125
2014-08-05,1261.8499755859375,439.125,449.7831115722656,410.1000061035156,993.3666381835938,704.8499755859375,633.4000244140625,361.1000061035156,117.25,451.9523620605469
2014-08-06,1253.324951171875,446.98126220703125,451.7489318847656,405.0,988.8666381835938,707.8499755859375,640.6500244140625,359.8999938964844,117.04166412353516,442.8005065917969
2014-08-07,1234.9000244140625,438.41876220703125,452.2746887207031,405.75,987.933349609375,701.9500122070312,631.9500122070312,363.0,117.375,437.3094177246094
2014-08-08,1239.3499755859375,435.33123779296875,448.2516174316406,398.07501220703125,961.8666381835938,702.0499877929688,617.9500122070312,355.6499938964844,114.95833587646484,428.3059997558594
2014-08-11,1234.199951171875,446.6875,448.2516174316406,396.4750061035156,975.1666870117188,697.9500122070312,613.7999877929688,357.3999938964844,113.20833587646484,441.8111267089844
2014-08-12,1235.875,447.1000061035156,450.0345764160156,403.6000061035156,992.7333374023438,700.9000244140625,614.2000122070312,364.6000061035156,116.25,468.9698181152344
2014-08-13,1250.0250244140625,451.04998779296875,452.66326904296875,406.20001220703125,969.066650390625,718.7000122070312,615.75,353.04998779296875,116.625,468.4751281738281
2014-08-14,1249.875,451.5687561035156,458.5149841308594,413.3500061035156,989.4000244140625,714.5499877929688,617.7999877929688,356.45001220703125,118.375,479.45733642578125
2014-08-18,1243.800048828125,444.9750061035156,463.13238525390625,416.17498779296875,1010.6666870117188,724.7999877929688,619.3499755859375,363.70001220703125,118.83333587646484,498.4535827636719
2014-08-19,1219.25,443.4750061035156,461.4179992675781,411.92498779296875,1021.7666625976562,719.5499877929688,615.2999877929688,369.25,119.91666412353516,513.3438720703125
2014-08-20,1218.0999755859375,444.3187561035156,456.4120178222656,410.2749938964844,1011.933349609375,711.8499755859375,612.5,366.6499938964844,121.08333587646484,506.81390380859375
2014-08-21,1216.2249755859375,443.6187438964844,454.9262390136719,416.25,1022.2999877929688,710.3499755859375,613.9000244140625,364.20001220703125,118.75,507.30859375
2014-08-22,1232.0999755859375,450.125,456.38916015625,423.375,1026.6666259765625,704.2000122070312,610.2000122070312,357.04998779296875,118.75,506.121337890625
2014-08-25,1261.0250244140625,453.4750061035156,455.2462463378906,421.7250061035156,1018.2999877929688,716.7000122070312,604.5999755859375,358.6499938964844,118.16666412353516,503.0047607421875
2014-08-26,1266.9000244140625,453.01873779296875,454.1261901855469,421.25,1004.1333618164062,727.3499755859375,608.0,356.6000061035156,117.5,507.20965576171875
2014-08-27,1274.9749755859375,453.8187561035156,454.28619384765625,418.29998779296875,1002.433349609375,734.8499755859375,617.4500122070312,358.54998779296875,116.25,516.1636352539062
2014-08-28,1261.175048828125,449.8500061035156,456.5720520019531,421.7749938964844,1017.6666870117188,742.4500122070312,624.2000122070312,356.1000061035156,114.5,519.4780883789062
2014-09-01,1268.574951171875,449.95623779296875,463.6123962402344,420.6000061035156,1051.566650390625,740.4000244140625,629.7999877929688,365.25,116.41666412353516,514.481689453125
2014-09-02,1268.949951171875,451.71875,468.0469055175781,429.6000061035156,1052.9000244140625,732.7000122070312,624.25,363.3999938964844,116.83333587646484,510.7714538574219
2014-09-03,1303.199951171875,466.78125,471.45281982421875,428.32501220703125,1065.4666748046875,732.7999877929688,626.3499755859375,376.1000061035156,116.41666412353516,517.0540771484375
2014-09-04,1292.375,463.59375,469.0069580078125,425.92498779296875,1059.9666748046875,737.0999755859375,632.3499755859375,379.04998779296875,118.70833587646484,507.55596923828125
2014-09-05,1299.300048828125,466.34375,468.8926696777344,424.2250061035156,1075.066650390625,733.75,647.0499877929688,370.29998779296875,119.04166412353516,500.6302490234375
2014-09-08,1321.3499755859375,472.70623779296875,474.4015197753906,432.375,1086.2667236328125,745.7999877929688,676.0,374.70001220703125,117.04166412353516,504.6867370605469
2014-09-09,1315.625,467.0062561035156,472.2528381347656,432.79998779296875,1070.1666259765625,751.9000244140625,665.1500244140625,380.6499938964844,117.16666412353516,511.66192626953125
2014-09-10,1300.074951171875,458.4125061035156,464.4124450683594,428.6499938964844,1056.7332763671875,749.0999755859375,653.9000244140625,373.6499938964844,116.16666412353516,511.0682678222656
2014-09-11,1299.175048828125,460.51873779296875,466.0353698730469,427.17498779296875,1063.433349609375,755.5999755859375,656.5999755859375,360.75,116.66666412353516,508.8916320800781
2014-09-12,1303.800048828125,458.73748779296875,464.29815673828125,427.8500061035156,1052.4666748046875,757.5,671.7999877929688,357.70001220703125,114.79166412353516,511.7113952636719
2014-09-15,1279.1500244140625,455.1625061035156,458.4235534667969,430.17498779296875,1040.36669921875,754.8499755859375,661.4500122070312,351.8500061035156,113.25,506.9623107910156
2014-09-16,1275.425048828125,456.40625,447.74871826171875,425.5,1010.433349609375,756.0,646.7999877929688,344.45001220703125,110.125,494.4465637207031
2014-09-17,1295.5999755859375,467.6312561035156,451.9775085449219,423.20001220703125,1012.7666625976562,754.6500244140625,645.9500122070312,339.3500061035156,111.375,501.5701599121094
2014-09-18,1321.1500244140625,462.125,459.4064636230469,429.07501220703125,1049.4666748046875,749.6500244140625,659.5499877929688,344.8999938964844,114.08333587646484,519.8243408203125
2014-09-19,1357.0999755859375,462.7562561035156,455.08624267578125,430.125,1021.6333618164062,737.25,669.5,345.79998779296875,115.20833587646484,513.3933715820312
2014-09-22,1360.9000244140625,456.32501220703125,453.3033142089844,428.42498779296875,1022.1333618164062,741.7000122070312,652.75,343.0,113.70833587646484,534.3189086914062
2014-09-23,1344.0999755859375,450.88751220703125,441.55413818359375,424.42498779296875,997.1666870117188,742.0499877929688,634.7999877929688,335.1499938964844,114.08333587646484,512.3049926757812
2014-09-24,1321.5,455.6000061035156,441.1883850097656,427.7250061035156,976.0,764.0999755859375,637.8499755859375,351.3500061035156,115.0,507.95172119140625
2014-09-25,1354.300048828125,461.375,425.09613037109375,424.9750061035156,964.7333374023438,759.3499755859375,620.6500244140625,346.75,113.70833587646484,498.99774169921875
2014-09-26,1342.0,460.01873779296875,426.6505126953125,435.82501220703125,984.0,751.4500122070312,627.4000244140625,348.1000061035156,116.125,505.6761169433594
2014-09-29,1383.9749755859375,468.6312561035156,426.60479736328125,432.54998779296875,979.066650390625,746.5,625.5,343.5,115.83333587646484,505.329833984375
2014-09-30,1368.300048828125,468.46875,432.34222412109375,436.32501220703125,972.1666870117188,746.0,629.5499877929688,341.3500061035156,115.91666412353516,496.82110595703125
2014-10-01,1387.800048828125,480.9125061035156,423.8846435546875,434.0,964.566650390625,736.1500244140625,631.7000122070312,344.6000061035156,115.875,497.41473388671875
2014-10-07,1365.675048828125,478.9125061035156,423.4046325683594,431.2250061035156,943.2000122070312,735.7999877929688,629.0999755859375,341.54998779296875,117.20833587646484,499.59136962890625
2014-10-08,1341.5999755859375,456.26873779296875,428.22772216796875,433.79998779296875,964.8333129882812,734.75,635.2999877929688,341.70001220703125,119.5,503.598388671875
2014-10-09,1353.0250244140625,455.8500061035156,436.4338684082031,443.79998779296875,991.2666625976562,739.0999755859375,655.1500244140625,343.3500061035156,119.08333587646484,515.0753173828125
2014-10-10,1339.25,486.08123779296875,439.1768493652344,433.6499938964844,974.4666748046875,720.3499755859375,663.25,335.25,117.70833587646484,487.47137451171875
2014-10-13,1358.2750244140625,492.8187561035156,437.9196472167969,438.3999938964844,963.8666381835938,720.4000244140625,655.6500244140625,340.79998779296875,116.875,490.98370361328125
2014-10-14,1349.5999755859375,489.7875061035156,439.451171875,434.17498779296875,959.933349609375,731.25,646.0999755859375,344.20001220703125,117.25,482.8212585449219
2014-10-15,1349.5999755859375,489.7875061035156,439.451171875,434.17498779296875,959.933349609375,731.25,646.0999755859375,344.20001220703125,117.25,482.8212585449219
2014-10-16,1339.050048828125,483.1625061035156,425.62188720703125,429.42498779296875,949.1333618164062,730.5999755859375,625.9000244140625,348.6000061035156,115.20833587646484,478.66583251953125
2014-10-17,1220.574951171875,481.45623779296875,428.7763366699219,442.625,968.5999755859375,726.2999877929688,640.0999755859375,350.6499938964844,117.45833587646484,470.750732421875
2014-10-20,1211.6500244140625,476.54376220703125,427.473388671875,446.8999938964844,996.8333129882812,736.5499877929688,647.5999755859375,361.29998779296875,119.58333587646484,489.40069580078125
2014-10-21,1216.699951171875,471.6187438964844,424.8675537109375,447.7749938964844,1008.0,749.75,644.25,355.04998779296875,122.95833587646484,496.1285400390625
2014-10-22,1225.925048828125,474.5062561035156,432.3193664550781,446.82501220703125,1035.8333740234375,757.4000244140625,644.0,353.04998779296875,122.125,513.6406860351562
2014-10-27,1228.574951171875,475.3812561035156,430.3535461425781,448.625,1044.9000244140625,720.4500122070312,648.75,356.5,121.54166412353516,498.3546447753906
2014-10-28,1239.300048828125,473.53125,427.0162353515625,447.6499938964844,1051.0,717.0499877929688,646.7000122070312,356.6499938964844,123.125,503.2521057128906
2014-10-29,1253.0250244140625,485.1812438964844,435.03948974609375,445.7749938964844,1051.4666748046875,723.9500122070312,646.4000244140625,358.79998779296875,121.875,520.6158447265625
2014-10-30,1279.0999755859375,493.3187561035156,447.6801452636719,448.32501220703125,1065.13330078125,731.5999755859375,644.7000122070312,359.8999938964844,122.58333587646484,521.35791015625
2014-10-31,1303.925048828125,506.40625,457.41778564453125,455.92498779296875,1103.63330078125,738.3499755859375,657.0,370.54998779296875,125.08333587646484,530.1634521484375
2014-11-03,1295.175048828125,510.73748779296875,458.2406921386719,455.3500061035156,1105.199951171875,739.8499755859375,653.5999755859375,359.20001220703125,123.08333587646484,525.7606811523438
2014-11-05,1299.75,515.5999755859375,453.1889953613281,456.3999938964844,1110.5999755859375,747.75,657.2999877929688,349.1000061035156,121.04166412353516,530.3118896484375
2014-11-07,1286.425048828125,520.8250122070312,448.2516174316406,449.7250061035156,1102.5333251953125,761.5,646.0999755859375,344.54998779296875,120.375,527.6900024414062
2014-11-10,1284.824951171875,520.6875,443.1542053222656,452.32501220703125,1079.5999755859375,771.0,648.9000244140625,349.1000061035156,121.79166412353516,516.7572631835938
2014-11-11,1290.3499755859375,515.6500244140625,446.9715576171875,453.95001220703125,1091.4666748046875,772.2999877929688,649.2999877929688,345.6000061035156,121.5,516.1636352539062
2014-11-12,1295.875,513.25,445.3028869628906,455.875,1075.6666259765625,770.0,644.0,345.8999938964844,118.5,526.2059326171875
2014-11-13,1294.2249755859375,522.3250122070312,443.1084899902344,457.9750061035156,1077.5999755859375,764.3499755859375,644.7999877929688,347.1000061035156,118.91666412353516,521.1600341796875
2014-11-14,1303.2249755859375,523.9562377929688,443.0627746582031,465.04998779296875,1081.0999755859375,756.1500244140625,672.2000122070312,356.29998779296875,119.25,518.3402709960938
2014-11-17,1309.1500244140625,527.3062744140625,450.4002990722656,459.4750061035156,1077.2332763671875,757.2000122070312,691.9500122070312,354.1000061035156,121.58333587646484,539.4636840820312
2014-11-18,1292.925048828125,522.7937622070312,451.9775085449219,466.1000061035156,1096.4000244140625,751.8499755859375,700.9000244140625,352.6000061035156,122.33333587646484,535.8524169921875
2014-11-19,1286.875,521.6687622070312,447.1772766113281,463.2749938964844,1105.7332763671875,760.2000122070312,683.0999755859375,347.04998779296875,120.16666412353516,523.880859375
2014-11-20,1302.7249755859375,528.2000122070312,448.36590576171875,459.1000061035156,1096.63330078125,761.25,690.5499877929688,346.75,118.75,519.1812744140625
2014-11-21,1311.074951171875,518.2687377929688,456.1148681640625,466.42498779296875,1110.86669921875,753.0,692.1500244140625,346.8999938964844,118.875,525.3649291992188
2014-11-24,1328.8499755859375,534.3875122070312,450.4688720703125,472.6000061035156,1113.2332763671875,750.0999755859375,691.0999755859375,347.29998779296875,119.20833587646484,520.813720703125
2014-11-25,1318.0,537.9000244140625,453.9661865234375,476.7749938964844,1091.199951171875,765.7000122070312,691.75,348.04998779296875,116.79166412353516,516.31201171875
2014-11-26,1313.6500244140625,537.5562744140625,451.2460632324219,475.6499938964844,1087.3333740234375,769.75,704.75,349.54998779296875,118.16666412353516,514.4321899414062
2014-11-27,1326.6500244140625,545.7374877929688,451.9775085449219,474.07501220703125,1079.433349609375,790.0499877929688,705.7000122070312,349.1499938964844,117.625,514.4321899414062
2014-11-28,1321.5,544.9812622070312,453.326171875,478.57501220703125,1092.9000244140625,786.0999755859375,744.7000122070312,355.0,118.91666412353516,527.83837890625
2014-12-01,1346.4749755859375,543.7312622070312,439.6111755371094,475.0,1081.3333740234375,808.6500244140625,797.0499877929688,353.79998779296875,116.79166412353516,530.3118896484375
2014-12-02,1328.6500244140625,531.6500244140625,440.0911865234375,471.6499938964844,1093.0999755859375,805.7999877929688,770.0499877929688,355.75,117.04166412353516,523.336669921875
2014-12-03,1317.675048828125,530.875,442.6970520019531,466.54998779296875,1096.0999755859375,819.0,789.4000244140625,357.1000061035156,119.29166412353516,523.3861694335938
2014-12-04,1318.9749755859375,525.4500122070312,438.216796875,470.70001220703125,1086.199951171875,824.6500244140625,791.7000122070312,355.8500061035156,118.375,522.1494140625
2014-12-05,1289.4749755859375,517.5750122070312,437.668212890625,471.375,1085.6666259765625,820.6500244140625,784.6500244140625,356.54998779296875,117.54166412353516,519.77490234375
2014-12-08,1256.4000244140625,492.5375061035156,431.83935546875,463.57501220703125,1067.86669921875,820.0,793.5,364.6000061035156,116.58333587646484,510.227294921875
2014-12-09,1257.425048828125,491.20001220703125,429.6678161621094,463.375,1039.7332763671875,812.9500122070312,781.7999877929688,360.95001220703125,112.45833587646484,497.909423828125
2014-12-10,1253.949951171875,490.9375,426.3304748535156,465.70001220703125,1029.5333251953125,797.7999877929688,775.6500244140625,360.04998779296875,112.625,505.5771789550781
2014-12-11,1246.074951171875,480.26251220703125,414.26129150390625,466.79998779296875,1025.4000244140625,796.0499877929688,769.5,363.70001220703125,111.25,498.5525207519531
2014-12-12,1225.3499755859375,484.6625061035156,403.3807373046875,465.75,1007.2999877929688,797.75,774.2999877929688,364.3500061035156,110.79166412353516,494.6444396972656
2014-12-15,1179.324951171875,481.20001220703125,401.7577819824219,470.75,1000.7999877929688,790.0999755859375,767.25,377.04998779296875,110.83333587646484,488.7081298828125
2014-12-16,1221.5250244140625,484.5,395.2660217285156,462.875,988.9000244140625,766.6500244140625,758.8499755859375,366.75,106.91666412353516,476.53863525390625
2014-12-17,1222.050048828125,484.625,397.5061340332031,460.92498779296875,979.0,766.3499755859375,731.2999877929688,367.25,106.75,470.750732421875
2014-12-18,1230.3499755859375,491.4750061035156,402.35211181640625,467.0249938964844,1004.2666625976562,765.9500122070312,744.9500122070312,367.54998779296875,110.79166412353516,479.754150390625
2014-12-19,1255.2750244140625,499.6625061035156,411.701171875,470.7250061035156,1023.433349609375,755.1500244140625,733.0,376.0,112.91666412353516,480.7435302734375
2014-12-22,1256.699951171875,499.8999938964844,413.6898498535156,481.8500061035156,1016.1333618164062,767.8499755859375,745.5499877929688,390.3500061035156,115.83333587646484,489.4501647949219
2014-12-23,1258.3499755859375,492.9125061035156,408.5924377441406,479.875,998.5333251953125,766.0999755859375,739.25,383.6499938964844,119.125,482.96966552734375
2014-12-24,1239.949951171875,482.63751220703125,404.2036437988281,472.625,985.2333374023438,757.0,728.4500122070312,376.8500061035156,116.125,478.8142395019531
2014-12-26,1252.5,488.0625,406.3523254394531,474.32501220703125,993.4666748046875,750.3499755859375,727.0499877929688,378.3500061035156,116.08333587646484,480.0014953613281
2014-12-29,1261.449951171875,489.45001220703125,410.0782165527344,475.8500061035156,993.5333251953125,758.8499755859375,757.5499877929688,386.8999938964844,116.75,489.79644775390625
2014-12-30,1265.0250244140625,491.5874938964844,402.3749694824219,478.2250061035156,998.8333129882812,759.5,749.9500122070312,382.54998779296875,118.29166412353516,488.51025390625
2014-12-31,1279.125,493.13751220703125,407.40380859375,475.79998779296875,996.433349609375,760.0999755859375,752.2999877929688,383.8500061035156,120.0,490.2911376953125
2015-01-01,1272.7750244140625,493.6000061035156,405.9179992675781,476.0249938964844,1001.9666748046875,758.4500122070312,749.1500244140625,380.04998779296875,118.70833587646484,493.1603698730469
2015-01-02,1289.7249755859375,503.29998779296875,404.8436584472656,482.6499938964844,1023.0999755859375,755.9500122070312,775.0499877929688,381.75,120.33333587646484,506.3686828613281
2015-01-05,1270.125,498.9750061035156,400.4091491699219,478.57501220703125,1037.3333740234375,760.2999877929688,775.0,380.25,120.0,518.2413330078125
2015-01-06,1223.300048828125,488.54998779296875,382.2367858886719,471.125,1002.7333374023438,774.7000122070312,756.5,379.95001220703125,116.0,496.0790710449219
2015-01-07,1208.8499755859375,490.88751220703125,390.5572204589844,472.5,1000.3333129882812,801.9000244140625,771.7000122070312,374.70001220703125,118.79166412353516,488.60919189453125
2015-01-08,1221.9000244140625,493.36248779296875,384.9569396972656,482.42498779296875,1006.7000122070312,817.0499877929688,820.3499755859375,379.45001220703125,120.79166412353516,506.5665588378906
2015-01-09,1256.1500244140625,518.6124877929688,393.30023193359375,487.82501220703125,1000.1666870117188,864.5999755859375,812.5,375.04998779296875,116.875,516.7572631835938
2015-01-12,1254.8499755859375,528.9874877929688,388.7285461425781,483.5249938964844,1022.7999877929688,896.5999755859375,807.75,357.8500061035156,116.66666412353516,516.7572631835938
2015-01-13,1248.949951171875,522.2249755859375,385.4598083496094,481.67498779296875,1013.0,884.5499877929688,833.8499755859375,361.20001220703125,115.79166412353516,513.9375
2015-01-14,1260.9749755859375,532.1624755859375,381.7110595703125,481.95001220703125,1012.0,924.0499877929688,842.6500244140625,363.20001220703125,114.79166412353516,514.8279418945312
2015-01-15,1269.550048828125,533.5625,395.10601806640625,496.57501220703125,1049.13330078125,921.5499877929688,839.3499755859375,368.45001220703125,116.0,527.2942504882812
2015-01-16,1266.074951171875,529.5750122070312,397.59759521484375,500.67498779296875,1061.1666259765625,941.0499877929688,843.4500122070312,379.04998779296875,117.0,520.170654296875
2015-01-19,1255.5,525.625,402.1463928222656,502.2749938964844,1076.566650390625,892.5499877929688,831.9000244140625,379.20001220703125,118.125,532.7853393554688
2015-01-20,1250.2249755859375,531.0499877929688,412.8440856933594,510.4750061035156,1086.36669921875,895.4500122070312,839.2000122070312,382.29998779296875,119.04166412353516,553.2656860351562
2015-01-21,1256.9000244140625,542.4749755859375,414.53558349609375,509.9750061035156,1103.0333251953125,941.9500122070312,851.2999877929688,391.8500061035156,119.58333587646484,545.6473999023438
2015-01-22,1256.7750244140625,549.1124877929688,404.0207824707031,510.625,1108.86669921875,944.6500244140625,867.1500244140625,396.3999938964844,116.83333587646484,560.4882202148438
2015-01-23,1251.800048828125,553.7625122070312,405.4608459472656,521.4000244140625,1140.86669921875,965.2999877929688,862.0999755859375,394.70001220703125,118.25,582.2052612304688
2015-01-27,1251.0250244140625,534.125,406.4437561035156,537.0250244140625,1161.3333740234375,941.9500122070312,890.5,382.6499938964844,119.29166412353516,598.1343994140625
2015-01-28,1269.800048828125,536.1375122070312,414.581298828125,529.1749877929688,1132.2332763671875,933.8499755859375,910.25,383.79998779296875,119.04166412353516,582.9473266601562
2015-01-29,1272.324951171875,536.375,424.8904113769531,547.5,1149.2667236328125,941.5999755859375,881.2999877929688,374.95001220703125,118.20833587646484,592.24755859375
2015-01-30,1241.0250244140625,535.4749755859375,418.4215087890625,538.6749877929688,1133.699951171875,932.5499877929688,857.75,360.8500061035156,119.70833587646484,578.9403076171875
2015-02-02,1257.0999755859375,534.2125244140625,415.1299133300781,540.7999877929688,1156.7332763671875,908.0,808.0999755859375,355.1000061035156,118.375,586.2122802734375
2015-02-03,1279.125,530.2249755859375,428.6391906738281,532.0499877929688,1148.3333740234375,910.8499755859375,814.7000122070312,356.6499938964844,120.0,596.897705078125
2015-02-04,1257.1500244140625,535.7125244140625,424.6161193847656,533.8499755859375,1125.5999755859375,899.9000244140625,803.8499755859375,366.04998779296875,119.0,585.1239624023438
2015-02-05,1276.199951171875,548.4500122070312,422.2845764160156,538.25,1121.5999755859375,909.0499877929688,810.8499755859375,369.8999938964844,116.79166412353516,582.9473266601562
2015-02-06,1287.875,557.625,415.9756774902344,526.75,1122.36669921875,905.75,797.6500244140625,364.0,116.66666412353516,553.6614379882812
2015-02-09,1256.449951171875,562.2249755859375,409.9410705566406,520.0499877929688,1048.300048828125,900.1500244140625,803.6500244140625,360.6499938964844,115.66666412353516,536.8912963867188
2015-02-10,1220.574951171875,569.5750122070312,403.2207336425781,527.2249755859375,1047.800048828125,887.75,822.2000122070312,368.1499938964844,114.29166412353516,558.1136474609375
2015-02-11,1229.949951171875,571.2125244140625,411.7697448730469,529.2000122070312,1075.13330078125,900.2999877929688,840.75,372.1000061035156,116.79166412353516,552.9688720703125
2015-02-12,1231.074951171875,577.7999877929688,415.6327819824219,538.0,1100.0333251953125,887.7999877929688,823.75,368.75,118.41666412353516,555.8380737304688
2015-02-13,1269.375,574.0250244140625,419.45013427734375,532.9000244140625,1108.0999755859375,892.7999877929688,826.75,377.8500061035156,119.375,559.5482788085938
2015-02-16,1292.4000244140625,569.6875,412.72979736328125,533.7750244140625,1098.9666748046875,907.0,834.1500244140625,377.04998779296875,120.0,568.0570068359375
2015-02-18,1317.824951171875,574.125,412.20404052734375,537.4000244140625,1108.9000244140625,912.9000244140625,821.0499877929688,380.3500061035156,121.70833587646484,578.0993041992188
2015-02-19,1340.5250244140625,581.1749877929688,412.38690185546875,539.9000244140625,1132.36669921875,908.1500244140625,834.0999755859375,383.95001220703125,122.20833587646484,570.4315795898438
2015-02-20,1337.7750244140625,570.7750244140625,399.1519470214844,536.5250244140625,1118.4000244140625,900.25,825.7000122070312,382.75,121.375,573.7459716796875
2015-02-23,1348.324951171875,566.4000244140625,389.2543029785156,533.75,1124.6666259765625,886.1500244140625,809.5999755859375,384.20001220703125,121.70833587646484,568.1065063476562
2015-02-24,1352.375,568.2000122070312,384.6826171875,533.8250122070312,1147.4000244140625,913.7000122070312,799.5499877929688,384.20001220703125,122.16666412353516,558.4104614257812
2015-02-25,1336.0999755859375,579.4000244140625,385.4598083496094,526.2249755859375,1131.933349609375,901.9000244140625,813.8499755859375,386.6000061035156,121.70833587646484,562.170166015625
2015-02-26,1328.2249755859375,564.5250244140625,384.93408203125,519.0750122070312,1118.699951171875,886.4000244140625,791.9000244140625,384.3500061035156,127.79166412353516,554.7002563476562
2015-02-27,1331.175048828125,566.4375,391.128662109375,527.0,1172.63330078125,887.1500244140625,807.1500244140625,395.25,132.0416717529297,569.04638671875
2015-03-02,1334.699951171875,572.9249877929688,395.10601806640625,541.2750244140625,1230.7332763671875,935.6500244140625,825.5999755859375,394.75,132.9166717529297,578.7918701171875
2015-03-03,1388.0,574.4625244140625,411.8154602050781,541.6749877929688,1234.433349609375,929.7000122070312,838.2999877929688,379.6499938964844,132.25,568.007568359375
2015-03-04,1373.0,568.6624755859375,405.8951416015625,532.6500244140625,1225.2667236328125,916.0999755859375,836.7999877929688,371.54998779296875,131.25,568.007568359375
2015-03-05,1348.2249755859375,561.9000244140625,404.5693664550781,542.5499877929688,1217.36669921875,939.7000122070312,833.9000244140625,363.95001220703125,131.7916717529297,564.6436157226562
2015-03-09,1323.4000244140625,547.5125122070312,397.57470703125,529.5,1174.86669921875,976.0,812.6500244140625,357.29998779296875,126.5,559.1030883789062
2015-03-10,1321.3499755859375,549.5,392.77447509765625,526.2750244140625,1168.300048828125,957.1500244140625,807.9500122070312,370.70001220703125,124.95833587646484,554.2550659179688
2015-03-11,1303.2750244140625,545.5499877929688,391.3115539550781,528.2249755859375,1159.800048828125,968.9000244140625,809.0,369.29998779296875,128.125,545.0537719726562
2015-03-12,1309.5250244140625,554.5750122070312,394.9002990722656,527.2999877929688,1164.933349609375,960.5499877929688,808.0999755859375,364.70001220703125,133.0833282470703,557.915771484375
2015-03-13,1291.175048828125,555.0999755859375,388.6371154785156,521.3250122070312,1128.0999755859375,941.7000122070312,808.4000244140625,365.1000061035156,132.875,552.4246826171875
2015-03-16,1281.1500244140625,566.6624755859375,384.97979736328125,525.7750244140625,1119.86669921875,931.75,831.8499755859375,364.3999938964844,129.875,550.9900512695312
2015-03-17,1291.8499755859375,560.125,391.7229919433594,529.0250244140625,1143.7667236328125,931.7999877929688,831.4000244140625,361.79998779296875,131.5416717529297,565.484619140625
2015-03-18,1279.675048828125,557.375,397.1175537109375,531.7750244140625,1132.699951171875,922.0999755859375,814.2000122070312,364.54998779296875,127.20833587646484,554.2550659179688
2015-03-19,1298.125,557.6124877929688,391.4029846191406,526.0999755859375,1121.5999755859375,922.6500244140625,834.7999877929688,365.3500061035156,128.9583282470703,547.9229736328125
2015-03-20,1305.4749755859375,564.3624877929688,390.4657897949219,527.9500122070312,1113.566650390625,895.75,809.9500122070312,368.25,121.25,541.7887573242188
2015-03-23,1308.574951171875,558.3624877929688,384.9112243652344,523.875,1115.2332763671875,902.4000244140625,811.5999755859375,369.0,125.125,545.597900390625
2015-03-24,1295.6500244140625,552.8624877929688,387.6542053222656,518.9749755859375,1114.7667236328125,887.2000122070312,813.2999877929688,370.04998779296875,127.25,526.6016845703125
2015-03-25,1286.875,554.7750244140625,386.2598571777344,517.125,1088.5,886.4000244140625,808.5,361.79998779296875,122.79166412353516,536.0997924804688
2015-03-26,1256.550048828125,536.5875244140625,379.1280517578125,503.4750061035156,1089.63330078125,865.9000244140625,793.0999755859375,352.29998779296875,120.0,518.6865844726562
2015-03-27,1257.4000244140625,550.5374755859375,371.0819396972656,507.32501220703125,1118.5,851.2999877929688,778.1500244140625,348.0,121.33333587646484,529.6687622070312
2015-03-30,1282.074951171875,557.0,370.6476135253906,518.4500122070312,1152.5,862.0499877929688,807.4500122070312,359.29998779296875,123.0,534.2694091796875
2015-03-31,1276.9749755859375,554.5875244140625,377.6194152832031,511.3500061035156,1146.433349609375,873.5499877929688,811.2999877929688,362.8999938964844,122.375,544.3612060546875
2015-04-01,1271.324951171875,543.4874877929688,382.21392822265625,516.625,1156.1666259765625,883.5,821.7000122070312,363.0,123.125,558.9052124023438
2015-04-06,1273.6500244140625,544.5499877929688,377.0022277832031,515.9749755859375,1171.933349609375,907.9500122070312,824.5,360.75,126.75,568.1500244140625
2015-04-07,1292.5,539.875,380.7510070800781,516.375,1179.800048828125,913.4500122070312,835.2000122070312,359.6000061035156,130.25,560.3499755859375
2015-04-08,1320.699951171875,550.1375122070312,395.8603515625,517.7750244140625,1186.300048828125,912.5499877929688,846.8499755859375,380.3500061035156,130.0833282470703,561.5
2015-04-09,1332.2750244140625,553.75,409.2095947265625,528.0499877929688,1180.5333251953125,926.4500122070312,853.1500244140625,386.95001220703125,131.125,559.9000244140625
2015-04-10,1326.875,558.4874877929688,413.4383850097656,521.3250122070312,1176.0,933.7999877929688,859.4500122070312,389.0,129.7083282470703,562.6500244140625
2015-04-13,1327.75,559.7000122070312,421.7359619140625,519.4000244140625,1202.3333740234375,949.1500244140625,862.0499877929688,392.3500061035156,131.0833282470703,556.25
2015-04-15,1313.875,553.4249877929688,422.26171875,515.8250122070312,1191.7667236328125,934.7000122070312,839.0499877929688,385.95001220703125,128.625,540.4500122070312
2015-04-16,1291.4000244140625,548.6624755859375,424.410400390625,514.8250122070312,1169.5333251953125,933.0999755859375,822.25,383.6499938964844,130.0833282470703,541.25
2015-04-17,1237.425048828125,544.8125,423.7246398925781,509.125,1159.8333740234375,937.6500244140625,816.7999877929688,380.3999938964844,131.6666717529297,535.3499755859375
2015-04-20,1214.4000244140625,533.0374755859375,404.8893737792969,502.54998779296875,1132.300048828125,913.4500122070312,808.9500122070312,372.04998779296875,128.6666717529297,533.2000122070312
2015-04-21,1213.5250244140625,535.6500244140625,400.6834411621094,501.5,1125.8333740234375,873.0999755859375,796.5,374.3999938964844,126.125,527.4000244140625
2015-04-22,1222.550048828125,534.4249877929688,402.1921081542969,506.54998779296875,1163.7332763671875,907.1500244140625,785.4500122070312,379.20001220703125,127.25,523.5
2015-04-23,1228.625,530.5,400.957763671875,506.75,1149.4000244140625,902.6500244140625,786.4000244140625,384.25,124.58333587646484,512.0
2015-04-24,1246.5250244140625,498.79998779296875,401.8034973144531,503.2250061035156,1119.066650390625,889.5,771.3499755859375,376.25,124.83333587646484,516.2000122070312
2015-04-27,1250.0999755859375,496.1625061035156,400.15771484375,502.7250061035156,1111.800048828125,866.6500244140625,744.7999877929688,377.6499938964844,123.54166412353516,516.8499755859375
2015-04-28,1247.5,490.2250061035156,395.54034423828125,502.2749938964844,1110.300048828125,860.5999755859375,765.4500122070312,372.3999938964844,126.08333587646484,529.8499755859375
2015-04-29,1243.6500244140625,490.2875061035156,388.5914001464844,496.57501220703125,1103.5,857.7000122070312,754.4000244140625,370.95001220703125,126.33333587646484,520.9000244140625
2015-04-30,1231.8499755859375,485.5625,394.2373962402344,494.3999938964844,1087.5333251953125,850.3499755859375,762.4500122070312,362.75,125.25,508.25
2015-05-04,1240.7750244140625,498.2749938964844,407.3123779296875,500.4750061035156,1086.199951171875,861.75,779.4000244140625,369.79998779296875,126.95833587646484,506.45001220703125
2015-05-05,1258.925048828125,490.6875,407.8609619140625,493.82501220703125,1094.933349609375,879.0499877929688,781.4000244140625,364.3999938964844,125.41666412353516,510.45001220703125
2015-05-06,1231.5250244140625,480.51251220703125,402.4206848144531,485.29998779296875,1043.0999755859375,858.2000122070312,760.8499755859375,353.1000061035156,120.5,497.8500061035156
2015-05-07,1272.625,486.0,398.0776062011719,475.6499938964844,1045.933349609375,866.25,765.75,360.79998779296875,118.75,488.1000061035156
2015-05-08,1263.625,489.48748779296875,406.74090576171875,491.0,1067.5,895.2000122070312,759.4000244140625,363.70001220703125,118.33333587646484,513.7000122070312
2015-05-11,1278.0,498.4125061035156,409.59820556640625,495.1499938964844,1076.86669921875,864.7000122070312,771.6500244140625,371.95001220703125,120.79166412353516,529.7000122070312
2015-05-12,1261.449951171875,486.7749938964844,397.1404113769531,485.9750061035156,1039.5999755859375,843.9500122070312,758.3499755859375,369.20001220703125,118.04166412353516,513.5499877929688
2015-05-13,1257.699951171875,489.17498779296875,404.637939453125,495.125,1059.800048828125,841.0499877929688,762.5,368.95001220703125,115.33333587646484,520.4500122070312
2015-05-14,1249.625,483.70001220703125,401.4834899902344,495.5249938964844,1051.2332763671875,846.4500122070312,796.4500122070312,370.20001220703125,115.875,516.5999755859375
2015-05-15,1255.574951171875,490.4375,399.54052734375,495.04998779296875,1061.300048828125,844.7999877929688,790.2999877929688,366.8999938964844,113.41666412353516,519.9000244140625
2015-05-18,1260.199951171875,498.26251220703125,407.586669921875,504.92498779296875,1074.9000244140625,852.7000122070312,766.75,366.1000061035156,113.45833587646484,520.7000122070312
2015-05-19,1256.3499755859375,505.5874938964844,409.41534423828125,503.7749938964844,1080.4666748046875,844.75,774.75,363.6499938964844,113.41666412353516,509.79998779296875
2015-05-20,1278.5250244140625,511.82501220703125,415.4956359863281,512.0250244140625,1075.0333251953125,855.5999755859375,771.2000122070312,361.3500061035156,113.45833587646484,505.25
2015-05-21,1277.75,512.1124877929688,409.96392822265625,512.3499755859375,1092.199951171875,864.3499755859375,777.2000122070312,373.70001220703125,112.45833587646484,511.20001220703125
2015-05-22,1308.949951171875,511.61248779296875,413.2098083496094,512.1500244140625,1102.300048828125,863.75,775.4000244140625,374.75,112.79166412353516,514.6500244140625
2015-05-25,1300.5,504.20001220703125,408.935302734375,511.7749938964844,1086.8333740234375,852.4500122070312,761.9000244140625,369.8999938964844,111.875,505.29998779296875
2015-05-26,1304.425048828125,501.82501220703125,404.40936279296875,513.7000122070312,1078.933349609375,855.3499755859375,763.5,375.0,110.41666412353516,497.6000061035156
2015-05-27,1307.625,492.125,404.7293701171875,519.0750122070312,1090.2667236328125,857.7000122070312,759.25,383.04998779296875,111.875,471.75
2015-05-28,1304.75,504.1499938964844,400.38629150390625,514.7000122070312,1084.5,846.2000122070312,767.3499755859375,383.3500061035156,112.20833587646484,484.3500061035156
2015-05-29,1305.1500244140625,505.7875061035156,400.9349060058594,525.2750244140625,1102.9666748046875,859.5499877929688,787.0499877929688,391.04998779296875,113.79166412353516,481.6499938964844
2015-06-01,1308.875,511.95001220703125,412.47833251953125,518.0999755859375,1137.0333251953125,880.7999877929688,789.75,391.79998779296875,115.45833587646484,472.04998779296875
2015-06-02,1299.949951171875,502.1625061035156,410.8325500488281,504.3999938964844,1115.699951171875,852.75,759.2000122070312,383.5,114.95833587646484,466.95001220703125
2015-06-03,1305.449951171875,505.2250061035156,409.78106689453125,502.7749938964844,1102.433349609375,831.4500122070312,762.7000122070312,387.25,115.375,456.8500061035156
2015-06-04,1302.824951171875,507.01251220703125,417.2557373046875,507.4750061035156,1108.300048828125,822.6500244140625,759.5999755859375,388.54998779296875,114.08333587646484,451.20001220703125
2015-06-05,1287.925048828125,502.9125061035156,414.9927673339844,505.875,1122.4000244140625,829.0999755859375,758.7999877929688,405.3500061035156,116.70833587646484,442.1000061035156
2015-06-08,1288.7249755859375,500.01251220703125,404.7979431152344,501.7250061035156,1119.1666259765625,812.25,748.0,400.95001220703125,115.375,435.6000061035156
2015-06-09,1280.824951171875,498.0249938964844,403.9979248046875,500.92498779296875,1111.2667236328125,819.75,735.7000122070312,401.29998779296875,115.83333587646484,440.04998779296875
2015-06-10,1300.375,506.625,414.1012878417969,507.79998779296875,1137.36669921875,820.4500122070312,739.1500244140625,404.8999938964844,116.66666412353516,446.6000061035156
2015-06-11,1285.6500244140625,499.4125061035156,401.00347900390625,500.1000061035156,1117.433349609375,816.7000122070312,708.4000244140625,400.1000061035156,113.79166412353516,430.20001220703125
2015-06-12,1252.9000244140625,493.76251220703125,406.8094787597656,504.57501220703125,1104.9666748046875,814.5,705.6500244140625,396.1000061035156,113.75,421.79998779296875
2015-06-15,1252.4000244140625,495.2250061035156,412.249755859375,502.6000061035156,1112.2667236328125,821.75,698.5499877929688,394.29998779296875,113.20833587646484,426.3500061035156
2015-06-16,1256.0,499.67498779296875,413.2555236816406,504.20001220703125,1118.2667236328125,834.9500122070312,704.9500122070312,397.3500061035156,114.70833587646484,432.79998779296875
2015-06-17,1256.9000244140625,497.8500061035156,425.71331787109375,502.3500061035156,1140.566650390625,862.0499877929688,710.6500244140625,398.1000061035156,114.16666412353516,433.70001220703125
2015-06-18,1265.0250244140625,500.9750061035156,447.5429992675781,509.79998779296875,1144.7667236328125,862.5999755859375,728.9500122070312,394.54998779296875,113.83333587646484,445.45001220703125
2015-06-19,1274.7750244140625,497.67498779296875,455.6348571777344,515.25,1144.066650390625,857.7000122070312,740.0,393.6499938964844,113.375,433.04998779296875
2015-06-22,1295.75,511.92498779296875,453.37188720703125,523.5750122070312,1155.0,873.4500122070312,747.7000122070312,399.70001220703125,114.16666412353516,440.5
2015-06-23,1287.300048828125,500.20001220703125,454.8805236816406,526.0499877929688,1177.699951171875,875.7000122070312,756.5,415.3999938964844,116.04166412353516,436.0
2015-06-24,1285.1500244140625,497.54998779296875,453.0061340332031,522.9000244140625,1168.8333740234375,896.5499877929688,753.6500244140625,412.29998779296875,114.0,430.6000061035156
2015-06-25,1275.0,495.2250061035156,459.2464599609375,532.5,1206.5,883.25,750.2000122070312,411.3500061035156,113.0,432.3999938964844
2015-06-26,1296.4000244140625,502.625,457.48638916015625,531.4249877929688,1187.13330078125,887.9500122070312,750.25,411.3999938964844,114.75,437.6000061035156
2015-06-29,1296.449951171875,495.07501220703125,452.9832763671875,528.3250122070312,1193.699951171875,900.4000244140625,736.7000122070312,407.70001220703125,115.54166412353516,428.25
2015-06-30,1275.4749755859375,492.17498779296875,457.2120666503906,533.5750122070312,1188.5333251953125,916.7000122070312,755.3499755859375,421.25,114.70833587646484,434.1499938964844
2015-07-01,1296.550048828125,498.70001220703125,459.7493591308594,536.1749877929688,1207.800048828125,918.2999877929688,760.7999877929688,425.5,115.25,444.5
2015-07-02,1288.875,494.0,462.1266174316406,529.0999755859375,1200.2332763671875,923.4500122070312,762.9000244140625,424.04998779296875,114.70833587646484,436.3999938964844
2015-07-03,1301.949951171875,495.1499938964844,460.45794677734375,537.125,1204.86669921875,924.5,772.7000122070312,417.5,115.70833587646484,433.1499938964844
2015-07-06,1316.6500244140625,491.6499938964844,464.2752990722656,541.75,1210.699951171875,927.4500122070312,783.5499877929688,419.75,115.0,431.1000061035156
2015-07-07,1308.125,490.25,458.65216064453125,543.4249877929688,1207.566650390625,924.3499755859375,824.5999755859375,428.8999938964844,112.04166412353516,431.54998779296875
2015-07-08,1297.550048828125,478.75,455.61199951171875,534.4249877929688,1204.300048828125,927.6500244140625,802.25,417.1499938964844,110.83333587646484,404.95001220703125
2015-07-09,1261.25,469.0,451.40606689453125,537.0250244140625,1232.5999755859375,921.5499877929688,796.9500122070312,417.1499938964844,109.25,397.79998779296875
2015-07-10,1237.175048828125,468.75,457.9892578125,545.375,1250.933349609375,900.25,795.2999877929688,419.95001220703125,108.20833587646484,401.8999938964844
2015-07-13,1254.7750244140625,475.07501220703125,460.36651611328125,548.0750122070312,1238.4666748046875,910.7000122070312,817.6500244140625,419.95001220703125,110.91666412353516,402.1000061035156
2015-07-14,1249.75,485.625,456.16058349609375,545.9249877929688,1238.36669921875,927.2999877929688,822.7000122070312,434.1499938964844,110.91666412353516,385.95001220703125
2015-07-15,1272.875,492.0,462.2637634277344,548.3499755859375,1246.2667236328125,929.0,837.8499755859375,436.6499938964844,110.95833587646484,394.29998779296875
2015-07-16,1270.0999755859375,494.5249938964844,468.0011901855469,557.3499755859375,1245.36669921875,936.8499755859375,848.0499877929688,438.29998779296875,112.25,395.25
2015-07-17,1282.199951171875,500.92498779296875,467.08685302734375,555.2750244140625,1247.7332763671875,924.2999877929688,825.4000244140625,430.1499938964844,112.95833587646484,398.04998779296875
2015-07-20,1289.574951171875,500.625,468.4812316894531,557.625,1244.86669921875,913.0999755859375,852.2999877929688,425.45001220703125,113.08333587646484,390.75
2015-07-21,1280.699951171875,556.3250122070312,460.7322692871094,549.0250244140625,1229.9666748046875,891.2999877929688,816.0499877929688,428.6499938964844,113.0,389.1000061035156
2015-07-22,1264.0250244140625,551.5750122070312,480.2075500488281,557.2000122070312,1236.300048828125,920.5,843.2999877929688,432.3500061035156,114.625,389.54998779296875
2015-07-23,1244.300048828125,549.0,477.8760070800781,553.9500122070312,1220.699951171875,904.25,846.5,431.5,115.29166412353516,401.3500061035156
2015-07-24,1252.574951171875,543.7999877929688,468.6183776855469,553.9249877929688,1201.566650390625,906.7999877929688,849.0,426.04998779296875,115.0,390.25
2015-07-27,1248.5250244140625,532.6500244140625,459.6121826171875,547.9249877929688,1162.2332763671875,900.0999755859375,853.1500244140625,423.6000061035156,111.83333587646484,377.45001220703125
2015-07-28,1251.0250244140625,531.4249877929688,461.8523254394531,554.25,1172.63330078125,904.75,835.1500244140625,420.8500061035156,114.20833587646484,370.1000061035156
2015-07-29,1253.375,542.7000122070312,455.3376770019531,554.1749877929688,1193.5333251953125,899.2000122070312,846.8499755859375,420.1499938964844,112.91666412353516,376.45001220703125
2015-07-30,1240.324951171875,535.0,457.23492431640625,555.2750244140625,1182.5,920.7000122070312,857.5499877929688,420.3500061035156,113.20833587646484,377.45001220703125
2015-07-31,1255.375,538.5250244140625,458.0121154785156,555.8250122070312,1194.1666259765625,921.6500244140625,882.7999877929688,439.04998779296875,112.54166412353516,383.8500061035156
2015-08-03,1254.800048828125,539.4749755859375,458.2864074707031,547.7000122070312,1186.2667236328125,909.7000122070312,877.5,431.70001220703125,112.54166412353516,388.20001220703125
2015-08-04,1254.449951171875,528.625,451.68035888671875,543.2249755859375,1183.1666259765625,908.0999755859375,905.7000122070312,443.3999938964844,112.625,380.75
2015-08-05,1273.574951171875,543.1749877929688,451.5660705566406,546.0999755859375,1186.4000244140625,908.5999755859375,923.2999877929688,438.5,113.95833587646484,376.3999938964844
2015-08-06,1286.6500244140625,543.4749755859375,447.5429992675781,547.9749755859375,1220.5,907.75,916.0999755859375,431.3999938964844,113.25,383.1000061035156
2015-08-07,1276.0250244140625,547.7999877929688,450.01171875,546.3250122070312,1222.300048828125,904.8499755859375,898.6500244140625,414.70001220703125,111.54166412353516,393.3999938964844
2015-08-10,1286.050048828125,543.0,442.948486328125,547.3250122070312,1213.8333740234375,906.1500244140625,902.1500244140625,407.95001220703125,109.45833587646484,385.70001220703125
2015-08-11,1302.0999755859375,554.5750122070312,441.6227111816406,547.3499755859375,1200.7667236328125,888.2000122070312,883.4000244140625,392.70001220703125,109.0,369.1499938964844
2015-08-12,1335.8499755859375,572.2000122070312,431.0621643066406,535.2249755859375,1175.0,866.3499755859375,871.3499755859375,371.3999938964844,106.70833587646484,355.20001220703125
2015-08-13,1317.800048828125,579.0,426.69622802734375,538.7750244140625,1173.433349609375,866.5499877929688,874.3499755859375,377.04998779296875,106.54166412353516,349.3999938964844
2015-08-14,1351.5999755859375,574.625,442.0570068359375,550.9000244140625,1199.6666259765625,870.5499877929688,895.25,377.54998779296875,108.04166412353516,355.25
2015-08-17,1342.375,571.0750122070312,434.6280517578125,545.75,1186.9000244140625,872.6500244140625,900.0499877929688,379.8500061035156,106.70833587646484,356.1000061035156
2015-08-18,1370.449951171875,582.1749877929688,431.6107482910156,543.1749877929688,1200.0999755859375,872.8499755859375,901.3499755859375,364.1499938964844,106.04166412353516,348.6000061035156
2015-08-19,1366.800048828125,587.7750244140625,436.4110107421875,540.9249877929688,1209.800048828125,876.2000122070312,899.75,355.6499938964844,105.0,351.25
2015-08-20,1343.425048828125,567.2750244140625,418.9015197753906,537.3499755859375,1187.9000244140625,872.0499877929688,883.2000122070312,349.8500061035156,104.95833587646484,342.20001220703125
2015-08-21,1338.074951171875,574.9500122070312,415.0841979980469,530.6500244140625,1160.0,884.1500244140625,886.75,348.6499938964844,102.83333587646484,332.3999938964844
2015-08-24,1289.324951171875,546.0250244140625,379.2423400878906,509.5249938964844,1087.699951171875,851.1500244140625,837.5,336.6000061035156,96.08333587646484,308.25
2015-08-25,1283.574951171875,542.8250122070312,387.7456359863281,509.2250061035156,1083.0999755859375,865.9500122070312,852.1500244140625,353.6000061035156,99.29166412353516,328.8500061035156
2015-08-26,1288.375,532.2999877929688,390.1457824707031,506.75,1061.4666748046875,855.0,851.9000244140625,358.1499938964844,99.91666412353516,335.1000061035156
2015-08-27,1287.324951171875,541.4000244140625,397.34613037109375,511.04998779296875,1080.0333251953125,857.7999877929688,855.0,361.8500061035156,99.29166412353516,334.04998779296875
2015-08-28,1285.425048828125,555.5250244140625,398.8319396972656,513.9749755859375,1077.63330078125,854.5,858.25,357.54998779296875,101.33333587646484,340.04998779296875
2015-08-31,1282.0250244140625,547.2000122070312,391.2886962890625,513.7249755859375,1068.5999755859375,860.9000244140625,848.5999755859375,366.3500061035156,101.20833587646484,340.1499938964844
2015-09-01,1268.699951171875,544.5,383.951171875,500.04998779296875,1038.5999755859375,853.75,819.0999755859375,354.70001220703125,100.20833587646484,329.8999938964844
2015-09-02,1295.9000244140625,549.7249755859375,388.38568115234375,497.57501220703125,1018.433349609375,830.5999755859375,806.0,344.3500061035156,97.08333587646484,324.45001220703125
2015-09-03,1302.800048828125,549.6749877929688,390.35150146484375,505.1499938964844,1045.86669921875,833.75,826.5999755859375,345.29998779296875,98.0,333.54998779296875
2015-09-04,1273.7249755859375,536.9749755859375,382.1453552246094,498.0249938964844,1022.566650390625,830.0,812.8499755859375,347.5,95.41666412353516,322.8999938964844
2015-09-07,1269.875,529.375,380.9110107421875,492.2250061035156,1006.3333129882812,819.8499755859375,788.0,337.45001220703125,93.83333587646484,322.8500061035156
2015-09-08,1270.1500244140625,529.4000244140625,387.9513854980469,502.0249938964844,1043.0,801.0999755859375,791.5,337.3500061035156,95.375,330.8999938964844
2015-09-09,1274.875,544.3499755859375,399.58624267578125,508.1499938964844,1061.6666259765625,803.0499877929688,821.1500244140625,338.95001220703125,100.75,344.8999938964844
2015-09-10,1272.699951171875,540.2249755859375,396.36322021484375,505.5,1076.9000244140625,790.1500244140625,807.9500122070312,338.3500061035156,99.375,354.1000061035156
2015-09-11,1276.0,545.375,393.5973815917969,505.25,1068.63330078125,795.25,816.1500244140625,333.8500061035156,99.70833587646484,344.6000061035156
2015-09-14,1275.824951171875,549.875,394.92315673828125,509.8500061035156,1070.63330078125,794.75,840.25,339.29998779296875,104.91666412353516,346.79998779296875
2015-09-15,1268.625,549.5999755859375,396.36322021484375,506.57501220703125,1038.7667236328125,804.5999755859375,831.0999755859375,338.04998779296875,105.70833587646484,334.3500061035156
2015-09-16,1275.175048828125,550.8250122070312,398.9005126953125,511.67498779296875,1032.4666748046875,806.8499755859375,823.9500122070312,337.45001220703125,106.54166412353516,338.04998779296875
2015-09-18,1275.625,552.2249755859375,409.3467712402344,524.875,1027.066650390625,797.8499755859375,841.0499877929688,343.3500061035156,105.66666412353516,330.25
2015-09-21,1275.5250244140625,552.3250122070312,401.4377746582031,526.4749755859375,1033.5,790.7000122070312,829.7000122070312,342.20001220703125,105.625,331.70001220703125
2015-09-22,1263.4000244140625,553.7249755859375,387.63134765625,515.3250122070312,989.9666748046875,785.9000244140625,804.7000122070312,323.6000061035156,100.75,315.79998779296875
2015-09-23,1266.324951171875,558.125,388.75140380859375,524.5999755859375,996.8666381835938,785.0,794.0999755859375,327.79998779296875,101.08333587646484,310.29998779296875
2015-09-24,1290.199951171875,570.2750244140625,382.8082580566406,525.7000122070312,974.9666748046875,781.7000122070312,806.3499755859375,318.3999938964844,101.70833587646484,303.3999938964844
2015-09-28,1296.8499755859375,552.7750244140625,381.3910217285156,523.2000122070312,953.3666381835938,790.6500244140625,794.4500122070312,308.8500061035156,100.79166412353516,285.0
2015-09-29,1294.125,560.9249877929688,384.36260986328125,532.4000244140625,964.1666870117188,784.3499755859375,804.7999877929688,315.3999938964844,101.125,288.75
2015-09-30,1294.0250244140625,580.9749755859375,394.21453857421875,534.4000244140625,977.5,814.75,841.5999755859375,327.6000061035156,103.125,298.6000061035156
2015-10-01,1322.300048828125,586.5250244140625,395.3117370605469,533.8250122070312,993.4000244140625,816.4000244140625,839.6500244140625,328.3500061035156,102.91666412353516,297.75
2015-10-05,1355.824951171875,590.875,405.9637145996094,549.1749877929688,1033.7667236328125,809.7999877929688,855.4000244140625,329.75,106.41666412353516,315.1499938964844
2015-10-06,1350.0,577.2999877929688,410.5582580566406,542.9749755859375,1036.566650390625,829.2999877929688,853.7000122070312,342.70001220703125,104.79166412353516,333.70001220703125
2015-10-07,1326.9749755859375,566.5999755859375,417.75860595703125,543.875,1029.8333740234375,823.5499877929688,865.0499877929688,346.25,106.45833587646484,341.3500061035156
2015-10-08,1316.9000244140625,566.0750122070312,406.46661376953125,541.5499877929688,1022.4666748046875,821.9000244140625,874.1500244140625,346.20001220703125,105.0,343.25
2015-10-09,1314.824951171875,583.7000122070312,405.66656494140625,543.0750122070312,1030.933349609375,818.0,853.7999877929688,335.8500061035156,105.0,356.45001220703125
2015-10-12,1296.300048828125,561.4500122070312,407.6781005859375,540.2750244140625,1036.0,814.8499755859375,859.25,334.3999938964844,106.04166412353516,362.3500061035156
2015-10-13,1299.2750244140625,549.7000122070312,408.52386474609375,538.1749877929688,1030.5333251953125,812.9000244140625,865.3499755859375,340.3500061035156,106.20833587646484,361.1000061035156
2015-10-14,1241.8499755859375,548.7999877929688,412.7983703613281,542.375,1026.9000244140625,797.2000122070312,862.25,334.75,104.875,352.29998779296875
2015-10-15,1233.875,548.6749877929688,413.1412353515625,542.0750122070312,1040.3333740234375,791.5499877929688,870.0499877929688,341.3999938964844,104.16666412353516,381.29998779296875
2015-10-16,1236.0,547.4500122070312,418.2157897949219,550.0250244140625,1069.9666748046875,785.0,882.5,338.6000061035156,105.66666412353516,386.75
2015-10-19,1244.375,555.9749755859375,440.47979736328125,548.9000244140625,1053.86669921875,793.9000244140625,879.25,337.79998779296875,106.08333587646484,378.70001220703125
2015-10-20,1263.375,562.9749755859375,437.3710632324219,547.4500122070312,1049.0333251953125,787.0999755859375,875.4500122070312,334.95001220703125,106.625,383.1499938964844
2015-10-21,1265.0,569.2000122070312,436.5938720703125,547.5,1033.63330078125,790.3499755859375,856.25,337.25,108.29166412353516,381.45001220703125
2015-10-23,1268.574951171875,574.9500122070312,436.8910217285156,554.25,1006.8666381835938,800.2000122070312,858.5999755859375,341.8999938964844,110.54166412353516,383.0
2015-10-26,1268.2750244140625,576.0750122070312,431.039306640625,550.75,1005.6333618164062,808.5999755859375,817.7000122070312,333.3999938964844,110.70833587646484,384.6000061035156
2015-10-27,1265.550048828125,574.7000122070312,429.5306396484375,555.4500122070312,996.5,812.1500244140625,827.0999755859375,332.29998779296875,110.54166412353516,383.3500061035156
2015-10-28,1264.550048828125,576.5999755859375,428.3420104980469,555.75,995.1666870117188,818.5,828.3499755859375,330.20001220703125,107.875,386.29998779296875
2015-10-29,1247.675048828125,572.5250244140625,430.19354248046875,551.7750244140625,980.5,801.4500122070312,829.3499755859375,321.79998779296875,106.625,391.20001220703125
2015-10-30,1247.5999755859375,567.7249755859375,433.2565612792969,549.7999877929688,940.5,800.6500244140625,830.6500244140625,319.8999938964844,110.66666412353516,384.95001220703125
2015-11-02,1258.675048828125,565.5999755859375,438.78826904296875,541.5499877929688,925.7666625976562,802.75,830.0999755859375,325.0,110.58333587646484,387.95001220703125
2015-11-03,1271.7249755859375,572.75,442.1712951660156,542.4500122070312,915.5333251953125,804.4500122070312,814.2000122070312,325.8500061035156,113.08333587646484,382.04998779296875
2015-11-04,1266.9000244140625,568.4000244140625,434.90234375,540.8499755859375,912.066650390625,801.0,802.2000122070312,330.45001220703125,112.54166412353516,404.8500061035156
2015-11-05,1241.324951171875,561.4500122070312,428.1820068359375,539.9249877929688,912.6333618164062,802.6500244140625,805.8499755859375,337.1000061035156,113.33333587646484,404.0
2015-11-06,1252.875,569.1500244140625,435.4052429199219,540.4500122070312,918.1666870117188,799.0499877929688,801.2000122070312,342.20001220703125,112.95833587646484,396.1499938964844
2015-11-09,1235.675048828125,567.2999877929688,439.451171875,532.4000244140625,906.0333251953125,802.5999755859375,816.4000244140625,339.6000061035156,111.29166412353516,411.75
2015-11-10,1229.074951171875,551.9249877929688,421.8502502441406,527.2999877929688,898.933349609375,803.5499877929688,797.7999877929688,326.04998779296875,109.45833587646484,407.45001220703125
2015-11-13,1198.699951171875,550.4000244140625,426.55908203125,526.0250244140625,887.4666748046875,796.7000122070312,800.4000244140625,337.70001220703125,109.0,403.95001220703125
2015-11-16,1187.300048828125,540.0999755859375,427.1305236816406,530.4749755859375,904.7666625976562,784.0999755859375,800.9500122070312,330.75,109.33333587646484,400.25
2015-11-17,1195.2750244140625,530.75,424.1360778808594,530.4000244140625,901.1666870117188,798.2999877929688,807.6500244140625,332.3500061035156,110.08333587646484,407.5
2015-11-18,1175.7249755859375,510.0,416.93572998046875,524.2999877929688,896.2999877929688,793.5,821.75,335.04998779296875,110.75,406.25
2015-11-19,1181.2750244140625,523.9000244140625,427.33624267578125,534.4500122070312,905.9666748046875,794.5999755859375,823.7000122070312,333.70001220703125,111.625,406.95001220703125
2015-11-20,1199.175048828125,526.2000122070312,432.8679504394531,535.4249877929688,911.2333374023438,798.1500244140625,829.2000122070312,333.29998779296875,111.79166412353516,402.8500061035156
2015-11-23,1195.5250244140625,526.8499755859375,436.02239990234375,533.0250244140625,912.5999755859375,791.2000122070312,850.2999877929688,332.20001220703125,110.91666412353516,402.1000061035156
2015-11-24,1183.9749755859375,520.5750122070312,442.3998718261719,532.1749877929688,894.3666381835938,811.9500122070312,856.5999755859375,332.3999938964844,109.29166412353516,400.95001220703125
2015-11-26,1172.7750244140625,526.2000122070312,451.9775085449219,531.9749755859375,888.433349609375,812.4500122070312,861.8499755859375,335.79998779296875,110.75,424.3999938964844
2015-11-27,1176.675048828125,533.1749877929688,447.5887145996094,539.7000122070312,910.0,816.2000122070312,859.0999755859375,336.5,110.58333587646484,417.6499938964844
2015-11-30,1186.7750244140625,543.9500122070312,442.1255798339844,538.875,916.4000244140625,812.0,838.5,330.54998779296875,109.08333587646484,423.5
2015-12-01,1180.949951171875,539.5,441.5769958496094,541.5,909.9000244140625,833.4000244140625,844.5999755859375,341.54998779296875,110.54166412353516,417.3500061035156
2015-12-02,1182.5999755859375,530.3499755859375,447.0858459472656,538.9000244140625,902.6666870117188,829.9000244140625,848.5499877929688,338.3500061035156,110.91666412353516,413.1499938964844
2015-12-03,1175.375,528.875,446.7429504394531,538.375,898.566650390625,816.5999755859375,842.4000244140625,334.79998779296875,111.25,405.6000061035156
2015-12-04,1164.199951171875,524.5250244140625,441.3712463378906,529.4500122070312,893.2333374023438,814.9500122070312,834.7000122070312,335.25,108.66666412353516,399.95001220703125
2015-12-07,1159.9000244140625,523.125,435.2452392578125,530.9749755859375,894.0999755859375,833.5,871.4500122070312,327.54998779296875,108.5,399.1499938964844
2015-12-08,1164.5,522.2000122070312,430.1478271484375,524.625,881.4000244140625,825.75,860.75,318.0,108.375,402.3999938964844
2015-12-09,1183.824951171875,514.0999755859375,418.7186584472656,523.7249755859375,867.1333618164062,820.1500244140625,840.0,307.6000061035156,108.45833587646484,393.95001220703125
2015-12-10,1192.2750244140625,523.6749877929688,434.4680480957031,530.2999877929688,873.9666748046875,815.9000244140625,859.2000122070312,310.95001220703125,111.0,389.6000061035156
2015-12-11,1193.0,526.4000244140625,435.65667724609375,523.1749877929688,857.1666870117188,822.0999755859375,858.4000244140625,307.75,110.625,377.95001220703125
2015-12-14,1189.2249755859375,534.75,436.63958740234375,527.5250244140625,849.5999755859375,839.0,875.4500122070312,316.1499938964844,110.70833587646484,371.6000061035156
2015-12-15,1187.925048828125,538.7750244140625,446.1486511230469,529.7249755859375,855.4666748046875,858.5999755859375,878.5499877929688,314.54998779296875,109.83333587646484,379.5
2015-12-16,1204.199951171875,547.9249877929688,447.4058532714844,533.6500244140625,853.933349609375,855.4000244140625,866.5,316.79998779296875,111.29166412353516,380.45001220703125
2015-12-17,1219.875,553.5499877929688,461.6008605957031,540.125,864.1333618164062,864.25,876.0999755859375,316.04998779296875,112.95833587646484,382.95001220703125
2015-12-18,1208.4000244140625,541.5750122070312,453.46331787109375,536.5,858.2666625976562,857.0499877929688,879.4500122070312,316.3500061035156,113.20833587646484,378.25
2015-12-21,1223.199951171875,551.7249755859375,453.55474853515625,537.7000122070312,860.2000122070312,851.5999755859375,873.5,319.29998779296875,113.66666412353516,380.1499938964844
2015-12-22,1202.5250244140625,541.875,451.3603515625,533.2249755859375,853.4666748046875,851.4500122070312,880.9500122070312,319.1000061035156,114.16666412353516,378.1000061035156
2015-12-23,1212.9000244140625,550.4249877929688,458.9035949707031,537.0499877929688,860.6666870117188,863.25,878.9500122070312,322.5,115.83333587646484,378.45001220703125
2015-12-24,1217.125,548.1749877929688,457.41778564453125,537.0,863.0,864.25,881.7999877929688,322.29998779296875,116.08333587646484,382.3999938964844
2015-12-28,1231.3499755859375,552.375,461.9208984375,538.625,863.433349609375,865.8499755859375,881.0499877929688,325.5,119.95833587646484,394.0
2015-12-29,1227.9000244140625,552.3499755859375,464.20672607421875,538.9749755859375,859.7000122070312,857.9000244140625,880.0999755859375,321.75,120.66666412353516,391.8500061035156
2015-12-30,1209.1500244140625,543.1500244140625,459.2236022949219,537.1500244140625,855.6666870117188,857.4500122070312,878.1500244140625,322.1000061035156,120.875,393.45001220703125
2015-12-31,1218.425048828125,552.7000122070312,463.8409729003906,541.0750122070312,850.2999877929688,862.75,883.5499877929688,329.79998779296875,121.875,391.29998779296875
2016-01-01,1208.199951171875,552.625,464.1838684082031,544.375,859.4666748046875,856.5499877929688,878.75,334.04998779296875,120.41666412353516,401.8999938964844
2016-01-04,1184.800048828125,539.4500122070312,455.0176696777344,535.25,837.2999877929688,859.0,880.7999877929688,330.20001220703125,119.41666412353516,377.04998779296875
2016-01-05,1174.4749755859375,537.0250244140625,459.520751953125,531.2000122070312,837.933349609375,847.9500122070312,900.6500244140625,325.79998779296875,118.54166412353516,374.45001220703125
2016-01-06,1190.800048828125,534.6749877929688,471.8871154785156,533.5499877929688,824.566650390625,843.0499877929688,886.4000244140625,327.8999938964844,117.875,365.8999938964844
2016-01-07,1185.625,525.4000244140625,463.22381591796875,528.0999755859375,804.2666625976562,820.25,872.3499755859375,326.3999938964844,114.875,343.54998779296875
2016-01-08,1198.800048828125,531.6500244140625,468.9383850097656,531.1749877929688,786.066650390625,809.8499755859375,874.5999755859375,321.1000061035156,116.29166412353516,353.3500061035156
2016-01-11,1181.175048828125,527.8499755859375,480.7561340332031,529.2999877929688,782.2333374023438,811.75,873.8499755859375,315.95001220703125,118.0,360.20001220703125
2016-01-12,1163.5250244140625,524.9749755859375,477.944580078125,523.4749755859375,786.0999755859375,819.7000122070312,872.9000244140625,316.0,121.0,355.0
2016-01-13,1139.5999755859375,541.7000122070312,492.2995910644531,530.0750122070312,771.1666870117188,832.75,868.5499877929688,317.29998779296875,120.20833587646484,364.6000061035156
2016-01-14,1139.4000244140625,566.5,485.3506774902344,524.875,756.433349609375,827.25,889.4000244140625,318.6499938964844,119.33333587646484,354.29998779296875
2016-01-15,1130.550048828125,569.9500122070312,490.6766357421875,521.0750122070312,738.5999755859375,804.25,879.25,318.54998779296875,113.70833587646484,341.29998779296875
2016-01-18,1138.824951171875,565.9500122070312,464.8695983886719,512.9249877929688,722.3666381835938,809.9500122070312,850.2999877929688,310.8500061035156,112.16666412353516,340.20001220703125
2016-01-19,1139.6500244140625,569.8250122070312,477.09881591796875,517.9000244140625,748.6333618164062,810.4500122070312,845.5499877929688,308.8500061035156,112.625,354.1499938964844
2016-01-20,1140.050048828125,560.625,459.2464599609375,509.1499938964844,744.066650390625,795.0499877929688,840.3499755859375,298.1499938964844,110.16666412353516,342.25
2016-01-21,1127.25,568.5250244140625,449.943115234375,511.5,735.1333618164062,775.5999755859375,844.4500122070312,288.20001220703125,110.83333587646484,328.54998779296875
2016-01-22,1147.875,568.125,459.0635986328125,515.1500244140625,761.4666748046875,771.5,869.9500122070312,299.45001220703125,115.125,339.5
2016-01-25,1152.324951171875,568.8250122070312,458.97216796875,520.5750122070312,742.7666625976562,783.2999877929688,878.5999755859375,304.8999938964844,114.95833587646484,332.6000061035156
2016-01-27,1159.875,569.25,456.86920166015625,517.8250122070312,738.5333251953125,767.9000244140625,858.5499877929688,304.04998779296875,119.79166412353516,337.04998779296875
2016-01-28,1165.5999755859375,564.7999877929688,464.8924560546875,515.8499755859375,716.3333129882812,791.75,858.9500122070312,306.6000061035156,120.20833587646484,334.20001220703125
2016-01-29,1195.6500244140625,582.4500122070312,473.35003662109375,524.9249877929688,734.433349609375,816.9000244140625,869.9000244140625,319.95001220703125,118.70833587646484,336.8999938964844
2016-02-01,1201.3499755859375,586.6749877929688,471.01849365234375,529.875,748.0333251953125,800.9500122070312,887.4000244140625,328.54998779296875,116.875,338.5
2016-02-02,1199.050048828125,587.7750244140625,457.6921081542969,526.9000244140625,747.933349609375,800.0999755859375,882.5,318.95001220703125,111.70833587646484,329.54998779296875
2016-02-03,1208.1500244140625,578.8499755859375,448.6630554199219,521.9249877929688,739.2000122070312,821.5999755859375,863.7000122070312,317.25,107.20833587646484,320.29998779296875
2016-02-04,1210.0250244140625,589.875,444.8457336425781,524.5999755859375,757.1333618164062,834.7999877929688,889.3499755859375,322.5,104.91666412353516,325.5
2016-02-05,1210.9749755859375,587.3499755859375,443.8628234863281,527.625,759.933349609375,844.9500122070312,899.25,326.25,104.0,337.1000061035156
2016-02-08,1181.4749755859375,575.4000244140625,439.3597412109375,517.9249877929688,753.5333251953125,828.9000244140625,888.5999755859375,323.3500061035156,102.70833587646484,323.5
2016-02-09,1140.699951171875,553.8250122070312,437.7367858886719,513.0250244140625,742.7999877929688,826.3499755859375,884.2000122070312,309.25,104.875,310.6499938964844
2016-02-10,1134.4000244140625,554.2750244140625,440.0911865234375,506.4750061035156,747.066650390625,824.5499877929688,876.5499877929688,313.75,103.95833587646484,291.54998779296875
2016-02-11,1098.9749755859375,539.3250122070312,422.67315673828125,487.6499938964844,728.2666625976562,802.5999755859375,855.7000122070312,305.1000061035156,100.79166412353516,276.3500061035156
2016-02-12,1113.300048828125,542.3250122070312,414.44415283203125,485.70001220703125,702.433349609375,812.5999755859375,854.9000244140625,302.8500061035156,103.29166412353516,298.3500061035156
2016-02-15,1134.574951171875,545.875,432.8222351074219,486.79998779296875,766.2666625976562,804.7000122070312,858.7000122070312,324.25,104.0,317.25
2016-02-16,1132.7750244140625,539.5750122070312,425.4161682128906,486.7250061035156,736.0,803.2000122070312,840.2999877929688,317.8999938964844,106.45833587646484,301.1499938964844
2016-02-17,1137.7750244140625,548.9249877929688,435.4966735839844,487.45001220703125,748.2999877929688,812.5499877929688,856.0,312.79998779296875,106.66666412353516,310.1499938964844
2016-02-18,1157.925048828125,561.7000122070312,429.7821044921875,494.7250061035156,766.433349609375,827.4000244140625,835.25,317.6000061035156,106.25,314.0
2016-02-19,1159.824951171875,563.625,431.72503662109375,494.6499938964844,767.0,827.5999755859375,854.7000122070312,312.25,108.16666412353516,318.20001220703125
2016-02-22,1157.949951171875,563.3250122070312,439.9311828613281,494.375,766.5,861.6500244140625,870.8499755859375,313.8999938964844,105.83333587646484,318.8500061035156
2016-02-23,1132.0,561.9500122070312,434.1480407714844,485.0249938964844,753.433349609375,836.8499755859375,877.0999755859375,301.1000061035156,103.16666412353516,318.54998779296875
2016-02-24,1105.4749755859375,562.6749877929688,435.51953125,474.79998779296875,741.933349609375,836.75,881.7999877929688,295.25,98.875,306.29998779296875
2016-02-25,1106.425048828125,555.1500244140625,431.6107482910156,471.32501220703125,724.2999877929688,842.7999877929688,861.7000122070312,299.3999938964844,98.75,298.20001220703125
2016-02-26,1105.25,560.5750122070312,434.4680480957031,480.5,740.433349609375,849.9000244140625,862.5499877929688,311.45001220703125,101.29166412353516,301.79998779296875
2016-02-29,1088.4000244140625,542.0250244140625,441.91986083984375,485.92498779296875,717.3333129882812,830.4000244140625,846.0999755859375,311.0,99.58333587646484,299.70001220703125
2016-03-01,1138.324951171875,562.7249755859375,448.6173400878906,492.07501220703125,749.2999877929688,824.1500244140625,871.9500122070312,317.8500061035156,102.375,315.3500061035156
2016-03-02,1159.425048828125,578.0,457.85211181640625,503.6000061035156,758.5999755859375,849.25,871.8499755859375,311.0,105.66666412353516,317.1000061035156
2016-03-03,1186.574951171875,584.6500244140625,463.04095458984375,507.92498779296875,804.7333374023438,848.9000244140625,880.25,314.1000061035156,105.33333587646484,336.70001220703125
2016-03-04,1178.7750244140625,585.3250122070312,460.09222412109375,510.2749938964844,795.4666748046875,848.75,865.7999877929688,325.1499938964844,105.04166412353516,343.5
2016-03-08,1177.1500244140625,581.7249755859375,469.5098571777344,507.07501220703125,791.6333618164062,826.25,875.7000122070312,324.04998779296875,106.29166412353516,346.04998779296875
2016-03-09,1178.625,589.25,476.2301940917969,512.4000244140625,808.566650390625,839.6500244140625,876.2000122070312,322.5,105.45833587646484,347.70001220703125
2016-03-10,1174.1500244140625,571.25,462.5380554199219,510.625,790.7666625976562,837.5499877929688,894.75,321.70001220703125,105.66666412353516,348.5
2016-03-11,1182.625,571.5,463.7952575683594,514.3499755859375,790.433349609375,851.5999755859375,898.3499755859375,318.8999938964844,105.33333587646484,354.25
2016-03-14,1177.5,570.5999755859375,466.1954040527344,513.7750244140625,789.4666748046875,857.1500244140625,899.3499755859375,296.70001220703125,106.16666412353516,366.45001220703125
2016-03-15,1164.949951171875,567.2000122070312,466.53826904296875,513.3499755859375,787.1666870117188,840.7999877929688,884.5999755859375,295.6499938964844,106.08333587646484,360.3999938964844
2016-03-16,1163.5250244140625,576.2249755859375,467.1097106933594,515.2249755859375,788.7999877929688,844.1500244140625,864.9000244140625,295.6499938964844,106.29166412353516,359.54998779296875
2016-03-17,1176.0250244140625,580.875,464.48101806640625,509.20001220703125,795.5,849.6500244140625,872.5499877929688,294.25,105.70833587646484,360.8999938964844
2016-03-18,1212.925048828125,596.7000122070312,469.6012878417969,514.2000122070312,799.5333251953125,848.3499755859375,875.3499755859375,297.75,106.20833587646484,366.04998779296875
2016-03-21,1223.125,597.4500122070312,474.2186584472656,522.7999877929688,818.7666625976562,879.6500244140625,859.6500244140625,296.6000061035156,105.95833587646484,374.70001220703125
2016-03-22,1236.550048828125,594.9749755859375,479.0417785644531,526.9249877929688,824.8666381835938,870.1500244140625,853.3499755859375,294.3999938964844,106.875,377.20001220703125
2016-03-23,1236.9000244140625,603.9000244140625,470.515625,524.6749877929688,828.3666381835938,873.5999755859375,850.0,298.0,106.125,377.0
2016-03-28,1236.699951171875,602.4500122070312,466.4925537109375,523.75,804.2333374023438,863.6500244140625,845.4000244140625,293.5,107.625,363.29998779296875
2016-03-29,1234.699951171875,598.625,473.7386474609375,526.9000244140625,795.9666748046875,861.1500244140625,856.0999755859375,295.1499938964844,106.08333587646484,372.45001220703125
2016-03-30,1244.75,602.9749755859375,478.676025390625,532.4749755859375,818.7000122070312,861.6500244140625,881.8499755859375,296.8500061035156,108.25,388.6000061035156
2016-03-31,1260.1500244140625,609.1500244140625,477.8302917480469,535.5750122070312,811.1333618164062,869.5,868.4000244140625,291.95001220703125,107.375,386.6000061035156
2016-04-01,1226.949951171875,602.7249755859375,472.9157409667969,532.2249755859375,825.2666625976562,867.7999877929688,870.0,287.0,108.29166412353516,379.6499938964844
2016-04-04,1235.625,621.8499755859375,473.1900329589844,534.5250244140625,823.9000244140625,872.2000122070312,886.1500244140625,285.0,109.25,388.3999938964844
2016-04-05,1231.375,609.9000244140625,469.48699951171875,528.7249755859375,796.7666625976562,868.5,869.8499755859375,275.25,105.70833587646484,370.5
2016-04-06,1240.949951171875,600.3499755859375,472.5957336425781,530.75,807.9000244140625,871.7000122070312,863.2999877929688,275.6000061035156,105.16666412353516,376.70001220703125
2016-04-07,1235.4000244140625,590.75,474.19580078125,527.75,788.5999755859375,860.0,858.25,281.25,105.45833587646484,375.20001220703125
2016-04-08,1216.0250244140625,582.875,473.78436279296875,529.6749877929688,794.8333129882812,850.4000244140625,851.5499877929688,279.6000061035156,109.625,371.45001220703125
2016-04-11,1253.324951171875,591.9500122070312,475.59014892578125,535.4749755859375,808.9000244140625,864.2999877929688,860.0,280.45001220703125,112.16666412353516,386.6499938964844
2016-04-12,1259.074951171875,591.0999755859375,478.8360290527344,531.5,814.933349609375,872.5,866.9000244140625,274.3999938964844,112.91666412353516,395.79998779296875
2016-04-13,1263.0999755859375,586.3499755859375,487.3621826171875,540.875,823.2666625976562,897.7000122070312,874.3499755859375,277.45001220703125,114.29166412353516,408.75
2016-04-18,1259.875,619.3499755859375,486.76788330078125,543.9000244140625,835.3333129882812,899.1500244140625,885.2000122070312,275.79998779296875,116.25,407.3500061035156
2016-04-20,1225.175048828125,621.7999877929688,474.2186584472656,548.9249877929688,843.9666748046875,904.0999755859375,885.7999877929688,278.6499938964844,117.75,404.1000061035156
2016-04-21,1212.199951171875,613.1500244140625,475.978759765625,545.5750122070312,834.6333618164062,904.0499877929688,889.1500244140625,287.75,117.625,411.5
2016-04-22,1208.5250244140625,605.625,474.9729919433594,546.0750122070312,843.4000244140625,884.2000122070312,871.5499877929688,287.79998779296875,119.70833587646484,417.0
2016-04-25,1225.625,607.9249877929688,464.8924560546875,546.625,843.6666870117188,884.1500244140625,861.75,287.95001220703125,116.95833587646484,412.20001220703125
2016-04-26,1244.9000244140625,616.0750122070312,464.9153137207031,556.9249877929688,854.0,885.75,876.9000244140625,288.29998779296875,116.83333587646484,419.04998779296875
2016-04-27,1255.550048828125,620.0750122070312,466.0353698730469,562.0999755859375,850.9666748046875,892.2000122070312,889.8499755859375,290.8999938964844,117.25,418.54998779296875
2016-04-28,1263.875,604.5750122070312,455.65771484375,556.9749755859375,839.7000122070312,876.25,873.0999755859375,285.04998779296875,114.29166412353516,411.3500061035156
2016-04-29,1267.75,604.0499877929688,449.25738525390625,566.1749877929688,836.4000244140625,867.9000244140625,866.25,288.04998779296875,116.08333587646484,408.3500061035156
2016-05-02,1263.3499755859375,600.5250244140625,451.2003479003906,558.8250122070312,833.8333129882812,863.9500122070312,864.7999877929688,288.6499938964844,115.45833587646484,407.70001220703125
2016-05-03,1239.050048828125,588.9000244140625,446.1029357910156,559.0,834.2666625976562,851.0,872.0,279.1499938964844,113.79166412353516,409.6499938964844
2016-05-04,1239.0,594.4249877929688,447.1544189453125,563.6749877929688,831.2000122070312,853.4000244140625,873.5999755859375,279.95001220703125,115.66666412353516,381.79998779296875
2016-05-05,1235.1500244140625,596.2249755859375,445.85150146484375,566.1500244140625,849.2333374023438,850.1500244140625,867.0499877929688,281.79998779296875,116.41666412353516,391.1499938964844
2016-05-06,1236.699951171875,590.75,442.9713439941406,559.8250122070312,840.2999877929688,853.4000244140625,889.0499877929688,281.8999938964844,116.66666412353516,398.70001220703125
2016-05-09,1256.2750244140625,599.5250244140625,449.44024658203125,570.7000122070312,863.0333251953125,845.5,906.5999755859375,285.6000061035156,119.33333587646484,403.3500061035156
2016-05-10,1261.449951171875,606.4000244140625,449.1888122558594,572.4500122070312,880.0333251953125,862.4500122070312,898.3499755859375,284.8999938964844,117.20833587646484,388.95001220703125
2016-05-11,1259.1500244140625,600.9249877929688,445.9200744628906,569.4000244140625,885.1666870117188,862.5499877929688,907.8499755859375,283.79998779296875,117.91666412353516,379.8500061035156
2016-05-12,1283.0999755859375,605.0,453.874755859375,574.5499877929688,877.4000244140625,853.0,928.7999877929688,283.8500061035156,117.875,387.04998779296875
2016-05-13,1261.699951171875,603.625,447.1772766113281,570.4500122070312,857.6666870117188,831.7999877929688,943.6500244140625,281.45001220703125,117.5,389.95001220703125
2016-05-16,1275.574951171875,607.5,446.1715087890625,581.4000244140625,855.5,846.25,952.6500244140625,282.8500061035156,116.75,392.70001220703125
2016-05-17,1285.0999755859375,607.125,443.0627746582031,576.7249755859375,860.7333374023438,834.0499877929688,969.6500244140625,283.8500061035156,114.16666412353516,389.70001220703125
2016-05-18,1275.550048828125,604.9249877929688,443.70281982421875,570.3250122070312,873.2333374023438,825.5,963.25,283.95001220703125,113.41666412353516,384.8500061035156
2016-05-19,1278.4749755859375,602.875,434.85662841796875,569.6500244140625,844.066650390625,815.0999755859375,956.7999877929688,280.29998779296875,112.79166412353516,386.8999938964844
2016-05-20,1264.6500244140625,600.7999877929688,427.0848083496094,570.4500122070312,836.7333374023438,812.4000244140625,956.0,279.0,114.08333587646484,384.45001220703125
2016-05-23,1245.7249755859375,594.0,425.1647033691406,568.375,827.4666748046875,819.5999755859375,946.5999755859375,280.5,113.08333587646484,381.75
2016-05-24,1233.8499755859375,593.875,429.9421081542969,569.9749755859375,828.0999755859375,823.0999755859375,956.25,279.54998779296875,115.41666412353516,389.1000061035156
2016-05-25,1263.2249755859375,604.3250122070312,434.85662841796875,586.6500244140625,861.066650390625,840.0999755859375,982.25,281.0,118.20833587646484,397.0
2016-05-26,1274.3499755859375,617.0750122070312,432.8679504394531,591.625,982.7666625976562,850.3499755859375,991.8499755859375,280.8500061035156,117.66666412353516,399.25
2016-05-27,1286.324951171875,623.75,445.60003662109375,593.4000244140625,983.2666625976562,861.2000122070312,998.25,281.29998779296875,116.75,403.8999938964844
2016-05-30,1318.199951171875,633.7999877929688,442.8570556640625,589.875,991.4000244140625,854.3499755859375,984.9000244140625,292.54998779296875,119.66666412353516,421.25
2016-05-31,1284.699951171875,624.3250122070312,437.89678955078125,590.9500122070312,982.3666381835938,848.2000122070312,984.8499755859375,291.3999938964844,119.29166412353516,459.6499938964844
2016-06-01,1316.7750244140625,629.0999755859375,435.9538269042969,587.5750122070312,976.7000122070312,855.1500244140625,1021.7000122070312,297.20001220703125,120.5,449.20001220703125
2016-06-02,1325.074951171875,630.7750244140625,437.16534423828125,587.4749755859375,984.8333129882812,868.2000122070312,1024.050048828125,307.3500061035156,120.79166412353516,453.45001220703125
2016-06-03,1314.7750244140625,633.4500122070312,438.7196960449219,585.875,973.7333374023438,884.8499755859375,1025.300048828125,308.95001220703125,123.0,453.95001220703125
2016-06-06,1306.25,633.375,436.50244140625,585.5499877929688,978.7999877929688,879.3499755859375,1026.300048828125,305.79998779296875,122.58333587646484,460.5
2016-06-07,1315.574951171875,628.7000122070312,436.6167297363281,586.8499755859375,991.933349609375,897.0499877929688,1032.75,307.79998779296875,123.70833587646484,463.04998779296875
2016-06-08,1306.550048828125,619.0499877929688,436.18243408203125,581.2999877929688,1007.4666748046875,897.2000122070312,1018.0499877929688,306.79998779296875,123.45833587646484,466.1499938964844
2016-06-09,1288.625,592.75,443.97711181640625,579.7000122070312,994.2999877929688,876.4500122070312,998.7999877929688,313.0,125.875,467.1499938964844
2016-06-10,1277.875,590.2999877929688,446.5143737792969,580.6749877929688,991.7999877929688,874.6500244140625,992.0499877929688,306.6499938964844,126.25,456.95001220703125
2016-06-13,1273.5,590.4500122070312,448.5259094238281,576.4500122070312,977.433349609375,874.2000122070312,994.9000244140625,308.5,123.95833587646484,444.25
2016-06-14,1267.425048828125,587.5,446.30865478515625,575.9249877929688,973.7000122070312,865.7000122070312,986.5,308.8500061035156,123.54166412353516,448.3999938964844
2016-06-15,1278.425048828125,594.9749755859375,450.1260070800781,584.7750244140625,1009.2000122070312,874.6500244140625,998.4000244140625,309.75,128.4583282470703,452.1000061035156
2016-06-16,1279.1500244140625,593.0,446.3315124511719,581.0750122070312,996.1333618164062,879.4500122070312,1006.5499877929688,307.54998779296875,126.5,454.3500061035156
2016-06-17,1301.300048828125,589.75,445.69146728515625,585.0,986.8333129882812,881.3499755859375,999.5999755859375,313.20001220703125,126.91666412353516,464.3999938964844
2016-06-20,1329.6500244140625,604.375,452.6861267089844,586.0250244140625,1004.7000122070312,879.4000244140625,991.5,312.3500061035156,128.7083282470703,482.04998779296875
2016-06-21,1325.5999755859375,603.0499877929688,451.2689208984375,583.3250122070312,996.5333251953125,870.25,982.0499877929688,313.0,126.5,484.8999938964844
2016-06-22,1333.824951171875,599.75,448.2516174316406,585.75,994.3666381835938,859.25,985.4500122070312,317.5,127.16666412353516,472.70001220703125
2016-06-23,1322.675048828125,605.7999877929688,448.228759765625,595.0499877929688,999.066650390625,869.3499755859375,984.0999755859375,317.54998779296875,124.25,487.95001220703125
2016-06-24,1286.9749755859375,597.2750244140625,434.9709167480469,580.9500122070312,953.7333374023438,859.0999755859375,989.5499877929688,312.25,124.33333587646484,449.3999938964844
2016-06-27,1247.925048828125,583.0999755859375,436.8910217285156,579.9749755859375,977.8333129882812,858.8499755859375,974.2999877929688,308.1000061035156,124.33333587646484,448.95001220703125
2016-06-28,1231.9749755859375,579.5750122070312,437.8739318847656,583.4749755859375,982.7000122070312,887.75,980.2000122070312,313.29998779296875,123.33333587646484,440.3999938964844
2016-06-29,1251.449951171875,588.4249877929688,442.0341491699219,584.1500244140625,988.7999877929688,883.7999877929688,994.2000122070312,311.0,126.75,447.25
2016-06-30,1276.550048828125,585.4000244140625,443.0627746582031,588.2249755859375,997.6666870117188,898.5499877929688,1003.2999877929688,313.0,130.25,459.25
2016-07-01,1250.425048828125,586.2000122070312,445.0285949707031,587.25,1028.433349609375,897.5999755859375,1002.5,310.1000061035156,130.625,457.8999938964844
2016-07-04,1247.0999755859375,591.9749755859375,451.0860595703125,586.4000244140625,1045.4000244140625,893.0499877929688,1000.4000244140625,317.95001220703125,129.9583282470703,469.5
2016-07-05,1242.6500244140625,587.7249755859375,454.01190185546875,582.7999877929688,1050.7332763671875,890.2000122070312,985.0999755859375,321.95001220703125,127.16666412353516,460.8999938964844
2016-07-07,1214.9000244140625,578.625,451.6346435546875,592.8250122070312,1036.3333740234375,918.2999877929688,987.7000122070312,315.54998779296875,127.41666412353516,455.1499938964844
2016-07-08,1213.300048828125,579.0999755859375,447.29156494140625,587.4249877929688,1021.7666625976562,920.7000122070312,1010.7000122070312,311.70001220703125,128.1666717529297,466.29998779296875
2016-07-11,1232.074951171875,587.5250244140625,453.73760986328125,599.875,1039.86669921875,929.4000244140625,1026.800048828125,320.8999938964844,131.375,484.6000061035156
2016-07-12,1232.4749755859375,588.2750244140625,458.7207336425781,601.0750122070312,1045.3333740234375,925.2999877929688,1020.4500122070312,317.04998779296875,131.9166717529297,484.29998779296875
2016-07-13,1246.550048828125,596.9000244140625,461.16656494140625,598.875,1034.2667236328125,927.4500122070312,1009.5,324.04998779296875,131.375,481.1000061035156
2016-07-14,1260.949951171875,588.125,459.4064636230469,600.1749877929688,1042.9666748046875,932.9500122070312,1017.5999755859375,324.6499938964844,132.25,486.1000061035156
2016-07-15,1222.675048828125,536.2750244140625,462.7437744140625,611.8499755859375,1057.2332763671875,941.5,1025.9000244140625,318.8500061035156,130.2083282470703,494.0
2016-07-18,1216.7249755859375,540.9749755859375,460.0236511230469,613.7249755859375,1049.5999755859375,921.9500122070312,1028.5,321.6499938964844,129.6666717529297,492.6499938964844
2016-07-19,1233.0999755859375,543.4749755859375,465.3039245605469,609.1749877929688,1048.5333251953125,895.1500244140625,1030.699951171875,318.95001220703125,130.1666717529297,499.25
2016-07-20,1247.4749755859375,541.5499877929688,467.6811828613281,616.0999755859375,1047.2332763671875,906.9000244140625,1028.550048828125,329.25,131.125,493.8999938964844
2016-07-21,1253.0250244140625,539.9500122070312,460.0693664550781,614.2999877929688,1038.36669921875,910.0499877929688,1042.699951171875,333.3500061035156,129.0833282470703,491.04998779296875
2016-07-22,1257.550048828125,536.2249755859375,463.9552917480469,615.4000244140625,1049.3333740234375,903.2000122070312,1047.050048828125,331.45001220703125,130.5,507.20001220703125
2016-07-25,1279.4749755859375,540.4249877929688,467.56689453125,623.4749755859375,1057.2667236328125,906.9500122070312,1070.6500244140625,333.75,131.25,509.0
2016-07-26,1276.300048828125,544.3499755859375,468.16119384765625,619.4000244140625,1061.800048828125,902.7000122070312,1060.75,327.45001220703125,131.75,503.25
2016-07-27,1288.7750244140625,542.6749877929688,463.1552429199219,618.4749755859375,1068.0999755859375,903.8499755859375,1061.800048828125,325.54998779296875,132.5416717529297,510.1000061035156
2016-07-28,1309.625,538.75,469.2126770019531,624.2249755859375,1051.5,909.4000244140625,1128.0,329.95001220703125,132.1666717529297,506.8500061035156
2016-07-29,1309.6500244140625,536.9249877929688,463.9781494140625,623.0999755859375,1039.2332763671875,922.5499877929688,1114.1500244140625,328.0,131.9583282470703,503.20001220703125
2016-08-01,1354.125,542.625,461.5094299316406,621.1500244140625,995.7999877929688,925.0,1120.9000244140625,326.45001220703125,132.8333282470703,508.25
2016-08-02,1349.5999755859375,541.9000244140625,463.0180969238281,621.6500244140625,1002.2333374023438,927.4000244140625,1123.3499755859375,323.04998779296875,132.7916717529297,493.29998779296875
2016-08-03,1328.1500244140625,542.4500122070312,454.4005126953125,620.2249755859375,985.7333374023438,913.7999877929688,1143.4000244140625,326.1499938964844,131.25,478.3999938964844
2016-08-04,1326.0,535.9000244140625,453.9661865234375,620.5,979.433349609375,918.0499877929688,1127.300048828125,323.5,132.5416717529297,500.0
2016-08-05,1324.550048828125,534.0,464.5953063964844,624.625,1008.1333618164062,925.5,1143.3499755859375,329.3999938964844,134.5416717529297,516.4000244140625
2016-08-08,1324.75,539.3499755859375,470.5384826660156,624.7999877929688,1004.7666625976562,929.5,1148.3499755859375,331.95001220703125,133.2083282470703,514.7999877929688
2016-08-09,1325.0999755859375,541.7000122070312,471.20135498046875,623.5999755859375,1000.6333618164062,934.25,1146.5,337.1499938964844,133.2083282470703,513.7999877929688
2016-08-10,1337.699951171875,541.1749877929688,458.83502197265625,613.4500122070312,988.7999877929688,924.9500122070312,1129.949951171875,337.95001220703125,131.5833282470703,503.45001220703125
2016-08-11,1354.949951171875,538.6749877929688,463.6123962402344,614.125,983.1333618164062,935.6500244140625,1145.0999755859375,337.79998779296875,132.9583282470703,503.25
2016-08-12,1369.2249755859375,531.2750244140625,473.53289794921875,614.3499755859375,994.5999755859375,935.0,1137.5,337.95001220703125,133.7916717529297,516.7999877929688
2016-08-16,1345.8499755859375,525.9000244140625,468.5498046875,613.6500244140625,1004.2333374023438,926.2000122070312,1129.6500244140625,337.79998779296875,134.4583282470703,507.6000061035156
2016-08-17,1312.2750244140625,516.6500244140625,463.2466735839844,617.4500122070312,1001.6666870117188,913.2000122070312,1113.550048828125,347.79998779296875,134.625,510.3999938964844
2016-08-18,1319.2750244140625,511.70001220703125,465.418212890625,626.25,988.066650390625,906.9000244140625,1107.3499755859375,339.04998779296875,139.0,512.0499877929688
2016-08-19,1301.75,510.6499938964844,463.9781494140625,623.5499877929688,996.2333374023438,910.6500244140625,1113.5,334.1499938964844,138.9583282470703,510.0
2016-08-22,1274.3499755859375,507.7250061035156,462.5837707519531,625.1500244140625,995.0999755859375,930.0499877929688,1113.9000244140625,334.8999938964844,136.375,503.95001220703125
2016-08-23,1300.5250244140625,519.8250122070312,461.9437561035156,625.7249755859375,984.7666625976562,921.7000122070312,1126.25,336.6499938964844,132.5,504.0
2016-08-24,1286.0250244140625,528.7000122070312,466.53826904296875,630.9000244140625,982.3333129882812,919.4000244140625,1118.8499755859375,333.95001220703125,134.4166717529297,498.3500061035156
2016-08-25,1275.5250244140625,518.0750122070312,462.9723815917969,629.2750244140625,969.7666625976562,910.7999877929688,1105.9000244140625,331.29998779296875,132.2083282470703,493.8500061035156
2016-08-26,1262.4749755859375,510.125,469.9212951660156,628.5499877929688,951.4666748046875,904.5,1123.300048828125,333.29998779296875,131.5833282470703,503.75
2016-08-29,1250.2750244140625,511.3999938964844,483.4305725097656,619.0499877929688,973.0,905.2000122070312,1111.8499755859375,333.8500061035156,132.9583282470703,525.2999877929688
2016-08-30,1272.074951171875,520.2000122070312,487.522216796875,634.3250122070312,983.7666625976562,924.7999877929688,1146.199951171875,334.6499938964844,134.7916717529297,529.0
2016-08-31,1255.6500244140625,517.9249877929688,484.5963439941406,645.5999755859375,1008.6333618164062,917.0499877929688,1157.9000244140625,333.5,132.7083282470703,537.7000122070312
2016-09-01,1253.75,518.7750244140625,470.515625,641.8499755859375,1004.7333374023438,925.7999877929688,1156.949951171875,338.0,132.2916717529297,543.6500244140625
2016-09-02,1257.4000244140625,515.9249877929688,463.26953125,642.5499877929688,1003.3666381835938,920.75,1167.550048828125,332.29998779296875,133.3333282470703,549.8499755859375
2016-09-06,1242.0250244140625,522.5,466.26397705078125,650.2000122070312,1010.933349609375,937.8499755859375,1204.1500244140625,328.8500061035156,136.2916717529297,588.7000122070312
2016-09-07,1220.2750244140625,527.1749877929688,465.2353515625,643.375,1012.1666870117188,933.0,1177.199951171875,331.0,134.375,587.4000244140625
2016-09-08,1161.050048828125,518.8250122070312,472.4356994628906,644.7000122070312,1026.3333740234375,951.5499877929688,1182.5999755859375,332.54998779296875,133.125,584.2000122070312
2016-09-09,1176.2249755859375,517.75,477.5331115722656,645.2000122070312,1011.7999877929688,929.9500122070312,1171.75,332.20001220703125,132.3333282470703,573.25
2016-09-12,1179.5250244140625,527.0,478.4245910644531,639.9500122070312,975.4666748046875,918.4500122070312,1154.5999755859375,330.45001220703125,127.375,553.4500122070312
2016-09-14,1164.2249755859375,522.7999877929688,477.6245422363281,634.7249755859375,983.5333251953125,908.4500122070312,1163.5999755859375,324.3500061035156,129.75,560.5
2016-09-15,1163.4749755859375,521.0999755859375,486.8821716308594,639.7999877929688,980.1666870117188,914.0,1173.550048828125,323.75,127.83333587646484,557.5499877929688
2016-09-16,1180.8499755859375,530.0750122070312,491.70526123046875,648.9249877929688,982.1333618164062,911.7000122070312,1155.1500244140625,324.54998779296875,127.54166412353516,548.7000122070312
2016-09-19,1205.7249755859375,530.5999755859375,494.83685302734375,645.0750122070312,986.5333251953125,911.9500122070312,1163.5999755859375,328.29998779296875,129.2916717529297,554.4500122070312
2016-09-20,1203.25,525.0750122070312,491.0881042480469,644.2249755859375,983.9666748046875,902.9000244140625,1165.050048828125,329.25,127.83333587646484,548.4500122070312
2016-09-21,1206.699951171875,527.875,490.1966247558594,646.5,981.4000244140625,913.0499877929688,1170.5999755859375,331.0,128.3333282470703,549.9000244140625
2016-09-22,1189.0,529.4000244140625,497.831298828125,653.4500122070312,999.9666748046875,910.1500244140625,1192.0,327.45001220703125,130.8333282470703,558.4500122070312
2016-09-23,1199.050048828125,521.2750244140625,504.1630554199219,656.3499755859375,998.0,910.5499877929688,1191.199951171875,328.3999938964844,130.75,553.0499877929688
2016-09-26,1200.550048828125,517.9500122070312,506.1745910644531,648.0750122070312,977.1333618164062,892.5999755859375,1183.0,332.45001220703125,126.79166412353516,535.2999877929688
2016-09-27,1218.050048828125,519.875,507.6832275390625,649.0250244140625,957.5999755859375,897.2999877929688,1192.550048828125,332.75,126.83333587646484,531.9500122070312
2016-09-28,1211.5250244140625,519.4749755859375,498.6084899902344,647.625,970.5999755859375,887.1500244140625,1193.5,328.45001220703125,127.25,540.0
2016-09-29,1218.9000244140625,514.5999755859375,490.2880554199219,638.75,958.4000244140625,878.2999877929688,1167.3499755859375,327.6499938964844,124.54166412353516,526.2999877929688
2016-09-30,1215.4000244140625,518.0250244140625,495.4311828613281,636.4249877929688,955.433349609375,867.8499755859375,1160.699951171875,322.29998779296875,123.33333587646484,534.8499755859375
2016-10-03,1205.8499755859375,519.0499877929688,498.63134765625,643.5999755859375,980.4666748046875,868.75,1193.0,327.8999938964844,125.5,540.7999877929688
2016-10-04,1202.574951171875,524.5999755859375,501.2143249511719,644.7750244140625,966.0999755859375,860.4000244140625,1192.550048828125,321.1000061035156,126.875,549.9500122070312
2016-10-05,1193.175048828125,520.75,498.0370178222656,643.0499877929688,969.2999877929688,870.9500122070312,1208.75,321.25,127.04166412353516,559.6500244140625
2016-10-06,1194.375,513.7000122070312,507.8204040527344,640.9749755859375,969.6666870117188,884.4500122070312,1209.5,318.54998779296875,124.125,551.4500122070312
2016-10-07,1183.9000244140625,506.2749938964844,506.99749755859375,640.2999877929688,971.2999877929688,877.25,1184.5999755859375,318.79998779296875,123.58333587646484,565.7000122070312
2016-10-10,1190.1500244140625,514.9749755859375,501.2143249511719,642.1749877929688,966.6666870117188,876.1500244140625,1212.6500244140625,318.8999938964844,122.20833587646484,562.0499877929688
2016-10-13,1164.449951171875,526.1749877929688,483.2934265136719,631.375,958.933349609375,862.0499877929688,1216.5999755859375,315.5,120.625,544.8499755859375
2016-10-14,1183.0999755859375,513.5750122070312,492.6653137207031,630.9000244140625,983.2333374023438,842.25,1205.75,313.04998779296875,120.83333587646484,556.0999755859375
2016-10-17,1181.2249755859375,511.20001220703125,484.89349365234375,618.8499755859375,965.2999877929688,849.25,1182.300048828125,311.25,122.91666412353516,547.5499877929688
2016-10-18,1200.0999755859375,519.5250244140625,494.2425537109375,628.9249877929688,992.1666870117188,855.5999755859375,1174.5,312.54998779296875,123.33333587646484,554.25
2016-10-19,1197.550048828125,520.9000244140625,497.0998229980469,629.1749877929688,994.0333251953125,846.0,1169.300048828125,312.54998779296875,124.20833587646484,550.5
2016-10-20,1200.574951171875,518.3250122070312,497.1912841796875,627.75,1002.433349609375,840.2999877929688,1165.75,312.6000061035156,124.16666412353516,546.8499755859375
2016-10-21,1214.324951171875,519.1500244140625,486.5164489746094,635.3499755859375,1007.2333374023438,851.2000122070312,1153.5,313.29998779296875,124.58333587646484,544.5
2016-10-24,1213.8499755859375,513.5499877929688,486.10498046875,631.7750244140625,995.0999755859375,848.3499755859375,1127.5,321.25,126.125,559.7999877929688
2016-10-25,1199.2249755859375,508.6000061035156,484.98492431640625,625.1500244140625,989.4000244140625,832.3499755859375,1139.75,319.6499938964844,126.66666412353516,553.7999877929688
2016-10-26,1198.125,507.1000061035156,481.8761901855469,619.6500244140625,988.2000122070312,842.8499755859375,1123.0999755859375,319.29998779296875,126.54166412353516,530.0499877929688
2016-10-27,1209.050048828125,501.75,479.43035888671875,626.0499877929688,983.5333251953125,840.2999877929688,1085.449951171875,316.29998779296875,126.41666412353516,522.0
2016-10-28,1199.3499755859375,498.75,482.28765869140625,629.5250244140625,987.1333618164062,836.5,1069.9000244140625,324.79998779296875,126.875,537.0
2016-11-01,1175.0,494.7250061035156,480.4818420410156,629.9000244140625,975.433349609375,835.25,1076.699951171875,330.04998779296875,129.1666717529297,530.5999755859375
2016-11-02,1152.0250244140625,490.5249938964844,468.0240478515625,623.0750122070312,965.7666625976562,841.0999755859375,1062.75,327.95001220703125,130.4166717529297,513.2999877929688
2016-11-03,1159.7249755859375,483.42498779296875,468.115478515625,627.4749755859375,962.7999877929688,839.4000244140625,1037.1500244140625,327.0,127.54166412353516,510.20001220703125
2016-11-04,1165.2750244140625,485.5,459.7036437988281,621.8499755859375,946.5333251953125,848.0,1043.050048828125,315.8999938964844,127.91666412353516,512.2999877929688
2016-11-07,1138.5250244140625,488.9750061035156,457.6921081542969,624.7249755859375,932.0,837.6500244140625,1037.3499755859375,319.29998779296875,129.25,506.3500061035156
2016-11-08,1141.5999755859375,491.29998779296875,458.7664489746094,627.1500244140625,931.4666748046875,844.5999755859375,1057.0,317.04998779296875,128.4583282470703,540.2000122070312
2016-11-09,1084.925048828125,479.1499938964844,459.2693176269531,625.625,926.9666748046875,828.2999877929688,1050.949951171875,317.04998779296875,128.4166717529297,533.5
2016-11-10,1077.7249755859375,469.70001220703125,461.9208984375,639.2750244140625,941.4000244140625,818.5499877929688,1011.2999877929688,333.20001220703125,129.0,533.7000122070312
2016-11-11,1050.574951171875,460.7749938964844,457.9664001464844,637.9000244140625,925.8666381835938,801.75,962.2999877929688,324.04998779296875,126.41666412353516,507.29998779296875
2016-11-15,1060.6500244140625,461.7749938964844,450.4917297363281,627.375,913.5333251953125,805.4500122070312,890.7999877929688,313.6499938964844,125.125,457.3999938964844
2016-11-16,1094.800048828125,470.45001220703125,451.0174560546875,622.1749877929688,917.0333251953125,808.75,935.7000122070312,313.04998779296875,125.125,458.45001220703125
2016-11-17,1068.5999755859375,464.8999938964844,446.9944152832031,615.0999755859375,914.0,811.6500244140625,918.4500122070312,306.8500061035156,126.5,472.8500061035156
2016-11-18,1062.550048828125,460.0,451.4517822265625,605.7000122070312,913.6333618164062,802.8499755859375,908.2000122070312,306.70001220703125,132.5416717529297,471.25
2016-11-21,1066.449951171875,455.54998779296875,453.28045654296875,599.3499755859375,898.5999755859375,797.75,900.0,300.75,129.0833282470703,456.95001220703125
2016-11-22,1067.5,457.1000061035156,457.8292541503906,599.0250244140625,886.3666381835938,819.9000244140625,907.75,303.3999938964844,128.4166717529297,464.8500061035156
2016-11-23,1078.175048828125,460.125,461.2808532714844,592.375,904.8333129882812,831.7000122070312,942.0499877929688,304.04998779296875,133.2083282470703,471.5
2016-11-24,1094.2249755859375,465.1499938964844,451.3832092285156,582.75,899.7666625976562,825.2999877929688,936.0999755859375,300.3500061035156,130.8333282470703,452.95001220703125
2016-11-25,1150.175048828125,488.75,454.28619384765625,594.6500244140625,913.7999877929688,833.5999755859375,945.4500122070312,304.25,134.5833282470703,452.3500061035156
2016-11-28,1141.300048828125,489.875,451.06317138671875,592.2249755859375,904.6333618164062,837.8499755859375,936.0999755859375,304.8999938964844,136.9583282470703,454.70001220703125
2016-11-29,1129.925048828125,486.29998779296875,456.1148681640625,589.375,901.6333618164062,832.7000122070312,958.5499877929688,308.3999938964844,135.8333282470703,459.8500061035156
2016-11-30,1138.0250244140625,487.7749938964844,452.6175537109375,599.7999877929688,921.8333129882812,844.0,969.9000244140625,308.6000061035156,135.9583282470703,459.29998779296875
2016-12-01,1131.7249755859375,487.79998779296875,456.1377258300781,598.625,925.566650390625,848.0999755859375,939.1500244140625,306.29998779296875,134.9166717529297,448.20001220703125
2016-12-02,1110.925048828125,482.25,454.7662353515625,594.5499877929688,907.9000244140625,831.4500122070312,904.8499755859375,305.8500061035156,134.7083282470703,432.8999938964844
2016-12-05,1093.0,480.82501220703125,454.35479736328125,598.1749877929688,904.0999755859375,844.9000244140625,937.6500244140625,305.3500061035156,135.375,439.29998779296875
2016-12-06,1091.175048828125,483.25,459.5436096191406,597.2249755859375,908.0999755859375,836.0,934.1500244140625,305.70001220703125,135.9166717529297,441.1000061035156
2016-12-07,1077.2750244140625,483.20001220703125,456.77777099609375,590.7999877929688,902.5333251953125,833.7000122070312,932.2000122070312,305.29998779296875,135.9583282470703,445.3500061035156
2016-12-08,1097.875,492.32501220703125,466.3325500488281,599.75,911.2999877929688,843.0,936.1500244140625,312.1000061035156,135.875,461.54998779296875
2016-12-09,1097.625,494.67498779296875,470.4013366699219,599.1500244140625,908.1333618164062,845.0499877929688,941.75,306.45001220703125,136.7083282470703,464.1000061035156
2016-12-12,1104.0999755859375,488.67498779296875,469.6012878417969,592.2249755859375,909.9666748046875,832.5999755859375,910.25,305.29998779296875,137.875,454.3999938964844
2016-12-13,1100.1500244140625,495.1000061035156,475.361572265625,593.125,917.1333618164062,831.1500244140625,906.75,305.95001220703125,137.3333282470703,470.6499938964844
2016-12-14,1103.800048828125,499.875,484.3677673339844,587.8499755859375,906.6333618164062,821.7999877929688,914.3499755859375,292.0,136.2916717529297,472.3500061035156
2016-12-15,1129.6500244140625,496.17498779296875,481.3733215332031,588.2999877929688,904.566650390625,816.0499877929688,903.0,290.1499938964844,133.5,463.20001220703125
2016-12-16,1141.324951171875,502.57501220703125,483.2934265136719,591.1500244140625,907.066650390625,816.9500122070312,899.9000244140625,288.25,133.3333282470703,473.1499938964844
2016-12-19,1144.449951171875,502.32501220703125,485.7621154785156,588.375,896.6333618164062,809.75,878.4000244140625,287.3500061035156,133.25,471.79998779296875
2016-12-20,1169.6500244140625,506.07501220703125,483.63629150390625,590.9500122070312,903.6666870117188,801.4000244140625,865.7000122070312,290.6000061035156,134.875,473.1499938964844
2016-12-21,1156.800048828125,500.7749938964844,486.0821228027344,590.0,894.6666870117188,796.7999877929688,865.5499877929688,292.20001220703125,136.375,468.5
2016-12-22,1153.8499755859375,492.3500061035156,481.5561828613281,586.5499877929688,876.433349609375,787.0499877929688,870.2999877929688,287.6499938964844,133.75,469.6000061035156
2016-12-23,1144.050048828125,494.2250061035156,483.36199951171875,593.125,891.6333618164062,789.5,874.0,287.8500061035156,134.2083282470703,465.6499938964844
2016-12-26,1146.550048828125,491.375,478.85888671875,587.5,891.7333374023438,801.7999877929688,867.7999877929688,285.0,133.2916717529297,457.8500061035156
2016-12-27,1161.699951171875,499.4750061035156,486.7450256347656,592.5999755859375,903.7333374023438,806.75,876.0,288.95001220703125,133.6666717529297,466.95001220703125
2016-12-28,1156.699951171875,499.25,479.88751220703125,593.375,899.9666748046875,810.2999877929688,875.7000122070312,295.20001220703125,133.9583282470703,463.3500061035156
2016-12-29,1175.8499755859375,496.17498779296875,487.087890625,602.5999755859375,892.7999877929688,818.5,880.0499877929688,298.6499938964844,136.2916717529297,470.8999938964844
2016-12-30,1182.7750244140625,505.29998779296875,494.83685302734375,603.0999755859375,899.4000244140625,826.3499755859375,891.0499877929688,300.0,137.2916717529297,472.0
2017-01-02,1180.675048828125,500.54998779296875,496.07122802734375,598.5499877929688,906.4000244140625,825.3499755859375,904.6500244140625,300.04998779296875,137.3333282470703,487.04998779296875
2017-01-03,1184.125,496.92498779296875,498.0370178222656,594.9500122070312,911.4666748046875,829.8499755859375,896.5999755859375,305.29998779296875,137.875,481.1000061035156
2017-01-04,1189.75,498.875,487.8650817871094,592.75,917.7333374023438,821.5999755859375,906.5999755859375,306.1499938964844,137.375,486.6499938964844
2017-01-05,1167.199951171875,498.07501220703125,492.551025390625,593.0999755859375,928.2000122070312,833.1500244140625,916.5,308.29998779296875,137.5,502.1499938964844
2017-01-06,1140.699951171875,486.125,491.43096923828125,596.8250122070312,927.2999877929688,833.75,929.5,306.20001220703125,136.6666717529297,497.75
2017-01-09,1151.8499755859375,485.17498779296875,492.68817138671875,597.5999755859375,920.433349609375,831.0499877929688,910.0999755859375,300.0,135.875,500.1499938964844
2017-01-10,1157.675048828125,485.2749938964844,498.2427673339844,607.1749877929688,925.0,830.5499877929688,923.5999755859375,300.6000061035156,135.25,516.25
2017-01-11,1162.199951171875,484.54998779296875,496.5055236816406,617.0,941.566650390625,841.5,934.6500244140625,316.8500061035156,137.0833282470703,519.25
2017-01-12,1172.175048828125,500.0249938964844,495.2483215332031,617.5,966.2333374023438,825.9000244140625,933.5499877929688,313.20001220703125,144.75,518.25
2017-01-13,1124.6500244140625,487.8999938964844,498.49420166015625,616.25,959.1666870117188,827.9500122070312,933.25,315.0,142.5,514.8499755859375
2017-01-16,1129.2750244140625,477.82501220703125,492.0252990722656,623.8250122070312,961.8666381835938,827.5,935.25,313.79998779296875,142.2083282470703,526.4000244140625
2017-01-17,1139.375,477.70001220703125,476.02447509765625,619.25,963.8333129882812,840.6500244140625,960.1500244140625,307.0,146.4166717529297,523.7000122070312
2017-01-18,1147.550048828125,475.3999938964844,472.047119140625,621.2999877929688,968.2999877929688,864.9500122070312,963.3499755859375,308.70001220703125,143.9583282470703,522.4500122070312
2017-01-19,1145.5,479.04998779296875,472.5728759765625,618.1500244140625,966.2999877929688,860.2999877929688,962.7000122070312,307.3500061035156,145.125,531.4500122070312
2017-01-20,1142.675048828125,474.3500061035156,468.96124267578125,618.1749877929688,943.1666870117188,860.4500122070312,967.2000122070312,303.70001220703125,142.0416717529297,523.2000122070312
2017-01-23,1153.3499755859375,476.3500061035156,464.435302734375,622.3250122070312,929.0333251953125,862.4000244140625,964.7000122070312,303.3999938964844,141.3333282470703,532.7000122070312
2017-01-24,1159.175048828125,472.7749938964844,469.6470031738281,633.7750244140625,946.5333251953125,860.3499755859375,973.4500122070312,309.45001220703125,143.625,541.5499877929688
2017-01-25,1176.5,468.29998779296875,465.0753479003906,645.2999877929688,966.5,869.2000122070312,977.7000122070312,317.20001220703125,142.7916717529297,548.9000244140625
2017-01-27,1178.9000244140625,471.07501220703125,468.6412353515625,645.9500122070312,959.933349609375,855.9500122070312,969.5999755859375,317.75,147.9166717529297,541.9500122070312
2017-01-30,1166.449951171875,474.67498779296875,477.64739990234375,642.4749755859375,961.8666381835938,853.5499877929688,973.2000122070312,314.70001220703125,146.4166717529297,532.2999877929688
2017-01-31,1114.9000244140625,464.29998779296875,477.8302917480469,643.3250122070312,964.1666870117188,855.4000244140625,970.7000122070312,309.20001220703125,143.625,523.5499877929688
2017-02-01,1083.949951171875,458.375,479.8646545410156,652.8499755859375,993.5,854.0499877929688,991.0,313.04998779296875,142.4166717529297,542.25
2017-02-02,1103.824951171875,467.95001220703125,477.0531005859375,649.3499755859375,984.3333129882812,845.2999877929688,989.0,320.45001220703125,143.7916717529297,531.5
2017-02-03,1116.2750244140625,468.04998779296875,472.5500183105469,655.5250244140625,987.1333618164062,849.75,985.9000244140625,326.1499938964844,143.2916717529297,522.5999755859375
2017-02-06,1120.375,467.625,476.20733642578125,657.0499877929688,989.2000122070312,860.5499877929688,992.5,325.04998779296875,144.6666717529297,525.8499755859375
2017-02-07,1122.300048828125,471.125,471.29278564453125,653.5750122070312,1000.2000122070312,855.25,999.2999877929688,315.04998779296875,144.1666717529297,506.79998779296875
2017-02-08,1135.4749755859375,468.25,468.6640930175781,652.8250122070312,1004.566650390625,852.9500122070312,997.7000122070312,321.75,143.25,513.0499877929688
2017-02-09,1158.6500244140625,473.0,472.1385498046875,648.8250122070312,993.7999877929688,850.75,1002.8499755859375,322.1499938964844,140.1666717529297,512.8499755859375
2017-02-10,1198.9749755859375,484.1499938964844,470.9499206542969,651.7999877929688,1001.2999877929688,850.9000244140625,993.0499877929688,324.5,141.9583282470703,509.54998779296875
2017-02-13,1207.125,492.17498779296875,470.8127746582031,655.0999755859375,1000.0999755859375,862.2999877929688,984.75,320.8999938964844,143.75,505.29998779296875
2017-02-14,1203.125,493.8500061035156,479.9332275390625,655.5499877929688,995.066650390625,848.1500244140625,980.7999877929688,320.20001220703125,142.375,482.04998779296875
2017-02-15,1206.8499755859375,490.8999938964844,480.6189880371094,661.0999755859375,986.6666870117188,850.0499877929688,981.7000122070312,319.95001220703125,140.875,436.45001220703125
2017-02-16,1223.875,506.04998779296875,488.02508544921875,663.9500122070312,980.1666870117188,846.0999755859375,969.9000244140625,318.29998779296875,141.9166717529297,446.0
2017-02-17,1203.949951171875,500.04998779296875,491.6824035644531,688.5250244140625,985.3333129882812,841.25,960.7999877929688,316.25,141.4583282470703,452.95001220703125
2017-02-20,1251.0999755859375,505.125,491.6366882324219,704.5499877929688,988.433349609375,854.4500122070312,975.75,319.8999938964844,143.1666717529297,455.45001220703125
2017-02-21,1232.675048828125,506.79998779296875,497.4884338378906,707.7750244140625,988.8666381835938,862.75,991.5,319.6000061035156,143.75,458.6499938964844
2017-02-22,1205.75,495.07501220703125,552.0283813476562,699.5750122070312,984.6333618164062,864.1500244140625,1020.2999877929688,328.3500061035156,138.9166717529297,460.04998779296875
2017-02-23,1240.9000244140625,504.42498779296875,540.7135009765625,697.1500244140625,991.066650390625,858.25,1009.0,327.70001220703125,137.9166717529297,462.3500061035156
2017-02-27,1244.925048828125,506.20001220703125,566.3834228515625,696.7999877929688,977.2333374023438,866.4500122070312,1001.9500122070312,329.95001220703125,137.8333282470703,457.79998779296875
2017-02-28,1233.125,506.20001220703125,565.9948120117188,695.0499877929688,979.4666748046875,865.9000244140625,1024.199951171875,321.8999938964844,135.7916717529297,456.75
2017-03-01,1239.7750244140625,512.5750122070312,564.3718872070312,695.8250122070312,984.0999755859375,875.5,1032.75,320.20001220703125,133.2916717529297,449.45001220703125
2017-03-02,1250.7249755859375,511.6499938964844,565.4005126953125,690.0499877929688,982.6333618164062,877.5,1028.75,321.3999938964844,129.9583282470703,461.70001220703125
2017-03-03,1247.0250244140625,515.5999755859375,575.36669921875,688.5,980.2333374023438,877.1500244140625,1013.7000122070312,321.25,130.0833282470703,459.95001220703125
2017-03-06,1236.25,516.9500122070312,596.7620849609375,690.375,990.4000244140625,873.0999755859375,1029.4000244140625,322.8999938964844,132.0,470.79998779296875
2017-03-07,1249.9000244140625,509.8999938964844,596.5792236328125,693.0999755859375,990.933349609375,872.0499877929688,1023.9500122070312,322.79998779296875,131.1666717529297,467.54998779296875
2017-03-08,1256.0999755859375,503.8999938964844,590.293212890625,696.0999755859375,984.2000122070312,871.2999877929688,1022.5499877929688,320.20001220703125,130.9166717529297,462.79998779296875
2017-03-09,1259.875,505.7749938964844,588.2587890625,697.0999755859375,984.5999755859375,870.2999877929688,1031.0999755859375,318.1000061035156,131.9166717529297,467.6000061035156
2017-03-10,1271.125,510.92498779296875,585.92724609375,700.0499877929688,994.4000244140625,875.2000122070312,1030.25,316.29998779296875,130.9166717529297,469.1000061035156
2017-03-14,1283.75,517.4000244140625,589.5159912109375,705.3499755859375,1038.7332763671875,913.75,1071.4000244140625,294.95001220703125,133.0,469.75
2017-03-15,1249.1500244140625,505.9750061035156,596.5792236328125,708.2999877929688,1032.5999755859375,900.5,1064.050048828125,292.70001220703125,132.2083282470703,473.45001220703125
2017-03-16,1260.449951171875,514.4249877929688,593.241943359375,708.6749877929688,1047.36669921875,906.2000122070312,1087.550048828125,291.95001220703125,134.375,480.95001220703125
2017-03-17,1262.875,520.1500244140625,594.6362915039062,712.9249877929688,1035.0333251953125,902.5499877929688,1079.449951171875,289.25,133.2916717529297,476.5
2017-03-20,1240.0,510.75,585.5386962890625,718.0499877929688,1025.0999755859375,898.4500122070312,1079.699951171875,291.79998779296875,134.5,476.0
2017-03-21,1243.3499755859375,516.4249877929688,577.766845703125,720.4749755859375,1032.699951171875,903.4500122070312,1068.699951171875,292.25,135.125,473.75
2017-03-22,1239.4749755859375,513.8499755859375,575.8924560546875,715.4500122070312,1019.9000244140625,904.9500122070312,1057.8499755859375,292.1499938964844,133.9583282470703,459.8999938964844
2017-03-23,1230.175048828125,520.2249755859375,582.1099243164062,715.4500122070312,1029.2667236328125,902.0,1061.5999755859375,295.8999938964844,137.0,472.8999938964844
2017-03-24,1213.5999755859375,515.7000122070312,588.2587890625,712.1749877929688,1034.13330078125,900.2000122070312,1064.25,297.8500061035156,137.1666717529297,470.3999938964844
2017-03-27,1206.0250244140625,514.4249877929688,571.9608154296875,704.9249877929688,1029.2667236328125,898.7999877929688,1042.9000244140625,291.5,136.125,464.75
2017-03-28,1214.9749755859375,517.5750122070312,569.5150146484375,710.0999755859375,1029.5,903.0999755859375,1057.8499755859375,290.3500061035156,137.4166717529297,472.3999938964844
2017-03-29,1222.300048828125,515.9249877929688,574.4981079101562,714.2999877929688,1037.699951171875,912.5499877929688,1068.0999755859375,294.1000061035156,136.625,469.04998779296875
2017-03-30,1220.5,512.75,580.8984375,733.0999755859375,1038.300048828125,919.2000122070312,1070.0999755859375,289.5,135.9166717529297,468.3999938964844
2017-03-31,1215.9000244140625,511.125,603.8710327148438,721.2750244140625,1049.933349609375,911.75,1073.5,292.6499938964844,138.3333282470703,465.8500061035156
2017-04-03,1205.8499755859375,504.3999938964844,628.4437255859375,716.5999755859375,1107.3333740234375,920.6500244140625,1089.8499755859375,295.0,137.2083282470703,470.3999938964844
2017-04-05,1200.625,497.9750061035156,646.890380859375,716.1749877929688,1130.9666748046875,935.3499755859375,1082.550048828125,290.04998779296875,138.75,473.5
2017-04-06,1200.0250244140625,499.79998779296875,657.6337890625,719.25,1122.13330078125,934.6500244140625,1086.9000244140625,286.3999938964844,139.75,473.20001220703125
2017-04-07,1214.5250244140625,490.7749938964844,643.0501708984375,719.4249877929688,1123.6666259765625,924.5,1082.949951171875,283.8999938964844,140.2083282470703,468.29998779296875
2017-04-10,1211.125,476.70001220703125,631.5067749023438,717.0750122070312,1116.0333251953125,925.9500122070312,1059.199951171875,286.75,138.9583282470703,474.8999938964844
2017-04-11,1209.6500244140625,483.57501220703125,627.3922729492188,719.75,1136.5999755859375,923.7000122070312,1072.5,288.8999938964844,139.1666717529297,472.25
2017-04-12,1196.625,484.42498779296875,619.0032348632812,721.8499755859375,1135.199951171875,923.75,1070.449951171875,290.0,137.4583282470703,464.54998779296875
2017-04-13,1164.324951171875,465.70001220703125,623.940673828125,720.1500244140625,1119.0333251953125,923.8499755859375,1078.300048828125,291.04998779296875,137.2083282470703,453.3500061035156
2017-04-17,1157.425048828125,462.45001220703125,636.3070068359375,718.4000244140625,1120.9000244140625,914.0499877929688,1059.3499755859375,285.79998779296875,132.75,449.20001220703125
2017-04-18,1154.4000244140625,461.32501220703125,626.4093627929688,723.6500244140625,1113.0,912.75,1040.449951171875,279.25,134.75,443.70001220703125
2017-04-19,1149.574951171875,459.6000061035156,625.769287109375,724.5,1113.699951171875,908.5499877929688,1048.9000244140625,282.70001220703125,137.4166717529297,443.04998779296875
2017-04-20,1162.75,463.6499938964844,626.1121826171875,731.0750122070312,1120.800048828125,915.7000122070312,1058.800048828125,279.3999938964844,136.4166717529297,443.95001220703125
2017-04-21,1155.4000244140625,461.8500061035156,641.1758422851562,748.2999877929688,1125.0,906.4000244140625,1065.449951171875,277.0,139.3333282470703,440.6000061035156
2017-04-24,1164.050048828125,463.2749938964844,647.9876098632812,766.5250244140625,1155.13330078125,904.5499877929688,1069.949951171875,277.1499938964844,138.7916717529297,443.8500061035156
2017-04-25,1155.75,464.67498779296875,655.0279541015625,768.5250244140625,1164.066650390625,924.0,1097.9000244140625,278.29998779296875,137.875,445.6499938964844
2017-04-26,1155.175048828125,457.125,647.5532836914062,775.3250122070312,1167.5333251953125,941.3499755859375,1104.6500244140625,276.6499938964844,138.0,450.79998779296875
2017-04-27,1151.324951171875,462.625,644.3759765625,784.2999877929688,1177.8333740234375,947.2999877929688,1105.3499755859375,274.1499938964844,136.75,455.3500061035156
2017-04-28,1136.574951171875,459.4750061035156,637.8385009765625,773.25,1166.5333251953125,934.9500122070312,1120.449951171875,276.6499938964844,137.0833282470703,458.8999938964844
2017-05-02,1144.949951171875,461.29998779296875,626.5693359375,770.2999877929688,1154.699951171875,928.0999755859375,1112.0999755859375,274.54998779296875,135.0833282470703,451.25
2017-05-03,1168.6500244140625,467.1499938964844,626.3636474609375,772.1500244140625,1146.800048828125,934.0,1118.9000244140625,279.54998779296875,135.0833282470703,446.6000061035156
2017-05-04,1165.050048828125,468.82501220703125,620.80908203125,767.4000244140625,1154.433349609375,956.7000122070312,1132.5999755859375,280.25,135.5416717529297,436.5
2017-05-05,1160.25,465.75,607.231201171875,766.0999755859375,1149.5999755859375,953.9000244140625,1146.800048828125,278.5,133.0833282470703,419.6000061035156
2017-05-08,1171.2249755859375,472.75,604.099609375,767.4000244140625,1139.7332763671875,954.8499755859375,1167.3499755859375,279.1000061035156,133.8333282470703,422.6499938964844
2017-05-09,1176.2750244140625,473.32501220703125,608.1912841796875,767.875,1163.0999755859375,952.0499877929688,1165.300048828125,278.1499938964844,134.375,426.79998779296875
2017-05-10,1166.2249755859375,471.82501220703125,621.3347778320312,775.9000244140625,1159.5,996.3499755859375,1158.300048828125,278.54998779296875,135.1666717529297,432.29998779296875
2017-05-11,1174.7249755859375,472.04998779296875,621.54052734375,773.2000122070312,1157.9000244140625,978.75,1166.449951171875,274.20001220703125,133.5416717529297,427.45001220703125
2017-05-12,1180.324951171875,482.125,617.3803100585938,775.8250122070312,1160.4000244140625,980.2000122070312,1132.949951171875,276.6000061035156,132.375,430.8500061035156
2017-05-15,1182.550048828125,475.7749938964844,614.477294921875,776.7000122070312,1161.5999755859375,983.25,1148.050048828125,277.75,133.125,431.8999938964844
2017-05-16,1214.574951171875,477.5,620.0547485351562,779.8250122070312,1160.4666748046875,1000.4000244140625,1142.8499755859375,275.95001220703125,133.2916717529297,437.25
2017-05-17,1227.675048828125,476.3999938964844,618.591796875,778.5750122070312,1170.300048828125,1009.4000244140625,1154.949951171875,276.3500061035156,132.4166717529297,449.1000061035156
2017-05-18,1268.0999755859375,480.875,606.8197631835938,778.5499877929688,1148.4000244140625,990.25,1151.3499755859375,276.45001220703125,131.5,437.95001220703125
2017-05-19,1253.574951171875,478.9750061035156,602.933837890625,780.625,1149.699951171875,1008.0,1123.1500244140625,276.25,132.5833282470703,443.3500061035156
2017-05-22,1265.675048828125,480.7250061035156,605.3568115234375,788.0,1167.9666748046875,1018.5999755859375,1112.550048828125,273.8500061035156,131.8333282470703,449.6499938964844
2017-05-23,1260.8499755859375,478.6499938964844,596.853515625,784.5499877929688,1160.5,1024.800048828125,1098.9000244140625,267.8500061035156,130.7916717529297,450.5
2017-05-24,1279.574951171875,477.3999938964844,593.2647705078125,783.375,1122.9666748046875,1038.050048828125,1091.199951171875,261.75,130.375,469.54998779296875
2017-05-25,1312.300048828125,491.6499938964844,595.4363403320312,808.5750122070312,1179.2332763671875,1043.449951171875,1113.199951171875,265.45001220703125,130.2916717529297,476.0
2017-05-26,1289.125,497.8500061035156,611.3685913085938,813.0,1191.7332763671875,1040.949951171875,1132.449951171875,268.25,130.0,481.1000061035156
2017-05-29,1286.425048828125,492.57501220703125,620.3290405273438,815.9500122070312,1188.2667236328125,1072.25,1146.550048828125,267.29998779296875,130.4166717529297,481.5
2017-05-30,1275.550048828125,498.1000061035156,621.4490966796875,814.5250244140625,1178.36669921875,1072.5999755859375,1159.449951171875,267.70001220703125,134.375,481.29998779296875
2017-05-31,1273.300048828125,488.5249938964844,612.9229125976562,818.0999755859375,1173.800048828125,1067.0,1151.199951171875,262.54998779296875,133.5,476.1499938964844
2017-06-01,1276.800048828125,485.70001220703125,607.231201171875,814.2999877929688,1195.199951171875,1095.3499755859375,1160.449951171875,265.3500061035156,133.875,476.6499938964844
2017-06-02,1282.449951171875,484.7250061035156,605.631103515625,817.125,1189.3333740234375,1086.4000244140625,1164.300048828125,268.79998779296875,135.5,478.75
2017-06-05,1301.9749755859375,479.375,607.7340698242188,817.7750244140625,1203.2667236328125,1097.75,1161.550048828125,264.54998779296875,135.5,478.1499938964844
2017-06-06,1348.0,489.67498779296875,600.16796875,819.4749755859375,1183.433349609375,1091.550048828125,1153.1500244140625,262.29998779296875,131.75,461.0
2017-06-07,1307.625,480.6499938964844,612.145751953125,820.4000244140625,1192.4000244140625,1106.3499755859375,1161.5,264.3999938964844,131.5416717529297,458.0
2017-06-08,1260.800048828125,478.2250061035156,608.8084106445312,822.375,1182.8333740234375,1093.5,1143.300048828125,262.8999938964844,131.5416717529297,460.79998779296875
2017-06-09,1253.5,474.29998779296875,610.6370849609375,833.4000244140625,1185.4666748046875,1095.3499755859375,1155.75,261.5,131.5,467.1000061035156
2017-06-12,1243.5999755859375,481.92498779296875,603.2081298828125,834.375,1157.7332763671875,1099.6500244140625,1150.699951171875,260.29998779296875,131.625,456.25
2017-06-13,1225.7750244140625,478.8999938964844,600.8765869140625,838.3499755859375,1159.3333740234375,1102.75,1149.699951171875,259.04998779296875,133.3333282470703,449.54998779296875
2017-06-14,1235.0999755859375,479.29998779296875,620.6033325195312,835.5999755859375,1176.300048828125,1113.699951171875,1149.5999755859375,257.04998779296875,133.2916717529297,451.95001220703125
2017-06-15,1205.5999755859375,476.04998779296875,632.6953735351562,832.1749877929688,1156.9000244140625,1104.0,1140.300048828125,254.1999969482422,132.5416717529297,448.29998779296875
2017-06-16,1199.8499755859375,470.125,634.9126586914062,834.625,1151.13330078125,1091.800048828125,1145.4000244140625,255.6999969482422,133.8333282470703,455.75
2017-06-19,1215.8499755859375,464.92498779296875,644.26171875,846.4500122070312,1170.5333251953125,1095.6500244140625,1154.1500244140625,253.9499969482422,134.125,452.3500061035156
2017-06-20,1222.5,471.7749938964844,645.6788940429688,843.2750244140625,1167.0,1093.050048828125,1149.449951171875,253.5500030517578,132.4583282470703,467.3999938964844
2017-06-21,1203.1500244140625,471.67498779296875,650.090576171875,849.3499755859375,1169.4666748046875,1123.449951171875,1155.4000244140625,250.4499969482422,133.1666717529297,457.29998779296875
2017-06-22,1197.425048828125,470.07501220703125,654.9594116210938,849.0,1157.5999755859375,1094.050048828125,1162.550048828125,245.6999969482422,132.4583282470703,452.70001220703125
2017-06-23,1180.8499755859375,471.625,656.4223022460938,839.3250122070312,1148.4666748046875,1097.9000244140625,1153.6500244140625,244.89999389648438,131.5416717529297,443.1499938964844
2017-06-27,1171.425048828125,463.5249938964844,657.0166015625,833.8250122070312,1134.4666748046875,1092.0999755859375,1134.1500244140625,244.35000610351562,131.5833282470703,442.29998779296875
2017-06-28,1175.0250244140625,462.3500061035156,639.34716796875,833.2249755859375,1135.5,1090.0,1109.1500244140625,245.75,133.0416717529297,442.5
2017-06-29,1166.625,465.1000061035156,636.695556640625,831.5250244140625,1135.7667236328125,1088.0999755859375,1104.550048828125,245.14999389648438,132.2083282470703,435.6000061035156
2017-06-30,1181.175048828125,467.7749938964844,630.8895874023438,826.0250244140625,1125.066650390625,1079.5999755859375,1102.949951171875,244.25,132.4583282470703,432.54998779296875
2017-07-03,1186.800048828125,475.95001220703125,631.3695678710938,829.2999877929688,1124.8333740234375,1097.75,1120.25,248.85000610351562,130.625,430.25
2017-07-04,1183.425048828125,481.07501220703125,650.0676879882812,826.6749877929688,1122.2332763671875,1088.0999755859375,1108.550048828125,246.75,131.7083282470703,426.8999938964844
2017-07-05,1178.0,475.45001220703125,659.5310668945312,824.375,1130.199951171875,1096.699951171875,1126.6500244140625,247.5,132.5,431.75
2017-07-06,1173.7750244140625,473.5,659.4853515625,829.0750122070312,1131.7332763671875,1092.5,1132.1500244140625,251.4499969482422,131.7083282470703,437.1000061035156
2017-07-07,1165.9749755859375,467.70001220703125,681.70361328125,833.5999755859375,1136.2667236328125,1097.699951171875,1115.449951171875,251.10000610351562,132.5416717529297,436.8500061035156
2017-07-10,1217.4749755859375,478.5249938964844,682.4807739257812,838.1749877929688,1154.7667236328125,1096.25,1127.75,258.79998779296875,133.375,446.95001220703125
2017-07-11,1237.9000244140625,487.67498779296875,683.1665649414062,840.2000122070312,1160.7332763671875,1106.449951171875,1131.75,254.5,136.0833282470703,456.95001220703125
2017-07-12,1219.7249755859375,486.17498779296875,690.8240966796875,840.625,1159.699951171875,1131.6500244140625,1133.699951171875,253.4499969482422,136.7083282470703,461.0
2017-07-13,1223.199951171875,488.5249938964844,695.8529052734375,841.7750244140625,1175.0999755859375,1134.699951171875,1125.5,253.64999389648438,136.5833282470703,459.04998779296875
2017-07-14,1198.7249755859375,486.0249938964844,701.1788940429688,839.9749755859375,1171.199951171875,1139.300048828125,1117.3499755859375,250.4499969482422,139.4166717529297,451.29998779296875
2017-07-17,1197.7249755859375,492.0249938964844,709.4078979492188,841.1749877929688,1171.25,1152.949951171875,1125.449951171875,247.0,140.4583282470703,454.1499938964844
2017-07-18,1204.175048828125,492.79998779296875,694.84716796875,841.7750244140625,1177.9000244140625,1157.8499755859375,1146.5999755859375,248.5,139.625,456.1499938964844
2017-07-19,1224.800048828125,489.92498779296875,700.8131713867188,846.1500244140625,1181.300048828125,1154.3499755859375,1155.8499755859375,254.6999969482422,139.8333282470703,460.6000061035156
2017-07-20,1222.3499755859375,484.7250061035156,698.961669921875,855.4500122070312,1185.6500244140625,1152.9000244140625,1155.550048828125,255.3000030517578,137.875,460.1499938964844
2017-07-21,1245.5999755859375,490.04998779296875,724.6087036132812,851.5250244140625,1179.25,1158.6500244140625,1156.0999755859375,262.3500061035156,137.3333282470703,464.6000061035156
2017-07-24,1265.3499755859375,495.2749938964844,738.43798828125,867.5499877929688,1178.0,1159.3499755859375,1155.75,261.54998779296875,136.7083282470703,464.0
2017-07-25,1285.75,496.92498779296875,732.4490966796875,869.8250122070312,1170.8499755859375,1149.5999755859375,1150.0999755859375,258.29998779296875,136.5833282470703,456.1000061035156
2017-07-26,1278.0,497.0249938964844,741.86669921875,873.7750244140625,1180.25,1164.550048828125,1134.0,260.6499938964844,138.625,457.29998779296875
2017-07-27,1240.8499755859375,485.5249938964844,729.0889282226562,894.8250122070312,1182.050048828125,1171.9000244140625,1148.800048828125,255.25,137.8333282470703,445.3999938964844
2017-07-28,1242.1500244140625,498.67498779296875,728.9288940429688,889.25,1161.4000244140625,1153.8499755859375,1153.25,251.5500030517578,136.5833282470703,445.8500061035156
2017-07-31,1245.9000244140625,505.6000061035156,738.4151000976562,892.2000122070312,1193.949951171875,1155.75,1161.699951171875,249.10000610351562,136.8333282470703,444.6000061035156
2017-08-01,1250.824951171875,502.7749938964844,733.1119995117188,898.5999755859375,1190.050048828125,1173.949951171875,1148.199951171875,251.4499969482422,137.6666717529297,446.8999938964844
2017-08-02,1236.9000244140625,496.67498779296875,744.8154296875,895.8250122070312,1176.800048828125,1168.75,1144.5,250.85000610351562,143.2083282470703,440.3500061035156
2017-08-03,1244.7249755859375,492.0,754.3701782226562,889.9749755859375,1174.75,1169.9000244140625,1146.0999755859375,241.75,143.7916717529297,431.45001220703125
2017-08-04,1261.4000244140625,491.875,741.5924072265625,895.125,1175.8499755859375,1192.0999755859375,1157.300048828125,249.1999969482422,147.7916717529297,435.6000061035156
2017-08-07,1251.7249755859375,484.125,738.9408569335938,894.2750244140625,1179.949951171875,1186.300048828125,1149.6500244140625,251.5,145.375,430.0
2017-08-08,1251.5250244140625,481.92498779296875,732.6319580078125,888.9500122070312,1171.199951171875,1191.0,1147.3499755859375,245.0500030517578,142.625,430.0
2017-08-09,1256.0,484.67498779296875,730.9175415039062,882.2249755859375,1153.9000244140625,1185.3499755859375,1155.550048828125,242.5,144.7083282470703,416.04998779296875
2017-08-10,1255.7249755859375,490.625,724.3115234375,880.2249755859375,1157.699951171875,1170.699951171875,1151.0999755859375,238.9499969482422,143.875,380.20001220703125
2017-08-11,1248.0250244140625,493.8500061035156,706.8934936523438,874.5250244140625,1131.949951171875,1152.800048828125,1143.9000244140625,235.89999389648438,140.7083282470703,374.5
2017-08-14,1234.699951171875,490.7250061035156,719.1455078125,878.5999755859375,1146.9000244140625,1155.699951171875,1154.0,238.14999389648438,143.125,375.3999938964844
2017-08-16,1246.175048828125,487.6000061035156,715.96826171875,890.625,1142.25,1186.3499755859375,1141.300048828125,237.9499969482422,141.75,389.25
2017-08-17,1242.824951171875,510.42498779296875,716.4254150390625,882.7000122070312,1134.0,1177.300048828125,1134.949951171875,246.9499969482422,147.3333282470703,385.29998779296875
2017-08-18,1256.9000244140625,461.625,720.2198486328125,876.0750122070312,1130.5999755859375,1202.199951171875,1140.0,243.35000610351562,144.5,380.3999938964844
2017-08-21,1264.4000244140625,436.70001220703125,715.1910400390625,871.5999755859375,1127.0999755859375,1191.449951171875,1134.449951171875,238.4499969482422,143.3333282470703,374.3500061035156
2017-08-22,1248.7750244140625,437.70001220703125,713.202392578125,873.5,1117.699951171875,1199.5999755859375,1129.449951171875,240.5500030517578,139.75,373.6000061035156
2017-08-23,1244.7249755859375,446.3999938964844,723.260009765625,886.2249755859375,1124.1500244140625,1188.1500244140625,1141.300048828125,241.10000610351562,141.875,379.95001220703125
2017-08-24,1248.300048828125,456.07501220703125,716.8596801757812,881.25,1131.699951171875,1179.699951171875,1135.5999755859375,241.3000030517578,140.8333282470703,384.1499938964844
2017-08-28,1243.6500244140625,470.5,716.1739501953125,881.125,1138.9000244140625,1199.699951171875,1155.9000244140625,243.60000610351562,144.4166717529297,379.29998779296875
2017-08-29,1235.425048828125,463.7250061035156,700.4474487304688,873.0750122070312,1130.050048828125,1190.449951171875,1151.699951171875,238.25,140.3333282470703,376.1000061035156
2017-08-30,1242.2750244140625,463.32501220703125,715.0538940429688,884.2750244140625,1139.6500244140625,1204.300048828125,1153.3499755859375,241.8000030517578,139.9583282470703,378.5
2017-08-31,1248.175048828125,457.4750061035156,728.9517822265625,888.2249755859375,1136.300048828125,1219.75,1168.550048828125,237.39999389648438,140.625,376.54998779296875
2017-09-01,1228.2249755859375,459.9750061035156,736.0835571289062,883.7999877929688,1139.199951171875,1216.1500244140625,1215.9000244140625,238.64999389648438,140.2083282470703,390.8500061035156
2017-09-04,1228.0999755859375,450.1000061035156,737.5693359375,875.4500122070312,1130.6500244140625,1197.1500244140625,1197.050048828125,246.5,140.2083282470703,383.3999938964844
2017-09-05,1242.175048828125,450.95001220703125,746.3698120117188,877.6749877929688,1126.6500244140625,1205.199951171875,1206.3499755859375,253.85000610351562,141.25,388.1499938964844
2017-09-06,1226.5999755859375,447.79998779296875,752.2214965820312,879.9500122070312,1117.5999755859375,1206.4000244140625,1206.050048828125,255.8000030517578,141.625,382.70001220703125
2017-09-07,1230.050048828125,447.875,748.0155639648438,883.2750244140625,1129.0999755859375,1208.75,1198.6500244140625,253.3000030517578,141.75,378.1499938964844
2017-09-08,1235.300048828125,442.1499938964844,746.9183959960938,893.8250122070312,1172.4000244140625,1207.550048828125,1203.949951171875,255.0,139.7916717529297,375.04998779296875
2017-09-11,1227.2249755859375,439.3500061035156,747.8327026367188,911.6749877929688,1217.8499755859375,1219.9000244140625,1238.050048828125,257.04998779296875,142.125,375.29998779296875
2017-09-12,1244.2249755859375,442.0249938964844,753.1815795898438,917.5999755859375,1230.25,1249.800048828125,1256.3499755859375,257.54998779296875,141.9583282470703,388.25
2017-09-13,1244.5999755859375,441.875,776.2684936523438,920.9249877929688,1223.3499755859375,1250.949951171875,1254.949951171875,256.3500061035156,140.7916717529297,389.6499938964844
2017-09-14,1243.4749755859375,446.20001220703125,771.5596313476562,919.7000122070312,1214.199951171875,1247.8499755859375,1246.050048828125,255.0500030517578,140.5416717529297,404.3999938964844
2017-09-15,1253.0250244140625,454.125,769.685302734375,924.4749755859375,1212.4000244140625,1246.0,1245.5,259.79998779296875,139.4583282470703,401.75
2017-09-18,1249.5250244140625,454.54998779296875,773.114013671875,930.2249755859375,1237.949951171875,1280.050048828125,1255.949951171875,264.54998779296875,140.0,404.95001220703125
2017-09-19,1249.125,456.125,766.7593994140625,924.8499755859375,1225.9000244140625,1279.300048828125,1253.300048828125,258.54998779296875,140.8333282470703,423.6499938964844
2017-09-20,1246.7750244140625,456.3500061035156,774.5769653320312,924.4249877929688,1235.949951171875,1259.3499755859375,1237.300048828125,256.54998779296875,139.8333282470703,414.79998779296875
2017-09-21,1262.449951171875,454.7749938964844,769.2738037109375,919.5499877929688,1228.050048828125,1256.699951171875,1229.0999755859375,254.0500030517578,140.1666717529297,413.6499938964844
2017-09-22,1251.800048828125,449.1499938964844,747.3755493164062,912.0499877929688,1184.800048828125,1239.199951171875,1213.25,253.8000030517578,138.3333282470703,411.79998779296875
2017-09-25,1255.375,447.67498779296875,751.1700439453125,899.875,1165.199951171875,1247.1500244140625,1196.949951171875,257.04998779296875,138.5416717529297,408.20001220703125
2017-09-26,1237.324951171875,452.95001220703125,749.84423828125,896.1500244140625,1162.9000244140625,1217.3499755859375,1174.0,260.3999938964844,139.125,411.25
2017-09-27,1247.5,449.8999938964844,730.68896484375,888.25,1137.199951171875,1205.9000244140625,1160.0,260.8500061035156,137.5,404.8999938964844
2017-09-28,1238.2249755859375,448.0,719.0769653320312,897.6500244140625,1133.3499755859375,1202.800048828125,1130.0,267.79998779296875,138.375,401.3999938964844
2017-09-29,1217.9749755859375,449.95001220703125,714.00244140625,902.8499755859375,1142.050048828125,1173.9000244140625,1131.699951171875,270.8500061035156,139.5416717529297,401.5
2017-10-03,1224.2249755859375,451.7749938964844,729.95751953125,904.4249877929688,1134.9000244140625,1186.3499755859375,1148.800048828125,272.0,140.3333282470703,416.0
2017-10-04,1221.1500244140625,449.79998779296875,748.7013549804688,898.5,1138.300048828125,1197.5,1154.050048828125,270.0,140.0416717529297,423.54998779296875
2017-10-05,1214.800048828125,451.5249938964844,753.5473022460938,899.2999877929688,1132.050048828125,1187.6500244140625,1153.25,273.25,142.5833282470703,423.29998779296875
2017-10-06,1223.324951171875,460.07501220703125,765.3422241210938,900.0499877929688,1141.800048828125,1207.300048828125,1157.300048828125,276.70001220703125,146.7083282470703,424.8500061035156
2017-10-09,1227.050048828125,461.95001220703125,759.490478515625,897.75,1140.949951171875,1220.25,1158.5999755859375,281.3500061035156,145.75,425.6000061035156
2017-10-10,1229.625,467.7250061035156,770.96533203125,901.3499755859375,1142.699951171875,1209.199951171875,1163.0,285.6499938964844,146.25,423.6000061035156
2017-10-11,1250.175048828125,465.3500061035156,768.1766357421875,895.0750122070312,1133.8499755859375,1218.050048828125,1160.5999755859375,282.95001220703125,145.7083282470703,415.5
2017-10-12,1274.0999755859375,463.6499938964844,797.98388671875,909.4000244140625,1143.6500244140625,1241.0,1158.800048828125,282.3999938964844,147.25,420.1499938964844
2017-10-13,1279.300048828125,465.04998779296875,801.3668823242188,925.4000244140625,1138.6500244140625,1248.5999755859375,1174.25,287.25,146.5416717529297,424.79998779296875
2017-10-16,1292.199951171875,469.5,801.6869506835938,928.5750122070312,1144.699951171875,1281.300048828125,1171.050048828125,290.70001220703125,146.2083282470703,437.04998779296875
2017-10-17,1297.2750244140625,465.25,799.4468383789062,925.625,1148.75,1282.1500244140625,1197.1500244140625,290.04998779296875,146.5833282470703,432.29998779296875
2017-10-18,1293.300048828125,462.17498779296875,836.1572875976562,934.25,1141.4000244140625,1263.949951171875,1179.6500244140625,290.0,148.375,433.20001220703125
2017-10-19,1291.949951171875,463.4750061035156,831.9513549804688,924.2000122070312,1139.75,1257.699951171875,1178.5,285.79998779296875,145.875,426.95001220703125
2017-10-23,1293.949951171875,469.75,859.244140625,931.6500244140625,1135.75,1249.949951171875,1174.1500244140625,289.8500061035156,147.4583282470703,422.75
2017-10-24,1289.199951171875,463.25,854.21533203125,933.5499877929688,1142.550048828125,1270.050048828125,1222.9000244140625,289.70001220703125,151.375,416.04998779296875
2017-10-25,1279.949951171875,467.6499938964844,859.38134765625,897.5499877929688,1204.199951171875,1272.449951171875,1201.699951171875,289.1499938964844,152.7916717529297,421.95001220703125
2017-10-26,1269.425048828125,473.67498779296875,866.2388305664062,897.6749877929688,1223.5,1273.699951171875,1191.1500244140625,293.3500061035156,153.875,419.3999938964844
2017-10-27,1292.1500244140625,473.17498779296875,850.1922607421875,895.5250244140625,1224.6500244140625,1260.1500244140625,1184.550048828125,289.1499938964844,151.625,429.8999938964844
2017-10-30,1308.0999755859375,472.04998779296875,861.7586059570312,907.5,1236.949951171875,1234.199951171875,1182.550048828125,288.8999938964844,152.1666717529297,436.54998779296875
2017-10-31,1312.0,460.92498779296875,860.2499389648438,904.25,1222.300048828125,1237.449951171875,1180.8499755859375,286.45001220703125,151.0416717529297,428.3999938964844
2017-11-01,1301.425048828125,463.5249938964844,870.9476318359375,910.5999755859375,1215.300048828125,1258.0,1175.949951171875,286.54998779296875,150.625,437.75
2017-11-02,1313.074951171875,461.45001220703125,865.50732421875,911.0499877929688,1210.949951171875,1241.5,1178.4000244140625,291.20001220703125,150.2083282470703,434.8999938964844
2017-11-03,1310.050048828125,463.32501220703125,864.3187255859375,915.3499755859375,1235.0,1239.5,1172.449951171875,286.54998779296875,151.625,447.70001220703125
2017-11-06,1332.7750244140625,464.3500061035156,852.615234375,914.2999877929688,1224.699951171875,1240.5999755859375,1162.3499755859375,286.3500061035156,149.375,462.8999938964844
2017-11-07,1355.0250244140625,477.75,829.0254516601562,911.8499755859375,1211.050048828125,1234.199951171875,1141.449951171875,284.6499938964844,148.6666717529297,451.8500061035156
2017-11-08,1367.5,476.1499938964844,811.7445678710938,912.9749755859375,1218.199951171875,1235.300048828125,1172.199951171875,288.04998779296875,146.9583282470703,438.20001220703125
2017-11-09,1368.199951171875,477.25,823.3566284179688,913.9249877929688,1215.9000244140625,1252.9000244140625,1195.5999755859375,283.25,148.375,440.1499938964844
2017-11-10,1354.375,481.0249938964844,808.1329956054688,911.0,1264.949951171875,1290.6500244140625,1178.5999755859375,284.3500061035156,147.125,422.54998779296875
2017-11-13,1379.4749755859375,475.9750061035156,800.2697143554688,906.7750244140625,1240.550048828125,1279.5,1174.949951171875,274.95001220703125,147.4583282470703,418.1000061035156
2017-11-14,1357.300048828125,474.54998779296875,810.7388305664062,901.1749877929688,1210.199951171875,1283.9000244140625,1155.050048828125,274.1499938964844,147.5416717529297,414.29998779296875
2017-11-15,1352.6500244140625,475.8999938964844,807.995849609375,900.125,1209.5,1265.0,1181.550048828125,272.3500061035156,145.1666717529297,408.6499938964844
2017-11-16,1373.324951171875,494.20001220703125,826.4196166992188,903.8499755859375,1219.300048828125,1276.5,1179.550048828125,268.3500061035156,147.0416717529297,413.45001220703125
2017-11-17,1353.6500244140625,485.4750061035156,833.780029296875,912.7750244140625,1222.800048828125,1278.1500244140625,1171.300048828125,272.79998779296875,147.9583282470703,421.79998779296875
2017-11-20,1351.7249755859375,480.2749938964844,841.9632568359375,919.0750122070312,1229.800048828125,1274.5,1166.3499755859375,278.3500061035156,150.375,423.0
2017-11-21,1336.4749755859375,483.125,852.6609497070312,923.125,1222.6500244140625,1277.3499755859375,1160.300048828125,273.79998779296875,152.4583282470703,424.25
2017-11-22,1340.324951171875,483.1499938964844,851.0151977539062,927.625,1222.699951171875,1270.449951171875,1174.300048828125,271.79998779296875,151.5416717529297,428.6000061035156
2017-11-23,1340.625,495.625,865.8731079101562,921.4249877929688,1215.949951171875,1267.5,1159.5999755859375,270.45001220703125,150.3333282470703,426.25
2017-11-24,1344.0250244140625,504.7749938964844,869.621826171875,925.7000122070312,1218.5,1265.949951171875,1159.5999755859375,271.5,150.25,425.5
2017-11-27,1342.925048828125,499.375,869.8504028320312,928.7750244140625,1224.75,1260.300048828125,1156.5,271.6499938964844,155.2916717529297,421.3999938964844
2017-11-28,1342.6500244140625,492.3500061035156,862.5357666015625,932.6749877929688,1211.699951171875,1267.8499755859375,1171.0,274.3500061035156,152.3333282470703,415.95001220703125
2017-11-29,1329.074951171875,491.3500061035156,864.958740234375,936.6500244140625,1217.8499755859375,1276.1500244140625,1153.8499755859375,276.29998779296875,151.6666717529297,413.95001220703125
2017-11-30,1318.5,488.04998779296875,842.6033325195312,926.8499755859375,1216.550048828125,1272.449951171875,1146.75,275.79998779296875,150.9583282470703,404.1499938964844
2017-12-01,1314.9749755859375,479.3999938964844,832.1342163085938,924.0999755859375,1211.6500244140625,1250.5,1133.75,272.04998779296875,151.0833282470703,398.8999938964844
2017-12-04,1316.175048828125,492.67498779296875,824.3623657226562,917.0499877929688,1217.5,1268.5999755859375,1121.0,265.8999938964844,150.1666717529297,403.6499938964844
2017-12-05,1317.7750244140625,492.17498779296875,835.42578125,910.2249755859375,1209.9000244140625,1261.0,1115.0,265.25,147.5833282470703,402.25
2017-12-06,1316.6500244140625,495.1499938964844,847.2664184570312,901.6500244140625,1191.25,1275.5999755859375,1104.3499755859375,265.1000061035156,146.375,397.04998779296875
2017-12-07,1308.625,499.8999938964844,851.7466430664062,904.8250122070312,1218.4000244140625,1291.949951171875,1144.4000244140625,262.79998779296875,150.25,402.0
2017-12-08,1300.75,500.92498779296875,842.1004028320312,920.2000122070312,1220.3499755859375,1326.6500244140625,1135.5,264.8500061035156,150.3333282470703,411.1499938964844
2017-12-11,1330.550048828125,502.6499938964844,837.6658935546875,923.2000122070312,1221.8499755859375,1324.050048828125,1125.8499755859375,269.8500061035156,148.625,410.1499938964844
2017-12-12,1306.074951171875,505.25,837.1630249023438,909.9500122070312,1202.9000244140625,1314.6500244140625,1117.4000244140625,263.3999938964844,146.5833282470703,406.8500061035156
2017-12-13,1314.199951171875,501.875,836.29443359375,910.6749877929688,1189.25,1315.050048828125,1116.550048828125,263.1499938964844,146.7083282470703,401.95001220703125
2017-12-14,1278.9000244140625,506.54998779296875,842.5576171875,919.0250244140625,1188.800048828125,1321.5999755859375,1123.449951171875,262.8500061035156,147.75,402.3999938964844
2017-12-15,1272.800048828125,511.45001220703125,840.95751953125,936.7249755859375,1203.550048828125,1324.550048828125,1118.699951171875,271.0,147.875,405.1000061035156
2017-12-18,1290.25,508.29998779296875,842.1004028320312,939.4749755859375,1217.9000244140625,1331.75,1137.1500244140625,267.6499938964844,148.125,405.79998779296875
2017-12-19,1287.6500244140625,501.9750061035156,846.6264038085938,942.25,1219.9000244140625,1349.699951171875,1137.699951171875,267.6000061035156,150.0416717529297,420.1000061035156
2017-12-20,1294.4749755859375,507.92498779296875,839.4945678710938,934.0750122070312,1232.5,1362.6500244140625,1135.5,269.45001220703125,148.7083282470703,422.6000061035156
2017-12-21,1297.8499755859375,511.0249938964844,834.7400512695312,934.1500244140625,1258.800048828125,1348.449951171875,1137.9000244140625,267.8999938964844,150.0833282470703,420.79998779296875
2017-12-22,1323.375,519.6749877929688,841.5518188476562,938.3250122070312,1266.1500244140625,1356.5,1138.0,265.8999938964844,149.7916717529297,422.0
2017-12-26,1324.7249755859375,517.7999877929688,850.1465454101562,934.1749877929688,1269.699951171875,1348.0999755859375,1150.75,263.75,148.7083282470703,424.20001220703125
2017-12-27,1309.949951171875,517.125,844.6148681640625,928.375,1257.8499755859375,1352.449951171875,1149.050048828125,262.54998779296875,147.9166717529297,422.45001220703125
2017-12-28,1313.4749755859375,516.625,845.0263061523438,939.0250244140625,1252.75,1354.5,1144.4000244140625,263.1499938964844,146.7916717529297,418.6000061035156
2017-12-29,1350.5999755859375,521.0250244140625,842.1461181640625,936.2000122070312,1258.25,1367.8499755859375,1158.5,262.95001220703125,147.5,431.8500061035156
2018-01-01,1322.800048828125,516.7750244140625,831.814208984375,927.25,1260.699951171875,1344.5,1143.6500244140625,266.6499938964844,147.125,424.45001220703125
2018-01-02,1315.5999755859375,514.8499755859375,833.09423828125,936.1749877929688,1249.75,1338.5999755859375,1142.75,270.04998779296875,149.0833282470703,439.29998779296875
2018-01-03,1319.324951171875,510.6499938964844,836.4315795898438,926.3250122070312,1275.300048828125,1350.3499755859375,1141.9000244140625,271.8500061035156,147.5416717529297,433.8999938964844
2018-01-04,1328.550048828125,507.70001220703125,841.4603881835938,929.9500122070312,1315.699951171875,1352.25,1172.050048828125,277.79998779296875,147.5833282470703,429.95001220703125
2018-01-05,1344.5999755859375,506.0,844.1576538085938,931.7999877929688,1314.9000244140625,1356.550048828125,1185.25,278.75,147.9166717529297,431.6000061035156
2018-01-08,1357.199951171875,518.0250244140625,849.003662109375,930.2999877929688,1338.25,1368.4000244140625,1182.0,287.45001220703125,148.0416717529297,433.54998779296875
2018-01-09,1354.5,520.6749877929688,860.3413696289062,931.8499755859375,1332.75,1361.300048828125,1193.050048828125,304.04998779296875,147.25,437.54998779296875
2018-01-10,1403.300048828125,526.125,861.6214599609375,932.0999755859375,1323.75,1365.800048828125,1177.4000244140625,308.29998779296875,144.9583282470703,433.29998779296875
2018-01-11,1395.25,537.9000244140625,857.41552734375,936.2750244140625,1323.550048828125,1378.6500244140625,1188.949951171875,308.1000061035156,144.5833282470703,434.75
2018-01-12,1388.175048828125,539.2249755859375,867.7017211914062,932.6500244140625,1329.1500244140625,1374.0,1189.699951171875,309.0,143.75,437.1000061035156
2018-01-15,1373.050048828125,540.5750122070312,867.8388671875,948.875,1325.949951171875,1367.199951171875,1204.050048828125,305.8999938964844,144.125,432.3500061035156
2018-01-16,1425.425048828125,561.4249877929688,843.8833618164062,950.0750122070312,1326.199951171875,1382.0,1188.75,291.6000061035156,144.375,421.8999938964844
2018-01-17,1444.4749755859375,576.0499877929688,845.3005981445312,945.25,1353.3499755859375,1371.199951171875,1193.75,290.95001220703125,145.2083282470703,422.95001220703125
2018-01-18,1459.0999755859375,576.3499755859375,840.9118041992188,967.1500244140625,1360.800048828125,1356.949951171875,1188.25,283.04998779296875,143.4583282470703,418.95001220703125
2018-01-19,1479.6500244140625,571.7249755859375,851.51806640625,976.0999755859375,1371.449951171875,1362.449951171875,1189.9000244140625,284.0,143.9583282470703,418.04998779296875
2018-01-22,1558.199951171875,575.0,888.2742309570312,981.6749877929688,1398.8499755859375,1355.0999755859375,1176.0,285.04998779296875,143.6666717529297,421.8999938964844
2018-01-23,1551.0,588.5499877929688,899.0176391601562,975.6500244140625,1410.699951171875,1368.3499755859375,1169.9000244140625,293.1000061035156,143.9166717529297,418.0
2018-01-24,1587.300048828125,592.9000244140625,883.5654296875,978.8250122070312,1401.199951171875,1365.9000244140625,1151.050048828125,294.54998779296875,145.0,403.6000061035156
2018-01-25,1560.5250244140625,587.7000122070312,883.1539916992188,987.4749755859375,1416.5,1372.75,1150.449951171875,299.3999938964844,143.2916717529297,400.29998779296875
2018-01-29,1599.425048828125,591.4500122070312,881.8739013671875,999.8250122070312,1431.949951171875,1397.300048828125,1152.050048828125,301.75,142.5416717529297,399.25
2018-01-30,1576.425048828125,585.3250122070312,868.9818115234375,997.75,1429.9000244140625,1400.25,1126.699951171875,305.8999938964844,141.9166717529297,395.8500061035156
2018-01-31,1556.175048828125,575.125,878.9480590820312,1002.8499755859375,1416.5,1369.3499755859375,1128.300048828125,299.54998779296875,141.875,399.5
2018-02-01,1569.300048828125,572.2999877929688,862.992919921875,995.5750122070312,1455.5999755859375,1371.25,1153.0,295.6000061035156,140.875,393.6499938964844
2018-02-02,1576.824951171875,571.625,826.8767700195312,974.0,1415.449951171875,1372.199951171875,1137.9000244140625,290.3500061035156,137.6666717529297,383.75
2018-02-05,1551.5999755859375,569.0999755859375,824.865234375,956.9249877929688,1363.6500244140625,1355.75,1134.0999755859375,294.79998779296875,138.5416717529297,395.79998779296875
2018-02-06,1498.625,553.875,815.6762084960938,948.4000244140625,1353.050048828125,1325.3499755859375,1110.25,290.3500061035156,137.75,375.45001220703125
2018-02-07,1477.5250244140625,554.5250244140625,817.7791748046875,936.4000244140625,1333.75,1312.6500244140625,1121.0999755859375,297.6000061035156,137.875,377.79998779296875
2018-02-08,1487.0999755859375,567.125,827.0596313476562,940.4749755859375,1347.4000244140625,1329.550048828125,1124.050048828125,300.0,136.4166717529297,374.8500061035156
2018-02-09,1485.8499755859375,554.5750122070312,820.9336547851562,924.75,1329.25,1333.050048828125,1130.75,300.1499938964844,136.0416717529297,368.75
2018-02-12,1483.6500244140625,551.4000244140625,837.0715942382812,938.3250122070312,1350.5,1344.449951171875,1144.4000244140625,300.6499938964844,137.4166717529297,371.79998779296875
2018-02-14,1455.9000244140625,548.875,853.666748046875,941.5750122070312,1361.199951171875,1349.4000244140625,1139.1500244140625,306.95001220703125,135.7916717529297,376.8500061035156
2018-02-15,1462.925048828125,557.2249755859375,855.4954223632812,940.9500122070312,1350.3499755859375,1358.1500244140625,1135.449951171875,308.1000061035156,136.0,375.79998779296875
2018-02-16,1466.5250244140625,564.0250244140625,842.374755859375,939.2999877929688,1328.4000244140625,1352.0999755859375,1143.8499755859375,303.5,135.6666717529297,370.75
2018-02-19,1461.800048828125,565.875,847.58642578125,939.0999755859375,1295.5,1335.9000244140625,1120.3499755859375,305.3999938964844,135.75,368.75
2018-02-20,1472.375,568.4749755859375,842.1918334960938,931.5999755859375,1290.5999755859375,1331.800048828125,1126.4000244140625,310.3999938964844,136.8333282470703,369.29998779296875
2018-02-21,1521.1500244140625,573.7000122070312,849.735107421875,928.7000122070312,1282.800048828125,1330.5999755859375,1127.199951171875,310.54998779296875,135.25,364.45001220703125
2018-02-22,1525.0999755859375,580.375,845.1634521484375,926.5999755859375,1292.0,1326.449951171875,1118.0999755859375,311.54998779296875,133.9583282470703,358.5
2018-02-23,1537.9000244140625,577.8250122070312,854.21533203125,940.2750244140625,1301.699951171875,1323.1500244140625,1101.800048828125,310.95001220703125,136.2916717529297,360.20001220703125
2018-02-26,1515.8499755859375,569.2999877929688,858.2841186523438,955.7750244140625,1344.25,1333.300048828125,1104.800048828125,314.04998779296875,135.7916717529297,372.04998779296875
2018-02-27,1521.175048828125,575.0999755859375,869.0732421875,951.2750244140625,1338.0999755859375,1346.3499755859375,1110.3499755859375,309.0,137.9583282470703,372.54998779296875
2018-02-28,1517.5250244140625,586.2999877929688,872.7763061523438,942.0999755859375,1318.1500244140625,1317.75,1117.75,309.1499938964844,136.0416717529297,369.8999938964844
2018-03-01,1518.8499755859375,580.375,867.1531372070312,937.1749877929688,1315.199951171875,1324.25,1118.9000244140625,312.8999938964844,135.8333282470703,370.75
2018-03-05,1552.925048828125,577.9500122070312,844.9348754882812,934.9749755859375,1300.699951171875,1299.75,1105.949951171875,305.79998779296875,136.0833282470703,352.04998779296875
2018-03-06,1521.4000244140625,575.6749877929688,832.8199462890625,923.125,1283.4000244140625,1293.199951171875,1101.5999755859375,307.0,136.125,346.5
2018-03-07,1513.7249755859375,572.0499877929688,813.5275268554688,916.2999877929688,1263.300048828125,1293.8499755859375,1107.25,306.95001220703125,136.25,347.79998779296875
2018-03-08,1501.9749755859375,578.3250122070312,833.3685302734375,926.4249877929688,1283.800048828125,1293.1500244140625,1127.5999755859375,305.5,137.75,345.1499938964844
2018-03-09,1517.050048828125,581.7000122070312,834.877197265625,925.5250244140625,1290.5,1300.75,1129.0999755859375,304.04998779296875,137.0,341.5
2018-03-12,1526.074951171875,592.875,850.6036987304688,933.625,1310.050048828125,1324.199951171875,1131.5,297.6499938964844,142.625,352.6000061035156
2018-03-13,1443.4000244140625,591.9000244140625,852.0209350585938,930.125,1302.75,1320.550048828125,1140.300048828125,294.8500061035156,141.1666717529297,353.1499938964844
2018-03-14,1443.449951171875,590.4000244140625,849.4608154296875,932.25,1303.25,1316.9000244140625,1137.0,293.1000061035156,141.4166717529297,354.04998779296875
2018-03-15,1434.8499755859375,591.25,833.6885986328125,940.4000244140625,1295.0999755859375,1299.949951171875,1160.800048828125,295.5,141.5833282470703,353.1000061035156
2018-03-16,1412.8499755859375,585.9500122070312,822.9451904296875,926.5,1269.300048828125,1299.1500244140625,1122.75,278.20001220703125,137.375,339.75
2018-03-19,1415.5,573.375,818.7849731445312,923.625,1279.550048828125,1309.4000244140625,1102.550048828125,272.29998779296875,139.1666717529297,335.70001220703125
2018-03-20,1432.425048828125,582.2750244140625,813.5732421875,919.75,1293.5,1313.25,1106.5,270.25,138.6666717529297,338.79998779296875
2018-03-21,1428.375,583.75,820.0650024414062,929.4500122070312,1309.3499755859375,1315.5999755859375,1103.550048828125,270.8999938964844,141.9583282470703,333.8500061035156
2018-03-22,1415.675048828125,580.6500244140625,830.3512573242188,933.875,1296.25,1311.8499755859375,1107.0999755859375,269.3999938964844,142.4583282470703,338.20001220703125
2018-03-23,1409.074951171875,583.7999877929688,817.322021484375,920.7750244140625,1267.9000244140625,1301.6500244140625,1112.6500244140625,269.95001220703125,141.7083282470703,330.8500061035156
2018-03-26,1408.5,577.625,823.9052124023438,946.7249755859375,1297.4000244140625,1324.300048828125,1117.550048828125,273.45001220703125,141.5416717529297,332.3500061035156
2018-03-27,1423.8499755859375,577.0,822.716552734375,946.2999877929688,1307.550048828125,1332.800048828125,1131.0999755859375,276.20001220703125,142.5416717529297,331.1499938964844
2018-03-28,1424.574951171875,565.9000244140625,807.0814819335938,943.0499877929688,1310.9000244140625,1333.3499755859375,1120.4000244140625,283.29998779296875,141.4166717529297,326.8500061035156
2018-04-02,1454.824951171875,568.5750122070312,816.453369140625,965.5999755859375,1335.949951171875,1351.300048828125,1150.1500244140625,277.5,142.0,339.1499938964844
2018-04-03,1455.625,570.2249755859375,822.4879760742188,957.9500122070312,1330.4000244140625,1348.4000244140625,1152.0999755859375,278.95001220703125,141.125,343.1000061035156
2018-04-04,1455.449951171875,562.0999755859375,818.236328125,941.625,1296.1500244140625,1357.449951171875,1136.0,274.54998779296875,138.7916717529297,355.6000061035156
2018-04-05,1478.9749755859375,573.7750244140625,830.39697265625,954.4500122070312,1328.800048828125,1382.199951171875,1142.9000244140625,277.79998779296875,140.7916717529297,362.20001220703125
2018-04-06,1475.1500244140625,563.5,832.9570922851562,961.7000122070312,1316.550048828125,1374.800048828125,1143.5,275.79998779296875,141.2083282470703,364.1000061035156
2018-04-09,1461.949951171875,555.625,837.5287475585938,969.5250244140625,1327.9000244140625,1391.5999755859375,1157.449951171875,274.45001220703125,141.375,358.29998779296875
2018-04-10,1468.800048828125,556.7000122070312,838.4888305664062,960.4249877929688,1349.9000244140625,1391.5,1156.75,280.8999938964844,140.3333282470703,353.25
2018-04-11,1507.074951171875,562.125,851.1066284179688,959.4249877929688,1352.75,1409.1500244140625,1155.8499755859375,283.3999938964844,140.4166717529297,355.79998779296875
2018-04-12,1569.625,581.2999877929688,849.1408081054688,964.4000244140625,1357.449951171875,1412.75,1165.199951171875,281.5,141.25,358.3999938964844
2018-04-13,1576.6500244140625,585.7249755859375,858.4212646484375,962.5,1354.8499755859375,1410.550048828125,1162.199951171875,285.0,142.4583282470703,357.04998779296875
2018-04-16,1593.824951171875,566.5999755859375,856.7754516601562,971.0499877929688,1368.0999755859375,1419.5,1178.8499755859375,286.1000061035156,145.0833282470703,339.1499938964844
2018-04-17,1583.300048828125,562.5999755859375,863.358642578125,974.25,1359.550048828125,1445.550048828125,1176.0,287.6000061035156,147.4583282470703,336.45001220703125
2018-04-18,1579.550048828125,562.9749755859375,857.6441040039062,966.2999877929688,1360.0999755859375,1450.5,1172.300048828125,285.1000061035156,148.7916717529297,334.79998779296875
2018-04-19,1595.574951171875,566.4249877929688,861.5757446289062,969.5,1385.0,1454.199951171875,1165.0,283.20001220703125,147.9583282470703,334.25
2018-04-20,1701.2249755859375,589.2249755859375,848.4093017578125,977.9500122070312,1365.050048828125,1467.800048828125,1159.3499755859375,292.04998779296875,145.2916717529297,336.0
2018-04-23,1704.324951171875,593.8499755859375,855.8154296875,967.875,1360.0,1452.75,1178.699951171875,289.79998779296875,144.6666717529297,334.04998779296875
2018-04-24,1692.824951171875,577.25,886.9484252929688,967.5,1378.0,1459.6500244140625,1170.0999755859375,290.5,144.0416717529297,331.54998779296875
2018-04-25,1735.125,580.1749877929688,887.3599243164062,960.375,1362.9000244140625,1459.199951171875,1163.050048828125,290.95001220703125,143.2083282470703,328.6000061035156
2018-04-26,1769.625,588.2249755859375,891.79443359375,965.125,1347.199951171875,1491.25,1155.699951171875,290.79998779296875,143.3333282470703,330.25
2018-04-27,1725.9749755859375,592.5999755859375,910.94970703125,961.7000122070312,1377.75,1473.949951171875,1181.5999755859375,286.75,142.2916717529297,336.8999938964844
2018-04-30,1766.050048828125,599.75,880.7767333984375,972.1500244140625,1400.9000244140625,1508.9000244140625,1201.699951171875,285.0,143.4583282470703,340.3999938964844
2018-05-02,1749.875,598.5250244140625,889.3714599609375,984.75,1403.1500244140625,1471.949951171875,1222.300048828125,280.5,142.0,336.04998779296875
2018-05-03,1740.925048828125,591.2750244140625,879.2223510742188,983.9500122070312,1377.75,1452.199951171875,1206.75,276.95001220703125,145.25,333.5
2018-05-04,1740.375,586.5499877929688,872.2277221679688,994.25,1368.699951171875,1464.199951171875,1190.449951171875,271.29998779296875,142.4166717529297,334.3999938964844
2018-05-07,1710.4749755859375,591.5,887.8170776367188,988.7000122070312,1389.1500244140625,1497.9000244140625,1215.25,267.3999938964844,142.0833282470703,335.1499938964844
2018-05-08,1720.5999755859375,582.7750244140625,884.2511596679688,983.5250244140625,1364.9000244140625,1496.050048828125,1209.9000244140625,268.1499938964844,142.8333282470703,332.1499938964844
2018-05-09,1744.6500244140625,585.3499755859375,893.0287475585938,989.2000122070312,1375.6500244140625,1496.0,1222.550048828125,267.3500061035156,142.0,341.95001220703125
2018-05-10,1725.625,584.0,897.0975341796875,996.3499755859375,1362.199951171875,1486.5,1217.699951171875,269.3500061035156,140.4166717529297,333.6000061035156
2018-05-11,1728.4749755859375,590.375,904.503662109375,1005.875,1387.4000244140625,1504.0999755859375,1286.449951171875,271.0,139.5416717529297,330.79998779296875
2018-05-14,1716.7750244140625,594.6500244140625,902.0806274414062,1010.875,1381.75,1503.550048828125,1297.3499755859375,270.04998779296875,143.0416717529297,323.6000061035156
2018-05-15,1741.199951171875,597.2750244140625,895.0859985351562,1018.9000244140625,1374.199951171875,1515.5,1314.6500244140625,263.5,141.75,310.1000061035156
2018-05-16,1746.949951171875,594.9749755859375,874.2391967773438,1011.6749877929688,1362.3499755859375,1574.0999755859375,1323.699951171875,263.5,141.6666717529297,310.25
2018-05-17,1745.9000244140625,591.4500122070312,864.3644409179688,1013.875,1355.949951171875,1569.800048828125,1309.449951171875,271.5,139.25,314.8999938964844
2018-05-18,1751.0250244140625,591.5999755859375,853.849609375,1006.0750122070312,1315.550048828125,1605.800048828125,1308.3499755859375,266.79998779296875,138.8333282470703,304.6000061035156
2018-05-21,1778.375,589.75,851.5637817382812,996.5250244140625,1313.25,1578.6500244140625,1301.699951171875,270.25,137.0,295.8999938964844
2018-05-22,1754.449951171875,596.9249877929688,847.3578491210938,994.9500122070312,1320.1500244140625,1574.300048828125,1286.8499755859375,279.04998779296875,137.625,307.70001220703125
2018-05-23,1747.550048828125,592.4500122070312,834.1000366210938,983.75,1326.9000244140625,1568.0999755859375,1278.5999755859375,276.20001220703125,138.7916717529297,309.45001220703125
2018-05-24,1801.8499755859375,610.5,837.3916015625,993.0,1338.050048828125,1561.0999755859375,1293.5999755859375,280.1000061035156,137.5416717529297,288.6499938964844
2018-05-25,1792.9000244140625,614.1500244140625,841.9175415039062,1004.3499755859375,1342.0,1575.75,1292.3499755859375,275.6000061035156,137.75,294.1499938964844
2018-05-28,1751.0250244140625,607.2000122070312,841.5518188476562,1021.0999755859375,1376.449951171875,1582.8499755859375,1321.8499755859375,284.79998779296875,139.75,296.29998779296875
2018-05-29,1761.75,608.3499755859375,838.8545532226562,1016.2999877929688,1380.5999755859375,1572.699951171875,1299.5,282.3500061035156,138.2916717529297,294.6499938964844
2018-05-30,1757.050048828125,605.8499755859375,837.6201782226562,1024.175048828125,1365.6500244140625,1585.800048828125,1293.8499755859375,289.04998779296875,137.75,288.8999938964844
2018-05-31,1741.050048828125,615.9000244140625,842.4204711914062,1069.7249755859375,1370.4000244140625,1611.449951171875,1304.6500244140625,296.25,139.625,282.5
2018-06-01,1732.449951171875,610.4000244140625,850.8323364257812,1055.300048828125,1372.4000244140625,1588.8499755859375,1293.050048828125,294.6499938964844,136.9583282470703,287.20001220703125
2018-06-04,1744.25,619.7000122070312,860.2499389648438,1023.0999755859375,1357.8499755859375,1563.199951171875,1284.449951171875,292.6000061035156,135.0416717529297,286.6499938964844
2018-06-05,1721.5999755859375,610.4249877929688,866.4674072265625,1031.800048828125,1333.75,1562.800048828125,1273.5999755859375,285.25,134.4166717529297,284.95001220703125
2018-06-06,1725.75,618.7249755859375,872.63916015625,1028.675048828125,1350.550048828125,1571.1500244140625,1262.800048828125,290.6499938964844,135.4166717529297,295.6499938964844
2018-06-07,1735.550048828125,626.2249755859375,888.1370849609375,1031.0999755859375,1355.1500244140625,1603.050048828125,1290.800048828125,288.8999938964844,135.4166717529297,305.3999938964844
2018-06-08,1747.0999755859375,630.0250244140625,900.0234375,1024.675048828125,1343.949951171875,1595.5999755859375,1278.8499755859375,289.8999938964844,134.5416717529297,309.95001220703125
2018-06-11,1749.699951171875,631.2000122070312,898.4690551757812,1021.1500244140625,1343.25,1601.4000244140625,1283.300048828125,287.8999938964844,134.7916717529297,309.75
2018-06-12,1781.0,629.25,911.7268676757812,1021.9249877929688,1366.4000244140625,1638.449951171875,1287.699951171875,283.54998779296875,134.4166717529297,307.79998779296875
2018-06-13,1824.0999755859375,637.4000244140625,916.6185302734375,1015.7249755859375,1358.75,1621.199951171875,1286.4000244140625,284.0,133.5416717529297,308.3999938964844
2018-06-14,1787.550048828125,619.8499755859375,921.6016845703125,1018.7000122070312,1343.0,1609.5999755859375,1286.0999755859375,283.20001220703125,132.0,305.8999938964844
2018-06-15,1840.050048828125,640.625,927.3162231445312,1014.7999877929688,1329.9000244140625,1621.300048828125,1282.199951171875,279.04998779296875,130.0416717529297,302.95001220703125
2018-06-18,1829.0,633.7000122070312,928.5505981445312,1009.5750122070312,1323.199951171875,1608.550048828125,1282.050048828125,274.20001220703125,130.8333282470703,308.79998779296875
2018-06-19,1824.5,620.7999877929688,910.7211303710938,1011.75,1310.4000244140625,1601.0,1269.199951171875,272.95001220703125,130.125,305.04998779296875
2018-06-20,1822.449951171875,621.5750122070312,931.93359375,1028.074951171875,1306.75,1602.4000244140625,1271.300048828125,270.6000061035156,130.875,305.6000061035156
2018-06-21,1819.3499755859375,623.2750244140625,943.545654296875,1028.800048828125,1289.800048828125,1593.449951171875,1253.0,267.70001220703125,129.375,307.0
2018-06-22,1809.800048828125,623.9249877929688,925.7619018554688,1041.675048828125,1299.8499755859375,1608.0999755859375,1267.699951171875,264.8500061035156,131.0833282470703,308.0
2018-06-25,1819.25,636.2249755859375,918.4014892578125,1047.4749755859375,1268.1500244140625,1615.1500244140625,1253.449951171875,259.0,128.875,289.3999938964844
2018-06-26,1852.0,638.9249877929688,895.0859985351562,1046.8499755859375,1270.050048828125,1621.75,1274.5999755859375,265.1499938964844,129.6666717529297,276.8500061035156
2018-06-27,1858.0,635.0,883.1082763671875,1056.300048828125,1232.75,1609.300048828125,1267.1500244140625,265.8999938964844,128.1666717529297,271.04998779296875
2018-06-28,1842.699951171875,644.7999877929688,863.9987182617188,1065.425048828125,1234.949951171875,1602.75,1268.4000244140625,260.6499938964844,130.3333282470703,263.3500061035156
2018-06-29,1847.75,653.5999755859375,889.142822265625,1054.2249755859375,1275.0999755859375,1641.1500244140625,1264.449951171875,264.3500061035156,133.0416717529297,269.29998779296875
2018-07-02,1851.3499755859375,667.3499755859375,878.3079833984375,1036.625,1255.949951171875,1643.449951171875,1293.050048828125,260.54998779296875,127.95833587646484,266.70001220703125
2018-07-03,1874.050048828125,676.875,888.0913696289062,1035.0999755859375,1251.5,1643.5,1291.8499755859375,260.8500061035156,129.1666717529297,269.45001220703125
2018-07-04,1866.1500244140625,672.5999755859375,905.2808227539062,1051.7750244140625,1259.5,1676.0,1289.800048828125,264.3500061035156,127.41666412353516,267.04998779296875
2018-07-05,1880.300048828125,642.0,881.8739013671875,1061.875,1254.449951171875,1688.0,1321.4000244140625,270.29998779296875,126.79166412353516,261.54998779296875
2018-07-06,1912.949951171875,642.125,893.8059692382812,1057.574951171875,1266.300048828125,1678.300048828125,1323.1500244140625,271.20001220703125,125.125,270.8500061035156
2018-07-09,1883.0,649.4249877929688,911.68115234375,1062.824951171875,1288.0,1691.9000244140625,1363.0999755859375,271.1499938964844,126.04166412353516,273.5
2018-07-10,1875.0999755859375,650.7000122070312,937.8310546875,1073.199951171875,1284.5999755859375,1687.0,1370.449951171875,278.45001220703125,128.25,275.45001220703125
2018-07-11,1979.9000244140625,660.2249755859375,949.808837890625,1074.125,1274.75,1718.1500244140625,1359.800048828125,264.79998779296875,127.25,267.79998779296875
2018-07-12,1971.3499755859375,647.1749877929688,989.6279907226562,1082.9749755859375,1299.75,1742.3499755859375,1357.9000244140625,265.25,128.375,266.1000061035156
2018-07-13,1981.0999755859375,658.7000122070312,1005.5831298828125,1090.449951171875,1298.4000244140625,1742.6500244140625,1367.800048828125,267.79998779296875,127.45833587646484,263.6000061035156
2018-07-16,1989.199951171875,666.4249877929688,984.0048828125,1084.425048828125,1283.0999755859375,1751.25,1359.550048828125,261.1499938964844,129.6666717529297,252.10000610351562
2018-07-17,2002.1500244140625,663.9500122070312,998.7713623046875,1088.375,1286.8499755859375,1681.699951171875,1376.25,264.75,129.4166717529297,257.95001220703125
2018-07-18,2000.25,661.2750244140625,998.9542236328125,1088.0999755859375,1292.1500244140625,1643.75,1393.0,262.1499938964844,129.375,251.85000610351562
2018-07-19,1981.4000244140625,658.3499755859375,1010.2005004882812,1093.050048828125,1258.0999755859375,1647.449951171875,1403.0,261.20001220703125,128.7916717529297,252.5
2018-07-20,1996.5999755859375,674.0499877929688,1031.961669921875,1094.5250244140625,1270.3499755859375,1655.8499755859375,1396.449951171875,263.5,129.7083282470703,253.39999389648438
2018-07-23,2005.6500244140625,677.9749755859375,1024.326904296875,1078.2249755859375,1279.1500244140625,1689.6500244140625,1433.199951171875,261.70001220703125,131.7916717529297,258.75
2018-07-24,1999.0,688.5750122070312,1015.7779541015625,1079.875,1324.0,1667.9000244140625,1467.75,266.6499938964844,131.2083282470703,258.79998779296875
2018-07-25,1981.5,691.875,1019.6181030273438,1085.175048828125,1320.699951171875,1652.949951171875,1450.1500244140625,264.6499938964844,125.83333587646484,257.8500061035156
2018-07-26,1964.699951171875,686.625,1015.5036010742188,1096.300048828125,1305.949951171875,1669.949951171875,1433.8499755859375,265.1000061035156,127.79166412353516,258.25
2018-07-27,1943.75,686.7249755859375,1033.058837890625,1101.074951171875,1311.449951171875,1659.0,1434.8499755859375,262.1499938964844,129.125,268.1499938964844
2018-07-30,1944.5999755859375,675.5,1052.7626953125,1084.949951171875,1295.3499755859375,1688.699951171875,1430.199951171875,262.5,129.9166717529297,267.5
2018-07-31,1940.199951171875,682.5499877929688,1084.3985595703125,1089.75,1302.300048828125,1731.6500244140625,1451.4000244140625,261.1000061035156,129.0416717529297,264.1000061035156
2018-08-01,1976.5,677.0250244140625,1090.20458984375,1079.3499755859375,1298.0,1734.300048828125,1437.199951171875,270.6499938964844,129.4583282470703,265.04998779296875
2018-08-02,1948.4000244140625,676.8250122070312,1068.2606201171875,1065.0999755859375,1282.4000244140625,1748.5,1418.4000244140625,273.54998779296875,129.5,260.8500061035156
2018-08-03,1979.449951171875,682.0499877929688,1076.1239013671875,1060.824951171875,1290.0,1763.0,1411.8499755859375,279.25,130.375,258.45001220703125
2018-08-06,1975.550048828125,680.3250122070312,1090.4332275390625,1057.1500244140625,1290.449951171875,1730.300048828125,1397.4000244140625,283.1499938964844,130.625,254.0500030517578
2018-08-07,1967.3499755859375,683.9749755859375,1082.7528076171875,1065.449951171875,1295.300048828125,1730.050048828125,1424.25,275.3999938964844,132.375,251.60000610351562
2018-08-08,1974.0,681.375,1113.3829345703125,1068.175048828125,1298.25,1757.1500244140625,1425.75,276.0,131.875,255.14999389648438
2018-08-09,1974.3499755859375,689.9749755859375,1113.611572265625,1059.25,1284.699951171875,1754.199951171875,1417.3499755859375,280.1000061035156,133.9166717529297,257.8500061035156
2018-08-10,1993.0999755859375,692.7249755859375,1101.0394287109375,1057.2249755859375,1264.6500244140625,1752.699951171875,1418.5999755859375,275.79998779296875,132.9583282470703,250.10000610351562
2018-08-13,2000.1500244140625,704.375,1085.9530029296875,1045.824951171875,1269.050048828125,1728.8499755859375,1399.25,279.04998779296875,131.6666717529297,248.6999969482422
2018-08-14,2003.550048828125,704.1500244140625,1106.8912353515625,1044.550048828125,1253.25,1744.25,1395.0999755859375,282.6499938964844,130.75,248.8000030517578
2018-08-16,2008.5,714.7750244140625,1097.9306640625,1037.8499755859375,1231.6500244140625,1737.4000244140625,1394.800048828125,282.70001220703125,132.125,251.3000030517578
2018-08-17,2012.75,715.1749877929688,1100.6280517578125,1038.675048828125,1240.1500244140625,1784.75,1400.6500244140625,281.3999938964844,131.6666717529297,258.25
2018-08-20,2009.949951171875,692.125,1129.1094970703125,1048.0999755859375,1323.699951171875,1777.0,1409.0999755859375,284.04998779296875,132.125,270.1000061035156
2018-08-21,2017.6500244140625,691.9749755859375,1140.355712890625,1048.0250244140625,1322.550048828125,1752.5,1403.300048828125,291.3999938964844,134.0416717529297,268.79998779296875
2018-08-23,2035.0999755859375,698.7000122070312,1160.69970703125,1039.949951171875,1352.050048828125,1772.800048828125,1394.75,289.04998779296875,136.9583282470703,256.8999938964844
2018-08-24,2043.0,689.1500244140625,1168.06005859375,1034.925048828125,1342.9000244140625,1780.949951171875,1393.5,291.0,136.9166717529297,255.5
2018-08-27,2050.89990234375,707.7000122070312,1180.8607177734375,1040.2249755859375,1356.0999755859375,1792.300048828125,1399.800048828125,293.1499938964844,138.4583282470703,258.79998779296875
2018-08-28,2069.199951171875,712.3499755859375,1206.0048828125,1047.425048828125,1355.5999755859375,1771.199951171875,1407.5,294.70001220703125,140.25,260.0
2018-08-29,2072.0,705.0499877929688,1183.329345703125,1039.25,1351.550048828125,1755.8499755859375,1394.0,286.29998779296875,138.375,261.70001220703125
2018-08-30,2082.39990234375,708.0999755859375,1165.2713623046875,1033.050048828125,1346.550048828125,1772.8499755859375,1378.699951171875,285.6000061035156,141.4166717529297,259.3500061035156
2018-08-31,2078.39990234375,720.5499877929688,1135.28125,1030.5999755859375,1369.550048828125,1780.0999755859375,1372.449951171875,285.95001220703125,142.9166717529297,267.5
2018-09-03,2052.89990234375,717.125,1123.85205078125,1037.5250244140625,1363.0,1699.0999755859375,1361.5999755859375,287.6499938964844,141.25,266.6000061035156
2018-09-04,2098.89990234375,737.1500244140625,1135.5555419921875,1025.9000244140625,1359.300048828125,1651.199951171875,1311.300048828125,279.6000061035156,140.0833282470703,261.95001220703125
2018-09-05,2079.25,729.9000244140625,1121.88623046875,1022.9249877929688,1348.0,1611.699951171875,1321.300048828125,277.6000061035156,139.9583282470703,266.5
2018-09-06,2075.300048828125,727.1500244140625,1153.3392333984375,1026.0999755859375,1347.0999755859375,1608.5999755859375,1314.5,283.6499938964844,140.75,269.95001220703125
2018-09-07,2079.85009765625,732.7999877929688,1169.0657958984375,1028.4749755859375,1347.5,1638.75,1316.0,286.54998779296875,141.2916717529297,277.3999938964844
2018-09-10,2080.75,730.8499755859375,1148.2647705078125,1020.5750122070312,1336.800048828125,1610.300048828125,1293.0999755859375,279.6000061035156,141.0,275.70001220703125
2018-09-11,2046.25,734.2999877929688,1131.6695556640625,1000.2000122070312,1329.6500244140625,1590.6500244140625,1297.8499755859375,283.1000061035156,141.4583282470703,267.29998779296875
2018-09-12,2043.949951171875,742.9000244140625,1145.2017822265625,1005.9249877929688,1352.25,1626.8499755859375,1291.0,281.54998779296875,141.6666717529297,262.3999938964844
2018-09-14,2065.39990234375,733.7000122070312,1145.7960205078125,1014.7999877929688,1358.8499755859375,1629.300048828125,1333.9000244140625,277.3500061035156,145.7916717529297,266.6000061035156
2018-09-17,2074.14990234375,725.9500122070312,1120.8804931640625,996.0999755859375,1344.75,1605.449951171875,1308.6500244140625,274.95001220703125,143.5416717529297,260.25
2018-09-18,2070.75,719.0999755859375,1112.8800048828125,994.5999755859375,1327.9000244140625,1664.949951171875,1292.0999755859375,273.20001220703125,141.4166717529297,251.5
2018-09-19,2077.89990234375,719.75,1107.0283203125,980.6749877929688,1332.9000244140625,1647.0999755859375,1291.3499755859375,280.6499938964844,140.9583282470703,252.60000610351562
2018-09-21,2103.14990234375,705.2999877929688,1113.2000732421875,985.125,1329.699951171875,1621.300048828125,1304.75,275.25,140.2083282470703,250.35000610351562
2018-09-24,2198.449951171875,718.25,1126.503662109375,962.8499755859375,1318.3499755859375,1590.449951171875,1271.949951171875,281.1499938964844,139.9166717529297,240.1999969482422
2018-09-25,2183.199951171875,726.2000122070312,1125.1778564453125,976.2000122070312,1319.050048828125,1630.8499755859375,1289.9000244140625,275.25,141.6666717529297,240.8000030517578
2018-09-26,2142.14990234375,717.8499755859375,1144.1959228515625,984.0999755859375,1332.6500244140625,1610.75,1282.0,272.54998779296875,139.8333282470703,233.35000610351562
2018-09-27,2188.85009765625,724.7999877929688,1146.3446044921875,988.0750122070312,1309.9000244140625,1620.0999755859375,1287.5,276.25,139.9583282470703,225.25
2018-09-28,2183.699951171875,730.0499877929688,1150.184814453125,1003.0250244140625,1272.0999755859375,1608.4000244140625,1293.300048828125,266.25,139.0416717529297,223.6999969482422
2018-10-01,2255.550048828125,746.6500244140625,1126.18359375,1017.7249755859375,1248.0999755859375,1642.300048828125,1279.800048828125,272.79998779296875,141.3333282470703,229.35000610351562
2018-10-03,2162.85009765625,728.5,1101.8623046875,1015.5750122070312,1245.449951171875,1618.8499755859375,1251.75,276.75,139.4583282470703,227.60000610351562
2018-10-04,2064.800048828125,707.2000122070312,1026.10986328125,978.875,1257.9000244140625,1573.949951171875,1224.699951171875,273.29998779296875,139.0,223.25
2018-10-05,2102.64990234375,724.5999755859375,958.9978637695312,982.6500244140625,1227.4000244140625,1558.550048828125,1209.5,263.0,135.75,216.25
2018-10-08,2077.550048828125,714.4500122070312,1014.3607177734375,972.5,1215.3499755859375,1559.3499755859375,1247.800048828125,267.8999938964844,136.2083282470703,212.35000610351562
2018-10-09,2091.800048828125,717.75,996.6683959960938,970.2999877929688,1221.050048828125,1512.449951171875,1201.4000244140625,273.95001220703125,134.75,184.35000610351562
2018-10-10,2043.5999755859375,700.4500122070312,1007.6860961914062,983.5750122070312,1250.6500244140625,1527.6500244140625,1225.949951171875,272.70001220703125,136.9583282470703,188.75
2018-10-11,1979.949951171875,673.3499755859375,994.6111450195312,968.7750244140625,1225.8499755859375,1526.0999755859375,1219.050048828125,266.6000061035156,135.9583282470703,182.9499969482422
2018-10-12,1918.300048828125,678.7999877929688,1030.04150390625,990.9249877929688,1235.25,1569.5999755859375,1261.199951171875,278.6000061035156,136.8333282470703,183.75
2018-10-15,1949.5,698.7999877929688,1042.1107177734375,1004.0250244140625,1216.4000244140625,1526.300048828125,1250.300048828125,275.6499938964844,137.2083282470703,184.35000610351562
2018-10-16,1962.300048828125,695.25,1064.1004638671875,996.375,1224.6500244140625,1546.199951171875,1267.5999755859375,276.3999938964844,136.625,185.85000610351562
2018-10-17,1929.4000244140625,705.3499755859375,1052.6712646484375,987.2999877929688,1211.9000244140625,1562.0,1259.0,279.8999938964844,135.75,179.9499969482422
2018-10-19,1913.199951171875,683.5499877929688,1006.95458984375,983.875,1206.050048828125,1578.4000244140625,1235.4000244140625,275.1499938964844,134.5416717529297,174.6999969482422
2018-10-22,1903.0,679.9500122070312,971.6156616210938,999.4500122070312,1206.5999755859375,1584.9000244140625,1200.4000244140625,275.5,137.375,170.75
2018-10-23,1843.6500244140625,657.5999755859375,964.3467407226562,992.4249877929688,1200.699951171875,1552.050048828125,1138.449951171875,277.3500061035156,137.5,170.64999389648438
2018-10-24,1848.5,649.7999877929688,956.1634521484375,996.125,1218.9000244140625,1585.949951171875,1186.9000244140625,277.25,135.875,170.64999389648438
2018-10-25,1853.0,648.75,942.494140625,984.4000244140625,1201.550048828125,1571.550048828125,1200.050048828125,282.20001220703125,135.25,165.35000610351562
2018-10-26,1799.0999755859375,633.5999755859375,955.38623046875,980.5999755859375,1197.449951171875,1558.25,1190.300048828125,281.1000061035156,132.75,168.5
2018-10-29,1871.0,644.75,994.6111450195312,963.1500244140625,1261.300048828125,1552.9000244140625,1196.050048828125,287.3999938964844,132.4583282470703,175.35000610351562
2018-10-30,1894.800048828125,659.5999755859375,966.44970703125,956.375,1271.25,1593.050048828125,1196.300048828125,275.8500061035156,132.8333282470703,177.25
2018-10-31,1938.1500244140625,686.4000244140625,970.3355712890625,955.875,1297.5,1621.699951171875,1230.4000244140625,266.1499938964844,133.0416717529297,179.10000610351562
2018-11-01,1935.75,666.7000122070312,965.763916015625,956.0999755859375,1326.75,1607.6500244140625,1217.800048828125,261.1000061035156,130.8333282470703,179.4499969482422
2018-11-02,1913.449951171875,662.25,982.8162231445312,974.7249755859375,1358.199951171875,1638.449951171875,1247.0,261.54998779296875,131.6666717529297,190.3000030517578
2018-11-05,1890.8499755859375,666.0,996.89697265625,978.0,1350.1500244140625,1640.050048828125,1244.050048828125,264.3500061035156,127.91666412353516,189.8000030517578
2018-11-06,1932.699951171875,666.4500122070312,1009.5147705078125,973.2750244140625,1363.8499755859375,1631.949951171875,1238.5,265.8999938964844,128.4583282470703,193.25
2018-11-07,1942.1500244140625,675.5,1015.54931640625,978.9749755859375,1365.949951171875,1643.8499755859375,1250.949951171875,266.95001220703125,129.0416717529297,194.85000610351562
2018-11-09,1909.199951171875,659.5,999.777099609375,972.7000122070312,1368.5999755859375,1672.5999755859375,1295.5999755859375,268.45001220703125,128.7083282470703,195.25
2018-11-12,1914.8499755859375,664.2000122070312,987.4793090820312,960.5250244140625,1367.199951171875,1654.300048828125,1278.800048828125,263.8999938964844,127.33333587646484,186.0500030517578
2018-11-13,1934.949951171875,665.7000122070312,1005.2631225585938,963.875,1391.0999755859375,1671.0999755859375,1284.9000244140625,265.54998779296875,130.6666717529297,179.5
2018-11-14,1880.6500244140625,653.2000122070312,1003.8916015625,978.875,1384.699951171875,1715.5,1320.550048828125,265.75,131.125,176.8000030517578
2018-11-15,1872.8499755859375,656.4000244140625,1002.8858642578125,987.5750122070312,1398.5,1706.050048828125,1318.300048828125,263.1499938964844,128.1666717529297,180.1999969482422
2018-11-16,1886.5999755859375,650.8499755859375,1030.8187255859375,1002.1500244140625,1399.050048828125,1689.0999755859375,1321.300048828125,263.6499938964844,128.375,179.89999389648438
2018-11-19,1902.449951171875,651.7000122070312,1051.482666015625,1006.9500122070312,1417.199951171875,1701.4000244140625,1312.1500244140625,264.1499938964844,127.45833587646484,184.60000610351562
2018-11-20,1878.25,641.4000244140625,1039.9620361328125,1006.2249755859375,1413.0999755859375,1694.0,1306.8499755859375,261.45001220703125,124.29166412353516,183.75
2018-11-21,1812.0,619.0999755859375,1017.5608520507812,1009.375,1402.0999755859375,1689.949951171875,1324.199951171875,260.95001220703125,123.20833587646484,184.14999389648438
2018-11-22,1812.550048828125,620.75,1008.371826171875,1002.75,1410.1500244140625,1675.0999755859375,1314.4000244140625,256.6499938964844,121.66666412353516,182.5500030517578
2018-11-26,1846.0999755859375,621.4500122070312,1014.6807250976562,1024.9000244140625,1422.0,1744.0,1349.5,250.75,120.58333587646484,181.75
2018-11-27,1890.25,638.9000244140625,1031.5501708984375,1032.0,1431.5999755859375,1733.300048828125,1339.5999755859375,251.89999389648438,121.45833587646484,180.0500030517578
2018-11-28,1983.9000244140625,666.4000244140625,1053.9056396484375,1044.625,1403.4000244140625,1732.199951171875,1324.25,247.85000610351562,119.54166412353516,174.4499969482422
2018-11-29,1960.550048828125,661.0499877929688,1068.3978271484375,1065.5250244140625,1422.449951171875,1768.5,1350.300048828125,246.89999389648438,118.54166412353516,177.25
2018-11-30,1968.25,667.4500122070312,1067.5291748046875,1064.2249755859375,1432.5,1754.0,1345.949951171875,244.89999389648438,116.91666412353516,171.9499969482422
2018-12-03,1982.4000244140625,670.3499755859375,1057.380126953125,1056.6500244140625,1427.5,1825.5999755859375,1338.699951171875,249.0,120.75,175.4499969482422
2018-12-04,2010.8499755859375,685.25,1053.5855712890625,1042.7750244140625,1419.9000244140625,1807.6500244140625,1329.449951171875,252.25,119.33333587646484,175.75
2018-12-05,2006.75,681.4000244140625,1056.19140625,1049.5999755859375,1394.800048828125,1848.0999755859375,1329.5,245.3000030517578,117.54166412353516,169.1999969482422
2018-12-06,1992.699951171875,668.5,1027.3900146484375,1048.5250244140625,1379.5,1801.5,1295.0999755859375,240.60000610351562,116.5,162.64999389648438
2018-12-07,1995.199951171875,682.7999877929688,1036.67041015625,1053.800048828125,1399.9000244140625,1824.300048828125,1318.6500244140625,236.75,114.875,162.39999389648438
2018-12-10,1975.800048828125,669.2000122070312,996.8512573242188,1044.375,1367.75,1795.800048828125,1274.199951171875,238.14999389648438,113.5,157.10000610351562
2018-12-11,2000.0,674.5,1003.52587890625,1029.7750244140625,1361.4000244140625,1794.9000244140625,1323.5999755859375,242.10000610351562,114.45833587646484,158.10000610351562
2018-12-12,2016.800048828125,678.5,1015.366455078125,1042.6500244140625,1400.300048828125,1839.0999755859375,1330.9000244140625,247.0,117.25,164.10000610351562
2018-12-13,1982.5999755859375,697.75,1012.2120361328125,1050.6500244140625,1426.449951171875,1855.550048828125,1320.199951171875,244.5500030517578,117.54166412353516,166.85000610351562
2018-12-14,1989.75,706.0499877929688,1016.9208374023438,1047.8499755859375,1411.4000244140625,1860.550048828125,1340.949951171875,247.14999389648438,119.58333587646484,166.9499969482422
2018-12-17,1994.300048828125,694.4000244140625,1033.1044921875,1065.0999755859375,1408.0,1850.699951171875,1335.8499755859375,251.4499969482422,121.75,173.9499969482422
2018-12-18,1987.8499755859375,676.5999755859375,1039.0477294921875,1067.7249755859375,1428.5,1840.75,1355.699951171875,251.85000610351562,123.08333587646484,174.75
2018-12-19,1968.449951171875,664.8499755859375,1039.4134521484375,1061.7249755859375,1434.75,1844.800048828125,1400.25,251.0,124.83333587646484,173.89999389648438
2018-12-20,1954.050048828125,667.0499877929688,1031.77880859375,1068.7249755859375,1450.800048828125,1834.25,1425.800048828125,250.5500030517578,124.41666412353516,176.39999389648438
2018-12-21,1895.800048828125,646.2000122070312,1005.9488525390625,1055.574951171875,1420.0,1803.5,1388.199951171875,252.75,125.45833587646484,176.25
2018-12-24,1918.5,649.0,995.845458984375,1040.324951171875,1404.800048828125,1784.6500244140625,1357.050048828125,248.3000030517578,122.0,172.5
2018-12-26,1889.199951171875,644.0499877929688,1004.25732421875,1061.175048828125,1422.6500244140625,1791.5999755859375,1363.0,247.0500030517578,121.29166412353516,170.89999389648438
2018-12-27,1908.949951171875,656.7999877929688,1024.2354736328125,1052.5250244140625,1425.050048828125,1814.9000244140625,1372.5,250.1999969482422,123.58333587646484,168.25
2018-12-28,1896.050048828125,656.9500122070312,1029.127197265625,1061.449951171875,1439.4000244140625,1822.050048828125,1366.0,242.3000030517578,124.875,170.85000610351562
2018-12-31,1893.050048828125,658.9500122070312,1025.195556640625,1060.8499755859375,1437.550048828125,1819.6500244140625,1373.050048828125,240.75,124.20833587646484,172.6999969482422
2019-01-01,1902.800048828125,665.0499877929688,1024.9669189453125,1074.050048828125,1441.9000244140625,1801.0999755859375,1371.550048828125,241.5,123.91666412353516,173.4499969482422
2019-01-02,1923.300048828125,669.0499877929688,1011.6177368164062,1064.25,1425.5,1784.5999755859375,1383.300048828125,236.6999969482422,122.5,168.5500030517578
2019-01-03,1899.949951171875,669.1500244140625,999.1370849609375,1055.9000244140625,1395.0,1788.4000244140625,1388.300048828125,235.0,119.5,166.0500030517578
2019-01-04,1876.8499755859375,661.0499877929688,1004.5316162109375,1058.7249755859375,1388.050048828125,1781.699951171875,1385.8499755859375,236.5,121.45833587646484,170.9499969482422
2019-01-07,1897.9000244140625,671.7000122070312,1010.1090698242188,1060.324951171875,1383.800048828125,1784.949951171875,1396.0,234.5,123.83333587646484,175.35000610351562
2019-01-08,1893.550048828125,670.0499877929688,1010.0176391601562,1051.5,1382.199951171875,1770.8499755859375,1401.25,233.3000030517578,122.45833587646484,179.9499969482422
2019-01-09,1886.949951171875,676.0999755859375,1015.5950927734375,1058.4000244140625,1386.050048828125,1785.0,1402.0,232.64999389648438,122.125,183.0500030517578
2019-01-10,1888.550048828125,679.7000122070312,1012.6234741210938,1054.25,1392.5999755859375,1786.199951171875,1396.3499755859375,233.0,123.41666412353516,185.75
2019-01-11,1842.550048828125,683.5,1003.9830322265625,1055.949951171875,1369.5999755859375,1769.4000244140625,1403.6500244140625,232.25,123.33333587646484,180.3000030517578
2019-01-14,1813.25,701.9000244140625,1002.8401489257812,1050.824951171875,1333.9000244140625,1763.9000244140625,1388.5999755859375,230.89999389648438,121.29166412353516,182.39999389648438
2019-01-15,1867.800048828125,726.5999755859375,1032.8759765625,1060.949951171875,1340.9000244140625,1789.8499755859375,1405.949951171875,232.64999389648438,121.5,185.35000610351562
2019-01-16,1870.1500244140625,736.7999877929688,1038.590576171875,1060.0999755859375,1342.1500244140625,1772.550048828125,1389.75,232.0500030517578,121.95833587646484,185.4499969482422
2019-01-17,1894.300048828125,733.3499755859375,1037.2647705078125,1066.1500244140625,1346.050048828125,1751.5,1389.5999755859375,232.0500030517578,120.75,184.89999389648438
2019-01-18,1900.6500244140625,730.9500122070312,1082.889892578125,1065.125,1317.9000244140625,1744.0999755859375,1400.449951171875,230.0,120.25,183.3000030517578
2019-01-21,1908.699951171875,745.0,1131.6695556640625,1074.074951171875,1314.550048828125,1746.9000244140625,1422.0999755859375,229.0,119.5,181.5
2019-01-22,1901.9000244140625,745.3499755859375,1129.3380126953125,1067.925048828125,1301.1500244140625,1750.199951171875,1406.949951171875,227.75,119.0,180.85000610351562
2019-01-23,1875.5999755859375,731.6500244140625,1121.2462158203125,1052.699951171875,1301.449951171875,1767.199951171875,1396.550048828125,225.5500030517578,117.29166412353516,180.25
2019-01-24,1901.550048828125,732.0,1140.5843505859375,1051.125,1295.3499755859375,1759.5,1401.8499755859375,223.85000610351562,116.70833587646484,175.39999389648438
2019-01-25,1920.800048828125,730.3499755859375,1139.258544921875,1048.0,1285.449951171875,1756.800048828125,1372.1500244140625,220.9499969482422,115.25,173.25
2019-01-28,1955.0,727.9500122070312,1124.2177734375,1042.074951171875,1300.449951171875,1743.0,1379.5,225.1999969482422,115.5,172.3000030517578
2019-01-29,1982.75,727.9000244140625,1106.9368896484375,1028.800048828125,1278.050048828125,1756.699951171875,1393.300048828125,222.5500030517578,115.41666412353516,173.60000610351562
2019-01-30,1981.4000244140625,725.9000244140625,1093.267578125,1017.3499755859375,1294.449951171875,1733.3499755859375,1390.4000244140625,225.1999969482422,115.58333587646484,174.60000610351562
2019-01-31,2014.0999755859375,749.5499877929688,1122.0234375,1039.9749755859375,1314.300048828125,1763.25,1412.5999755859375,224.64999389648438,116.41666412353516,181.1999969482422
2019-02-01,2029.949951171875,757.0499877929688,1142.8701171875,1045.2249755859375,1324.5999755859375,1799.300048828125,1457.199951171875,223.1999969482422,116.79166412353516,181.64999389648438
2019-02-04,2050.25,755.9000244140625,1180.3121337890625,1052.449951171875,1307.4000244140625,1802.5999755859375,1446.3499755859375,222.10000610351562,114.375,180.25
2019-02-05,2044.550048828125,754.8499755859375,1180.9063720703125,1057.0250244140625,1304.5999755859375,1821.449951171875,1450.3499755859375,216.39999389648438,115.04166412353516,175.8000030517578
2019-02-06,2074.800048828125,763.2999877929688,1198.00439453125,1061.324951171875,1314.4000244140625,1829.949951171875,1469.4000244140625,219.9499969482422,114.25,178.5
2019-02-07,2082.89990234375,764.0,1179.85498046875,1058.625,1296.050048828125,1839.050048828125,1472.449951171875,224.1999969482422,113.29166412353516,182.85000610351562
2019-02-08,2061.39990234375,760.9000244140625,1168.242919921875,1061.324951171875,1261.75,1817.300048828125,1448.800048828125,218.64999389648438,110.04166412353516,150.6999969482422
2019-02-11,2065.89990234375,762.7999877929688,1145.887451171875,1069.824951171875,1246.5,1804.800048828125,1437.0999755859375,218.8000030517578,108.625,152.64999389648438
2019-02-12,2051.60009765625,750.4500122070312,1148.767578125,1064.8499755859375,1246.8499755859375,1794.5,1452.0999755859375,223.0500030517578,111.04166412353516,151.8000030517578
2019-02-14,2044.5999755859375,740.0499877929688,1119.3260498046875,1055.0999755859375,1227.5999755859375,1785.050048828125,1399.199951171875,217.1999969482422,109.375,159.85000610351562
2019-02-15,2029.699951171875,741.9500122070312,1137.84130859375,1050.324951171875,1243.0999755859375,1772.800048828125,1393.5999755859375,219.9499969482422,113.54166412353516,161.64999389648438
2019-02-18,1970.300048828125,741.0499877929688,1115.577392578125,1044.949951171875,1244.5,1751.9000244140625,1380.050048828125,215.14999389648438,114.54166412353516,162.89999389648438
2019-02-19,1904.800048828125,724.2999877929688,1111.9200439453125,1042.0250244140625,1258.300048828125,1737.949951171875,1377.8499755859375,214.25,111.41666412353516,163.75
2019-02-20,1914.75,740.7000122070312,1128.6065673828125,1054.175048828125,1276.550048828125,1733.5,1396.9000244140625,214.9499969482422,114.33333587646484,164.8000030517578
2019-02-21,1914.199951171875,733.4500122070312,1140.0814208984375,1057.949951171875,1284.0999755859375,1754.699951171875,1397.800048828125,213.6999969482422,113.70833587646484,169.6999969482422
2019-02-22,1925.6500244140625,734.9500122070312,1126.7779541015625,1045.7249755859375,1280.3499755859375,1768.550048828125,1397.800048828125,214.9499969482422,116.41666412353516,174.3000030517578
2019-02-25,1985.1500244140625,754.9000244140625,1126.732177734375,1062.699951171875,1275.8499755859375,1770.1500244140625,1398.25,214.35000610351562,116.95833587646484,175.75
2019-02-26,2038.699951171875,742.5,1115.7144775390625,1055.324951171875,1265.8499755859375,1772.25,1402.0,220.14999389648438,117.125,182.64999389648438
2019-02-27,2058.10009765625,735.25,1118.68603515625,1046.125,1284.699951171875,1736.5,1405.699951171875,221.4499969482422,115.625,177.35000610351562
2019-02-28,1983.449951171875,734.2999877929688,1125.5892333984375,1038.7750244140625,1292.949951171875,1732.6500244140625,1405.199951171875,228.3000030517578,117.70833587646484,177.4499969482422
2019-03-01,1995.4000244140625,741.9000244140625,1121.017578125,1041.675048828125,1308.550048828125,1734.6500244140625,1392.3499755859375,232.64999389648438,119.16666412353516,180.3000030517578
2019-03-05,1988.0999755859375,732.5,1131.6239013671875,1053.550048828125,1305.800048828125,1724.5999755859375,1403.8499755859375,241.14999389648438,122.5,194.0500030517578
2019-03-06,1999.5999755859375,732.5,1156.447998046875,1052.125,1317.0,1699.800048828125,1393.699951171875,242.75,124.125,188.8000030517578
2019-03-07,2013.300048828125,722.9500122070312,1161.43115234375,1063.25,1352.4000244140625,1705.4000244140625,1395.449951171875,235.0,121.83333587646484,189.3000030517578
2019-03-08,2022.699951171875,712.3499755859375,1158.551025390625,1064.0999755859375,1339.4000244140625,1701.5999755859375,1382.3499755859375,234.89999389648438,126.83333587646484,181.1999969482422
2019-03-11,2014.800048828125,711.25,1192.38134765625,1064.2249755859375,1346.550048828125,1714.949951171875,1419.800048828125,243.39999389648438,126.16666412353516,181.85000610351562
2019-03-12,2012.449951171875,706.9500122070312,1217.296875,1085.5,1388.9000244140625,1734.800048828125,1428.0999755859375,242.9499969482422,126.04166412353516,184.8000030517578
2019-03-13,2000.5,708.4500122070312,1231.8804931640625,1113.2750244140625,1378.5999755859375,1747.5999755859375,1428.300048828125,238.64999389648438,123.5,181.6999969482422
2019-03-14,1987.4000244140625,708.3499755859375,1226.623046875,1112.375,1379.75,1737.300048828125,1434.75,243.1999969482422,128.0416717529297,179.5500030517578
2019-03-15,2039.949951171875,718.5499877929688,1208.4278564453125,1126.5,1396.5,1698.4000244140625,1432.550048828125,244.35000610351562,131.7083282470703,180.0
2019-03-18,2022.800048828125,710.2000122070312,1234.3948974609375,1130.7249755859375,1378.9000244140625,1697.550048828125,1445.5999755859375,244.1999969482422,132.2916717529297,182.25
2019-03-19,2022.800048828125,722.25,1258.624755859375,1133.875,1357.949951171875,1699.6500244140625,1453.9000244140625,242.89999389648438,134.89999389648438,182.85000610351562
2019-03-20,2015.050048828125,738.9500122070312,1257.618896484375,1149.5,1370.9000244140625,1687.550048828125,1456.1500244140625,237.0,129.25,180.1999969482422
2019-03-22,2005.6500244140625,743.0999755859375,1226.805908203125,1138.074951171875,1394.699951171875,1678.050048828125,1471.25,231.9499969482422,134.64999389648438,175.39999389648438
2019-03-25,1984.25,735.25,1210.9879150390625,1140.6500244140625,1376.75,1673.8499755859375,1457.550048828125,237.1999969482422,135.35000610351562,171.3000030517578
2019-03-26,1982.6500244140625,727.75,1250.1214599609375,1155.675048828125,1372.800048828125,1683.800048828125,1485.050048828125,236.4499969482422,140.8000030517578,173.10000610351562
2019-03-27,1967.9000244140625,729.7000122070312,1233.6634521484375,1149.7249755859375,1366.449951171875,1680.800048828125,1472.050048828125,234.4499969482422,137.0,169.85000610351562
2019-03-28,2000.300048828125,737.7999877929688,1243.492431640625,1151.4000244140625,1386.699951171875,1683.9000244140625,1497.0,236.10000610351562,135.75,170.5500030517578
2019-04-01,2031.6500244140625,755.0999755859375,1272.614013671875,1155.9000244140625,1412.199951171875,1690.0,1492.75,236.39999389648438,135.10000610351562,187.35000610351562
2019-04-02,2079.300048828125,759.4000244140625,1270.648193359375,1147.425048828125,1409.75,1687.1500244140625,1519.300048828125,236.39999389648438,135.14999389648438,202.9499969482422
2019-04-03,2079.300048828125,753.2999877929688,1257.390380859375,1146.375,1378.050048828125,1670.800048828125,1497.5999755859375,234.10000610351562,134.8000030517578,201.35000610351562
2019-04-04,2014.5,747.9000244140625,1237.137939453125,1141.9749755859375,1368.699951171875,1666.550048828125,1519.0,234.8000030517578,135.64999389648438,206.14999389648438
2019-04-05,2048.300048828125,759.2999877929688,1237.9150390625,1152.800048828125,1373.800048828125,1659.0999755859375,1514.449951171875,234.6999969482422,134.8000030517578,205.14999389648438
2019-04-08,2070.75,767.25,1215.376708984375,1144.699951171875,1373.6500244140625,1664.9000244140625,1496.3499755859375,232.9499969482422,135.5500030517578,200.5500030517578
2019-04-09,2091.5,760.5999755859375,1220.13134765625,1143.625,1375.199951171875,1680.5,1444.8499755859375,238.39999389648438,135.89999389648438,205.89999389648438
2019-04-10,2040.25,752.7000122070312,1217.342529296875,1118.675048828125,1371.550048828125,1694.1500244140625,1409.8499755859375,240.0500030517578,134.60000610351562,216.0500030517578
2019-04-11,2019.5,742.7000122070312,1231.42333984375,1128.75,1378.0,1710.4000244140625,1423.1500244140625,240.9499969482422,135.9499969482422,218.1999969482422
2019-04-12,2014.5,747.75,1228.040283203125,1132.625,1360.9000244140625,1721.6500244140625,1438.6500244140625,240.8000030517578,135.9499969482422,215.9499969482422
2019-04-15,2113.300048828125,727.5,1225.343017578125,1144.4000244140625,1356.9000244140625,1722.050048828125,1431.550048828125,250.0,136.75,231.75
2019-04-16,2131.800048828125,724.0999755859375,1228.6346435546875,1152.5250244140625,1381.4000244140625,1738.550048828125,1459.0,251.60000610351562,137.5500030517578,230.5
2019-04-18,2150.050048828125,717.0499877929688,1267.219482421875,1146.824951171875,1360.699951171875,1739.9000244140625,1469.5999755859375,251.4499969482422,135.35000610351562,236.25
2019-04-22,2161.449951171875,721.0499877929688,1230.0975341796875,1134.3499755859375,1360.1500244140625,1739.8499755859375,1443.3499755859375,252.0500030517578,136.0,234.85000610351562
2019-04-23,2155.050048828125,728.2000122070312,1247.0126953125,1122.6500244140625,1348.199951171875,1744.199951171875,1431.0,255.5,133.64999389648438,231.64999389648438
2019-04-24,2183.449951171875,736.4500122070312,1270.46533203125,1139.875,1360.6500244140625,1752.5999755859375,1450.050048828125,254.0,133.9499969482422,223.60000610351562
2019-04-25,2195.0,728.5499877929688,1254.8302001953125,1131.7249755859375,1355.1500244140625,1734.199951171875,1447.949951171875,251.64999389648438,132.89999389648438,221.85000610351562
2019-04-26,2238.550048828125,738.0,1273.482666015625,1140.4749755859375,1358.199951171875,1747.3499755859375,1448.75,250.5,134.10000610351562,215.60000610351562
2019-04-30,2260.35009765625,751.3499755859375,1273.482666015625,1158.7249755859375,1348.550048828125,1757.699951171875,1463.1500244140625,252.14999389648438,134.0500030517578,214.3000030517578
2019-05-02,2215.39990234375,730.7999877929688,1284.6832275390625,1177.9000244140625,1358.75,1723.550048828125,1436.5999755859375,252.35000610351562,133.10000610351562,207.3000030517578
2019-05-03,2132.0,723.5999755859375,1288.1575927734375,1183.9749755859375,1363.5999755859375,1693.550048828125,1438.550048828125,252.10000610351562,135.4499969482422,209.4499969482422
2019-05-06,2157.85009765625,718.4000244140625,1266.2593994140625,1164.2249755859375,1352.699951171875,1668.9000244140625,1412.800048828125,251.35000610351562,135.0,199.8000030517578
2019-05-07,2151.949951171875,724.5499877929688,1228.406005859375,1161.175048828125,1366.5999755859375,1697.5,1387.800048828125,248.8000030517578,134.10000610351562,190.9499969482422
2019-05-08,2152.85009765625,719.3499755859375,1188.129638671875,1153.625,1360.3499755859375,1688.699951171875,1385.699951171875,249.10000610351562,130.8000030517578,185.10000610351562
2019-05-09,2172.550048828125,721.0499877929688,1148.8133544921875,1145.449951171875,1356.449951171875,1703.75,1354.199951171875,242.3000030517578,127.69999694824219,186.35000610351562
2019-05-10,2135.800048828125,716.8499755859375,1143.9674072265625,1148.25,1355.5,1687.449951171875,1341.050048828125,241.25,127.0,185.89999389648438
2019-05-13,2128.75,719.7000122070312,1126.503662109375,1143.5999755859375,1317.6500244140625,1702.0,1332.5,242.10000610351562,123.55000305175781,180.75
2019-05-14,2092.35009765625,713.8499755859375,1152.470703125,1143.949951171875,1341.800048828125,1698.5,1320.25,241.8000030517578,125.5999984741211,184.5
2019-05-15,2095.39990234375,716.0999755859375,1149.2247314453125,1143.3499755859375,1325.800048828125,1671.050048828125,1305.949951171875,235.10000610351562,123.94999694824219,169.4499969482422
2019-05-16,2108.75,733.0999755859375,1156.950927734375,1155.324951171875,1337.1500244140625,1688.199951171875,1304.4000244140625,232.14999389648438,125.75,175.39999389648438
2019-05-17,2095.449951171875,723.9000244140625,1158.8253173828125,1181.050048828125,1361.9000244140625,1736.800048828125,1320.0,236.14999389648438,125.5,176.85000610351562
2019-05-20,2143.949951171875,722.4000244140625,1212.313720703125,1216.175048828125,1451.449951171875,1772.5,1373.949951171875,237.6999969482422,129.25,190.14999389648438
2019-05-21,2109.75,709.2999877929688,1225.02294921875,1201.8499755859375,1449.0999755859375,1785.25,1357.75,237.1999969482422,128.60000610351562,176.8000030517578
2019-05-22,2081.75,709.75,1225.571533203125,1202.875,1461.0999755859375,1768.300048828125,1368.449951171875,241.25,129.60000610351562,179.10000610351562
2019-05-23,2054.050048828125,701.0499877929688,1219.62841796875,1166.050048828125,1476.0999755859375,1753.8499755859375,1367.75,244.14999389648438,129.85000610351562,175.14999389648438
2019-05-24,2048.0,709.2000122070312,1222.32568359375,1186.675048828125,1544.1500244140625,1749.5999755859375,1384.5,244.89999389648438,129.14999389648438,182.3000030517578
2019-05-27,2055.14990234375,708.0999755859375,1198.3701171875,1204.175048828125,1596.0,1771.949951171875,1366.8499755859375,244.10000610351562,133.1999969482422,181.35000610351562
2019-05-28,2073.75,728.0999755859375,1210.347900390625,1208.0999755859375,1574.5,1776.9000244140625,1364.3499755859375,250.6999969482422,132.60000610351562,180.25
2019-05-29,2107.550048828125,727.7999877929688,1200.5645751953125,1208.449951171875,1552.449951171875,1780.8499755859375,1358.25,250.6999969482422,130.89999389648438,176.35000610351562
2019-05-30,2146.300048828125,733.5499877929688,1215.833984375,1219.7750244140625,1558.5999755859375,1784.25,1374.5999755859375,252.9499969482422,135.10000610351562,175.14999389648438
2019-05-31,2196.550048828125,737.75,1216.19970703125,1212.675048828125,1557.550048828125,1788.5,1407.300048828125,253.5,133.25,172.60000610351562
2019-06-03,2242.300048828125,744.6500244140625,1243.6754150390625,1228.550048828125,1559.4000244140625,1839.699951171875,1459.25,260.8999938964844,133.10000610351562,174.5
2019-06-04,2183.10009765625,735.2999877929688,1235.8577880859375,1226.1500244140625,1569.800048828125,1815.5999755859375,1421.5,263.3999938964844,135.0500030517578,173.25
2019-06-06,2166.10009765625,735.5999755859375,1213.6395263671875,1211.675048828125,1515.9000244140625,1837.75,1428.550048828125,269.1499938964844,136.5500030517578,169.6999969482422
2019-06-07,2181.75,739.0999755859375,1202.256103515625,1223.824951171875,1513.8499755859375,1830.75,1418.3499755859375,265.54998779296875,135.14999389648438,169.5
2019-06-10,2231.5,753.5,1206.1419677734375,1220.0999755859375,1532.0999755859375,1852.5,1422.5999755859375,259.29998779296875,135.0,166.1999969482422
2019-06-11,2252.800048828125,754.9000244140625,1215.2852783203125,1224.199951171875,1524.300048828125,1839.800048828125,1425.5,258.75,135.3000030517578,170.75
2019-06-12,2260.89990234375,753.7999877929688,1218.0283203125,1213.5250244140625,1509.25,1847.0999755859375,1425.449951171875,257.0,134.39999389648438,169.0500030517578
2019-06-13,2254.10009765625,742.6500244140625,1213.548095703125,1222.3499755859375,1517.550048828125,1845.5,1429.449951171875,255.60000610351562,134.89999389648438,167.39999389648438
2019-06-14,2254.5,740.4500122070312,1204.6790771484375,1217.550048828125,1526.300048828125,1822.949951171875,1412.75,255.14999389648438,132.75,164.1999969482422
2019-06-17,2249.199951171875,740.5499877929688,1172.4488525390625,1211.0,1498.75,1818.050048828125,1401.949951171875,255.3000030517578,132.25,158.75
2019-06-18,2250.85009765625,750.1500244140625,1171.26025390625,1208.625,1505.300048828125,1809.5999755859375,1380.050048828125,260.3500061035156,132.39999389648438,158.3000030517578
2019-06-19,2259.89990234375,751.9000244140625,1167.9228515625,1214.175048828125,1505.1500244140625,1811.699951171875,1381.1500244140625,257.04998779296875,134.64999389648438,154.64999389648438
2019-06-20,2277.949951171875,754.9000244140625,1185.660888671875,1213.175048828125,1557.0999755859375,1805.050048828125,1392.050048828125,260.3500061035156,134.5500030517578,159.25
2019-06-21,2249.85009765625,750.2000122070312,1169.888671875,1207.0999755859375,1539.75,1766.6500244140625,1383.0,254.25,134.5500030517578,158.89999389648438
2019-06-24,2275.5,745.5,1154.253662109375,1208.9749755859375,1541.0,1764.449951171875,1376.1500244140625,256.75,135.60000610351562,159.3000030517578
2019-06-25,2267.800048828125,748.0999755859375,1184.8380126953125,1214.3499755859375,1535.0,1756.449951171875,1363.0999755859375,258.3500061035156,138.4499969482422,160.4499969482422
2019-06-26,2254.199951171875,739.2000122070312,1183.28369140625,1233.949951171875,1551.199951171875,1761.0,1359.949951171875,260.29998779296875,140.0500030517578,161.10000610351562
2019-06-27,2252.550048828125,730.5499877929688,1164.9970703125,1231.1500244140625,1550.9000244140625,1774.4000244140625,1361.4000244140625,259.3999938964844,140.14999389648438,165.85000610351562
2019-06-28,2227.199951171875,732.0,1145.7503662109375,1221.875,1553.199951171875,1787.5999755859375,1358.1500244140625,253.8000030517578,141.35000610351562,162.5500030517578
2019-07-01,2239.550048828125,731.2999877929688,1160.151123046875,1242.7750244140625,1556.6500244140625,1780.199951171875,1353.8499755859375,249.25,142.5500030517578,168.0
2019-07-02,2252.10009765625,740.0,1168.974365234375,1247.5,1563.8499755859375,1789.199951171875,1345.75,252.6999969482422,142.9499969482422,163.75
2019-07-03,2237.64990234375,731.2999877929688,1172.6773681640625,1244.824951171875,1578.050048828125,1784.699951171875,1352.0,250.9499969482422,143.25,162.3000030517578
2019-07-04,2242.64990234375,733.7999877929688,1174.003173828125,1241.9000244140625,1571.699951171875,1793.5999755859375,1359.699951171875,251.10000610351562,143.4499969482422,165.1999969482422
2019-07-05,2163.10009765625,718.0,1155.1221923828125,1236.199951171875,1558.3499755859375,1791.4000244140625,1358.699951171875,241.89999389648438,136.5,160.1999969482422
2019-07-08,2175.39990234375,717.5999755859375,1144.790283203125,1204.800048828125,1490.3499755859375,1753.550048828125,1340.25,232.39999389648438,129.60000610351562,154.5500030517578
2019-07-09,2133.35009765625,715.5,1170.437255859375,1189.574951171875,1526.5999755859375,1740.25,1321.0,229.60000610351562,129.5500030517578,155.8000030517578
2019-07-10,2108.199951171875,717.25,1169.29443359375,1194.375,1499.550048828125,1718.5999755859375,1322.949951171875,233.35000610351562,129.0500030517578,151.64999389648438
2019-07-11,2102.550048828125,721.5,1171.7630615234375,1203.574951171875,1495.199951171875,1730.9000244140625,1332.449951171875,234.89999389648438,128.9499969482422,156.8000030517578
2019-07-12,2107.60009765625,726.75,1170.8031005859375,1196.949951171875,1466.8499755859375,1713.199951171875,1361.949951171875,231.25,127.80000305175781,159.3000030517578
2019-07-15,2145.699951171875,779.3499755859375,1166.780029296875,1197.375,1440.5999755859375,1716.949951171875,1353.1500244140625,230.39999389648438,127.94999694824219,160.9499969482422
2019-07-16,2106.0,784.8499755859375,1182.232177734375,1195.5999755859375,1461.199951171875,1741.300048828125,1372.300048828125,232.8000030517578,130.9499969482422,170.0
2019-07-17,2117.25,794.1500244140625,1172.037353515625,1198.7249755859375,1455.449951171875,1760.699951171875,1395.9000244140625,230.0,129.10000610351562,167.89999389648438
2019-07-18,2065.949951171875,792.7000122070312,1153.750732421875,1205.949951171875,1435.199951171875,1739.1500244140625,1384.949951171875,220.3000030517578,127.05000305175781,160.75
2019-07-19,2076.949951171875,785.4000244140625,1142.0015869140625,1187.824951171875,1411.550048828125,1720.4000244140625,1369.0999755859375,221.89999389648438,129.89999389648438,154.85000610351562
2019-07-22,2109.89990234375,784.4000244140625,1170.8031005859375,1148.625,1403.699951171875,1680.699951171875,1404.199951171875,221.39999389648438,130.85000610351562,156.75
2019-07-23,2112.449951171875,790.0499877929688,1164.448486328125,1131.75,1409.5,1693.3499755859375,1429.3499755859375,218.0500030517578,133.0500030517578,156.1999969482422
2019-07-24,2096.800048828125,786.2999877929688,1151.236328125,1140.449951171875,1387.3499755859375,1728.6500244140625,1483.4000244140625,216.85000610351562,131.85000610351562,151.25
2019-07-25,2127.89990234375,794.5,1126.000732421875,1143.0250244140625,1372.4000244140625,1736.6500244140625,1495.8499755859375,209.0500030517578,129.75,144.3000030517578
2019-07-26,2109.050048828125,787.0,1109.8170166015625,1138.6500244140625,1392.1500244140625,1730.6500244140625,1526.449951171875,210.64999389648438,128.8000030517578,147.14999389648438
2019-07-29,2130.0,791.4500122070312,1107.211181640625,1122.1500244140625,1371.5,1713.300048828125,1513.25,205.39999389648438,127.30000305175781,137.5500030517578
2019-07-30,2179.14990234375,792.7000122070312,1079.7354736328125,1126.125,1376.3499755859375,1719.9000244140625,1508.75,199.5500030517578,127.19999694824219,133.4499969482422
2019-07-31,2205.699951171875,793.6500244140625,1066.340576171875,1125.824951171875,1387.300048828125,1726.6500244140625,1521.0999755859375,204.4499969482422,126.55000305175781,135.60000610351562
2019-08-01,2180.050048828125,768.8499755859375,1079.1412353515625,1110.9000244140625,1358.050048828125,1731.300048828125,1504.699951171875,202.4499969482422,126.8499984741211,129.5500030517578
2019-08-02,2205.300048828125,775.5999755859375,1082.889892578125,1107.175048828125,1370.25,1737.449951171875,1545.199951171875,197.1999969482422,123.0999984741211,130.6999969482422
2019-08-05,2248.60009765625,776.7000122070312,1045.40234375,1089.625,1345.800048828125,1741.199951171875,1525.4000244140625,200.60000610351562,121.0,123.75
2019-08-06,2214.89990234375,774.4500122070312,1031.6416015625,1094.550048828125,1377.5,1744.0999755859375,1565.8499755859375,205.10000610351562,123.3499984741211,122.5
2019-08-07,2213.449951171875,776.0999755859375,1014.3607177734375,1092.0,1360.050048828125,1777.25,1559.199951171875,206.10000610351562,123.05000305175781,117.4000015258789
2019-08-08,2258.10009765625,788.75,1053.63134765625,1116.574951171875,1360.6500244140625,1803.0999755859375,1565.9000244140625,211.85000610351562,124.6500015258789,124.05000305175781
2019-08-09,2246.25,789.8499755859375,1062.5460205078125,1141.0,1364.5999755859375,1841.3499755859375,1575.5,207.60000610351562,123.9000015258789,122.05000305175781
2019-08-13,2199.449951171875,764.75,1165.545654296875,1110.175048828125,1313.25,1824.75,1573.3499755859375,203.75,117.1500015258789,121.94999694824219
2019-08-14,2204.39990234375,774.7999877929688,1177.88916015625,1114.7249755859375,1333.699951171875,1839.050048828125,1569.699951171875,200.5,117.5999984741211,120.9000015258789
2019-08-16,2165.10009765625,774.5499877929688,1168.5172119140625,1113.8499755859375,1335.25,1828.6500244140625,1597.449951171875,201.9499969482422,117.80000305175781,121.3499984741211
2019-08-19,2163.0,777.6500244140625,1181.866455078125,1103.425048828125,1352.199951171875,1820.9000244140625,1586.449951171875,198.9499969482422,118.9000015258789,120.80000305175781
2019-08-20,2186.75,792.75,1166.642822265625,1110.300048828125,1342.5,1843.4000244140625,1595.1500244140625,195.3000030517578,117.94999694824219,123.8499984741211
2019-08-21,2186.199951171875,799.4500122070312,1162.0711669921875,1112.925048828125,1310.6500244140625,1850.0,1589.1500244140625,188.8000030517578,117.9000015258789,112.4000015258789
2019-08-22,2216.0,795.7000122070312,1139.9443359375,1087.050048828125,1294.25,1872.0999755859375,1570.199951171875,180.85000610351562,114.75,107.69999694824219
2019-08-23,2247.699951171875,802.2000122070312,1166.5513916015625,1081.3499755859375,1286.5,1860.0,1580.4000244140625,188.0,118.5,111.05000305175781
2019-08-26,2276.300048828125,802.5499877929688,1158.2767333984375,1128.074951171875,1333.6500244140625,1876.550048828125,1597.550048828125,188.75,120.05000305175781,110.55000305175781
2019-08-27,2236.5,784.6500244140625,1165.6370849609375,1129.9749755859375,1356.949951171875,1861.4000244140625,1599.449951171875,191.85000610351562,123.19999694824219,120.3499984741211
2019-08-28,2239.25,802.5,1155.0765380859375,1123.75,1344.6500244140625,1828.0999755859375,1603.1500244140625,185.0500030517578,119.9000015258789,116.3499984741211
2019-08-29,2233.449951171875,806.9500122070312,1135.3726806640625,1113.4749755859375,1342.449951171875,1832.949951171875,1615.25,189.0,123.0999984741211,114.30000305175781
2019-08-30,2259.60009765625,814.9000244140625,1141.590087890625,1113.9749755859375,1328.25,1881.9000244140625,1616.199951171875,184.75,121.6500015258789,116.69999694824219
2019-09-03,2251.60009765625,814.25,1103.051025390625,1105.4749755859375,1294.4000244140625,1841.8499755859375,1576.75,181.0500030517578,117.6500015258789,112.6500015258789
2019-09-04,2245.39990234375,821.2999877929688,1098.250732421875,1123.875,1308.050048828125,1846.5999755859375,1535.1500244140625,182.14999389648438,119.44999694824219,109.5
2019-09-05,2215.300048828125,834.0499877929688,1095.919189453125,1117.574951171875,1320.300048828125,1829.75,1519.75,194.85000610351562,123.44999694824219,118.05000305175781
2019-09-06,2197.5,840.1500244140625,1117.771728515625,1122.949951171875,1328.6500244140625,1819.1500244140625,1532.4000244140625,198.60000610351562,127.0,121.25
2019-09-09,2182.85009765625,829.0999755859375,1117.4974365234375,1124.800048828125,1357.0,1834.050048828125,1540.5999755859375,199.35000610351562,126.3499984741211,121.9000015258789
2019-09-11,2154.0,820.0999755859375,1128.65234375,1125.6500244140625,1363.6500244140625,1824.300048828125,1561.449951171875,196.6999969482422,124.5,134.35000610351562
2019-09-12,2133.60009765625,816.4000244140625,1106.66259765625,1135.425048828125,1362.4000244140625,1805.4000244140625,1540.300048828125,197.6999969482422,122.25,127.94999694824219
2019-09-13,2141.949951171875,829.2999877929688,1120.606201171875,1128.7249755859375,1363.449951171875,1805.550048828125,1548.199951171875,198.1999969482422,124.05000305175781,129.5500030517578
2019-09-16,2150.0,827.7000122070312,1107.0283203125,1122.074951171875,1343.5999755859375,1816.300048828125,1521.300048828125,200.5500030517578,123.25,128.60000610351562
2019-09-17,2122.64990234375,831.25,1094.86767578125,1105.675048828125,1313.699951171875,1831.199951171875,1530.9000244140625,197.60000610351562,120.9000015258789,122.0
2019-09-18,2138.550048828125,829.8499755859375,1102.4110107421875,1093.875,1318.0,1829.199951171875,1547.75,192.35000610351562,122.5,121.75
2019-09-19,2101.949951171875,820.7000122070312,1078.0439453125,1101.050048828125,1300.699951171875,1812.75,1553.9000244140625,193.4499969482422,121.69999694824219,124.19999694824219
2019-09-20,2065.449951171875,805.0,1146.8931884765625,1199.5999755859375,1411.5,1969.75,1671.0,200.0500030517578,119.8499984741211,133.25
2019-09-23,2015.800048828125,764.3499755859375,1133.0411376953125,1257.25,1528.5,2039.75,1802.75,202.6999969482422,116.05000305175781,127.9000015258789
2019-09-24,2044.699951171875,794.0499877929688,1169.1572265625,1253.800048828125,1481.300048828125,2050.449951171875,1765.9000244140625,198.14999389648438,115.1500015258789,130.89999389648438
2019-09-25,2088.449951171875,792.6500244140625,1169.9344482421875,1239.699951171875,1450.0999755859375,2051.5,1751.800048828125,192.60000610351562,116.9000015258789,123.05000305175781
2019-09-26,2087.60009765625,782.5499877929688,1185.7066650390625,1242.5,1489.8499755859375,2034.4000244140625,1770.949951171875,203.3000030517578,116.55000305175781,124.5
2019-09-27,2056.14990234375,782.2000122070312,1196.9072265625,1244.199951171875,1472.6500244140625,2010.9000244140625,1776.300048828125,199.35000610351562,117.05000305175781,119.9000015258789
2019-09-30,2099.300048828125,805.6500244140625,1218.1197509765625,1227.449951171875,1474.25,1981.949951171875,1762.1500244140625,199.85000610351562,117.5,117.44999694824219
2019-10-01,2059.949951171875,793.5499877929688,1193.11279296875,1248.800048828125,1464.050048828125,1990.300048828125,1766.0999755859375,194.10000610351562,117.05000305175781,115.30000305175781
2019-10-03,2060.25,785.5999755859375,1198.7359619140625,1223.550048828125,1458.050048828125,1962.050048828125,1748.949951171875,186.75,116.75,122.4000015258789
2019-10-04,2079.35009765625,793.4500122070312,1196.03857421875,1189.699951171875,1424.9000244140625,1944.199951171875,1724.4000244140625,185.8000030517578,117.4000015258789,119.6500015258789
2019-10-07,2047.699951171875,789.5499877929688,1197.8673095703125,1186.9000244140625,1397.8499755859375,1940.050048828125,1725.1500244140625,184.39999389648438,115.94999694824219,117.5
2019-10-09,2020.0999755859375,783.6500244140625,1211.26220703125,1228.1500244140625,1426.25,1948.0,1773.449951171875,185.35000610351562,117.25,120.9000015258789
2019-10-10,2004.449951171875,783.0499877929688,1246.0069580078125,1200.550048828125,1425.0999755859375,1968.75,1778.5999755859375,184.5500030517578,117.25,116.80000305175781
2019-10-11,1986.8499755859375,814.7999877929688,1236.7264404296875,1198.800048828125,1427.699951171875,2004.6500244140625,1790.25,189.0500030517578,116.69999694824219,121.30000305175781
2019-10-14,2021.0,786.0999755859375,1241.663818359375,1204.4000244140625,1423.949951171875,2014.25,1798.699951171875,190.10000610351562,117.75,127.8499984741211
2019-10-15,2037.300048828125,768.2999877929688,1247.2869873046875,1223.050048828125,1432.25,2064.39990234375,1803.0999755859375,191.14999389648438,119.4000015258789,126.94999694824219
2019-10-16,2046.4000244140625,771.4500122070312,1254.7845458984375,1221.0999755859375,1424.199951171875,2071.0,1765.699951171875,194.5500030517578,117.4000015258789,125.8499984741211
2019-10-17,2030.949951171875,769.5,1276.8656005859375,1220.0,1424.3499755859375,2103.85009765625,1812.300048828125,199.39999389648438,118.69999694824219,139.5
2019-10-18,2057.35009765625,767.8499755859375,1295.01513671875,1229.0,1447.800048828125,2106.85009765625,1816.75,205.9499969482422,121.05000305175781,136.85000610351562
2019-10-22,2051.39990234375,643.5499877929688,1293.003662109375,1239.300048828125,1442.550048828125,2127.35009765625,1780.199951171875,208.8000030517578,120.9000015258789,131.75
2019-10-23,2070.10009765625,650.5999755859375,1273.1168212890625,1241.5999755859375,1431.800048828125,2133.25,1767.4000244140625,208.8000030517578,121.05000305175781,132.64999389648438
2019-10-24,2082.0,635.3499755859375,1313.3931884765625,1236.0999755859375,1432.25,2133.35009765625,1790.5,205.1999969482422,120.19999694824219,133.5
2019-10-25,2124.949951171875,637.4500122070312,1308.593017578125,1229.0,1425.0,2145.10009765625,1796.300048828125,205.85000610351562,118.5,126.8499984741211
2019-10-27,2115.699951171875,648.8499755859375,1311.3817138671875,1237.699951171875,1434.4000244140625,2139.75,1792.5999755859375,202.85000610351562,118.80000305175781,147.6999969482422
2019-10-29,2194.85009765625,650.6500244140625,1341.371826171875,1242.5,1461.0999755859375,2160.199951171875,1814.25,209.75,119.9000015258789,172.4499969482422
2019-10-30,2252.800048828125,660.5999755859375,1352.3895263671875,1248.3499755859375,1474.25,2169.39990234375,1821.300048828125,206.25,120.94999694824219,171.89999389648438
2019-10-31,2269.64990234375,685.5999755859375,1338.903076171875,1230.3499755859375,1473.050048828125,2175.35009765625,1809.5999755859375,207.5500030517578,122.4000015258789,177.6999969482422
2019-11-01,2200.89990234375,687.9000244140625,1332.09130859375,1240.050048828125,1449.4000244140625,2179.35009765625,1766.3499755859375,207.10000610351562,121.5,175.0500030517578
2019-11-04,2193.949951171875,709.0,1332.777099609375,1236.8499755859375,1452.199951171875,2158.14990234375,1785.9000244140625,215.0,120.55000305175781,172.1999969482422
2019-11-05,2201.85009765625,696.0999755859375,1323.313720703125,1239.5,1439.800048828125,2172.14990234375,1793.8499755859375,211.14999389648438,120.5999984741211,172.0
2019-11-06,2188.5,712.2999877929688,1311.9759521484375,1256.6500244140625,1453.050048828125,2179.449951171875,1797.5999755859375,212.39999389648438,120.6500015258789,174.5
2019-11-07,2185.35009765625,720.0999755859375,1333.645751953125,1263.699951171875,1435.050048828125,2138.25,1826.949951171875,212.5,119.55000305175781,171.5
2019-11-08,2129.949951171875,708.1500244140625,1321.66796875,1255.5999755859375,1423.0,2086.39990234375,1794.8499755859375,209.25,117.4000015258789,169.0500030517578
2019-11-11,2100.949951171875,704.4000244140625,1305.4842529296875,1264.75,1417.0,2081.35009765625,1773.949951171875,209.85000610351562,118.25,172.0
2019-11-13,2178.60009765625,691.3499755859375,1346.1719970703125,1257.550048828125,1393.0,2091.0,1770.449951171875,207.25,118.30000305175781,170.60000610351562
2019-11-14,2196.800048828125,705.2999877929688,1337.440185546875,1273.9000244140625,1380.449951171875,2069.050048828125,1771.8499755859375,202.35000610351562,118.55000305175781,167.0500030517578
2019-11-15,2174.449951171875,703.9000244140625,1344.8463134765625,1277.9000244140625,1377.6500244140625,2057.699951171875,1760.699951171875,201.14999389648438,117.3499984741211,168.5500030517578
2019-11-18,2152.60009765625,705.2000122070312,1334.1943359375,1262.050048828125,1364.5,2056.199951171875,1739.0,200.3000030517578,117.44999694824219,170.10000610351562
2019-11-19,2108.800048828125,712.8499755859375,1380.413818359375,1271.9000244140625,1365.75,2037.75,1721.3499755859375,199.60000610351562,117.3499984741211,167.75
2019-11-20,2108.550048828125,713.0,1415.0670166015625,1273.3499755859375,1380.800048828125,2026.5,1723.5,203.0500030517578,117.05000305175781,167.39999389648438
2019-11-21,2118.10009765625,713.25,1405.8779296875,1283.3499755859375,1392.699951171875,2048.64990234375,1720.3499755859375,196.60000610351562,115.30000305175781,164.14999389648438
2019-11-22,2071.699951171875,693.2000122070312,1414.0155029296875,1264.75,1378.6500244140625,2028.3499755859375,1682.75,199.0,117.80000305175781,162.35000610351562
2019-11-25,2081.5,698.0999755859375,1427.7762451171875,1271.0999755859375,1380.8499755859375,2062.39990234375,1710.699951171875,200.6999969482422,118.0999984741211,166.10000610351562
2019-11-26,2046.6500244140625,690.5999755859375,1426.587646484375,1275.050048828125,1363.0,2058.35009765625,1710.300048828125,197.75,116.6500015258789,163.39999389648438
2019-11-27,2054.300048828125,695.75,1435.365234375,1278.4000244140625,1335.5,2093.25,1715.3499755859375,201.0,115.75,165.89999389648438
2019-11-28,2077.35009765625,701.8499755859375,1444.9200439453125,1265.300048828125,1349.9000244140625,2087.14990234375,1714.5999755859375,205.85000610351562,115.55000305175781,164.8000030517578
2019-11-29,2053.25,696.3499755859375,1418.2672119140625,1274.949951171875,1330.550048828125,2035.300048828125,1706.1500244140625,205.25,116.3499984741211,161.5
2019-12-02,2021.050048828125,692.7000122070312,1450.5888671875,1265.75,1333.3499755859375,2043.199951171875,1738.25,205.85000610351562,115.30000305175781,161.0500030517578
2019-12-03,2051.0,698.3499755859375,1443.639892578125,1255.4000244140625,1313.199951171875,2028.449951171875,1736.449951171875,205.60000610351562,114.55000305175781,158.1999969482422
2019-12-04,2078.5,708.8499755859375,1419.6844482421875,1251.6500244140625,1285.0999755859375,2048.0,1720.300048828125,202.75,114.80000305175781,169.39999389648438
2019-12-05,2121.300048828125,714.8499755859375,1417.992919921875,1245.5999755859375,1302.199951171875,2037.449951171875,1715.8499755859375,196.39999389648438,114.0999984741211,166.10000610351562
2019-12-06,2123.60009765625,715.0999755859375,1421.6959228515625,1246.050048828125,1290.800048828125,2026.050048828125,1716.6500244140625,192.0,112.6500015258789,161.5
2019-12-09,2060.449951171875,717.25,1437.879638671875,1242.949951171875,1276.0,2008.1500244140625,1726.3499755859375,191.64999389648438,112.69999694824219,160.5
2019-12-10,2012.8499755859375,714.5499877929688,1428.1419677734375,1249.5,1279.0,2025.3499755859375,1713.1500244140625,187.1999969482422,110.0,159.6999969482422
2019-12-11,2041.9000244140625,721.0499877929688,1428.553466796875,1248.75,1264.300048828125,2010.449951171875,1738.199951171875,187.14999389648438,113.0,161.8000030517578
2019-12-12,2020.9000244140625,702.0999755859375,1433.8565673828125,1263.5999755859375,1279.699951171875,2007.3499755859375,1750.6500244140625,190.14999389648438,114.44999694824219,173.35000610351562
2019-12-13,2071.25,711.2999877929688,1447.2972412109375,1263.8499755859375,1305.300048828125,2006.199951171875,1743.949951171875,196.25,115.6500015258789,176.6999969482422
2019-12-16,2126.75,714.0,1432.3936767578125,1257.3499755859375,1303.0,1974.75,1731.449951171875,192.60000610351562,114.94999694824219,174.9499969482422
2019-12-17,2164.949951171875,729.7000122070312,1428.8277587890625,1271.0999755859375,1317.949951171875,1961.3499755859375,1745.4000244140625,196.1999969482422,115.55000305175781,180.1999969482422
2019-12-18,2167.75,732.4500122070312,1440.8511962890625,1292.3499755859375,1319.3499755859375,1928.550048828125,1778.449951171875,197.75,114.1500015258789,174.8000030517578
2019-12-19,2229.050048828125,730.8499755859375,1472.0299072265625,1288.800048828125,1311.75,1951.0999755859375,1803.0999755859375,196.89999389648438,114.05000305175781,179.14999389648438
2019-12-20,2222.89990234375,731.5499877929688,1462.1094970703125,1296.699951171875,1311.550048828125,1943.0999755859375,1799.25,200.8000030517578,114.69999694824219,175.9499969482422
2019-12-23,2231.699951171875,736.0,1436.782470703125,1302.4000244140625,1311.25,1950.4000244140625,1807.550048828125,197.25,114.5999984741211,176.0500030517578
2019-12-24,2215.60009765625,733.4000244140625,1413.9698486328125,1289.1500244140625,1301.0,1946.4000244140625,1803.449951171875,198.9499969482422,115.19999694824219,175.5
2019-12-26,2201.949951171875,728.9500122070312,1385.579833984375,1270.449951171875,1279.300048828125,1944.949951171875,1809.5999755859375,197.3000030517578,116.4000015258789,174.60000610351562
2019-12-27,2198.5,736.9500122070312,1410.2210693359375,1275.0,1299.5999755859375,1949.9000244140625,1812.25,203.5,116.8499984741211,176.14999389648438
2019-12-30,2183.199951171875,732.9000244140625,1411.91259765625,1282.1500244140625,1302.300048828125,1937.25,1802.300048828125,205.8000030517578,116.55000305175781,183.6999969482422
2019-12-31,2161.699951171875,731.1500244140625,1384.345458984375,1272.0999755859375,1298.199951171875,1923.0,1784.949951171875,211.35000610351562,119.05000305175781,185.14999389648438
2020-01-01,2167.60009765625,736.8499755859375,1380.276611328125,1278.5999755859375,1309.949951171875,1936.550048828125,1793.199951171875,211.9499969482422,121.55000305175781,184.4499969482422
2020-01-02,2157.64990234375,734.7000122070312,1403.7750244140625,1286.75,1345.300048828125,1938.050048828125,1790.6500244140625,211.10000610351562,121.4000015258789,193.75
2020-01-03,2200.64990234375,746.0,1405.466552734375,1268.4000244140625,1335.050048828125,1927.449951171875,1751.4000244140625,211.85000610351562,119.3499984741211,191.10000610351562
2020-01-06,2200.449951171875,738.8499755859375,1372.87060546875,1240.949951171875,1316.75,1915.449951171875,1707.1500244140625,205.6999969482422,118.9000015258789,185.64999389648438
2020-01-07,2205.85009765625,727.9000244140625,1393.99169921875,1260.5999755859375,1320.5,1920.699951171875,1724.4000244140625,205.6999969482422,120.55000305175781,184.6999969482422
2020-01-08,2255.25,718.2000122070312,1383.5225830078125,1257.300048828125,1291.550048828125,1929.3499755859375,1728.800048828125,200.1999969482422,119.94999694824219,182.5500030517578
2020-01-09,2214.35009765625,727.5499877929688,1415.3870849609375,1271.4000244140625,1316.1500244140625,1935.050048828125,1772.550048828125,198.0,119.3499984741211,192.0
2020-01-10,2213.550048828125,738.1500244140625,1415.0670166015625,1282.699951171875,1324.5999755859375,1954.0,1792.550048828125,205.3000030517578,120.30000305175781,196.35000610351562
2020-01-13,2190.35009765625,773.5499877929688,1411.4554443359375,1286.0,1334.699951171875,1994.8499755859375,1804.9000244140625,211.5500030517578,121.75,196.25
2020-01-14,2206.89990234375,775.6500244140625,1398.3804931640625,1289.5,1326.0999755859375,2008.800048828125,1819.1500244140625,212.9499969482422,123.5,195.85000610351562
2020-01-15,2226.89990234375,767.5499877929688,1393.305908203125,1284.25,1323.5999755859375,2021.6500244140625,1842.25,212.4499969482422,123.8499984741211,200.35000610351562
2020-01-16,2238.800048828125,767.0,1406.1522216796875,1287.6500244140625,1319.300048828125,2049.25,1835.1500244140625,210.25,121.44999694824219,197.5500030517578
2020-01-17,2219.10009765625,767.8499755859375,1445.56005859375,1278.1500244140625,1304.199951171875,2060.300048828125,1830.050048828125,207.89999389648438,121.19999694824219,197.3000030517578
2020-01-20,2170.35009765625,768.4500122070312,1401.0777587890625,1254.9000244140625,1309.5999755859375,2062.85009765625,1848.75,201.14999389648438,118.25,195.0
2020-01-21,2171.050048828125,762.5,1402.4949951171875,1244.3499755859375,1302.3499755859375,2055.39990234375,1810.75,202.14999389648438,117.1500015258789,191.39999389648438
2020-01-22,2206.89990234375,770.2000122070312,1401.9920654296875,1240.8499755859375,1294.199951171875,2051.699951171875,1779.25,191.89999389648438,112.1500015258789,185.60000610351562
2020-01-23,2190.949951171875,784.3499755859375,1396.0489501953125,1244.8499755859375,1332.300048828125,2056.89990234375,1776.0999755859375,190.75,113.5,188.39999389648438
2020-01-24,2183.39990234375,782.75,1391.2030029296875,1244.550048828125,1359.199951171875,2073.699951171875,1786.800048828125,193.9499969482422,114.75,186.5
2020-01-27,2169.25,778.0999755859375,1377.4879150390625,1213.199951171875,1348.5999755859375,2061.35009765625,1788.3499755859375,193.35000610351562,113.1500015258789,182.1999969482422
2020-01-28,2183.75,778.0,1345.669189453125,1223.199951171875,1346.6500244140625,2060.60009765625,1779.0999755859375,189.14999389648438,112.05000305175781,176.10000610351562
2020-01-29,2154.60009765625,789.7000122070312,1353.0753173828125,1235.8499755859375,1365.699951171875,2074.199951171875,1796.949951171875,191.0500030517578,113.19999694824219,188.0500030517578
2020-01-30,2137.85009765625,780.7000122070312,1320.06787109375,1226.050048828125,1370.199951171875,2058.10009765625,1805.0,187.9499969482422,113.6500015258789,186.1999969482422
2020-01-31,2079.050048828125,775.9500122070312,1290.7177734375,1226.300048828125,1369.300048828125,2034.25,1795.6500244140625,181.6999969482422,112.8499984741211,176.60000610351562
2020-02-03,2102.5,767.4000244140625,1266.8079833984375,1192.800048828125,1286.6500244140625,2178.949951171875,1867.6500244140625,178.64999389648438,110.25,163.85000610351562
2020-02-04,2107.75,787.8499755859375,1304.2042236328125,1229.800048828125,1291.75,2155.60009765625,1891.300048828125,182.5,112.0,165.6999969482422
2020-02-05,2146.550048828125,784.5499877929688,1324.410888671875,1244.6500244140625,1310.050048828125,2160.300048828125,1873.5,179.25,111.19999694824219,183.75
2020-02-06,2128.35009765625,771.3499755859375,1332.9141845703125,1239.800048828125,1317.5999755859375,2156.39990234375,1856.800048828125,179.9499969482422,112.0,178.85000610351562
2020-02-07,2136.550048828125,777.2999877929688,1310.8331298828125,1242.199951171875,1299.0,2159.949951171875,1858.699951171875,185.0500030517578,115.5999984741211,173.60000610351562
2020-02-10,2161.949951171875,773.2000122070312,1312.6160888671875,1240.300048828125,1285.300048828125,2159.300048828125,1869.5,178.85000610351562,113.5,168.89999389648438
2020-02-11,2153.39990234375,773.5499877929688,1328.296875,1240.5999755859375,1286.9000244140625,2152.64990234375,1878.0999755859375,179.35000610351562,116.8499984741211,169.75
2020-02-12,2170.75,781.0499877929688,1344.3433837890625,1249.0,1297.300048828125,2260.35009765625,1893.699951171875,180.3000030517578,116.80000305175781,170.9499969482422
2020-02-13,2191.949951171875,792.25,1347.863525390625,1241.4000244140625,1292.25,2283.39990234375,1874.050048828125,177.8000030517578,115.1500015258789,169.5
2020-02-14,2184.199951171875,786.4500122070312,1360.161376953125,1219.3499755859375,1295.1500244140625,2255.050048828125,1877.050048828125,174.75,112.69999694824219,169.10000610351562
2020-02-17,2203.25,789.4500122070312,1351.6123046875,1217.1500244140625,1280.199951171875,2252.60009765625,1881.4000244140625,167.85000610351562,110.30000305175781,169.10000610351562
2020-02-18,2215.75,797.6500244140625,1341.6917724609375,1213.25,1286.3499755859375,2234.39990234375,1863.6500244140625,171.85000610351562,109.5999984741211,161.60000610351562
2020-02-19,2196.35009765625,800.4500122070312,1374.9735107421875,1227.199951171875,1281.4000244140625,2292.14990234375,1884.9000244140625,177.75,112.05000305175781,158.0500030517578
2020-02-20,2156.800048828125,797.0,1358.6527099609375,1217.0999755859375,1280.5999755859375,2248.25,1842.25,179.35000610351562,111.3499984741211,158.5
2020-02-24,2115.35009765625,795.8499755859375,1321.1650390625,1209.949951171875,1259.699951171875,2215.14990234375,1818.949951171875,174.85000610351562,109.69999694824219,150.64999389648438
2020-02-25,2156.14990234375,798.4000244140625,1295.0609130859375,1200.300048828125,1242.050048828125,2233.60009765625,1826.0999755859375,175.10000610351562,110.0999984741211,149.89999389648438
2020-02-26,2123.60009765625,782.75,1272.7510986328125,1199.25,1211.1500244140625,2236.199951171875,1826.6500244140625,173.8000030517578,109.0999984741211,144.5500030517578
2020-02-27,2105.5,777.8499755859375,1267.4937744140625,1199.449951171875,1210.3499755859375,2254.949951171875,1843.800048828125,174.10000610351562,109.05000305175781,145.25
2020-02-28,2000.1500244140625,731.7000122070312,1214.828125,1177.6500244140625,1187.550048828125,2174.75,1797.949951171875,168.39999389648438,106.55000305175781,128.9499969482422
2020-03-02,2001.300048828125,741.0499877929688,1203.3990478515625,1179.5999755859375,1160.9000244140625,2159.449951171875,1786.800048828125,169.35000610351562,103.9000015258789,125.4000015258789
2020-03-03,2036.199951171875,747.0,1227.8116455078125,1181.800048828125,1181.300048828125,2166.64990234375,1800.550048828125,178.1999969482422,108.9000015258789,130.35000610351562
2020-03-04,2083.199951171875,758.75,1224.9315185546875,1148.8499755859375,1176.6500244140625,2175.85009765625,1847.949951171875,178.10000610351562,107.94999694824219,126.19999694824219
2020-03-05,2125.050048828125,754.5999755859375,1198.827392578125,1151.3499755859375,1182.449951171875,2218.0,1874.449951171875,177.14999389648438,107.8499984741211,125.75
2020-03-06,2116.449951171875,738.9500122070312,1162.1168212890625,1134.9000244140625,1158.9000244140625,2188.89990234375,1877.449951171875,168.75,105.1500015258789,114.19999694824219
2020-03-09,1972.3499755859375,704.4500122070312,1018.7037963867188,1107.300048828125,1101.949951171875,2121.5,1867.1500244140625,157.9499969482422,102.9000015258789,105.69999694824219
2020-03-11,1953.699951171875,686.0,1054.728515625,1113.800048828125,1116.949951171875,2155.0,1882.8499755859375,168.0,103.05000305175781,98.9000015258789
2020-03-12,1769.8499755859375,631.2000122070312,971.9356689453125,1021.2999877929688,1016.5499877929688,2055.949951171875,1843.3499755859375,154.5500030517578,94.3499984741211,88.0
2020-03-13,1806.300048828125,642.3499755859375,1010.6119384765625,1069.800048828125,1051.449951171875,2033.199951171875,1797.699951171875,154.10000610351562,98.05000305175781,89.75
2020-03-16,1696.4000244140625,583.1500244140625,928.687744140625,999.5,968.7000122070312,1941.9000244140625,1683.4000244140625,143.89999389648438,90.80000305175781,82.94999694824219
2020-03-17,1658.0,554.9500122070312,921.6473999023438,975.0999755859375,956.75,2004.050048828125,1731.5999755859375,145.89999389648438,88.0999984741211,77.94999694824219
2020-03-18,1654.4000244140625,534.2999877929688,885.53125,876.9000244140625,904.5499877929688,1923.800048828125,1618.199951171875,145.0500030517578,80.55000305175781,75.5
2020-03-19,1636.3499755859375,545.5499877929688,839.0831298828125,895.5499877929688,843.0999755859375,1838.300048828125,1601.199951171875,123.55000305175781,78.3499984741211,72.94999694824219
2020-03-20,1797.449951171875,585.2000122070312,930.7449951171875,882.8499755859375,864.7000122070312,2051.699951171875,1742.949951171875,132.8000030517578,81.25,77.30000305175781
2020-03-23,1669.699951171875,526.4500122070312,808.3158569335938,771.5499877929688,724.0499877929688,1869.699951171875,1498.449951171875,127.8499984741211,76.4000015258789,66.19999694824219
2020-03-24,1703.1500244140625,589.7999877929688,862.5814819335938,767.7000122070312,707.9000244140625,2027.8499755859375,1524.8499755859375,127.8499984741211,77.55000305175781,68.55000305175781
2020-03-25,1750.300048828125,606.2000122070312,989.5365600585938,856.75,765.75,2088.14990234375,1593.1500244140625,124.5,79.69999694824219,70.25
2020-03-26,1790.949951171875,643.0,974.8615112304688,901.0999755859375,838.0,2194.89990234375,1616.949951171875,123.25,79.6500015258789,70.80000305175781
2020-03-27,1824.5,652.7000122070312,974.3129272460938,904.4500122070312,837.0499877929688,2140.550048828125,1604.1500244140625,131.6999969482422,83.0,70.69999694824219
2020-03-30,1778.5,626.7000122070312,942.1741333007812,831.6500244140625,798.6500244140625,2184.35009765625,1594.949951171875,133.14999389648438,81.75,68.1500015258789
2020-03-31,1826.0999755859375,641.5,1018.3380737304688,861.9000244140625,808.5,2298.5,1666.5,140.0500030517578,84.19999694824219,71.05000305175781
2020-04-01,1708.75,602.7999877929688,987.8908081054688,829.6500244140625,774.3499755859375,2179.64990234375,1603.199951171875,139.4499969482422,81.0,67.94999694824219
2020-04-03,1654.199951171875,585.7000122070312,985.1477661132812,813.8499755859375,774.6500244140625,2154.10009765625,1520.9000244140625,137.75,79.55000305175781,65.30000305175781
2020-04-07,1775.199951171875,639.0,1102.7767333984375,896.0999755859375,801.6500244140625,2444.89990234375,1623.800048828125,140.14999389648438,81.55000305175781,67.25
2020-04-08,1705.449951171875,631.5999755859375,1090.021728515625,888.9000244140625,807.0999755859375,2460.85009765625,1608.949951171875,137.35000610351562,85.19999694824219,67.5999984741211
2020-04-09,1766.1500244140625,636.25,1115.440185546875,925.0499877929688,812.7999877929688,2372.25,1651.3499755859375,140.8000030517578,87.0999984741211,74.5999984741211
2020-04-13,1759.25,637.4000244140625,1087.27880859375,895.3499755859375,865.4500122070312,2346.449951171875,1680.8499755859375,145.89999389648438,88.6500015258789,74.25
2020-04-15,1735.1500244140625,639.0499877929688,1051.345458984375,863.2999877929688,880.1500244140625,2487.550048828125,1718.199951171875,146.85000610351562,89.9000015258789,72.9000015258789
2020-04-16,1716.050048828125,623.8499755859375,1067.986328125,879.75,911.6500244140625,2436.10009765625,1743.0999755859375,147.39999389648438,95.0999984741211,74.6500015258789
2020-04-17,1806.199951171875,628.75,1119.1431884765625,910.2999877929688,932.9000244140625,2385.0,1756.25,148.75,95.5,76.8499984741211
2020-04-20,1818.6500244140625,653.2999877929688,1137.2470703125,944.8499755859375,915.5999755859375,2336.550048828125,1730.449951171875,144.1999969482422,98.9000015258789,80.44999694824219
2020-04-21,1737.6500244140625,633.2000122070312,1131.349609375,921.6500244140625,870.3499755859375,2317.39990234375,1726.0,139.0,97.30000305175781,74.6500015258789
2020-04-22,1769.5,641.8499755859375,1246.7840576171875,928.5999755859375,852.5999755859375,2386.14990234375,1813.0,140.6999969482422,97.5999984741211,75.9000015258789
2020-04-23,1878.25,679.2999877929688,1253.458740234375,954.9500122070312,840.5999755859375,2317.5,1821.6500244140625,140.89999389648438,95.19999694824219,75.6500015258789
2020-04-24,1818.550048828125,658.0,1295.6094970703125,938.0499877929688,851.2000122070312,2283.10009765625,1827.550048828125,137.0,93.4000015258789,74.19999694824219
2020-04-27,1836.5999755859375,664.5999755859375,1307.2672119140625,929.7000122070312,855.25,2320.449951171875,1851.3499755859375,138.10000610351562,92.3499984741211,75.25
2020-04-28,1859.050048828125,660.7000122070312,1305.8043212890625,931.4000244140625,857.1500244140625,2289.949951171875,1824.4000244140625,135.39999389648438,90.3499984741211,76.94999694824219
2020-04-29,1905.6500244140625,676.5499877929688,1304.70703125,977.0999755859375,875.3499755859375,2231.75,1767.5,139.85000610351562,90.19999694824219,78.1500015258789
2020-04-30,2014.449951171875,715.5,1340.4117431640625,1001.7999877929688,897.5499877929688,2195.0,1758.699951171875,148.5,95.05000305175781,93.25
2020-05-04,1930.449951171875,673.7000122070312,1312.2503662109375,923.0,850.6500244140625,2082.64990234375,1676.800048828125,142.3000030517578,91.44999694824219,83.9000015258789
2020-05-05,1932.75,673.7000122070312,1335.52001953125,911.4500122070312,836.9000244140625,2041.5,1619.1500244140625,138.0,92.5999984741211,80.9000015258789
2020-05-06,1903.5999755859375,665.9000244140625,1335.611572265625,946.4000244140625,837.2999877929688,2010.199951171875,1610.6500244140625,133.75,94.69999694824219,83.19999694824219
2020-05-07,1891.6500244140625,664.9500122070312,1377.8536376953125,925.0,822.8499755859375,1992.050048828125,1594.300048828125,130.8000030517578,90.44999694824219,82.5
2020-05-08,1893.4000244140625,674.2000122070312,1428.0048828125,929.0499877929688,815.9500122070312,2089.449951171875,1578.4000244140625,129.0,87.0,81.05000305175781
2020-05-11,1935.300048828125,682.9000244140625,1441.7198486328125,915.7999877929688,821.5999755859375,2048.0,1569.5999755859375,128.4499969482422,86.6500015258789,86.0999984741211
2020-05-12,1949.5,687.6500244140625,1352.526611328125,901.5499877929688,814.7999877929688,2011.550048828125,1523.3499755859375,126.8499984741211,91.6500015258789,86.19999694824219
2020-05-13,1949.6500244140625,694.1500244140625,1381.222900390625,927.6500244140625,862.9000244140625,1995.75,1563.300048828125,130.60000610351562,93.05000305175781,87.19999694824219
2020-05-14,1902.3499755859375,658.1500244140625,1325.38134765625,893.7000122070312,871.6500244140625,2006.050048828125,1522.4000244140625,128.64999389648438,89.3499984741211,83.80000305175781
2020-05-15,1892.9000244140625,652.2999877929688,1347.0257568359375,888.1500244140625,864.4000244140625,2032.0999755859375,1552.949951171875,129.60000610351562,90.8499984741211,84.3499984741211
2020-05-18,1945.5999755859375,663.9000244140625,1329.811767578125,836.6500244140625,813.3499755859375,2005.25,1501.0999755859375,121.69999694824219,88.9000015258789,80.6500015258789
2020-05-19,1948.6500244140625,668.5999755859375,1300.4141845703125,830.6500244140625,796.3499755859375,1975.550048828125,1503.949951171875,123.5999984741211,91.05000305175781,81.80000305175781
2020-05-20,1953.5999755859375,669.5499877929688,1323.3046875,857.0999755859375,835.0,1990.8499755859375,1500.050048828125,123.25,92.9000015258789,83.44999694824219
2020-05-21,1991.199951171875,672.2000122070312,1330.2733154296875,859.5499877929688,820.5,1970.9000244140625,1574.300048828125,124.5,90.25,84.0999984741211
2020-05-22,2020.3499755859375,692.3499755859375,1321.3201904296875,838.8499755859375,815.7000122070312,1987.9000244140625,1617.9000244140625,125.19999694824219,90.94999694824219,82.80000305175781
2020-05-26,1943.0,680.5499877929688,1314.397705078125,852.4000244140625,825.5499877929688,1977.800048828125,1629.8499755859375,127.25,93.0,83.0999984741211
2020-05-27,2005.300048828125,705.4500122070312,1334.2421875,903.6500244140625,850.8499755859375,1998.0999755859375,1619.449951171875,130.8000030517578,94.69999694824219,84.55000305175781
2020-05-28,2004.300048828125,707.4000244140625,1358.88623046875,945.25,905.5,2009.949951171875,1643.5999755859375,133.89999389648438,95.69999694824219,87.0
2020-05-29,1972.3499755859375,691.0,1351.6407470703125,951.6500244140625,932.25,2057.35009765625,1683.0999755859375,141.3000030517578,97.8499984741211,87.0
2020-06-01,2045.25,699.5499877929688,1403.2825927734375,987.6500244140625,928.1500244140625,2108.550048828125,1693.25,148.5500030517578,97.9000015258789,89.55000305175781
2020-06-02,2047.1500244140625,708.0999755859375,1417.4505615234375,1001.0,945.4500122070312,2107.39990234375,1709.300048828125,143.39999389648438,96.75,96.5
2020-06-03,2046.1500244140625,701.5499877929688,1422.9425048828125,1022.25,961.2999877929688,2120.5,1716.550048828125,141.6999969482422,94.69999694824219,98.75
2020-06-04,2091.550048828125,707.75,1458.1549072265625,1001.7000122070312,930.7000122070312,2120.60009765625,1633.75,140.25,95.1500015258789,98.5
2020-06-05,2048.25,703.5499877929688,1459.9085693359375,1033.3499755859375,955.25,2087.60009765625,1638.550048828125,144.85000610351562,97.94999694824219,110.75
2020-06-08,2071.75,720.8499755859375,1448.64794921875,1015.9000244140625,961.3499755859375,2111.699951171875,1634.25,146.6999969482422,98.55000305175781,115.44999694824219
2020-06-09,2072.050048828125,717.5999755859375,1418.7889404296875,987.2999877929688,953.2999877929688,2106.5,1642.050048828125,144.3000030517578,98.0,111.44999694824219
2020-06-10,2108.75,715.8499755859375,1451.093994140625,991.8499755859375,946.5499877929688,2119.60009765625,1635.949951171875,140.6999969482422,98.1500015258789,111.4000015258789
2020-06-11,2067.64990234375,703.9500122070312,1419.296630859375,968.5999755859375,930.4500122070312,2106.89990234375,1610.5999755859375,137.6999969482422,98.05000305175781,106.1500015258789
2020-06-12,2039.5,692.0499877929688,1466.4619140625,982.75,926.4000244140625,2107.25,1637.3499755859375,134.64999389648438,96.9000015258789,105.30000305175781
2020-06-15,2029.9000244140625,687.5499877929688,1490.2291259765625,949.8499755859375,899.9000244140625,2084.300048828125,1618.199951171875,132.10000610351562,93.19999694824219,100.5
2020-06-16,2045.800048828125,701.2000122070312,1493.1365966796875,990.4000244140625,895.0499877929688,2076.35009765625,1621.699951171875,131.14999389648438,92.80000305175781,94.75
2020-06-17,2047.800048828125,703.6500244140625,1490.967529296875,979.25,884.7999877929688,2078.25,1595.4000244140625,129.4499969482422,91.5,95.4000015258789
2020-06-18,2038.0999755859375,713.9000244140625,1528.3951416015625,1019.9500122070312,896.6500244140625,2065.35009765625,1597.800048828125,137.60000610351562,92.69999694824219,96.3499984741211
2020-06-19,2044.5999755859375,705.5499877929688,1623.9256591796875,1033.3499755859375,898.2000122070312,2092.75,1622.5,137.25,93.0,102.5
2020-06-22,2027.949951171875,703.7000122070312,1611.6959228515625,1028.75,907.4500122070312,2100.800048828125,1652.1500244140625,143.64999389648438,95.30000305175781,102.6500015258789
2020-06-23,2035.300048828125,720.6500244140625,1588.39013671875,1042.300048828125,967.5999755859375,2155.949951171875,1683.9000244140625,143.85000610351562,100.75,104.4000015258789
2020-06-24,2042.199951171875,714.1500244140625,1594.804931640625,1032.5,955.5499877929688,2130.300048828125,1747.25,141.5500030517578,97.05000305175781,104.80000305175781
2020-06-25,2016.0999755859375,700.5,1585.62109375,1028.75,943.0999755859375,2173.14990234375,1689.0,140.39999389648438,96.0999984741211,103.80000305175781
2020-06-26,2118.85009765625,748.2000122070312,1607.5423583984375,1056.449951171875,962.2000122070312,2154.199951171875,1686.75,142.10000610351562,97.0,101.4000015258789
2020-06-29,2101.64990234375,731.75,1590.4669189453125,1076.050048828125,936.5999755859375,2182.949951171875,1691.949951171875,134.85000610351562,94.9000015258789,99.44999694824219
2020-06-30,2082.14990234375,735.9500122070312,1572.8837890625,1065.8499755859375,943.6500244140625,2180.0,1687.449951171875,132.85000610351562,95.80000305175781,98.25
2020-07-01,2092.050048828125,731.9000244140625,1603.80419921875,1084.5999755859375,924.2999877929688,2170.39990234375,1688.0,133.85000610351562,93.5999984741211,100.75
2020-07-02,2157.14990234375,756.5999755859375,1624.802490234375,1089.4000244140625,941.2999877929688,2151.75,1686.449951171875,133.60000610351562,93.4000015258789,101.55000305175781
2020-07-03,2199.64990234375,762.7000122070312,1650.2310791015625,1073.949951171875,944.25,2173.699951171875,1695.6500244140625,135.25,94.5,103.44999694824219
2020-07-06,2263.199951171875,764.0,1709.2108154296875,1103.0,951.2000122070312,2161.60009765625,1708.8499755859375,135.85000610351562,95.19999694824219,109.0
2020-07-07,2269.89990234375,794.1500244140625,1683.043701171875,1105.1500244140625,943.5999755859375,2154.14990234375,1745.75,132.85000610351562,92.55000305175781,109.05000305175781
2020-07-08,2218.89990234375,774.7000122070312,1659.553466796875,1110.3499755859375,941.25,2186.050048828125,1686.25,132.85000610351562,91.0,105.3499984741211
2020-07-09,2204.35009765625,781.7000122070312,1683.7821044921875,1124.949951171875,944.9500122070312,2175.85009765625,1717.25,130.39999389648438,91.19999694824219,106.94999694824219
2020-07-10,2222.35009765625,781.8499755859375,1733.4395751953125,1105.0999755859375,932.1500244140625,2223.800048828125,1703.5,131.1999969482422,90.4000015258789,107.5999984741211
2020-07-13,2220.0,797.0499877929688,1786.00439453125,1080.25,928.1500244140625,2265.25,1705.6500244140625,130.5,89.9000015258789,108.0
2020-07-14,2171.949951171875,783.25,1769.390380859375,1058.8499755859375,912.9000244140625,2234.75,1688.4000244140625,128.25,87.6500015258789,105.1500015258789
2020-07-15,2233.89990234375,830.9500122070312,1702.0113525390625,1053.1500244140625,912.2000122070312,2275.14990234375,1671.6500244140625,128.0,88.05000305175781,103.19999694824219
2020-07-16,2234.75,911.0,1701.4576416015625,1062.550048828125,921.1500244140625,2287.85009765625,1693.199951171875,126.1500015258789,86.75,102.94999694824219
2020-07-17,2200.75,903.1500244140625,1764.49853515625,1098.449951171875,925.5499877929688,2334.550048828125,1717.9000244140625,130.60000610351562,88.30000305175781,106.4000015258789
2020-07-20,2207.89990234375,934.2999877929688,1772.0670166015625,1133.050048828125,919.5999755859375,2330.949951171875,1751.5999755859375,133.0,87.1500015258789,105.05000305175781
2020-07-21,2225.050048828125,936.75,1819.739990234375,1138.550048828125,938.0499877929688,2318.0,1724.25,133.10000610351562,88.3499984741211,108.44999694824219
2020-07-22,2190.949951171875,917.9000244140625,1849.69140625,1126.3499755859375,920.9000244140625,2248.5,1695.75,134.10000610351562,90.3499984741211,105.1500015258789
2020-07-23,2171.199951171875,907.9500122070312,1899.3487548828125,1130.4000244140625,916.5499877929688,2211.35009765625,1727.800048828125,133.4499969482422,90.55000305175781,106.05000305175781
2020-07-24,2157.39990234375,922.8499755859375,1980.895751953125,1119.0999755859375,904.4000244140625,2209.300048828125,1712.050048828125,131.60000610351562,89.4000015258789,103.75
2020-07-27,2206.800048828125,948.4500122070312,1990.171875,1079.5,903.7999877929688,2221.5,1778.1500244140625,129.9499969482422,87.6500015258789,101.69999694824219
2020-07-28,2309.75,962.8499755859375,2010.016357421875,1086.6500244140625,913.5,2242.550048828125,1759.6500244140625,130.4499969482422,88.55000305175781,106.44999694824219
2020-07-29,2276.050048828125,954.1500244140625,1935.207275390625,1064.5999755859375,921.9500122070312,2231.300048828125,1740.1500244140625,131.1999969482422,88.1500015258789,105.75
2020-07-30,2279.5,961.4500122070312,1946.4678955078125,1050.6500244140625,908.25,2195.60009765625,1743.3499755859375,128.60000610351562,86.5999984741211,103.6500015258789
2020-07-31,2281.39990234375,966.0,1907.9326171875,1032.800048828125,913.4500122070312,2209.89990234375,1715.5,129.25,87.0,104.6500015258789
2020-08-03,2254.14990234375,956.9000244140625,1854.306396484375,1002.0,915.9000244140625,2204.5,1705.5,128.39999389648438,85.5999984741211,113.05000305175781
2020-08-04,2249.699951171875,949.8499755859375,1985.0030517578125,1041.6500244140625,924.25,2197.800048828125,1713.949951171875,128.75,85.5999984741211,111.44999694824219
2020-08-05,2259.5,944.7000122070312,1962.712646484375,1027.550048828125,925.75,2194.550048828125,1716.300048828125,128.4499969482422,85.9000015258789,115.4000015258789
2020-08-06,2308.10009765625,970.8499755859375,1969.7735595703125,1040.699951171875,922.1500244140625,2220.449951171875,1727.550048828125,128.85000610351562,86.1500015258789,116.80000305175781
2020-08-07,2295.35009765625,950.9000244140625,1981.172607421875,1043.8499755859375,915.6500244140625,2210.550048828125,1806.25,129.75,85.80000305175781,119.0999984741211
2020-08-10,2282.800048828125,951.3499755859375,1956.620849609375,1050.6500244140625,960.0499877929688,2206.75,1782.3499755859375,129.25,88.19999694824219,123.8499984741211
2020-08-11,2279.89990234375,948.4500122070312,1969.4967041015625,1066.6500244140625,961.9000244140625,2210.64990234375,1789.550048828125,130.10000610351562,88.25,122.30000305175781
2020-08-12,2257.35009765625,954.9500122070312,1963.7740478515625,1063.699951171875,949.75,2195.10009765625,1797.25,128.6999969482422,88.69999694824219,125.3499984741211
2020-08-13,2254.449951171875,951.2000122070312,1958.6514892578125,1059.050048828125,990.7000122070312,2198.64990234375,1802.550048828125,128.9499969482422,87.25,131.14999389648438
2020-08-14,2242.14990234375,953.5999755859375,1951.0367431640625,1034.449951171875,982.7999877929688,2173.89990234375,1802.550048828125,131.85000610351562,88.4000015258789,124.5999984741211
2020-08-17,2253.39990234375,957.5,1930.3154296875,1032.75,1000.7999877929688,2196.050048828125,1836.699951171875,136.0,95.30000305175781,123.55000305175781
2020-08-18,2269.75,967.5499877929688,1955.4210205078125,1056.5,1004.5499877929688,2214.35009765625,1874.0999755859375,136.64999389648438,95.05000305175781,125.5999984741211
2020-08-19,2256.60009765625,959.2999877929688,1967.419921875,1066.5999755859375,1009.0999755859375,2193.60009765625,1885.699951171875,135.10000610351562,94.6500015258789,125.1500015258789
2020-08-20,2252.85009765625,955.1500244140625,1935.576416015625,1059.0,995.75,2185.699951171875,1874.9000244140625,138.5,101.0999984741211,121.69999694824219
2020-08-21,2248.60009765625,948.7999877929688,1921.546875,1085.6500244140625,994.1500244140625,2202.050048828125,1958.0,139.5,105.94999694824219,120.9000015258789
2020-08-24,2248.10009765625,947.4000244140625,1934.3765869140625,1117.050048828125,991.3499755859375,2194.39990234375,1962.1500244140625,139.8000030517578,105.4000015258789,121.19999694824219
2020-08-25,2242.64990234375,938.0999755859375,1921.777587890625,1119.699951171875,980.4000244140625,2179.10009765625,2000.5999755859375,140.4499969482422,103.80000305175781,127.0999984741211
2020-08-26,2253.5,950.7999877929688,1972.7271728515625,1118.449951171875,968.9500122070312,2182.800048828125,1971.4000244140625,141.9499969482422,102.80000305175781,137.89999389648438
2020-08-27,2248.39990234375,947.0499877929688,1948.0831298828125,1112.0999755859375,975.5999755859375,2171.25,1982.5,140.5500030517578,102.5999984741211,144.25
2020-08-28,2238.550048828125,935.25,1953.205810546875,1114.5,981.8499755859375,2151.949951171875,1958.0999755859375,139.0500030517578,101.55000305175781,142.8000030517578
2020-08-31,2257.25,928.5999755859375,1920.4854736328125,1115.8499755859375,944.9500122070312,2117.35009765625,1899.0999755859375,134.35000610351562,96.4000015258789,143.1999969482422
2020-09-01,2246.35009765625,914.1500244140625,1926.5311279296875,1127.300048828125,955.2000122070312,2161.64990234375,1979.300048828125,133.4499969482422,99.80000305175781,143.8000030517578
2020-09-02,2265.14990234375,924.0,1964.327880859375,1134.1500244140625,955.5499877929688,2141.64990234375,1943.949951171875,136.3000030517578,98.94999694824219,150.3000030517578
2020-09-03,2299.5,935.5499877929688,1949.4676513671875,1130.9000244140625,961.1500244140625,2139.14990234375,1978.0,135.6999969482422,97.69999694824219,151.85000610351562
2020-09-04,2288.800048828125,919.1500244140625,1917.301025390625,1119.300048828125,942.5,2124.64990234375,1956.3499755859375,132.4499969482422,94.69999694824219,147.8000030517578
2020-09-07,2327.050048828125,925.0499877929688,1922.2852783203125,1110.5,932.1500244140625,2162.60009765625,1982.0999755859375,131.9499969482422,92.4000015258789,149.39999389648438
2020-09-08,2348.199951171875,939.2999877929688,1944.8526611328125,1112.449951171875,916.7000122070312,2142.25,1960.3499755859375,129.9499969482422,90.6500015258789,142.3000030517578
2020-09-09,2327.64990234375,927.75,1994.92529296875,1096.5,909.5,2132.25,1979.050048828125,126.94999694824219,90.4000015258789,140.10000610351562
2020-09-10,2331.14990234375,940.0499877929688,2135.8212890625,1090.550048828125,920.9500122070312,2133.89990234375,2056.550048828125,126.6500015258789,90.55000305175781,143.3000030517578
2020-09-11,2374.10009765625,945.7000122070312,2141.12841796875,1078.6500244140625,917.4000244140625,2159.25,2035.949951171875,125.0999984741211,90.0999984741211,144.3000030517578
2020-09-14,2491.39990234375,978.4000244140625,2125.2529296875,1057.949951171875,902.0999755859375,2123.5,2031.199951171875,124.94999694824219,90.8499984741211,148.5500030517578
2020-09-15,2491.39990234375,982.4500122070312,2140.2978515625,1070.5,909.9500122070312,2124.449951171875,2017.550048828125,124.0999984741211,91.0999984741211,148.39999389648438
2020-09-16,2503.0,1001.75,2145.558837890625,1093.6500244140625,921.7999877929688,2143.5,2012.0999755859375,123.8499984741211,89.6500015258789,151.4499969482422
2020-09-17,2460.949951171875,1011.0,2121.74560546875,1083.5999755859375,906.2999877929688,2128.199951171875,2007.949951171875,124.30000305175781,88.6500015258789,147.64999389648438
2020-09-18,2449.89990234375,1002.1500244140625,2128.160400390625,1057.300048828125,900.7000122070312,2098.699951171875,2028.4000244140625,123.6500015258789,90.55000305175781,147.89999389648438
2020-09-21,2465.300048828125,1009.9000244140625,2082.14892578125,1049.300048828125,881.8499755859375,2037.800048828125,1972.550048828125,121.6500015258789,88.30000305175781,137.4499969482422
2020-09-22,2522.949951171875,1007.5,2040.8907470703125,1035.4000244140625,856.5,2026.800048828125,1937.5,119.55000305175781,87.69999694824219,133.10000610351562
2020-09-23,2467.449951171875,1019.75,2059.027587890625,1047.25,860.5999755859375,2052.550048828125,1946.550048828125,121.05000305175781,85.0999984741211,131.39999389648438
2020-09-24,2332.25,975.4000244140625,2013.2469482421875,1030.4000244140625,850.7000122070312,2060.89990234375,1918.3499755859375,115.69999694824219,82.6500015258789,122.80000305175781
2020-09-25,2422.300048828125,1011.4500122070312,2032.1683349609375,1044.0,889.25,2079.050048828125,1925.5999755859375,117.0999984741211,84.80000305175781,127.25
2020-09-28,2426.300048828125,1010.4000244140625,2045.5980224609375,1054.199951171875,902.8499755859375,2063.300048828125,1945.5999755859375,120.0,87.5,132.85000610351562
2020-09-29,2488.39990234375,1009.0,2072.180419921875,1062.550048828125,895.4500122070312,2033.199951171875,1959.949951171875,117.6500015258789,85.1500015258789,131.6999969482422
2020-09-30,2492.300048828125,1008.25,2062.304443359375,1078.5999755859375,901.5999755859375,2068.25,1986.4000244140625,116.0,85.0999984741211,133.3000030517578
2020-10-01,2523.449951171875,1017.6500244140625,2053.905029296875,1106.949951171875,902.7999877929688,2095.0,2040.449951171875,117.25,84.9000015258789,133.5
2020-10-05,2705.800048828125,1048.699951171875,2041.85986328125,1114.3499755859375,896.9500122070312,2111.050048828125,2028.0,118.4000015258789,84.44999694824219,133.89999389648438
2020-10-06,2714.300048828125,1055.75,2040.15234375,1144.0999755859375,892.5999755859375,2115.89990234375,2090.0,116.80000305175781,84.1500015258789,144.75
2020-10-07,2735.949951171875,1066.550048828125,2083.671875,1162.25,887.9000244140625,2139.35009765625,2105.0,114.44999694824219,82.80000305175781,141.0
2020-10-08,2825.699951171875,1093.699951171875,2066.826904296875,1191.800048828125,881.0499877929688,2160.800048828125,2088.64990234375,113.30000305175781,82.5999984741211,140.9499969482422
2020-10-09,2812.949951171875,1106.800048828125,2061.4736328125,1233.550048828125,908.4500122070312,2139.64990234375,2050.60009765625,114.9000015258789,82.9000015258789,138.4499969482422
2020-10-12,2830.0,1132.0999755859375,2064.79638671875,1213.6500244140625,905.75,2138.39990234375,2077.85009765625,113.19999694824219,82.75,135.89999389648438
2020-10-13,2826.550048828125,1157.800048828125,2105.08544921875,1198.449951171875,896.4500122070312,2138.199951171875,2064.64990234375,113.8499984741211,82.6500015258789,134.10000610351562
2020-10-14,2809.60009765625,1137.0,2111.36181640625,1211.5,915.2000122070312,2158.14990234375,2071.35009765625,110.55000305175781,79.0999984741211,130.6999969482422
2020-10-15,2740.60009765625,1108.25,2036.5987548828125,1169.25,888.7999877929688,2152.550048828125,2090.449951171875,110.5999984741211,79.0,126.94999694824219
2020-10-16,2763.300048828125,1127.5,2008.2626953125,1199.3499755859375,894.0999755859375,2150.550048828125,2061.199951171875,111.3499984741211,80.30000305175781,127.75
2020-10-19,2711.550048828125,1125.9000244140625,2008.6318359375,1203.550048828125,902.9000244140625,2177.800048828125,2070.10009765625,114.69999694824219,81.6500015258789,128.25
2020-10-20,2739.0,1137.5,1989.89501953125,1223.949951171875,917.2999877929688,2173.10009765625,2118.5,113.6500015258789,80.6500015258789,129.64999389648438
2020-10-21,2675.39990234375,1148.3499755859375,1961.005126953125,1246.699951171875,924.4500122070312,2163.14990234375,2114.300048828125,115.0999984741211,82.30000305175781,130.25
2020-10-22,2671.14990234375,1129.050048828125,1944.714111328125,1233.300048828125,936.2999877929688,2179.35009765625,2099.89990234375,115.80000305175781,84.6500015258789,133.5
2020-10-23,2686.800048828125,1122.5,1950.344482421875,1235.800048828125,941.25,2143.85009765625,2120.25,117.69999694824219,86.25,137.0
2020-10-26,2688.199951171875,1112.449951171875,1872.858642578125,1210.9000244140625,951.75,2166.75,2080.449951171875,114.55000305175781,85.94999694824219,133.6999969482422
2020-10-27,2630.14990234375,1090.8499755859375,1877.8428955078125,1233.0999755859375,981.9500122070312,2176.699951171875,2197.800048828125,113.94999694824219,89.44999694824219,135.64999389648438
2020-10-28,2622.199951171875,1076.550048828125,1856.5677490234375,1209.5999755859375,982.8499755859375,2164.35009765625,2159.550048828125,112.69999694824219,88.0999984741211,134.8000030517578
2020-10-29,2632.64990234375,1074.8499755859375,1870.8280029296875,1187.199951171875,934.5,2122.10009765625,2225.449951171875,110.8499984741211,86.5,131.89999389648438
2020-10-30,2664.85009765625,1060.5999755859375,1896.3028564453125,1183.550048828125,929.5,2071.300048828125,2211.5,114.19999694824219,87.5999984741211,132.64999389648438
2020-11-02,2604.60009765625,1072.300048828125,1732.8857421875,1215.25,929.2999877929688,2072.0,2172.85009765625,115.69999694824219,89.19999694824219,132.85000610351562
2020-11-03,2633.60009765625,1062.550048828125,1707.9185791015625,1247.949951171875,947.75,2055.699951171875,2154.64990234375,116.5,85.94999694824219,134.10000610351562
2020-11-04,2653.14990234375,1093.949951171875,1765.8829345703125,1257.4000244140625,939.8499755859375,2060.050048828125,2169.449951171875,114.80000305175781,85.0999984741211,135.89999389648438
2020-11-05,2685.699951171875,1104.0,1804.46435546875,1269.199951171875,958.0999755859375,2102.35009765625,2238.300048828125,119.8499984741211,86.80000305175781,137.64999389648438
2020-11-06,2707.449951171875,1112.75,1872.90478515625,1307.6500244140625,960.75,2094.14990234375,2209.050048828125,121.80000305175781,87.30000305175781,139.0
2020-11-09,2726.60009765625,1136.550048828125,1892.79541015625,1340.550048828125,965.8499755859375,2132.550048828125,2225.199951171875,121.75,89.44999694824219,141.0
2020-11-10,2649.60009765625,1091.050048828125,1924.0389404296875,1393.6500244140625,1033.699951171875,2136.60009765625,2199.75,124.80000305175781,91.5,146.0
2020-11-11,2687.800048828125,1122.5,1843.4149169921875,1389.949951171875,1059.449951171875,2131.14990234375,2181.699951171875,125.8499984741211,92.9000015258789,150.9499969482422
2020-11-12,2671.050048828125,1117.75,1827.539306640625,1371.699951171875,1073.199951171875,2192.10009765625,2171.800048828125,122.0999984741211,90.80000305175781,151.1999969482422
2020-11-13,2656.85009765625,1124.199951171875,1842.676513671875,1358.800048828125,1051.5,2185.35009765625,2179.949951171875,125.9000015258789,91.44999694824219,146.35000610351562
2020-11-14,2670.35009765625,1133.449951171875,1848.1221923828125,1369.699951171875,1059.199951171875,2187.699951171875,2184.60009765625,127.0999984741211,90.9000015258789,148.85000610351562
2020-11-17,2666.050048828125,1123.699951171875,1839.76904296875,1408.449951171875,1080.9000244140625,2177.60009765625,2187.64990234375,128.6999969482422,88.69999694824219,158.0
2020-11-18,2626.64990234375,1110.550048828125,1834.1849365234375,1408.699951171875,1148.1500244140625,2132.10009765625,2195.75,128.25,88.30000305175781,173.5
2020-11-19,2636.89990234375,1096.75,1821.216796875,1374.3499755859375,1134.25,2130.75,2161.699951171875,122.05000305175781,89.80000305175781,167.9499969482422
2020-11-20,2660.25,1103.3499755859375,1753.2379150390625,1403.6500244140625,1132.300048828125,2120.25,2166.550048828125,121.44999694824219,91.80000305175781,169.10000610351562
2020-11-23,2724.25,1139.8499755859375,1800.4954833984375,1394.5999755859375,1125.8499755859375,2129.39990234375,2186.25,122.75,93.6500015258789,170.6999969482422
2020-11-24,2722.050048828125,1140.050048828125,1812.8175048828125,1438.199951171875,1135.5,2157.35009765625,2207.89990234375,123.25,94.1500015258789,172.0500030517578
2020-11-25,2701.300048828125,1115.6500244140625,1797.8187255859375,1402.800048828125,1116.0,2135.85009765625,2154.300048828125,123.94999694824219,93.94999694824219,171.4499969482422
2020-11-26,2720.60009765625,1113.199951171875,1802.2491455078125,1426.6500244140625,1118.8499755859375,2154.199951171875,2155.300048828125,125.05000305175781,94.0999984741211,173.75
2020-11-27,2679.64990234375,1100.0,1781.204833984375,1440.8499755859375,1122.4000244140625,2138.199951171875,2215.300048828125,125.55000305175781,94.69999694824219,180.35000610351562
2020-12-01,2726.800048828125,1137.8499755859375,1804.3720703125,1433.300048828125,1115.949951171875,2133.050048828125,2230.050048828125,126.4000015258789,93.75,179.75
2020-12-02,2749.550048828125,1140.9000244140625,1807.371826171875,1406.949951171875,1113.75,2139.300048828125,2315.85009765625,129.75,94.80000305175781,183.60000610351562
2020-12-03,2709.449951171875,1126.449951171875,1812.8175048828125,1377.199951171875,1125.1500244140625,2127.75,2411.39990234375,133.4499969482422,98.55000305175781,184.85000610351562
2020-12-04,2727.550048828125,1134.6500244140625,1796.849609375,1385.5999755859375,1149.5,2184.199951171875,2438.75,133.3000030517578,98.55000305175781,184.14999389648438
2020-12-07,2737.699951171875,1143.5,1807.41796875,1372.25,1169.699951171875,2256.14990234375,2472.550048828125,136.8000030517578,99.75,183.5500030517578
2020-12-08,2797.300048828125,1153.3499755859375,1840.2305908203125,1376.300048828125,1171.4000244140625,2260.0,2438.89990234375,134.25,98.19999694824219,181.8000030517578
2020-12-09,2810.800048828125,1175.199951171875,1870.8741455078125,1407.199951171875,1181.0,2292.199951171875,2522.300048828125,134.6999969482422,98.30000305175781,182.6999969482422
2020-12-10,2784.300048828125,1167.75,1852.4603271484375,1385.8499755859375,1190.3499755859375,2350.449951171875,2526.050048828125,134.85000610351562,97.1500015258789,177.60000610351562
2020-12-11,2783.60009765625,1163.199951171875,1851.352783203125,1382.800048828125,1194.300048828125,2374.75,2520.949951171875,138.25,102.4000015258789,178.85000610351562
2020-12-14,2797.699951171875,1164.550048828125,1837.96923828125,1372.1500244140625,1249.6500244140625,2370.75,2548.14990234375,143.35000610351562,104.5999984741211,177.64999389648438
2020-12-15,2761.550048828125,1154.5999755859375,1822.324462890625,1391.300048828125,1246.25,2320.050048828125,2527.449951171875,143.10000610351562,105.8499984741211,178.89999389648438
2020-12-16,2814.199951171875,1165.699951171875,1824.35498046875,1410.699951171875,1268.25,2343.949951171875,2582.449951171875,145.5,104.9000015258789,182.5500030517578
2020-12-17,2838.199951171875,1159.199951171875,1832.7081298828125,1441.800048828125,1278.800048828125,2315.300048828125,2575.050048828125,143.4499969482422,104.44999694824219,181.6999969482422
2020-12-18,2861.0,1189.800048828125,1838.199951171875,1411.3499755859375,1281.550048828125,2333.449951171875,2601.5,141.6999969482422,103.75,180.5500030517578
2020-12-21,2820.14990234375,1177.300048828125,1790.342529296875,1372.6500244140625,1234.8499755859375,2305.949951171875,2554.64990234375,132.9499969482422,97.5,164.5500030517578
2020-12-22,2872.5,1220.5,1787.573486328125,1373.0999755859375,1262.699951171875,2311.0,2600.800048828125,135.5,98.9000015258789,164.9499969482422
2020-12-23,2908.75,1253.050048828125,1794.1729736328125,1375.6500244140625,1264.800048828125,2370.35009765625,2642.550048828125,135.0500030517578,98.55000305175781,169.1999969482422
2020-12-24,2909.35009765625,1236.050048828125,1840.599853515625,1397.0999755859375,1262.199951171875,2402.25,2648.25,136.25,99.94999694824219,175.9499969482422
2020-12-28,2929.39990234375,1240.300048828125,1849.0452880859375,1412.8499755859375,1289.4000244140625,2388.89990234375,2683.89990234375,137.64999389648438,100.44999694824219,186.35000610351562
2020-12-29,2930.5,1250.300048828125,1836.8155517578125,1427.199951171875,1284.8499755859375,2384.300048828125,2696.800048828125,135.10000610351562,98.5999984741211,183.4499969482422
2020-12-30,2909.300048828125,1246.800048828125,1841.8458251953125,1432.5,1292.050048828125,2406.60009765625,2734.39990234375,135.60000610351562,99.0999984741211,184.14999389648438
2020-12-31,2862.75,1255.800048828125,1832.4312744140625,1436.300048828125,1287.5999755859375,2395.39990234375,2764.5,135.4499969482422,99.3499984741211,183.85000610351562
2021-01-01,2928.25,1260.449951171875,1834.4619140625,1425.050048828125,1297.0,2387.550048828125,2775.550048828125,135.35000610351562,99.05000305175781,186.5
2021-01-04,3039.449951171875,1288.25,1837.553955078125,1416.0,1314.5999755859375,2426.5,2753.699951171875,137.25,99.05000305175781,191.3000030517578
2021-01-05,3093.0,1293.800048828125,1814.709716796875,1426.699951171875,1306.300048828125,2450.550048828125,2793.85009765625,135.14999389648438,97.5999984741211,193.1999969482422
2021-01-06,3051.5,1282.0999755859375,1766.8521728515625,1420.550048828125,1314.0,2417.300048828125,2805.35009765625,135.10000610351562,97.8499984741211,195.39999389648438
2021-01-07,3032.800048828125,1262.1500244140625,1763.9908447265625,1416.25,1338.949951171875,2368.85009765625,2792.25,136.5,97.0,196.75
2021-01-08,3120.89990234375,1312.0999755859375,1784.804443359375,1431.6500244140625,1373.4000244140625,2391.199951171875,2844.699951171875,139.6999969482422,100.1500015258789,198.14999389648438
2021-01-11,3176.449951171875,1376.199951171875,1751.1611328125,1451.449951171875,1350.0,2429.10009765625,2849.300048828125,141.6999969482422,99.0,220.64999389648438
2021-01-12,3174.85009765625,1371.75,1806.3565673828125,1481.0,1349.800048828125,2375.89990234375,2720.550048828125,146.64999389648438,100.1500015258789,237.8000030517578
2021-01-13,3158.949951171875,1387.1500244140625,1789.51171875,1470.6500244140625,1352.5,2372.35009765625,2703.699951171875,145.8000030517578,102.55000305175781,242.60000610351562
2021-01-14,3250.699951171875,1370.5,1809.6331787109375,1468.75,1376.5999755859375,2398.550048828125,2663.89990234375,146.64999389648438,102.19999694824219,245.10000610351562
2021-01-15,3233.35009765625,1344.949951171875,1788.2657470703125,1466.6500244140625,1354.1500244140625,2351.14990234375,2590.89990234375,143.25,100.44999694824219,260.29998779296875
2021-01-18,3221.75,1312.050048828125,1831.1851806640625,1483.0999755859375,1336.050048828125,2332.60009765625,2588.199951171875,138.6999969482422,97.55000305175781,245.9499969482422
2021-01-19,3260.699951171875,1316.6500244140625,1861.1365966796875,1503.8499755859375,1369.8499755859375,2363.14990234375,2645.050048828125,140.10000610351562,99.6500015258789,258.6499938964844
2021-01-20,3308.800048828125,1339.449951171875,1896.4874267578125,1492.0,1382.6500244140625,2355.949951171875,2697.25,141.5,98.30000305175781,274.8999938964844
2021-01-21,3273.85009765625,1339.699951171875,1937.7454833984375,1474.800048828125,1371.300048828125,2367.64990234375,2716.35009765625,137.35000610351562,96.0999984741211,290.6000061035156
2021-01-22,3303.10009765625,1340.8499755859375,1891.7801513671875,1443.550048828125,1362.0999755859375,2409.35009765625,2596.64990234375,133.1999969482422,94.05000305175781,289.3500061035156
2021-01-25,3291.300048828125,1325.0999755859375,1791.5423583984375,1462.8499755859375,1361.300048828125,2399.60009765625,2513.949951171875,131.85000610351562,93.19999694824219,279.1499938964844
2021-01-27,3261.050048828125,1301.0,1749.0843505859375,1409.5999755859375,1359.8499755859375,2391.300048828125,2436.60009765625,129.14999389648438,91.30000305175781,267.5
2021-01-28,3196.550048828125,1276.199951171875,1732.0550537109375,1371.449951171875,1345.3499755859375,2300.39990234375,2441.699951171875,128.1999969482422,91.5999984741211,266.79998779296875
2021-01-29,3111.35009765625,1239.050048828125,1700.1192626953125,1390.5,1334.699951171875,2263.89990234375,2407.35009765625,125.9000015258789,88.94999694824219,262.70001220703125
2021-02-01,3139.35009765625,1260.9000244140625,1749.361328125,1476.75,1448.8499755859375,2248.60009765625,2447.800048828125,129.0,92.0,279.6000061035156
2021-02-02,3203.449951171875,1271.25,1777.5128173828125,1560.550048828125,1520.199951171875,2230.449951171875,2463.64990234375,131.25,94.1500015258789,322.0
2021-02-03,3200.050048828125,1284.6500244140625,1781.9893798828125,1574.800048828125,1528.550048828125,2232.85009765625,2453.64990234375,137.25,96.94999694824219,331.0
2021-02-04,3188.449951171875,1279.3499755859375,1776.1282958984375,1579.0999755859375,1529.800048828125,2245.60009765625,2401.800048828125,143.60000610351562,99.05000305175781,326.1499938964844
2021-02-05,3157.949951171875,1272.0999755859375,1775.62060546875,1597.5999755859375,1516.5,2269.550048828125,2376.75,140.85000610351562,99.5,315.8999938964844
2021-02-08,3214.10009765625,1303.550048828125,1801.187744140625,1605.25,1551.800048828125,2236.64990234375,2416.85009765625,141.5500030517578,100.30000305175781,335.95001220703125
2021-02-09,3176.89990234375,1305.550048828125,1805.5257568359375,1611.8499755859375,1566.449951171875,2216.25,2506.85009765625,139.25,99.94999694824219,325.04998779296875
2021-02-10,3213.300048828125,1296.5,1822.2781982421875,1581.75,1552.8499755859375,2235.5,2510.60009765625,138.3000030517578,99.8499984741211,328.8999938964844
2021-02-11,3206.0,1292.6500244140625,1897.410400390625,1572.3499755859375,1530.5,2263.0,2505.5,137.14999389648438,97.30000305175781,325.0
2021-02-12,3190.800048828125,1309.800048828125,1884.3961181640625,1581.949951171875,1521.3499755859375,2241.550048828125,2486.10009765625,133.85000610351562,95.94999694824219,325.3999938964844
2021-02-15,3139.85009765625,1309.6500244140625,1876.089111328125,1616.5999755859375,1537.6500244140625,2215.199951171875,2456.75,132.25,95.19999694824219,333.3500061035156
2021-02-16,3108.800048828125,1290.4000244140625,1900.9178466796875,1626.6500244140625,1549.449951171875,2196.10009765625,2450.25,133.75,98.0,329.20001220703125
2021-02-17,3073.10009765625,1281.300048828125,1922.839111328125,1586.5,1548.3499755859375,2163.89990234375,2388.14990234375,135.1999969482422,99.3499984741211,330.1499938964844
2021-02-18,3057.35009765625,1292.449951171875,1908.4864501953125,1554.300048828125,1524.5999755859375,2146.85009765625,2470.75,139.9499969482422,103.4000015258789,323.8500061035156
2021-02-19,3071.85009765625,1291.300048828125,1920.1162109375,1539.0999755859375,1508.800048828125,2181.10009765625,2416.449951171875,139.25,104.19999694824219,311.8500061035156
2021-02-22,2958.449951171875,1265.199951171875,1853.4757080078125,1548.0,1452.199951171875,2167.60009765625,2387.050048828125,136.25,102.05000305175781,304.5
2021-02-23,2980.199951171875,1266.3499755859375,1867.6436767578125,1529.1500244140625,1486.300048828125,2179.25,2372.199951171875,136.89999389648438,103.4000015258789,324.0
2021-02-24,2948.10009765625,1274.300048828125,1902.3023681640625,1606.449951171875,1526.5999755859375,2178.85009765625,2361.35009765625,144.39999389648438,103.19999694824219,321.6499938964844
2021-02-25,2995.300048828125,1274.550048828125,1979.234375,1606.4000244140625,1506.449951171875,2163.300048828125,2373.75,156.10000610351562,108.0,333.1499938964844
2021-02-26,2894.300048828125,1253.300048828125,1925.1927490234375,1534.4000244140625,1442.5,2132.050048828125,2277.199951171875,152.1999969482422,107.30000305175781,322.95001220703125
2021-03-01,2924.199951171875,1267.0,1939.868408203125,1558.9000244140625,1472.8499755859375,2143.39990234375,2362.300048828125,154.35000610351562,108.44999694824219,328.29998779296875
2021-03-02,3006.35009765625,1304.5,1943.8372802734375,1568.199951171875,1485.6500244140625,2177.949951171875,2390.39990234375,153.39999389648438,112.55000305175781,345.75
2021-03-03,3059.10009765625,1343.550048828125,2032.53759765625,1586.8499755859375,1496.9000244140625,2193.5,2402.10009765625,154.89999389648438,112.69999694824219,348.5
2021-03-04,3049.699951171875,1330.3499755859375,2008.308837890625,1552.050048828125,1462.5999755859375,2196.89990234375,2417.10009765625,152.0500030517578,110.80000305175781,339.20001220703125
2021-03-05,3008.050048828125,1316.699951171875,2010.9393310546875,1530.0,1463.550048828125,2201.10009765625,2387.10009765625,151.10000610351562,108.69999694824219,325.1499938964844
2021-03-08,3006.949951171875,1335.75,2022.3846435546875,1519.5,1515.199951171875,2174.550048828125,2382.699951171875,153.14999389648438,110.55000305175781,321.25
2021-03-09,3050.949951171875,1345.550048828125,2022.33837890625,1562.5,1508.300048828125,2198.5,2422.699951171875,151.6999969482422,109.5,315.20001220703125
2021-03-10,3070.949951171875,1368.1500244140625,2013.9390869140625,1555.75,1524.199951171875,2227.85009765625,2431.949951171875,150.9499969482422,109.6500015258789,321.45001220703125
2021-03-12,3057.949951171875,1374.8499755859375,1973.004150390625,1551.949951171875,1514.0,2204.75,2401.35009765625,150.5,109.0999984741211,317.54998779296875
2021-03-15,3066.14990234375,1373.5999755859375,1946.5140380859375,1528.6500244140625,1483.75,2210.85009765625,2355.0,146.89999389648438,110.5,318.54998779296875
2021-03-16,3110.050048828125,1384.0,1938.8531494140625,1512.1500244140625,1461.800048828125,2244.050048828125,2468.60009765625,145.6999969482422,109.55000305175781,319.95001220703125
2021-03-17,3112.949951171875,1387.0,1897.08740234375,1495.3499755859375,1437.6500244140625,2226.300048828125,2422.949951171875,139.85000610351562,106.55000305175781,305.79998779296875
2021-03-18,3036.5,1337.0999755859375,1854.398681640625,1491.0,1428.0999755859375,2215.199951171875,2404.550048828125,137.0500030517578,103.80000305175781,307.0
2021-03-19,3050.199951171875,1344.449951171875,1921.685302734375,1497.5,1411.25,2312.050048828125,2411.25,136.3000030517578,108.5,308.95001220703125
2021-03-22,3129.64990234375,1370.800048828125,1903.594482421875,1469.1500244140625,1400.050048828125,2353.199951171875,2425.699951171875,135.64999389648438,109.8499984741211,303.04998779296875
2021-03-23,3142.60009765625,1371.550048828125,1926.7618408203125,1500.1500244140625,1404.3499755859375,2337.300048828125,2410.300048828125,135.25,108.6500015258789,307.3999938964844
2021-03-24,3121.10009765625,1353.75,1889.6572265625,1478.800048828125,1369.1500244140625,2318.60009765625,2443.550048828125,132.3000030517578,106.0,294.45001220703125
2021-03-25,3064.85009765625,1333.800048828125,1838.107666015625,1463.3499755859375,1371.0999755859375,2237.050048828125,2402.199951171875,128.10000610351562,103.0,285.54998779296875
2021-03-26,3066.800048828125,1336.199951171875,1841.061279296875,1491.300048828125,1398.300048828125,2317.89990234375,2505.14990234375,129.60000610351562,104.19999694824219,296.3999938964844
2021-03-30,3158.550048828125,1385.300048828125,1873.043212890625,1553.699951171875,1423.550048828125,2398.75,2578.050048828125,132.9499969482422,107.69999694824219,297.04998779296875
2021-03-31,3177.85009765625,1368.050048828125,1848.860595703125,1493.6500244140625,1418.9000244140625,2431.5,2537.39990234375,130.35000610351562,106.55000305175781,301.79998779296875
2021-04-01,3165.0,1385.199951171875,1866.1668701171875,1486.75,1444.5999755859375,2399.10009765625,2551.75,132.14999389648438,107.9000015258789,307.75
2021-04-05,3238.89990234375,1409.9000244140625,1839.169189453125,1449.5999755859375,1403.800048828125,2373.199951171875,2510.64990234375,129.8000030517578,106.30000305175781,305.04998779296875
2021-04-06,3264.699951171875,1411.050048828125,1831.50830078125,1440.25,1401.0,2408.300048828125,2611.60009765625,130.3000030517578,106.05000305175781,307.75
2021-04-07,3271.39990234375,1430.199951171875,1848.6298828125,1447.199951171875,1404.1500244140625,2405.25,2628.60009765625,131.25,105.44999694824219,307.79998779296875
2021-04-08,3317.35009765625,1439.8499755859375,1850.9373779296875,1432.800048828125,1419.1500244140625,2409.89990234375,2650.64990234375,131.64999389648438,105.0,313.95001220703125
2021-04-09,3322.25,1441.050048828125,1829.4315185546875,1421.75,1404.0999755859375,2476.0,2630.800048828125,129.5,102.80000305175781,318.20001220703125
2021-04-12,3246.550048828125,1425.75,1763.9908447265625,1367.050048828125,1345.1500244140625,2462.0,2602.199951171875,124.69999694824219,99.05000305175781,286.54998779296875
2021-04-13,3104.050048828125,1397.1500244140625,1783.05078125,1400.3499755859375,1373.699951171875,2454.39990234375,2570.699951171875,127.94999694824219,100.5999984741211,302.8500061035156
2021-04-15,3218.949951171875,1360.75,1794.5882568359375,1430.0999755859375,1374.6500244140625,2460.64990234375,2587.699951171875,128.25,101.3499984741211,303.5
2021-04-16,3195.14990234375,1353.75,1783.32763671875,1428.6500244140625,1359.1500244140625,2458.89990234375,2663.699951171875,127.8499984741211,102.44999694824219,310.0
2021-04-19,3161.800048828125,1362.550048828125,1755.2684326171875,1412.4000244140625,1310.449951171875,2436.64990234375,2571.89990234375,124.5999984741211,99.05000305175781,301.3999938964844
2021-04-20,3144.550048828125,1351.3499755859375,1754.7608642578125,1391.4000244140625,1331.5,2397.449951171875,2553.64990234375,124.5,99.05000305175781,298.04998779296875
2021-04-22,3118.800048828125,1351.0999755859375,1759.6065673828125,1422.5,1336.800048828125,2349.39990234375,2511.25,125.05000305175781,98.94999694824219,294.54998779296875
2021-04-23,3109.5,1333.800048828125,1757.7144775390625,1414.1500244140625,1322.9000244140625,2307.75,2517.949951171875,126.1500015258789,102.55000305175781,294.0
2021-04-26,3100.800048828125,1343.550048828125,1788.6348876953125,1404.800048828125,1335.9000244140625,2360.64990234375,2557.89990234375,126.94999694824219,102.4000015258789,295.3999938964844
2021-04-27,3132.0,1348.5,1835.5233154296875,1438.699951171875,1380.6500244140625,2379.85009765625,2574.35009765625,127.5,102.05000305175781,301.5
2021-04-28,3124.10009765625,1356.0,1843.5072021484375,1476.800048828125,1375.9000244140625,2406.550048828125,2614.550048828125,128.5,103.5999984741211,305.8999938964844
2021-04-29,3115.25,1356.3499755859375,1868.197509765625,1472.5,1358.6500244140625,2407.60009765625,2613.449951171875,128.0500030517578,103.05000305175781,301.8999938964844
2021-04-30,3035.64990234375,1354.3499755859375,1840.9228515625,1412.300048828125,1340.449951171875,2353.75,2536.39990234375,133.0500030517578,102.44999694824219,293.8500061035156
2021-05-03,3037.0,1352.050048828125,1808.2025146484375,1414.449951171875,1342.5,2408.0,2582.14990234375,132.1999969482422,104.25,293.0
2021-05-04,3049.75,1329.4000244140625,1769.0211181640625,1388.3499755859375,1337.5999755859375,2407.64990234375,2587.14990234375,132.8000030517578,103.75,289.45001220703125
2021-05-05,3095.699951171875,1341.5,1772.251708984375,1402.5999755859375,1338.6500244140625,2394.64990234375,2567.64990234375,133.14999389648438,103.9000015258789,291.5
2021-05-06,3111.449951171875,1361.5999755859375,1782.3123779296875,1400.9000244140625,1339.9000244140625,2390.0,2549.050048828125,134.60000610351562,103.05000305175781,301.25
2021-05-07,3132.89990234375,1352.550048828125,1783.004638671875,1414.75,1342.699951171875,2411.199951171875,2551.64990234375,136.85000610351562,105.05000305175781,302.75
2021-05-10,3145.5,1339.550048828125,1777.8819580078125,1419.8499755859375,1395.0,2432.89990234375,2556.949951171875,147.0500030517578,107.69999694824219,314.8500061035156
2021-05-11,3122.60009765625,1330.6500244140625,1784.296875,1403.550048828125,1383.5999755859375,2402.10009765625,2556.25,155.6999969482422,112.69999694824219,315.54998779296875
2021-05-12,3087.60009765625,1327.0,1765.8367919921875,1399.5,1385.300048828125,2328.949951171875,2556.199951171875,153.5,113.30000305175781,326.0
2021-05-14,3051.5,1316.4000244140625,1788.1273193359375,1386.8499755859375,1415.5,2376.85009765625,2774.5,146.8000030517578,111.4000015258789,312.25
2021-05-17,3069.75,1329.4000244140625,1809.4024658203125,1440.25,1386.75,2376.25,2782.75,148.14999389648438,111.55000305175781,321.1000061035156
2021-05-18,3088.800048828125,1340.0,1834.877197265625,1476.699951171875,1417.300048828125,2374.25,2821.800048828125,146.4499969482422,112.0999984741211,332.45001220703125
2021-05-19,3082.0,1337.0,1843.2764892578125,1458.199951171875,1403.449951171875,2359.75,2815.85009765625,151.85000610351562,111.94999694824219,314.45001220703125
2021-05-20,3060.0,1339.300048828125,1832.5235595703125,1432.800048828125,1409.75,2344.14990234375,2794.10009765625,146.64999389648438,111.75,307.70001220703125
2021-05-21,3080.5,1354.5,1848.35302734375,1497.300048828125,1418.050048828125,2362.25,2832.5,147.1999969482422,112.8499984741211,313.1000061035156
2021-05-24,3081.5,1348.050048828125,1832.7542724609375,1509.949951171875,1443.25,2336.550048828125,2819.199951171875,148.89999389648438,112.9000015258789,311.8500061035156
2021-05-25,3114.0,1361.5999755859375,1811.98681640625,1478.949951171875,1450.949951171875,2344.050048828125,2914.39990234375,147.4499969482422,113.30000305175781,315.25
2021-05-26,3158.5,1397.25,1818.35546875,1477.050048828125,1472.9000244140625,2354.0,2941.60009765625,145.6999969482422,111.0999984741211,315.5
2021-05-27,3180.0,1402.25,1823.939697265625,1482.6500244140625,1482.8499755859375,2326.39990234375,2949.35009765625,144.5500030517578,110.30000305175781,318.6000061035156
2021-05-28,3143.60009765625,1405.050048828125,1933.499755859375,1503.449951171875,1478.0999755859375,2321.699951171875,2940.699951171875,146.89999389648438,108.94999694824219,318.75
2021-05-31,3159.14990234375,1393.75,1993.9561767578125,1515.8499755859375,1467.699951171875,2340.050048828125,2977.5,147.6999969482422,110.5,318.75
2021-06-01,3153.0,1387.199951171875,2001.89404296875,1511.699951171875,1474.6500244140625,2358.300048828125,2931.0,147.60000610351562,110.19999694824219,318.1000061035156
2021-06-02,3129.449951171875,1378.6500244140625,2031.7530517578125,1504.0,1471.050048828125,2358.800048828125,2903.699951171875,149.10000610351562,111.1500015258789,323.0
2021-06-03,3141.25,1389.6500244140625,2039.5062255859375,1520.550048828125,1510.8499755859375,2363.25,2935.35009765625,149.0500030517578,111.80000305175781,325.6499938964844
2021-06-04,3143.75,1385.6500244140625,2021.830810546875,1500.949951171875,1537.550048828125,2342.050048828125,2924.89990234375,153.10000610351562,111.75,334.95001220703125
2021-06-07,3183.199951171875,1389.6500244140625,2055.889404296875,1499.8499755859375,1557.800048828125,2339.300048828125,2933.10009765625,156.25,116.4000015258789,345.5
2021-06-08,3200.14990234375,1412.949951171875,2044.0750732421875,1483.050048828125,1549.1500244140625,2359.0,2926.25,156.0,116.19999694824219,352.75
2021-06-09,3200.25,1415.300048828125,2007.5242919921875,1480.300048828125,1519.300048828125,2356.0,2943.550048828125,156.39999389648438,118.0999984741211,343.3500061035156
2021-06-10,3216.800048828125,1424.300048828125,2014.9083251953125,1481.050048828125,1519.699951171875,2378.800048828125,2950.60009765625,156.5,118.5,344.75
2021-06-11,3273.800048828125,1446.9000244140625,2042.7366943359375,1486.3499755859375,1503.449951171875,2366.5,2956.25,162.64999389648438,118.80000305175781,350.75
2021-06-14,3276.35009765625,1461.800048828125,2072.0419921875,1479.449951171875,1515.75,2364.60009765625,2949.89990234375,159.35000610351562,118.19999694824219,355.95001220703125
2021-06-15,3262.75,1473.9000244140625,2076.749267578125,1490.25,1510.800048828125,2391.949951171875,3042.199951171875,157.14999389648438,117.80000305175781,352.70001220703125
2021-06-16,3274.35009765625,1480.5999755859375,2041.3060302734375,1484.5999755859375,1490.9000244140625,2407.89990234375,3018.699951171875,155.5500030517578,119.80000305175781,349.3500061035156
2021-06-17,3317.75,1495.300048828125,2045.044189453125,1466.0999755859375,1487.550048828125,2417.699951171875,3060.300048828125,152.14999389648438,117.4000015258789,345.6499938964844
2021-06-18,3297.300048828125,1503.300048828125,2054.274169921875,1479.800048828125,1476.0,2482.89990234375,3047.199951171875,146.39999389648438,113.55000305175781,337.3999938964844
2021-06-21,3273.10009765625,1500.300048828125,2064.98095703125,1488.699951171875,1467.050048828125,2514.35009765625,3068.550048828125,147.5,118.0,334.29998779296875
2021-06-22,3301.199951171875,1511.8499755859375,2054.366455078125,1483.800048828125,1499.199951171875,2490.25,3010.800048828125,148.6999969482422,118.30000305175781,337.8999938964844
2021-06-23,3261.39990234375,1503.1500244140625,2035.537353515625,1485.5,1479.25,2480.5,2987.35009765625,148.4499969482422,117.25,335.25
2021-06-24,3373.60009765625,1559.199951171875,1987.6798095703125,1506.25,1504.050048828125,2490.14990234375,3043.25,146.39999389648438,118.0,334.6499938964844
2021-06-25,3380.800048828125,1574.199951171875,1942.4066162109375,1515.0999755859375,1523.8499755859375,2448.64990234375,3003.89990234375,148.75,116.05000305175781,339.6499938964844
2021-06-28,3336.75,1571.800048828125,1925.3773193359375,1508.3499755859375,1514.449951171875,2460.199951171875,2982.949951171875,147.1999969482422,116.1500015258789,342.79998779296875
2021-06-29,3340.85009765625,1563.050048828125,1927.0386962890625,1502.050048828125,1510.9000244140625,2492.550048828125,3001.5,144.5,117.5999984741211,341.54998779296875
2021-06-30,3345.75,1580.800048828125,1948.1292724609375,1497.9000244140625,1500.550048828125,2471.300048828125,2992.699951171875,146.64999389648438,116.4000015258789,339.6000061035156
2021-07-01,3341.5,1560.4000244140625,1936.4072265625,1486.75,1492.300048828125,2478.0,3021.60009765625,145.64999389648438,117.3499984741211,344.25
2021-07-02,3325.449951171875,1567.800048828125,1965.1124267578125,1480.4000244140625,1485.6500244140625,2487.300048828125,3005.0,147.64999389648438,117.5,344.8999938964844
2021-07-05,3321.0,1578.949951171875,1984.6339111328125,1495.449951171875,1507.949951171875,2499.050048828125,3014.800048828125,149.89999389648438,118.5999984741211,346.1000061035156
2021-07-06,3262.300048828125,1562.199951171875,1961.189697265625,1534.699951171875,1505.5,2472.5,3002.5,147.5,117.6500015258789,316.8999938964844
2021-07-07,3274.949951171875,1564.5999755859375,1947.575439453125,1539.5,1516.449951171875,2481.64990234375,3040.10009765625,147.5500030517578,117.44999694824219,317.1000061035156
2021-07-08,3258.5,1560.75,1931.4691162109375,1520.449951171875,1500.699951171875,2447.550048828125,3028.300048828125,146.25,117.44999694824219,306.3500061035156
2021-07-09,3208.14990234375,1562.9000244140625,1911.7169189453125,1502.0,1499.5999755859375,2451.449951171875,3010.60009765625,146.6999969482422,117.80000305175781,306.29998779296875
2021-07-12,3193.10009765625,1547.8499755859375,1923.6236572265625,1487.0,1500.75,2444.14990234375,2999.39990234375,146.39999389648438,117.8499984741211,307.45001220703125
2021-07-13,3187.550048828125,1544.949951171875,1938.0224609375,1501.8499755859375,1513.5999755859375,2436.699951171875,2993.85009765625,148.10000610351562,119.9000015258789,310.95001220703125
2021-07-14,3214.550048828125,1576.9000244140625,1925.3773193359375,1499.1500244140625,1544.699951171875,2414.85009765625,3001.949951171875,148.14999389648438,120.75,309.54998779296875
2021-07-15,3202.949951171875,1580.800048828125,1922.0084228515625,1520.699951171875,1609.3499755859375,2412.35009765625,2983.60009765625,146.6999969482422,120.30000305175781,310.25
2021-07-16,3194.800048828125,1555.449951171875,1949.7445068359375,1522.3499755859375,1618.75,2417.39990234375,2989.300048828125,145.5500030517578,119.0999984741211,311.25
2021-07-19,3184.60009765625,1541.699951171875,1937.3302001953125,1471.0,1609.5999755859375,2408.64990234375,2981.949951171875,144.4499969482422,121.4000015258789,308.8500061035156
2021-07-20,3205.800048828125,1550.050048828125,1932.57666015625,1443.1500244140625,1590.3499755859375,2434.89990234375,3159.050048828125,142.89999389648438,118.44999694824219,302.1499938964844
2021-07-22,3216.35009765625,1590.199951171875,1957.4053955078125,1448.699951171875,1642.1500244140625,2378.14990234375,3106.75,144.6999969482422,119.19999694824219,302.54998779296875
2021-07-23,3212.85009765625,1590.449951171875,1943.5604248046875,1442.75,1611.75,2358.10009765625,3083.75,144.10000610351562,118.5,295.54998779296875
2021-07-26,3197.550048828125,1603.9000244140625,1916.931884765625,1434.550048828125,1597.5999755859375,2348.699951171875,3061.199951171875,144.0,119.3499984741211,293.1499938964844
2021-07-27,3182.949951171875,1602.550048828125,1896.7642822265625,1439.75,1608.25,2342.39990234375,3028.64990234375,142.4499969482422,118.8499984741211,291.3999938964844
2021-07-28,3197.800048828125,1605.5999755859375,1880.473388671875,1417.300048828125,1594.199951171875,2361.39990234375,3004.10009765625,144.0500030517578,116.80000305175781,284.45001220703125
2021-07-29,3195.800048828125,1617.0,1895.1490478515625,1418.25,1596.0,2334.75,2997.449951171875,142.14999389648438,116.75,292.8999938964844
2021-07-30,3167.449951171875,1610.5,1878.581298828125,1426.449951171875,1601.449951171875,2333.300048828125,2958.449951171875,143.3000030517578,118.19999694824219,293.95001220703125
2021-08-02,3219.39990234375,1631.550048828125,1912.9168701171875,1422.6500244140625,1613.949951171875,2332.800048828125,2974.050048828125,143.89999389648438,117.75,296.8500061035156
2021-08-03,3284.89990234375,1655.199951171875,1926.9925537109375,1434.699951171875,1634.3499755859375,2386.85009765625,3027.0,144.25,117.6500015258789,303.70001220703125
2021-08-04,3273.949951171875,1649.25,1941.7606201171875,1465.300048828125,1623.199951171875,2377.10009765625,3018.60009765625,144.6999969482422,117.8499984741211,298.1499938964844
2021-08-05,3283.949951171875,1653.550048828125,1969.912109375,1484.8499755859375,1627.4000244140625,2357.699951171875,2988.39990234375,145.4499969482422,116.5,299.70001220703125
2021-08-06,3309.800048828125,1650.199951171875,1928.1925048828125,1492.6500244140625,1610.3499755859375,2371.5,2966.449951171875,146.10000610351562,117.6500015258789,300.04998779296875
2021-08-09,3322.699951171875,1663.300048828125,1917.208740234375,1503.9000244140625,1597.449951171875,2384.5,2992.550048828125,143.25,116.69999694824219,298.1000061035156
2021-08-10,3333.89990234375,1677.25,1927.26953125,1507.6500244140625,1588.449951171875,2381.800048828125,2977.14990234375,142.1999969482422,114.3499984741211,294.20001220703125
2021-08-11,3344.199951171875,1677.550048828125,1954.2672119140625,1494.949951171875,1583.300048828125,2390.449951171875,2972.60009765625,143.9499969482422,116.94999694824219,295.45001220703125
2021-08-12,3351.75,1689.5999755859375,1947.9908447265625,1501.4000244140625,1623.449951171875,2392.300048828125,2975.5,144.39999389648438,119.1500015258789,306.0
2021-08-13,3463.39990234375,1712.199951171875,1980.4342041015625,1526.199951171875,1668.4000244140625,2404.5,2988.699951171875,143.75,118.25,307.25
2021-08-16,3472.949951171875,1704.4000244140625,2006.1397705078125,1530.5999755859375,1656.0999755859375,2426.39990234375,2971.39990234375,142.0,118.8499984741211,303.70001220703125
2021-08-17,3553.050048828125,1741.6500244140625,1997.60205078125,1514.6500244140625,1638.75,2483.800048828125,3015.300048828125,139.25,117.4000015258789,297.70001220703125
2021-08-18,3560.550048828125,1733.449951171875,2005.355224609375,1513.0,1632.8499755859375,2486.050048828125,3001.550048828125,138.35000610351562,116.55000305175781,293.3500061035156
2021-08-20,3559.5,1732.949951171875,1982.8341064453125,1514.75,1593.5999755859375,2619.39990234375,3112.949951171875,135.60000610351562,114.1500015258789,283.1000061035156
2021-08-23,3637.39990234375,1738.75,1995.848388671875,1524.5999755859375,1580.75,2634.14990234375,3077.449951171875,133.9499969482422,113.4000015258789,276.95001220703125
2021-08-24,3613.199951171875,1720.8499755859375,2015.554443359375,1558.8499755859375,1605.800048828125,2633.0,3045.949951171875,136.1999969482422,113.94999694824219,279.79998779296875
2021-08-25,3659.0,1735.550048828125,2032.9990234375,1557.4000244140625,1593.800048828125,2645.0,3038.050048828125,138.85000610351562,114.0,284.3999938964844
2021-08-26,3671.85009765625,1727.699951171875,2058.70458984375,1554.800048828125,1595.75,2666.39990234375,3039.64990234375,137.3000030517578,112.75,284.29998779296875
2021-08-27,3720.14990234375,1708.800048828125,2055.889404296875,1548.449951171875,1638.0999755859375,2677.949951171875,3036.800048828125,138.5500030517578,113.4000015258789,285.75
2021-08-30,3701.300048828125,1698.050048828125,2095.43994140625,1568.25,1660.0999755859375,2687.699951171875,3108.75,143.60000610351562,114.94999694824219,291.95001220703125
2021-08-31,3786.449951171875,1706.449951171875,2084.271728515625,1581.4000244140625,1672.199951171875,2724.10009765625,3201.35009765625,145.85000610351562,115.94999694824219,287.29998779296875
2021-09-01,3714.949951171875,1677.75,2092.532470703125,1579.0999755859375,1686.4000244140625,2732.89990234375,3302.75,144.1999969482422,115.4000015258789,295.25
2021-09-02,3836.75,1689.0999755859375,2117.73046875,1589.0,1686.199951171875,2801.050048828125,3301.60009765625,141.60000610351562,116.5,293.1499938964844
2021-09-03,3842.050048828125,1700.6500244140625,2204.584716796875,1576.050048828125,1691.5,2766.699951171875,3338.800048828125,146.35000610351562,117.0,295.54998779296875
2021-09-06,3852.0,1730.4000244140625,2238.828125,1565.699951171875,1694.199951171875,2780.60009765625,3315.550048828125,146.35000610351562,116.44999694824219,297.45001220703125
2021-09-07,3815.89990234375,1706.6500244140625,2252.949951171875,1569.25,1681.699951171875,2777.699951171875,3336.25,147.1999969482422,115.8499984741211,294.6000061035156
2021-09-08,3774.14990234375,1693.25,2244.13525390625,1576.4000244140625,1666.550048828125,2800.89990234375,3336.60009765625,149.14999389648438,114.05000305175781,295.25
2021-09-09,3791.39990234375,1691.5999755859375,2238.828125,1568.5999755859375,1670.050048828125,2810.64990234375,3346.35009765625,148.64999389648438,114.55000305175781,298.95001220703125
2021-09-13,3845.35009765625,1691.9000244140625,2188.93994140625,1555.550048828125,1671.699951171875,2786.35009765625,3367.050048828125,154.60000610351562,115.0,301.20001220703125
2021-09-14,3885.89990234375,1686.1500244140625,2186.07861328125,1548.550048828125,1696.449951171875,2762.550048828125,3362.5,154.6999969482422,115.9000015258789,306.1000061035156
2021-09-15,3954.550048828125,1711.449951171875,2195.170166015625,1546.800048828125,1717.0,2775.449951171875,3352.300048828125,161.0500030517578,124.19999694824219,311.95001220703125
2021-09-16,3903.300048828125,1702.25,2241.227783203125,1559.949951171875,1721.25,2768.25,3342.10009765625,162.3000030517578,124.0,311.6499938964844
2021-09-17,3827.85009765625,1691.300048828125,2206.476806640625,1582.1500244140625,1716.199951171875,2722.25,3303.050048828125,156.6999969482422,123.75,308.6000061035156
2021-09-20,3823.5,1687.8499755859375,2209.984375,1559.8499755859375,1704.3499755859375,2800.35009765625,3271.550048828125,154.1999969482422,122.69999694824219,298.95001220703125
2021-09-21,3862.949951171875,1718.449951171875,2219.537353515625,1551.949951171875,1720.9000244140625,2812.449951171875,3309.199951171875,156.39999389648438,124.0999984741211,301.95001220703125
2021-09-22,3862.14990234375,1716.9000244140625,2243.350830078125,1533.699951171875,1710.9000244140625,2784.5,3317.5,162.10000610351562,124.4000015258789,310.1000061035156
2021-09-23,3869.25,1742.550048828125,2298.177001953125,1570.0,1769.699951171875,2782.300048828125,3320.64990234375,167.35000610351562,126.19999694824219,321.5
2021-09-24,3871.300048828125,1763.8499755859375,2291.53125,1601.550048828125,1768.75,2746.64990234375,3448.60009765625,166.10000610351562,124.25,317.95001220703125
2021-09-27,3836.949951171875,1721.1500244140625,2330.066650390625,1625.0999755859375,1739.5999755859375,2709.5,3430.64990234375,167.0500030517578,126.8499984741211,331.6499938964844
2021-09-28,3779.14990234375,1687.0999755859375,2351.849365234375,1615.050048828125,1737.1500244140625,2723.85009765625,3379.699951171875,174.5500030517578,131.9499969482422,329.29998779296875
2021-09-29,3791.89990234375,1692.25,2333.204833984375,1593.8499755859375,1721.0,2685.300048828125,3323.050048828125,185.6999969482422,140.64999389648438,330.25
2021-09-30,3775.550048828125,1675.199951171875,2325.266845703125,1594.949951171875,1702.949951171875,2701.800048828125,3244.64990234375,185.10000610351562,141.85000610351562,333.3500061035156
2021-10-01,3730.199951171875,1665.1500244140625,2329.374267578125,1582.699951171875,1696.9000244140625,2704.050048828125,3177.85009765625,188.6999969482422,139.89999389648438,333.29998779296875
2021-10-04,3773.300048828125,1678.75,2359.32568359375,1585.75,1715.25,2686.199951171875,3201.60009765625,189.9499969482422,145.5500030517578,342.0
2021-10-05,3833.300048828125,1692.800048828125,2408.290771484375,1595.449951171875,1716.699951171875,2708.64990234375,3254.75,197.9499969482422,145.39999389648438,344.95001220703125
2021-10-06,3810.89990234375,1673.550048828125,2362.74072265625,1614.9000244140625,1695.050048828125,2686.050048828125,3212.25,192.85000610351562,143.3000030517578,336.04998779296875
2021-10-07,3892.89990234375,1691.0,2374.324462890625,1610.5,1712.449951171875,2669.39990234375,3290.85009765625,190.6999969482422,142.8000030517578,376.5
2021-10-08,3935.64990234375,1723.8499755859375,2465.56298828125,1602.6500244140625,1726.9000244140625,2640.050048828125,3306.89990234375,188.4499969482422,141.10000610351562,382.95001220703125
2021-10-11,3685.60009765625,1690.949951171875,2448.39501953125,1633.800048828125,1716.9000244140625,2645.10009765625,3306.050048828125,196.85000610351562,144.8000030517578,415.75
2021-10-12,3652.85009765625,1685.1500244140625,2462.37841796875,1629.5999755859375,1718.199951171875,2676.14990234375,3323.25,193.3000030517578,144.5500030517578,420.8500061035156
2021-10-13,3655.199951171875,1709.199951171875,2487.43798828125,1639.4000244140625,1752.050048828125,2646.75,3323.5,190.0500030517578,146.35000610351562,506.8999938964844
2021-10-14,3611.449951171875,1715.75,2492.46826171875,1687.4000244140625,1789.300048828125,2649.550048828125,3297.800048828125,183.8000030517578,149.39999389648438,497.6000061035156
2021-10-18,3647.14990234375,1792.1500244140625,2499.114013671875,1670.300048828125,1788.449951171875,2654.0,3241.5,185.3000030517578,149.5500030517578,509.6000061035156
2021-10-19,3634.14990234375,1822.1500244140625,2521.49658203125,1688.699951171875,1846.050048828125,2546.800048828125,3183.75,184.5,149.64999389648438,481.8999938964844
2021-10-20,3608.85009765625,1802.3499755859375,2492.46826171875,1673.8499755859375,1806.699951171875,2478.64990234375,3169.60009765625,180.5,146.25,486.8999938964844
2021-10-21,3532.5,1753.6500244140625,2420.566650390625,1676.300048828125,1805.75,2445.75,3002.0,182.39999389648438,147.89999389648438,508.0
2021-10-22,3498.85009765625,1719.800048828125,2425.08935546875,1680.75,1792.25,2454.10009765625,2982.39990234375,175.89999389648438,144.89999389648438,490.8999938964844
2021-10-25,3492.949951171875,1707.550048828125,2401.46044921875,1657.0,1784.1500244140625,2455.85009765625,2918.050048828125,174.10000610351562,143.89999389648438,479.8999938964844
2021-10-26,3482.60009765625,1703.699951171875,2456.148193359375,1652.75,1796.25,2436.85009765625,2969.800048828125,175.0500030517578,143.1999969482422,508.6499938964844
2021-10-27,3489.75,1728.949951171875,2425.08935546875,1642.800048828125,1784.550048828125,2396.60009765625,3094.64990234375,173.60000610351562,141.3000030517578,497.8999938964844
2021-10-28,3421.64990234375,1703.9000244140625,2398.5068359375,1593.5999755859375,1814.25,2389.64990234375,3116.300048828125,166.5500030517578,137.35000610351562,481.04998779296875
2021-10-29,3397.75,1667.75,2340.9580078125,1582.8499755859375,1766.6500244140625,2393.14990234375,3100.10009765625,164.4499969482422,132.64999389648438,483.70001220703125
2021-11-01,3476.39990234375,1700.050048828125,2342.388671875,1605.300048828125,1795.3499755859375,2407.10009765625,3121.800048828125,170.75,134.3000030517578,485.70001220703125
2021-11-02,3484.199951171875,1697.9000244140625,2308.237548828125,1606.75,1815.6500244140625,2418.89990234375,3103.35009765625,169.1999969482422,136.64999389648438,487.8500061035156
2021-11-03,3492.25,1702.5,2292.362060546875,1581.449951171875,1889.5,2411.35009765625,3170.64990234375,169.75,136.75,484.8999938964844
2021-11-04,3508.64990234375,1708.699951171875,2306.437744140625,1593.949951171875,1908.949951171875,2422.85009765625,3159.25,170.6999969482422,137.14999389648438,489.70001220703125
2021-11-08,3502.75,1737.5,2309.299072265625,1600.25,1924.550048828125,2431.89990234375,3138.0,171.6999969482422,140.3000030517578,501.3999938964844
2021-11-09,3505.699951171875,1742.5,2327.5283203125,1572.25,1943.5999755859375,2431.14990234375,3145.14990234375,170.5,138.5,509.6499938964844
2021-11-10,3484.300048828125,1740.1500244140625,2353.556884765625,1555.25,1950.1500244140625,2400.14990234375,3108.300048828125,166.6999969482422,137.39999389648438,510.75
2021-11-11,3488.199951171875,1733.300048828125,2357.848876953125,1548.300048828125,1931.699951171875,2376.199951171875,3063.5,167.0,136.64999389648438,503.45001220703125
2021-11-12,3526.050048828125,1780.199951171875,2393.430419921875,1553.0,1959.949951171875,2404.949951171875,3122.89990234375,166.9499969482422,136.4499969482422,507.04998779296875
2021-11-15,3553.300048828125,1787.1500244140625,2379.30859375,1557.25,1947.050048828125,2424.75,3168.699951171875,159.75,137.14999389648438,505.45001220703125
2021-11-16,3556.39990234375,1792.300048828125,2324.02099609375,1548.0,1955.300048828125,2406.64990234375,3151.699951171875,159.0500030517578,134.3000030517578,519.0499877929688
2021-11-17,3521.89990234375,1787.449951171875,2274.271240234375,1530.800048828125,1952.9000244140625,2391.14990234375,3230.25,156.10000610351562,136.4499969482422,530.1500244140625
2021-11-18,3475.699951171875,1779.4000244140625,2282.85498046875,1539.4000244140625,1897.0,2399.39990234375,3226.85009765625,153.39999389648438,135.3000030517578,509.70001220703125
2021-11-22,3458.39990234375,1759.4000244140625,2181.740478515625,1515.3499755859375,1864.5,2388.550048828125,3261.25,150.5500030517578,130.14999389648438,486.1000061035156
2021-11-23,3464.25,1736.9000244140625,2202.138671875,1515.550048828125,1886.3499755859375,2394.199951171875,3185.550048828125,156.1999969482422,133.5,495.5
2021-11-24,3443.300048828125,1696.0,2170.341552734375,1518.050048828125,1862.5,2374.75,3157.0,159.10000610351562,135.35000610351562,488.6499938964844
2021-11-25,3445.89990234375,1722.4000244140625,2300.991943359375,1525.949951171875,1849.9000244140625,2349.050048828125,3144.25,158.5500030517578,135.1999969482422,492.75
2021-11-26,3446.85009765625,1691.6500244140625,2226.8291015625,1489.9000244140625,1778.1500244140625,2335.10009765625,3143.10009765625,155.89999389648438,128.85000610351562,460.20001220703125
2021-11-29,3502.0,1696.3499755859375,2253.503662109375,1501.25,1767.25,2329.39990234375,3144.300048828125,154.25,126.5,461.45001220703125
2021-11-30,3529.14990234375,1712.6500244140625,2220.183349609375,1493.550048828125,1764.75,2317.550048828125,3143.64990234375,152.0,127.25,458.6000061035156
2021-12-01,3577.800048828125,1714.9000244140625,2277.040283203125,1504.6500244140625,1786.0,2344.85009765625,3138.14990234375,155.5500030517578,127.69999694824219,475.25
2021-12-02,3642.89990234375,1748.25,2291.669677734375,1525.75,1789.199951171875,2383.300048828125,3180.60009765625,159.3000030517578,128.6999969482422,479.1000061035156
2021-12-03,3640.449951171875,1735.550048828125,2222.81396484375,1513.550048828125,1801.25,2343.64990234375,3110.449951171875,159.75,127.0,480.1000061035156
2021-12-06,3536.39990234375,1695.300048828125,2180.678955078125,1503.800048828125,1782.6500244140625,2306.5,3038.300048828125,148.5500030517578,124.3499984741211,467.20001220703125
2021-12-07,3584.5,1711.6500244140625,2198.44677734375,1525.699951171875,1798.0999755859375,2321.60009765625,3030.35009765625,150.64999389648438,125.3499984741211,481.79998779296875
2021-12-08,3626.89990234375,1753.3499755859375,2231.905517578125,1553.800048828125,1825.050048828125,2340.60009765625,3108.5,150.89999389648438,127.25,493.8999938964844
2021-12-09,3601.75,1763.449951171875,2267.302490234375,1526.8499755859375,1879.800048828125,2339.75,3178.699951171875,152.64999389648438,126.05000305175781,493.95001220703125
2021-12-10,3636.800048828125,1759.25,2269.610107421875,1522.550048828125,1873.4000244140625,2332.800048828125,3283.14990234375,151.3000030517578,126.1500015258789,494.45001220703125
2021-12-13,3609.64990234375,1744.6500244140625,2224.106201171875,1511.1500244140625,1861.5,2304.35009765625,3279.85009765625,149.0,125.80000305175781,495.3500061035156
2021-12-14,3623.800048828125,1752.1500244140625,2196.877685546875,1502.449951171875,1865.699951171875,2318.300048828125,3297.5,148.89999389648438,126.3499984741211,489.3999938964844
2021-12-15,3570.35009765625,1734.199951171875,2190.462890625,1500.0,1880.800048828125,2320.949951171875,3301.949951171875,148.10000610351562,126.69999694824219,491.6499938964844
2021-12-16,3581.60009765625,1771.5999755859375,2218.798828125,1500.0999755859375,1873.9000244140625,2309.5,3298.60009765625,149.75,127.4000015258789,491.95001220703125
2021-12-17,3584.35009765625,1820.8499755859375,2160.234619140625,1473.050048828125,1847.0999755859375,2230.25,3243.699951171875,146.4499969482422,125.55000305175781,470.20001220703125
2021-12-20,3556.89990234375,1798.9000244140625,2101.993408203125,1425.6500244140625,1799.3499755859375,2269.10009765625,3239.449951171875,140.6999969482422,121.75,447.04998779296875
2021-12-21,3608.300048828125,1811.5999755859375,2133.282958984375,1441.800048828125,1827.550048828125,2272.85009765625,3271.35009765625,144.64999389648438,122.19999694824219,453.6000061035156
2021-12-22,3630.75,1824.699951171875,2183.909423828125,1445.199951171875,1871.0,2277.64990234375,3280.10009765625,145.35000610351562,122.55000305175781,470.5
2021-12-23,3662.699951171875,1857.5999755859375,2183.125,1444.0999755859375,1878.449951171875,2300.64990234375,3267.89990234375,147.6999969482422,124.55000305175781,472.3500061035156
2021-12-24,3670.89990234375,1863.5,2190.09375,1438.9000244140625,1859.4000244140625,2296.949951171875,3284.800048828125,145.89999389648438,121.25,467.6000061035156
2021-12-27,3696.10009765625,1866.1500244140625,2187.739990234375,1450.800048828125,1866.199951171875,2301.39990234375,3272.39990234375,146.0500030517578,121.8499984741211,471.1499938964844
2021-12-28,3706.550048828125,1888.0,2213.722412109375,1460.800048828125,1899.5,2309.10009765625,3368.199951171875,148.85000610351562,124.0999984741211,480.20001220703125
2021-12-29,3694.699951171875,1885.550048828125,2217.5068359375,1453.8499755859375,1894.8499755859375,2306.85009765625,3367.449951171875,146.75,123.1500015258789,476.0
2021-12-30,3733.75,1892.8499755859375,2177.448486328125,1461.5,1885.699951171875,2325.60009765625,3365.699951171875,146.1999969482422,126.9000015258789,470.3999938964844
2021-12-31,3738.35009765625,1887.75,2185.8017578125,1479.4000244140625,1895.9000244140625,2360.14990234375,3382.949951171875,146.0500030517578,124.4000015258789,482.3999938964844
