Date,7203.T,6758.T,8306.T,4502.T,3382.T,9432.T,1802.T,9501.T,3407.T,5401.T
2012-01-04,528.7999877929688,1404.0,338.0,3410.0,716.0,40.150001525878906,345.0,185.0,475.0,1950.0
2012-01-05,528.7999877929688,1373.0,334.0,3380.0,716.6666870117188,39.70000076293945,343.0,181.0,469.0,1910.0
2012-01-06,527.5999755859375,1345.0,333.0,3330.0,714.0,39.650001525878906,345.0,173.0,460.0,1850.0
2012-01-10,525.2000122070312,1344.0,332.0,3320.0,717.0,39.29999923706055,351.0,215.0,464.0,1860.0
2012-01-11,525.2000122070312,1350.0,336.0,3275.0,719.3333129882812,39.25,355.0,202.0,467.0,1860.0
2012-01-12,519.0,1319.0,333.0,3230.0,717.3333129882812,38.75,353.0,207.0,468.0,1830.0
2012-01-13,527.4000244140625,1327.0,334.0,3215.0,720.6666870117188,39.25,357.0,209.0,475.0,1870.0
2012-01-16,519.4000244140625,1297.0,325.0,3170.0,710.3333129882812,38.75,359.0,205.0,471.0,1850.0
2012-01-17,519.2000122070312,1293.0,329.0,3170.0,711.3333129882812,38.70000076293945,371.0,205.0,473.0,1880.0
2012-01-18,516.7999877929688,1304.0,328.0,3185.0,718.3333129882812,38.099998474121094,370.0,221.0,481.0,1900.0
2012-01-19,524.2000122070312,1326.0,333.0,3225.0,703.3333129882812,37.75,366.0,219.0,481.0,1900.0
2012-01-20,545.7999877929688,1367.0,350.0,3245.0,702.6666870117188,38.20000076293945,366.0,217.0,484.0,2000.0
2012-01-23,544.0,1422.0,355.0,3245.0,704.6666870117188,38.349998474121094,371.0,213.0,487.0,2030.0
2012-01-24,558.5999755859375,1388.0,357.0,3300.0,708.6666870117188,38.95000076293945,369.0,207.0,481.0,1970.0
2012-01-25,575.4000244140625,1454.0,359.0,3330.0,713.0,38.79999923706055,366.0,202.0,488.0,2020.0
2012-01-26,577.4000244140625,1434.0,356.0,3310.0,708.0,39.099998474121094,367.0,213.0,488.0,2010.0
2012-01-27,567.5999755859375,1414.0,351.0,3315.0,712.6666870117188,38.95000076293945,365.0,209.0,492.0,1940.0
2012-01-30,557.7999877929688,1388.0,352.0,3325.0,715.6666870117188,38.599998474121094,362.0,210.0,488.0,1930.0
2012-01-31,562.0,1391.0,349.0,3310.0,715.3333129882812,38.099998474121094,368.0,209.0,482.0,1870.0
2012-02-01,571.0,1364.0,359.0,3295.0,719.3333129882812,38.29999923706055,368.0,202.0,487.0,1880.0
2012-02-02,581.2000122070312,1328.0,368.0,3335.0,714.0,38.150001525878906,370.0,204.0,485.0,1900.0
2012-02-03,579.7999877929688,1435.0,369.0,3320.0,719.0,37.650001525878906,368.0,201.0,483.0,1880.0
2012-02-06,597.2000122070312,1492.0,375.0,3315.0,719.0,37.79999923706055,368.0,199.0,481.0,1910.0
2012-02-07,597.2000122070312,1513.0,380.0,3340.0,722.3333129882812,37.849998474121094,371.0,198.0,479.0,1950.0
2012-02-08,627.0,1542.0,390.0,3350.0,726.0,37.95000076293945,358.0,196.0,484.0,2060.0
2012-02-09,626.0,1544.0,396.0,3340.0,727.3333129882812,37.79999923706055,347.0,195.0,485.0,2070.0
2012-02-10,612.0,1536.0,385.0,3350.0,723.3333129882812,37.95000076293945,350.0,200.0,489.0,2020.0
2012-02-13,613.0,1512.0,387.0,3345.0,732.6666870117188,37.79999923706055,351.0,201.0,485.0,2050.0
2012-02-14,624.0,1490.0,392.0,3370.0,731.3333129882812,37.79999923706055,346.0,202.0,482.0,2050.0
2012-02-15,653.0,1575.0,408.0,3435.0,732.0,38.099998474121094,350.0,209.0,488.0,2110.0
2012-02-16,653.0,1589.0,401.0,3425.0,733.3333129882812,38.150001525878906,353.0,217.0,487.0,2080.0
2012-02-17,657.0,1623.0,406.0,3475.0,747.0,37.849998474121094,350.0,223.0,496.0,2130.0
2012-02-20,670.0,1681.0,411.0,3505.0,746.0,37.70000076293945,346.0,252.0,495.0,2240.0
2012-02-21,664.0,1657.0,407.0,3515.0,754.6666870117188,37.650001525878906,349.0,249.0,494.0,2250.0
2012-02-22,676.0,1682.0,411.0,3560.0,752.0,38.0,354.0,251.0,508.0,2280.0
2012-02-23,674.0,1690.0,409.0,3600.0,754.6666870117188,37.599998474121094,357.0,250.0,512.0,2280.0
2012-02-24,676.0,1740.0,416.0,3600.0,752.6666870117188,37.599998474121094,361.0,244.0,510.0,2360.0
2012-02-27,676.0,1760.0,420.0,3645.0,738.6666870117188,37.5,363.0,238.0,512.0,2350.0
2012-02-28,677.0,1773.0,422.0,3660.0,746.6666870117188,37.95000076293945,363.0,226.0,512.0,2330.0
2012-02-29,671.0,1737.0,420.0,3670.0,748.6666870117188,38.349998474121094,367.0,225.0,515.0,2340.0
2012-03-01,667.0,1741.0,415.0,3660.0,749.0,38.5,360.0,227.0,515.0,2270.0
2012-03-02,663.0,1749.0,415.0,3690.0,754.3333129882812,38.650001525878906,364.0,238.0,510.0,2300.0
2012-03-05,661.0,1691.0,413.0,3705.0,760.3333129882812,38.900001525878906,365.0,234.0,510.0,2240.0
2012-03-06,657.0,1678.0,408.0,3715.0,758.0,38.70000076293945,373.0,229.0,506.0,2200.0
2012-03-07,649.0,1638.0,404.0,3655.0,756.0,38.20000076293945,371.0,229.0,502.0,2200.0
2012-03-08,666.0,1648.0,415.0,3665.0,769.0,38.349998474121094,376.0,231.0,508.0,2230.0
2012-03-09,684.0,1718.0,425.0,3700.0,774.6666870117188,38.54999923706055,378.0,232.0,517.0,2330.0
2012-03-12,681.0,1715.0,419.0,3700.0,773.6666870117188,38.54999923706055,374.0,229.0,518.0,2320.0
2012-03-13,683.0,1702.0,422.0,3700.0,778.6666870117188,38.900001525878906,374.0,226.0,490.0,2330.0
2012-03-14,697.0,1790.0,433.0,3700.0,771.3333129882812,38.849998474121094,380.0,226.0,496.0,2390.0
2012-03-15,717.0,1822.0,433.0,3715.0,783.3333129882812,38.95000076293945,375.0,224.0,499.0,2390.0
2012-03-16,716.0,1832.0,439.0,3700.0,785.0,38.349998474121094,372.0,225.0,502.0,2410.0
2012-03-19,715.0,1814.0,445.0,3720.0,786.0,38.400001525878906,371.0,217.0,501.0,2400.0
2012-03-21,704.0,1733.0,434.0,3725.0,788.3333129882812,38.20000076293945,370.0,214.0,506.0,2350.0
2012-03-22,707.0,1734.0,435.0,3755.0,790.0,38.349998474121094,370.0,213.0,501.0,2320.0
2012-03-23,693.0,1680.0,426.0,3770.0,782.0,38.150001525878906,368.0,215.0,499.0,2280.0
2012-03-26,695.0,1690.0,424.0,3770.0,787.3333129882812,38.0,368.0,210.0,497.0,2280.0
2012-03-27,720.0,1742.0,442.0,3765.0,804.3333129882812,38.400001525878906,371.0,211.0,516.0,2340.0
2012-03-28,727.0,1773.0,430.0,3635.0,808.6666870117188,37.599998474121094,365.0,214.0,507.0,2340.0
2012-03-29,715.0,1746.0,420.0,3645.0,813.0,37.20000076293945,363.0,215.0,508.0,2270.0
2012-03-30,714.0,1704.0,412.0,3645.0,819.3333129882812,37.54999923706055,361.0,208.0,511.0,2270.0
2012-04-02,713.0,1717.0,426.0,3595.0,815.0,37.20000076293945,359.0,205.0,504.0,2230.0
2012-04-03,711.0,1707.0,418.0,3535.0,819.0,37.150001525878906,357.0,207.0,503.0,2230.0
2012-04-04,697.0,1657.0,411.0,3495.0,810.3333129882812,36.900001525878906,351.0,206.0,498.0,2180.0
2012-04-05,692.0,1668.0,406.0,3510.0,808.3333129882812,36.650001525878906,352.0,210.0,494.0,2180.0
2012-04-06,678.0,1634.0,402.0,3550.0,797.6666870117188,36.599998474121094,351.0,219.0,494.0,2120.0
2012-04-09,662.0,1644.0,391.0,3515.0,799.0,36.5,352.0,215.0,494.0,2070.0
2012-04-10,672.0,1586.0,394.0,3510.0,802.3333129882812,36.400001525878906,355.0,210.0,493.0,2060.0
2012-04-11,664.0,1515.0,390.0,3450.0,790.6666870117188,36.29999923706055,347.0,207.0,487.0,2010.0
2012-04-12,666.0,1528.0,388.0,3435.0,797.0,36.04999923706055,351.0,204.0,492.0,2070.0
2012-04-13,665.0,1444.0,402.0,3460.0,793.0,36.54999923706055,357.0,205.0,494.0,2050.0
2012-04-16,654.0,1430.0,388.0,3480.0,794.6666870117188,36.650001525878906,361.0,204.0,488.0,2060.0
2012-04-17,648.0,1397.0,386.0,3460.0,802.0,36.45000076293945,363.0,206.0,491.0,2030.0
2012-04-18,666.0,1388.0,397.0,3510.0,807.6666870117188,36.849998474121094,361.0,205.0,501.0,2110.0
2012-04-19,672.0,1376.0,400.0,3450.0,803.0,36.650001525878906,350.0,203.0,495.0,2060.0
2012-04-20,659.0,1363.0,396.0,3435.0,799.6666870117188,36.849998474121094,350.0,202.0,497.0,2020.0
2012-04-23,653.0,1353.0,392.0,3505.0,797.6666870117188,36.70000076293945,348.0,197.0,500.0,2020.0
2012-04-24,652.0,1330.0,383.0,3490.0,791.3333129882812,36.45000076293945,343.0,199.0,496.0,2000.0
2012-04-25,656.0,1323.0,387.0,3530.0,803.0,36.45000076293945,346.0,199.0,497.0,2010.0
2012-04-26,658.0,1327.0,388.0,3550.0,805.6666870117188,36.5,350.0,199.0,498.0,2010.0
2012-04-27,661.0,1316.0,387.0,3485.0,807.6666870117188,36.25,339.0,200.0,496.0,2010.0
2012-05-01,638.0,1265.0,378.0,3470.0,804.6666870117188,36.04999923706055,337.0,196.0,491.0,1930.0
2012-05-02,641.0,1270.0,376.0,3495.0,814.0,35.95000076293945,342.0,191.0,491.0,1930.0
2012-05-07,622.0,1213.0,364.0,3440.0,809.6666870117188,35.70000076293945,334.0,178.0,478.0,1880.0
2012-05-08,629.0,1217.0,366.0,3455.0,817.3333129882812,35.599998474121094,333.0,184.0,479.0,1900.0
2012-05-09,629.0,1228.0,360.0,3440.0,806.6666870117188,35.900001525878906,324.0,184.0,481.0,1870.0
2012-05-10,634.0,1213.0,357.0,3410.0,798.3333129882812,35.54999923706055,324.0,196.0,475.0,1880.0
2012-05-11,647.0,1135.0,351.0,3400.0,788.3333129882812,35.0,315.0,185.0,473.0,1850.0
2012-05-14,646.0,1154.0,353.0,3290.0,798.6666870117188,35.400001525878906,319.0,181.0,465.0,1840.0
2012-05-15,633.0,1128.0,349.0,3315.0,800.0,36.150001525878906,316.0,179.0,462.0,1810.0
2012-05-16,620.0,1118.0,344.0,3355.0,793.6666870117188,35.20000076293945,309.0,170.0,455.0,1790.0
2012-05-17,629.0,1161.0,351.0,3300.0,787.3333129882812,35.150001525878906,316.0,165.0,460.0,1860.0
2012-05-18,606.0,1100.0,339.0,3250.0,782.6666870117188,34.650001525878906,308.0,157.0,444.0,1810.0
2012-05-21,601.0,1108.0,336.0,3260.0,787.0,34.54999923706055,313.0,162.0,440.0,1790.0
2012-05-22,616.0,1119.0,342.0,3265.0,786.3333129882812,34.20000076293945,316.0,163.0,444.0,1820.0
2012-05-23,613.0,1096.0,339.0,3255.0,779.0,34.25,306.0,157.0,437.0,1770.0
2012-05-24,613.0,1105.0,342.0,3225.0,776.3333129882812,33.95000076293945,315.0,158.0,435.0,1780.0
2012-05-25,613.0,1055.0,342.0,3300.0,794.6666870117188,33.95000076293945,317.0,156.0,435.0,1740.0
2012-05-28,614.0,1048.0,343.0,3300.0,791.3333129882812,34.349998474121094,310.0,152.0,432.0,1720.0
2012-05-29,616.0,1072.0,349.0,3265.0,791.0,34.20000076293945,304.0,153.0,435.0,1760.0
2012-05-30,615.0,1052.0,342.0,3265.0,793.0,34.04999923706055,303.0,154.0,429.0,1760.0
2012-05-31,608.0,1050.0,340.0,3275.0,786.3333129882812,33.79999923706055,304.0,158.0,424.0,1760.0
2012-06-01,602.0,1013.0,337.0,3335.0,792.6666870117188,33.849998474121094,301.0,156.0,406.0,1690.0
2012-06-04,580.7999877929688,996.0,331.0,3355.0,795.3333129882812,33.150001525878906,301.0,164.0,406.0,1610.0
2012-06-05,585.2000122070312,1029.0,337.0,3345.0,790.0,32.95000076293945,310.0,160.0,418.0,1650.0
2012-06-06,599.7999877929688,1051.0,345.0,3320.0,788.3333129882812,33.04999923706055,312.0,160.0,420.0,1700.0
2012-06-07,610.0,1051.0,352.0,3350.0,796.3333129882812,33.150001525878906,312.0,160.0,420.0,1700.0
2012-06-08,604.0,1015.0,347.0,3340.0,781.6666870117188,33.04999923706055,313.0,158.0,412.0,1680.0
2012-06-11,614.0,1047.0,351.0,3325.0,772.0,33.5,319.0,160.0,417.0,1720.0
2012-06-12,607.0,1025.0,347.0,3300.0,761.0,33.0,327.0,159.0,412.0,1670.0
2012-06-13,610.0,1021.0,348.0,3335.0,758.6666870117188,33.400001525878906,325.0,159.0,415.0,1730.0
2012-06-14,603.0,1036.0,350.0,3340.0,755.3333129882812,33.29999923706055,326.0,159.0,410.0,1730.0
2012-06-15,599.2000122070312,1029.0,356.0,3340.0,759.0,33.79999923706055,325.0,161.0,407.0,1740.0
2012-06-18,611.0,1072.0,363.0,3355.0,757.0,33.70000076293945,327.0,161.0,417.0,1780.0
2012-06-19,603.0,1066.0,360.0,3370.0,758.6666870117188,34.04999923706055,324.0,159.0,414.0,1750.0
2012-06-20,610.0,1103.0,370.0,3425.0,774.6666870117188,34.849998474121094,329.0,160.0,425.0,1800.0
2012-06-21,617.0,1101.0,372.0,3470.0,772.3333129882812,35.5,327.0,164.0,429.0,1790.0
2012-06-22,617.0,1163.0,368.0,3490.0,761.6666870117188,35.54999923706055,328.0,171.0,425.0,1780.0
2012-06-25,616.0,1135.0,364.0,3495.0,754.6666870117188,35.25,326.0,166.0,420.0,1770.0
2012-06-26,609.0,1102.0,356.0,3475.0,760.0,35.29999923706055,323.0,160.0,412.0,1740.0
2012-06-27,606.0,1092.0,362.0,3505.0,780.3333129882812,36.45000076293945,342.0,155.0,419.0,1740.0
2012-06-28,622.0,1097.0,372.0,3570.0,786.6666870117188,36.95000076293945,344.0,153.0,422.0,1770.0
2012-06-29,638.0,1123.0,378.0,3615.0,799.0,37.0,349.0,154.0,430.0,1790.0
2012-07-02,635.0,1117.0,380.0,3620.0,797.6666870117188,36.900001525878906,352.0,152.0,431.0,1800.0
2012-07-03,644.0,1124.0,392.0,3655.0,804.3333129882812,37.599998474121094,355.0,156.0,432.0,1790.0
2012-07-04,643.0,1096.0,392.0,3660.0,803.6666870117188,38.099998474121094,355.0,154.0,433.0,1780.0
2012-07-05,645.0,1099.0,397.0,3620.0,813.6666870117188,37.75,352.0,155.0,434.0,1780.0
2012-07-06,643.0,1095.0,394.0,3595.0,819.0,37.650001525878906,354.0,153.0,429.0,1750.0
2012-07-09,631.0,1071.907470703125,386.0,3607.064208984375,813.6666870117188,37.599998474121094,360.0,152.0,427.0,1709.5869140625
2012-07-10,624.4984741210938,1056.9635009765625,386.4787902832031,3626.358642578125,825.7042846679688,37.527156829833984,359.7880859375,152.0,431.1033935546875,1697.4859619140625
2012-07-11,614.2379150390625,1019.0,383.0,3602.0,835.23193359375,37.150001525878906,357.375,153.0,426.0,1680.0
2012-07-12,607.5999755859375,1007.0,378.0,3612.0,846.0,37.150001525878906,357.16668701171875,146.09840393066406,422.0,1640.0
2012-07-13,602.0,998.0,375.0,3600.0,831.0,36.75,360.0,138.80369567871094,422.0,1640.0
2012-07-17,600.9895629882812,974.8502197265625,377.90240478515625,3645.257080078125,842.1248168945312,37.17375183105469,361.0,123.0,422.0729064941406,1588.3680419921875
2012-07-18,602.2000122070312,963.3944702148438,374.0,3686.0,836.7251586914062,37.02000045776367,357.0,126.0,422.3210144042969,1580.0
2012-07-19,604.031982421875,983.1870727539062,380.7347106933594,3658.384033203125,839.8079223632812,37.09172058105469,357.5166931152344,132.0,427.46038818359375,1599.97802734375
2012-07-20,593.4000244140625,963.0,367.0,3617.0,833.3333129882812,36.7599983215332,353.0,133.0,420.0,1550.0
2012-07-23,583.0,919.0,359.0,3575.0,826.0,36.45000076293945,343.0,128.0,409.0,1510.0
2012-07-24,576.0,919.0,359.0,3587.0,833.3333129882812,36.29999923706055,343.0,130.0,409.0,1500.0
2012-07-25,563.4000244140625,870.0,353.0,3570.0,833.0,35.95000076293945,337.0,127.0,403.875,1451.154052734375
2012-07-26,572.0,906.8118286132812,368.0,3566.691162109375,820.6666870117188,35.7027702331543,340.0,126.0,403.2069091796875,1497.1600341796875
2012-07-27,588.5999755859375,947.0,380.0,3580.0,826.3333129882812,35.849998474121094,346.0,125.0,411.0,1600.0
2012-07-30,591.4000244140625,941.0,385.0,3640.0,834.3333129882812,36.45000076293945,352.0,123.0,416.0,1530.0
2012-07-31,604.0,960.0,381.0,3605.0,831.3333129882812,36.34000015258789,357.0,131.0,418.0,1571.25
2012-08-01,603.0,941.0,372.0,3648.0,834.6666870117188,36.29999923706055,351.0,128.0,410.0,1520.0
2012-08-02,609.0,973.152587890625,374.7358093261719,3620.0,840.330810546875,36.67760467529297,350.0,141.0,405.8158874511719,1560.0
2012-08-03,613.0,893.0,369.2575988769531,3620.0,829.1944580078125,36.45000076293945,346.727294921875,147.0,390.5,1490.0
2012-08-06,630.51953125,896.4569091796875,376.9547119140625,3644.04833984375,839.8399047851562,36.865440368652344,353.0,155.0,395.69781494140625,1544.281005859375
2012-08-07,632.5419921875,898.114013671875,377.20709228515625,3660.239013671875,850.066650390625,37.45793914794922,355.6000061035156,159.0,403.1997985839844,1577.2359619140625
2012-08-08,632.0,917.2860717773438,374.9905090332031,3675.0,840.6666870117188,37.20000076293945,364.05279541015625,158.0,407.0,1630.0
2012-08-09,641.0,923.1771850585938,371.9562072753906,3685.0,850.0,37.47999954223633,366.0,160.0,418.0,1661.800048828125
2012-08-10,634.0,941.0,366.0,3662.0,860.0,37.40999984741211,359.2515869140625,159.7165069580078,415.76190185546875,1660.0
2012-08-13,632.2664794921875,951.4912719726562,367.11199951171875,3658.551513671875,879.6900634765625,37.33427047729492,356.0,159.0,418.7421875,1663.2530517578125
2012-08-14,632.7999877929688,924.0,360.9154052734375,3643.702880859375,870.3674926757812,37.88934326171875,351.193115234375,157.0,420.0,1671.998046875
2012-08-15,630.0,896.7860717773438,357.9237060546875,3665.0,876.0,38.17648696899414,345.0,156.0,420.0,1630.0
2012-08-16,644.2000122070312,926.0,361.0,3665.0,873.3333129882812,38.380001068115234,352.0,154.0,426.0,1700.0
2012-08-17,655.5999755859375,945.0,370.0,3684.0,857.3333129882812,38.09000015258789,354.0,152.0,431.0,1770.0
2012-08-20,648.7999877929688,946.0,368.0,3694.0,857.6666870117188,37.75,355.25,151.0,430.0,1770.0
2012-08-21,650.5524291992188,939.9086303710938,372.0,3705.0,864.7424926757812,37.86574172973633,352.21630859375,143.6802978515625,426.052001953125,1746.114990234375
2012-08-22,652.7999877929688,934.0,371.0,3712.0,864.3333129882812,37.880001068115234,349.0,143.0,423.0,1720.0
2012-08-23,652.4859619140625,929.0,372.6700134277344,3722.0,860.4091796875,37.849998474121094,352.0,141.0,425.1980895996094,1740.0
2012-08-24,645.5999755859375,918.0,368.0,3725.0,854.3333129882812,37.59000015258789,350.0,141.0,422.0,1690.0
2012-08-27,644.0,919.0,368.0,3730.0,852.0,37.650001525878906,349.0,137.0,422.0,1710.0
2012-08-28,636.0,903.0,362.0,3720.0,851.6666870117188,36.849998474121094,344.0,131.0,416.0,1650.0
2012-08-29,635.0,923.0,365.0,3695.0,829.6666870117188,37.04999923706055,344.0,134.0,419.0,1660.0
2012-08-30,634.0,906.0,364.0,3665.0,813.0,36.650001525878906,344.0,131.0,413.0,1600.0
2012-08-31,619.0,881.0,356.0,3670.0,791.6666870117188,36.150001525878906,340.0,131.0,407.0,1510.0
2012-09-03,618.0,876.0,356.0,3625.0,806.0,36.150001525878906,340.0,127.0,403.0,1520.0
2012-09-04,616.0,890.0,358.0,3605.0,790.0,35.95000076293945,337.0,125.0,406.0,1520.0
2012-09-05,610.0,863.0,351.0,3640.0,792.3333129882812,35.54999923706055,336.0,123.0,397.0,1490.0
2012-09-06,620.0,860.0,354.0,3640.0,772.6666870117188,35.70000076293945,332.0,123.0,390.0,1500.0
2012-09-07,641.0,908.0,363.0,3660.0,765.6666870117188,35.900001525878906,330.0,127.0,404.0,1630.0
2012-09-10,645.0,921.0,366.0,3640.0,775.0,35.900001525878906,330.0,129.0,404.0,1660.0
2012-09-11,634.0,918.0,362.0,3640.0,784.0,35.849998474121094,330.0,132.0,398.0,1610.0
2012-09-12,640.0,930.0,367.0,3685.0,800.6666870117188,35.70000076293945,339.0,130.0,405.0,1650.0
2012-09-13,634.0,950.0,369.0,3700.0,793.6666870117188,35.599998474121094,339.0,130.0,407.0,1680.0
2012-09-14,643.0,983.0,383.0,3695.0,774.3333129882812,36.5,335.0,133.0,414.0,1760.0
2012-09-18,639.0,1027.0,389.0,3725.0,763.6666870117188,36.20000076293945,335.0,133.0,416.0,1750.0
2012-09-19,651.0,1055.0,388.0,3735.0,776.6666870117188,36.0,337.0,134.0,419.0,1760.0
2012-09-20,642.0,1007.0,379.0,3725.0,785.0,38.54999923706055,343.0,131.0,416.0,1700.0
2012-09-21,640.0,996.0,375.0,3735.0,795.6666870117188,38.29999923706055,351.0,133.0,421.0,1680.0
2012-09-24,630.0,967.0,376.0,3750.0,792.0,38.29999923706055,351.0,132.0,419.0,1620.0
2012-09-25,637.0,969.0,379.0,3735.0,795.0,38.099998474121094,351.0,132.0,423.0,1590.0
2012-09-26,620.0,925.0,369.0,3585.0,800.6666870117188,37.849998474121094,349.0,130.0,408.0,1570.0
2012-09-27,623.0,929.0,371.0,3640.0,808.3333129882812,37.849998474121094,354.0,129.0,408.0,1590.0
2012-09-28,608.0,919.0,366.0,3595.0,799.0,37.20000076293945,356.0,128.0,403.0,1600.0
2012-10-01,597.7999877929688,917.0,363.0,3575.0,797.3333129882812,37.849998474121094,354.0,130.0,402.0,1580.0
2012-10-02,598.7999877929688,928.0,362.0,3570.0,797.3333129882812,38.54999923706055,358.0,128.0,406.0,1590.0
2012-10-03,601.0,929.0,360.0,3500.0,777.6666870117188,38.349998474121094,356.0,128.0,396.0,1560.0
2012-10-04,619.0,922.0,368.0,3545.0,790.6666870117188,38.54999923706055,362.0,128.0,402.0,1560.0
2012-10-05,609.0,948.0,367.0,3550.0,757.3333129882812,38.849998474121094,358.0,129.0,408.0,1580.0
2012-10-09,600.0,914.0,359.0,3580.0,759.3333129882812,38.25,357.0,127.0,405.0,1620.0
2012-10-10,588.5999755859375,897.0,356.0,3525.0,767.0,37.650001525878906,349.0,125.0,403.0,1590.0
2012-10-11,580.5999755859375,889.0,355.0,3530.0,756.6666870117188,38.0,346.0,125.0,406.0,1590.0
2012-10-12,586.7999877929688,908.0,357.0,3535.0,761.0,38.150001525878906,353.0,126.0,413.0,1680.0
2012-10-15,599.0,915.0,357.0,3560.0,765.6666870117188,37.45000076293945,352.0,127.0,420.0,1700.0
2012-10-16,606.0,937.0,361.0,3565.0,792.6666870117188,38.400001525878906,357.0,127.0,427.0,1740.0
2012-10-17,612.0,956.0,364.0,3615.0,800.0,38.349998474121094,362.0,128.0,432.0,1760.0
2012-10-18,627.0,983.0,372.0,3665.0,812.0,38.849998474121094,360.0,138.0,436.0,1790.0
2012-10-19,628.0,983.0,373.0,3670.0,808.6666870117188,38.79999923706055,363.0,136.0,436.0,1760.0
2012-10-22,630.0,979.0,373.0,3680.0,806.3333129882812,38.599998474121094,365.0,134.0,436.0,1740.0
2012-10-23,629.0,979.0,369.0,3655.0,821.0,38.04999923706055,354.0,132.0,433.0,1730.0
2012-10-24,619.0,969.0,365.0,3635.0,830.3333129882812,37.599998474121094,356.0,130.0,431.0,1670.0
2012-10-25,627.0,958.0,366.0,3700.0,842.3333129882812,37.849998474121094,363.0,132.0,438.0,1750.0
2012-10-26,616.0,946.0,362.0,3695.0,835.0,36.95000076293945,359.0,129.0,432.0,1720.0
2012-10-29,606.0,940.0,362.0,3680.0,836.6666870117188,36.5,360.0,127.0,436.0,1720.0
2012-10-30,603.0,928.0,360.0,3660.0,820.6666870117188,36.349998474121094,356.0,128.0,434.0,1690.0
2012-10-31,613.0,954.0,361.0,3710.0,820.6666870117188,36.349998474121094,357.0,130.0,439.0,1760.0
2012-11-01,618.0,915.0,358.0,3700.0,822.6666870117188,35.95000076293945,350.0,132.0,443.0,1760.0
2012-11-02,628.0,934.0,362.0,3710.0,823.6666870117188,36.25,350.0,134.0,460.0,1780.0
2012-11-05,642.0,913.0,361.0,3715.0,813.0,35.79999923706055,343.0,132.0,462.0,1760.0
2012-11-06,648.0,897.0,358.0,3715.0,806.6666870117188,36.0,340.0,130.0,456.0,1730.0
2012-11-07,648.0,914.0,359.0,3730.0,799.6666870117188,36.29999923706055,338.0,127.0,454.0,1770.0
2012-11-08,631.0,887.0,356.0,3715.0,780.3333129882812,35.75,334.0,125.0,444.0,1710.0
2012-11-09,628.0,879.0,355.0,3685.0,789.6666870117188,37.25,331.0,122.0,438.0,1680.0
2012-11-12,617.0,856.0,350.0,3650.0,777.3333129882812,36.599998474121094,326.0,121.0,439.0,1670.0
2012-11-13,617.0,861.0,350.0,3635.0,776.0,36.45000076293945,332.0,123.0,443.0,1670.0
2012-11-14,612.0,870.0,345.0,3660.0,781.0,36.79999923706055,348.0,124.0,440.0,1660.0
2012-11-15,643.0,793.0,356.0,3640.0,767.0,36.25,369.0,127.0,452.0,1740.0
2012-11-16,665.0,819.0,366.0,3650.0,765.3333129882812,36.25,379.0,126.0,459.0,1780.0
2012-11-19,674.0,822.0,369.0,3710.0,783.0,36.70000076293945,386.0,132.0,458.0,1840.0
2012-11-20,672.0,816.0,369.0,3715.0,782.6666870117188,37.29999923706055,375.0,128.0,457.0,1840.0
2012-11-21,687.0,819.0,371.0,3725.0,782.0,37.0,373.0,130.0,458.0,1870.0
2012-11-22,703.0,834.0,376.0,3725.0,776.6666870117188,36.650001525878906,380.0,128.0,462.0,1930.0
2012-11-26,715.0,818.0,377.0,3725.0,781.3333129882812,36.849998474121094,377.0,130.0,468.0,1960.0
2012-11-27,706.0,815.0,379.0,3740.0,790.0,37.45000076293945,384.0,131.0,465.0,1920.0
2012-11-28,695.0,803.0,373.0,3725.0,786.3333129882812,37.599998474121094,387.0,130.0,461.0,1870.0
2012-11-29,703.0,803.0,376.0,3740.0,787.6666870117188,37.599998474121094,393.0,129.0,468.0,1920.0
2012-11-30,707.0,801.0,377.0,3770.0,800.6666870117188,36.849998474121094,389.0,130.0,470.0,1890.0
2012-12-03,703.0,797.0,379.0,3755.0,797.3333129882812,36.45000076293945,401.0,131.0,469.0,1900.0
2012-12-04,702.0,793.0,375.0,3770.0,810.6666870117188,36.20000076293945,399.0,131.0,479.0,1870.0
2012-12-05,700.0,789.0,375.0,3795.0,810.6666870117188,36.45000076293945,400.0,129.0,474.0,1860.0
2012-12-06,707.0,816.0,378.0,3805.0,811.6666870117188,36.5,404.0,132.0,485.0,1870.0
2012-12-07,707.0,827.0,383.0,3840.0,810.3333129882812,36.25,406.0,149.0,479.0,1860.0
2012-12-10,707.0,820.0,379.0,3865.0,805.6666870117188,36.45000076293945,411.0,140.0,478.0,1860.0
2012-12-11,706.0,808.0,377.0,3840.0,814.0,36.5,406.0,138.0,476.0,1850.0
2012-12-12,712.0,833.0,378.0,3835.0,813.0,36.75,411.0,141.0,482.0,1860.0
2012-12-13,720.0,886.0,382.0,3805.0,806.0,36.20000076293945,416.0,141.0,486.0,1840.0
2012-12-14,720.0,906.0,388.0,3805.0,798.3333129882812,36.25,430.0,152.0,488.0,1880.0
2012-12-17,724.0,919.0,395.0,3835.0,802.0,35.95000076293945,439.0,202.0,482.0,1930.0
2012-12-18,744.0,918.0,410.0,3845.0,796.3333129882812,35.95000076293945,446.0,237.0,483.0,1950.0
2012-12-19,770.0,936.0,435.0,3870.0,802.6666870117188,36.29999923706055,479.0,230.0,497.0,2080.0
2012-12-20,776.0,921.0,440.0,3875.0,803.3333129882812,36.349998474121094,475.0,233.0,497.0,2090.0
2012-12-21,757.0,906.0,438.0,3865.0,791.3333129882812,36.20000076293945,470.0,224.0,497.0,2000.0
2012-12-25,756.0,907.0,446.0,3865.0,792.0,36.20000076293945,490.0,229.0,499.0,2030.0
2012-12-26,766.0,943.0,449.0,3865.0,802.0,36.099998474121094,489.0,228.0,503.0,2100.0
2012-12-27,786.0,942.0,451.0,3860.0,805.3333129882812,36.150001525878906,486.0,220.0,505.0,2090.0
2012-12-28,801.0,958.0,461.0,3855.0,812.3333129882812,36.29999923706055,484.0,206.0,507.0,2100.0
2013-01-04,852.0,968.0,484.0,3975.0,830.3333129882812,36.849998474121094,493.0,219.0,523.0,2180.0
2013-01-07,837.0,957.0,476.0,3990.0,872.3333129882812,37.099998474121094,491.0,217.0,514.0,2160.0
2013-01-08,820.0,940.0,462.0,4005.0,867.3333129882812,36.95000076293945,486.0,214.0,508.0,2140.0
2013-01-09,833.0,936.0,469.0,4025.0,883.0,36.79999923706055,498.0,209.0,509.0,2120.0
2013-01-10,841.0,968.0,474.0,4140.0,873.3333129882812,37.099998474121094,519.0,209.0,514.0,2220.0
2013-01-11,852.0,983.0,479.0,4270.0,871.3333129882812,37.25,520.0,221.0,515.0,2230.0
2013-01-15,853.0,995.0,483.0,4380.0,880.0,37.95000076293945,514.0,219.0,516.0,2260.0
2013-01-16,831.0,969.0,469.0,4325.0,883.3333129882812,37.400001525878906,494.0,215.0,510.0,2190.0
2013-01-17,842.0,1024.0,471.0,4395.0,889.0,37.75,473.0,210.0,512.0,2210.0
2013-01-18,860.0,1149.0,484.0,4450.0,891.6666870117188,37.900001525878906,467.0,213.0,527.0,2320.0
2013-01-21,856.0,1187.0,473.0,4435.0,894.3333129882812,38.0,458.0,212.0,519.0,2300.0
2013-01-22,848.0,1192.0,472.0,4445.0,887.0,37.45000076293945,463.0,211.0,520.0,2280.0
2013-01-23,831.0,1167.0,464.0,4365.0,874.6666870117188,37.349998474121094,451.0,209.0,512.0,2220.0
2013-01-24,849.0,1189.0,473.0,4455.0,868.3333129882812,37.25,460.0,207.0,520.0,2280.0
2013-01-25,868.0,1290.0,479.0,4550.0,903.3333129882812,37.45000076293945,465.0,208.0,529.0,2330.0
2013-01-28,863.0,1407.0,479.0,4615.0,931.3333129882812,37.400001525878906,460.0,208.0,528.0,2300.0
2013-01-29,865.0,1385.0,497.0,4630.0,919.3333129882812,37.400001525878906,453.0,210.0,525.0,2370.0
2013-01-30,873.0,1383.0,503.0,4695.0,928.0,37.70000076293945,477.0,211.0,531.0,2410.0
2013-01-31,873.0,1362.0,521.0,4700.0,927.3333129882812,38.29999923706055,469.0,213.0,528.0,2530.0
2013-02-01,899.0,1355.0,515.0,4680.0,947.3333129882812,38.650001525878906,466.0,211.0,533.0,2550.0
2013-02-04,919.0,1457.0,530.0,4675.0,938.0,39.25,466.0,209.0,539.0,2740.0
2013-02-05,908.0,1447.0,520.0,4550.0,933.3333129882812,38.900001525878906,457.0,204.0,524.0,2670.0
2013-02-06,963.0,1481.0,533.0,4715.0,939.6666870117188,39.099998474121094,469.0,204.0,538.0,2770.0
2013-02-07,963.0,1519.0,538.0,4700.0,939.0,40.5,477.0,204.0,541.0,2730.0
2013-02-08,979.0,1365.0,531.0,4625.0,917.6666870117188,41.29999923706055,469.0,203.0,543.0,2710.0
2013-02-12,984.0,1381.0,543.0,4675.0,935.3333129882812,41.45000076293945,482.0,201.0,545.0,2730.0
2013-02-13,966.0,1304.0,533.0,4675.0,932.3333129882812,41.70000076293945,475.0,184.0,542.0,2650.0
2013-02-14,963.0,1338.0,523.0,4690.0,931.6666870117188,41.849998474121094,466.0,184.0,538.0,2570.0
2013-02-15,945.0,1313.0,508.0,4660.0,918.6666870117188,41.150001525878906,449.0,192.0,538.0,2520.0
2013-02-18,957.0,1329.0,533.0,4705.0,933.6666870117188,42.900001525878906,462.0,198.0,557.0,2600.0
2013-02-19,948.0,1351.0,534.0,4710.0,933.0,42.04999923706055,467.0,196.0,553.0,2620.0
2013-02-20,964.0,1355.0,533.0,4790.0,938.3333129882812,42.95000076293945,467.0,215.0,564.0,2560.0
2013-02-21,953.0,1331.0,520.0,4775.0,929.6666870117188,43.29999923706055,466.0,206.0,560.0,2490.0
2013-02-22,946.0,1296.0,513.0,4805.0,932.3333129882812,42.599998474121094,463.0,205.0,559.0,2480.0
2013-02-25,959.0,1340.0,527.0,4815.0,931.0,43.75,465.0,210.0,569.0,2590.0
2013-02-26,943.0,1290.0,519.0,4765.0,912.0,43.650001525878906,459.0,207.0,553.0,2500.0
2013-02-27,921.0,1292.0,505.0,4700.0,879.6666870117188,42.04999923706055,465.0,207.0,548.0,2460.0
2013-02-28,953.0,1338.0,513.0,4795.0,902.0,42.5,477.0,210.0,548.0,2510.0
2013-03-01,950.0,1390.0,523.0,4890.0,920.3333129882812,42.349998474121094,482.0,216.0,571.0,2520.0
2013-03-04,949.0,1438.0,531.0,4935.0,931.6666870117188,42.70000076293945,484.0,219.0,571.0,2510.0
2013-03-05,947.0,1425.0,527.0,4920.0,933.0,43.0,490.0,227.0,572.0,2470.0
2013-03-06,966.0,1462.0,535.0,4945.0,985.3333129882812,43.5,483.0,223.0,580.0,2470.0
2013-03-07,967.0,1451.0,527.0,5000.0,973.3333129882812,43.20000076293945,473.0,219.0,598.0,2450.0
2013-03-08,982.0,1464.0,535.0,5080.0,979.3333129882812,42.650001525878906,480.0,216.0,604.0,2470.0
2013-03-11,1000.0,1508.0,569.0,5140.0,992.0,43.04999923706055,492.0,216.0,607.0,2500.0
2013-03-12,992.0,1478.0,566.0,5130.0,987.6666870117188,42.70000076293945,480.0,213.0,610.0,2610.0
2013-03-13,982.0,1500.0,575.0,5060.0,965.3333129882812,41.95000076293945,475.0,212.0,598.0,2620.0
2013-03-14,990.0,1503.0,580.0,5150.0,960.3333129882812,41.79999923706055,472.0,214.0,608.0,2550.0
2013-03-15,1004.0,1668.0,576.0,5250.0,983.0,41.849998474121094,471.0,215.0,628.0,2570.0
2013-03-18,970.0,1555.0,558.0,5130.0,970.6666870117188,41.5,456.0,210.0,624.0,2480.0
2013-03-19,988.0,1661.0,568.0,5190.0,980.0,41.95000076293945,457.0,211.0,638.0,2530.0
2013-03-21,998.0,1690.0,577.0,5280.0,1025.0,42.5,469.0,217.0,646.0,2500.0
2013-03-22,976.0,1660.0,563.0,5190.0,984.0,41.900001525878906,453.0,211.0,637.0,2430.0
2013-03-25,984.0,1712.0,572.0,5250.0,1011.6666870117188,42.0,455.0,217.0,633.0,2440.0
2013-03-26,982.0,1666.0,562.0,5250.0,1011.6666870117188,41.900001525878906,456.0,220.0,636.0,2390.0
2013-03-27,980.0,1675.0,564.0,5190.0,1028.3333740234375,41.349998474121094,454.0,227.0,632.0,2420.0
2013-03-28,965.0,1625.0,564.0,5140.0,1038.3333740234375,41.0,449.0,232.0,633.0,2380.0
2013-03-29,972.0,1642.0,558.0,5030.0,1038.3333740234375,41.04999923706055,450.0,255.0,628.0,2350.0
2013-04-01,952.0,1572.0,532.0,4780.0,986.3333129882812,39.599998474121094,458.0,266.0,609.0,2300.0
2013-04-02,923.0,1559.0,544.0,4660.0,997.6666870117188,40.099998474121094,453.0,252.0,591.0,2220.0
2013-04-03,958.0,1570.0,548.0,4825.0,996.6666870117188,40.349998474121094,463.0,313.0,590.0,2160.0
2013-04-04,985.0,1573.0,578.0,4980.0,1030.0,41.0,474.0,293.0,616.0,2240.0
2013-04-05,1018.0,1580.0,607.0,4980.0,1133.3333740234375,41.75,498.0,296.0,632.0,2220.0
2013-04-08,1060.0,1670.0,640.0,5030.0,1151.6666259765625,43.25,528.0,298.0,645.0,2330.0
2013-04-09,1054.0,1643.0,624.0,5030.0,1171.6666259765625,44.0,560.0,285.0,639.0,2340.0
2013-04-10,1066.0,1658.0,655.0,5070.0,1201.6666259765625,44.650001525878906,580.0,312.0,646.0,2510.0
2013-04-11,1128.0,1685.0,672.0,5180.0,1261.6666259765625,45.20000076293945,582.0,353.0,665.0,2570.0
2013-04-12,1132.0,1659.0,673.0,5170.0,1208.3333740234375,46.70000076293945,582.0,409.0,664.0,2580.0
2013-04-15,1108.0,1658.0,663.0,5100.0,1201.6666259765625,47.099998474121094,562.0,461.0,650.0,2520.0
2013-04-16,1090.0,1590.0,639.0,5120.0,1206.6666259765625,47.25,557.0,461.0,648.0,2490.0
2013-04-17,1110.0,1626.0,656.0,5200.0,1225.0,47.25,570.0,441.0,663.0,2510.0
2013-04-18,1086.0,1596.0,651.0,5140.0,1231.6666259765625,46.25,575.0,406.0,647.0,2470.0
2013-04-19,1096.0,1623.0,643.0,5210.0,1245.0,47.45000076293945,560.0,457.0,646.0,2440.0
2013-04-22,1110.0,1634.0,653.0,5260.0,1288.3333740234375,48.04999923706055,603.0,458.0,651.0,2480.0
2013-04-23,1102.0,1625.0,643.0,5290.0,1270.0,48.5,613.0,450.0,644.0,2500.0
2013-04-24,1124.0,1630.0,646.0,5480.0,1251.6666259765625,48.75,593.0,450.0,670.0,2630.0
2013-04-25,1146.0,1627.0,660.0,5500.0,1258.3333740234375,49.349998474121094,589.0,432.0,663.0,2600.0
2013-04-26,1142.0,1631.0,660.0,5420.0,1233.3333740234375,48.349998474121094,584.0,408.0,658.0,2590.0
2013-04-30,1128.0,1613.0,663.0,5350.0,1246.6666259765625,48.25,599.0,430.0,654.0,2590.0
2013-05-01,1110.0,1583.0,654.0,5220.0,1243.3333740234375,48.5,597.0,417.0,660.0,2570.0
2013-05-02,1098.0,1627.0,653.0,5340.0,1228.3333740234375,47.70000076293945,579.0,438.0,661.0,2480.0
2013-05-07,1152.0,1731.0,668.0,5410.0,1261.6666259765625,50.20000076293945,595.0,461.0,685.0,2560.0
2013-05-08,1168.0,1768.0,666.0,5420.0,1261.6666259765625,49.45000076293945,608.0,455.0,679.0,2610.0
2013-05-09,1152.0,1744.0,656.0,5300.0,1230.0,50.0,609.0,444.0,659.0,2570.0
2013-05-10,1210.0,1787.0,673.0,4985.0,1280.0,50.79999923706055,609.0,447.0,692.0,2600.0
2013-05-13,1256.0,1855.0,728.0,4910.0,1290.0,52.900001525878906,626.0,442.0,709.0,2620.0
2013-05-14,1242.0,1877.0,710.0,4915.0,1300.0,53.29999923706055,613.0,522.0,710.0,2650.0
2013-05-15,1288.0,2072.0,732.0,4985.0,1355.0,55.5,601.0,513.0,720.0,2650.0
2013-05-16,1290.0,2082.0,706.0,4965.0,1306.6666259765625,54.599998474121094,576.0,613.0,732.0,2650.0
2013-05-17,1294.0,2046.0,700.0,4955.0,1315.0,53.79999923706055,592.0,626.0,725.0,2660.0
2013-05-20,1318.0,2162.0,699.0,4950.0,1300.0,53.400001525878906,614.0,726.0,725.0,2770.0
2013-05-21,1328.0,2163.0,690.0,4945.0,1281.6666259765625,52.599998474121094,596.0,815.0,739.0,2930.0
2013-05-22,1326.0,2290.0,699.0,4965.0,1281.6666259765625,53.900001525878906,606.0,737.0,741.0,2920.0
2013-05-23,1258.0,2159.0,634.0,4800.0,1180.0,51.29999923706055,554.0,639.0,691.0,2820.0
2013-05-24,1246.0,2148.0,622.0,4745.0,1211.6666259765625,52.0,555.0,702.0,701.0,2820.0
2013-05-27,1184.0,2013.0,595.0,4580.0,1218.3333740234375,49.95000076293945,537.0,651.0,679.0,2710.0
2013-05-28,1242.0,2078.0,607.0,4605.0,1221.6666259765625,51.099998474121094,527.0,612.0,692.0,2800.0
2013-05-29,1240.0,2066.0,614.0,4685.0,1228.3333740234375,52.0,538.0,665.0,698.0,2750.0
2013-05-30,1212.0,2007.0,595.0,4510.0,1165.0,50.400001525878906,510.0,621.0,670.0,2630.0
2013-05-31,1202.0,2049.0,595.0,4500.0,1168.3333740234375,50.5,494.0,617.0,692.0,2600.0
2013-06-03,1162.0,1938.0,563.0,4430.0,1135.0,49.849998474121094,493.0,598.0,683.0,2520.0
2013-06-04,1186.0,2009.0,605.0,4475.0,1171.6666259765625,50.900001525878906,502.0,613.0,667.0,2640.0
2013-06-05,1146.0,1908.0,579.0,4345.0,1136.6666259765625,50.400001525878906,481.0,513.0,660.0,2540.0
2013-06-06,1128.0,1869.0,572.0,4380.0,1098.3333740234375,50.099998474121094,465.0,475.0,647.0,2500.0
2013-06-07,1096.0,1854.0,570.0,4320.0,1101.6666259765625,48.25,460.0,515.0,641.0,2380.0
2013-06-10,1190.0,1980.0,603.0,4470.0,1140.0,51.599998474121094,484.0,565.0,663.0,2550.0
2013-06-11,1194.0,2023.0,615.0,4415.0,1116.6666259765625,50.599998474121094,492.0,534.0,654.0,2470.0
2013-06-12,1172.0,2000.0,604.0,4355.0,1158.3333740234375,50.400001525878906,494.0,572.0,652.0,2480.0
2013-06-13,1118.0,1930.0,577.0,4180.0,1071.6666259765625,47.29999923706055,453.0,535.0,614.0,2410.0
2013-06-14,1118.0,1923.0,567.0,4265.0,1120.0,48.150001525878906,476.0,539.0,620.0,2460.0
2013-06-17,1140.0,1950.0,582.0,4420.0,1138.3333740234375,49.29999923706055,488.0,547.0,640.0,2520.0
2013-06-18,1160.0,2036.0,579.0,4350.0,1130.0,48.75,488.0,538.0,638.0,2510.0
2013-06-19,1174.0,2015.0,593.0,4450.0,1166.6666259765625,50.900001525878906,496.0,517.0,659.0,2620.0
2013-06-20,1162.0,2013.0,582.0,4300.0,1135.0,50.79999923706055,487.0,517.0,647.0,2600.0
2013-06-21,1168.0,2002.0,584.0,4420.0,1171.6666259765625,51.29999923706055,486.0,527.0,649.0,2580.0
2013-06-24,1150.0,1966.0,578.0,4310.0,1156.6666259765625,49.79999923706055,505.0,538.0,653.0,2540.0
2013-06-25,1134.0,1973.0,575.0,4305.0,1141.6666259765625,49.25,510.0,524.0,646.0,2520.0
2013-06-26,1140.0,2001.0,578.0,4280.0,1140.0,49.400001525878906,498.0,510.0,637.0,2510.0
2013-06-27,1180.0,2035.0,588.0,4375.0,1178.3333740234375,50.5,509.0,511.0,649.0,2570.0
2013-06-28,1198.0,2078.0,612.0,4480.0,1208.3333740234375,51.400001525878906,515.0,513.0,656.0,2680.0
2013-07-01,1212.0,2133.0,631.0,4560.0,1223.3333740234375,51.79999923706055,527.0,523.0,665.0,2690.0
2013-07-02,1246.0,2186.0,639.0,4610.0,1241.6666259765625,51.70000076293945,548.0,623.0,668.0,2810.0
2013-07-03,1246.0,2166.0,644.0,4625.0,1235.0,51.400001525878906,540.0,559.0,666.0,2820.0
2013-07-04,1236.0,2181.0,640.0,4585.0,1235.0,51.5,551.0,584.0,654.0,2800.0
2013-07-05,1262.0,2195.0,646.0,4625.0,1251.6666259765625,53.0,567.0,602.0,664.0,2880.0
2013-07-08,1250.0,2152.0,638.0,4610.0,1258.3333740234375,51.5,554.0,628.0,650.0,2820.0
2013-07-09,1282.0,2203.0,654.0,4710.0,1313.3333740234375,52.29999923706055,569.0,668.0,666.0,2890.0
2013-07-10,1278.0,2187.0,653.0,4700.0,1315.0,52.599998474121094,580.0,662.0,679.0,2910.0
2013-07-11,1276.0,2188.0,653.0,4685.0,1316.6666259765625,52.0,590.0,670.0,668.0,2890.0
2013-07-12,1282.0,2179.0,655.0,4740.0,1310.0,52.5,583.0,682.0,669.0,2990.0
2013-07-16,1292.0,2194.0,662.0,4730.0,1321.6666259765625,51.70000076293945,582.0,768.0,666.0,3000.0
2013-07-17,1300.0,2194.0,662.0,4750.0,1313.3333740234375,51.70000076293945,567.0,739.0,664.0,3030.0
2013-07-18,1296.0,2194.0,669.0,4785.0,1328.3333740234375,52.29999923706055,569.0,735.0,664.0,3030.0
2013-07-19,1294.0,2188.0,674.0,4730.0,1313.3333740234375,52.099998474121094,567.0,726.0,664.0,2990.0
2013-07-22,1298.0,2219.0,672.0,4705.0,1326.6666259765625,52.79999923706055,577.0,703.0,661.0,2990.0
2013-07-23,1296.0,2295.0,670.0,4770.0,1328.3333740234375,53.29999923706055,579.0,656.0,665.0,3090.0
2013-07-24,1286.0,2290.0,668.0,4715.0,1315.0,53.29999923706055,562.0,644.0,662.0,3060.0
2013-07-25,1276.0,2207.0,659.0,4645.0,1283.3333740234375,52.70000076293945,544.0,636.0,659.0,3030.0
2013-07-26,1230.0,2133.0,628.0,4510.0,1233.3333740234375,50.20000076293945,533.0,630.0,640.0,2880.0
2013-07-29,1180.0,2057.0,603.0,4395.0,1215.0,49.849998474121094,514.0,568.0,616.0,2800.0
2013-07-30,1214.0,2117.0,609.0,4445.0,1250.0,49.900001525878906,533.0,635.0,631.0,2850.0
2013-07-31,1194.0,2068.0,601.0,4375.0,1233.3333740234375,49.349998474121094,524.0,599.0,621.0,2850.0
2013-08-01,1244.0,2104.0,625.0,4580.0,1265.0,51.0,540.0,647.0,648.0,3010.0
2013-08-02,1286.0,2123.0,643.0,4635.0,1291.6666259765625,52.099998474121094,560.0,647.0,679.0,3050.0
2013-08-05,1272.0,2137.0,634.0,4615.0,1276.6666259765625,52.0,562.0,644.0,706.0,3030.0
2013-08-06,1276.0,2039.0,636.0,4670.0,1273.3333740234375,53.0,568.0,665.0,726.0,3040.0
2013-08-07,1246.0,1952.0,611.0,4575.0,1233.3333740234375,50.79999923706055,557.0,656.0,712.0,2960.0
2013-08-08,1232.0,1927.0,607.0,4595.0,1206.6666259765625,50.29999923706055,558.0,623.0,709.0,2930.0
2013-08-09,1234.0,1943.0,609.0,4565.0,1195.0,50.900001525878906,560.0,627.0,712.0,2950.0
2013-08-12,1238.0,1932.0,602.0,4585.0,1191.6666259765625,50.79999923706055,560.0,623.0,711.0,2910.0
2013-08-13,1266.0,1967.0,609.0,4670.0,1216.6666259765625,51.79999923706055,572.0,626.0,731.0,3000.0
2013-08-14,1282.0,2000.0,612.0,4715.0,1235.0,52.20000076293945,584.0,650.0,733.0,3060.0
2013-08-15,1262.0,1968.0,605.0,4645.0,1206.6666259765625,51.20000076293945,576.0,645.0,719.0,3040.0
2013-08-16,1258.0,1963.0,597.0,4630.0,1191.6666259765625,49.95000076293945,572.0,645.0,714.0,2980.0
2013-08-19,1264.0,1975.0,597.0,4600.0,1185.0,49.849998474121094,585.0,622.0,718.0,2960.0
2013-08-20,1232.0,1927.0,588.0,4545.0,1151.6666259765625,49.5,577.0,614.0,716.0,2900.0
2013-08-21,1206.0,1937.0,586.0,4470.0,1153.3333740234375,49.900001525878906,573.0,557.0,708.0,2880.0
2013-08-22,1210.0,1906.0,588.0,4500.0,1163.3333740234375,50.29999923706055,581.0,534.0,711.0,2870.0
2013-08-23,1244.0,1966.0,602.0,4535.0,1183.3333740234375,51.0,591.0,508.0,727.0,2950.0
2013-08-26,1242.0,1981.0,599.0,4545.0,1188.3333740234375,51.099998474121094,595.0,473.0,724.0,2950.0
2013-08-27,1232.0,2037.0,596.0,4590.0,1173.3333740234375,50.900001525878906,587.0,531.0,740.0,2930.0
2013-08-28,1204.0,1967.0,584.0,4545.0,1145.0,50.400001525878906,575.0,510.0,727.0,2880.0
2013-08-29,1212.0,1969.0,582.0,4505.0,1165.0,50.599998474121094,570.0,497.0,735.0,2850.0
2013-08-30,1188.0,1972.0,576.0,4470.0,1128.3333740234375,49.95000076293945,560.0,500.0,724.0,2800.0
2013-09-02,1200.0,1980.0,578.0,4520.0,1135.0,50.20000076293945,577.0,508.0,728.0,2880.0
2013-09-03,1240.0,2040.0,607.0,4620.0,1173.3333740234375,51.29999923706055,572.0,525.0,739.0,2980.0
2013-09-04,1246.0,2059.0,620.0,4620.0,1185.0,51.099998474121094,572.0,510.0,739.0,3020.0
2013-09-05,1250.0,2076.0,618.0,4630.0,1170.0,51.099998474121094,568.0,511.0,745.0,3130.0
2013-09-06,1242.0,2087.0,613.0,4595.0,1168.3333740234375,51.70000076293945,559.0,499.0,735.0,3160.0
2013-09-09,1252.0,2091.0,623.0,4630.0,1203.3333740234375,52.900001525878906,599.0,518.0,739.0,3280.0
2013-09-10,1260.0,2135.0,635.0,4660.0,1225.0,53.400001525878906,624.0,512.0,741.0,3380.0
2013-09-11,1268.0,2129.0,632.0,4645.0,1201.6666259765625,52.900001525878906,598.0,514.0,733.0,3330.0
2013-09-12,1254.0,2103.0,632.0,4635.0,1190.0,53.20000076293945,596.0,511.0,728.0,3340.0
2013-09-13,1256.0,2096.0,631.0,4655.0,1203.3333740234375,53.400001525878906,587.0,518.0,728.0,3300.0
2013-09-17,1248.0,2115.0,631.0,4635.0,1173.3333740234375,51.400001525878906,573.0,512.0,729.0,3270.0
2013-09-18,1266.0,2133.0,642.0,4650.0,1178.3333740234375,51.099998474121094,579.0,517.0,743.0,3300.0
2013-09-19,1280.0,2127.0,653.0,4705.0,1206.6666259765625,52.29999923706055,593.0,526.0,755.0,3490.0
2013-09-20,1296.0,2132.0,654.0,4750.0,1213.3333740234375,52.5,586.0,514.0,740.0,3490.0
2013-09-24,1288.0,2097.0,649.0,4815.0,1208.3333740234375,52.5,586.0,521.0,748.0,3520.0
2013-09-25,1294.0,2088.0,652.0,4785.0,1196.6666259765625,52.79999923706055,585.0,523.0,750.0,3480.0
2013-09-26,1302.0,2101.0,653.0,4700.0,1215.0,52.20000076293945,598.0,560.0,750.0,3470.0
2013-09-27,1288.0,2106.0,644.0,4675.0,1216.6666259765625,51.70000076293945,592.0,597.0,746.0,3520.0
2013-09-30,1254.0,2098.0,627.0,4635.0,1193.3333740234375,50.79999923706055,586.0,611.0,739.0,3330.0
2013-10-01,1254.0,2085.0,625.0,4615.0,1190.0,51.0,584.0,586.0,739.0,3380.0
2013-10-02,1242.0,2059.0,616.0,4560.0,1163.3333740234375,51.0,578.0,580.0,730.0,3290.0
2013-10-03,1250.0,2053.0,616.0,4575.0,1173.3333740234375,50.400001525878906,581.0,552.0,714.0,3340.0
2013-10-04,1236.0,2017.0,611.0,4565.0,1175.0,50.599998474121094,569.0,528.0,704.0,3300.0
2013-10-07,1218.0,1980.0,605.0,4510.0,1158.3333740234375,51.20000076293945,555.0,488.0,689.0,3270.0
2013-10-08,1210.0,1923.0,609.0,4485.0,1161.6666259765625,50.599998474121094,561.0,525.0,697.0,3240.0
2013-10-09,1246.0,1929.0,622.0,4545.0,1173.3333740234375,51.099998474121094,578.0,521.0,709.0,3340.0
2013-10-10,1270.0,1899.0,621.0,4695.0,1213.3333740234375,52.0,582.0,514.0,707.0,3310.0
2013-10-11,1282.0,1919.0,636.0,4700.0,1231.6666259765625,52.900001525878906,596.0,519.0,716.0,3410.0
2013-10-15,1278.0,1938.0,633.0,4685.0,1246.6666259765625,53.29999923706055,603.0,531.0,732.0,3430.0
2013-10-16,1272.0,1934.0,630.0,4705.0,1245.0,52.70000076293945,602.0,532.0,728.0,3400.0
2013-10-17,1268.0,1938.0,637.0,4715.0,1236.6666259765625,52.5,601.0,530.0,733.0,3420.0
2013-10-18,1256.0,1930.0,638.0,4675.0,1231.6666259765625,52.20000076293945,607.0,522.0,727.0,3370.0
2013-10-21,1260.0,1921.0,635.0,4695.0,1240.0,52.70000076293945,611.0,515.0,729.0,3400.0
2013-10-22,1274.0,1935.0,639.0,4700.0,1228.3333740234375,53.20000076293945,615.0,520.0,749.0,3430.0
2013-10-23,1264.0,1896.0,629.0,4655.0,1211.6666259765625,52.29999923706055,619.0,523.0,734.0,3410.0
2013-10-24,1266.0,1872.0,627.0,4695.0,1220.0,52.5,629.0,530.0,734.0,3400.0
2013-10-25,1240.0,1851.0,615.0,4600.0,1190.0,50.5,613.0,518.0,716.0,3330.0
2013-10-28,1262.0,1910.0,629.0,4650.0,1205.0,51.400001525878906,629.0,514.0,722.0,3380.0
2013-10-29,1254.0,1892.0,622.0,4635.0,1206.6666259765625,51.599998474121094,624.0,532.0,721.0,3400.0
2013-10-30,1274.0,1910.0,629.0,4670.0,1226.6666259765625,51.29999923706055,626.0,525.0,728.0,3310.0
2013-10-31,1272.0,1877.0,620.0,4665.0,1206.6666259765625,50.900001525878906,627.0,523.0,745.0,3230.0
2013-11-01,1266.0,1668.0,617.0,4680.0,1196.6666259765625,50.29999923706055,623.0,535.0,755.0,3190.0
2013-11-05,1264.0,1669.0,615.0,4695.0,1196.6666259765625,50.099998474121094,623.0,520.0,755.0,3140.0
2013-11-06,1270.0,1689.0,618.0,4695.0,1200.0,50.599998474121094,618.0,533.0,756.0,3210.0
2013-11-07,1254.0,1694.0,616.0,4705.0,1191.6666259765625,50.900001525878906,612.0,526.0,750.0,3170.0
2013-11-08,1240.0,1649.0,608.0,4685.0,1175.0,51.20000076293945,606.0,520.0,754.0,3170.0
2013-11-11,1250.0,1641.0,613.0,4715.0,1176.6666259765625,52.70000076293945,606.0,517.0,768.0,3180.0
2013-11-12,1264.0,1700.0,626.0,4735.0,1195.0,53.29999923706055,588.0,529.0,766.0,3190.0
2013-11-13,1256.0,1746.0,635.0,4735.0,1203.3333740234375,53.0,562.0,533.0,781.0,3160.0
2013-11-14,1262.0,1786.0,645.0,4745.0,1225.0,53.0,568.0,548.0,785.0,3220.0
2013-11-15,1274.0,1846.0,658.0,4800.0,1250.0,52.70000076293945,567.0,556.0,786.0,3320.0
2013-11-18,1270.0,1862.0,664.0,4815.0,1255.0,53.099998474121094,572.0,557.0,792.0,3370.0
2013-11-19,1260.0,1886.0,658.0,4800.0,1255.0,52.5,581.0,548.0,789.0,3410.0
2013-11-20,1258.0,1868.0,653.0,4830.0,1238.3333740234375,52.20000076293945,582.0,546.0,791.0,3400.0
2013-11-21,1256.0,1894.0,661.0,4880.0,1256.6666259765625,52.099998474121094,576.0,537.0,797.0,3420.0
2013-11-22,1268.0,1875.0,656.0,4860.0,1246.6666259765625,51.5,568.0,531.0,801.0,3370.0
2013-11-25,1286.0,1881.0,660.0,4920.0,1256.6666259765625,51.400001525878906,559.0,537.0,800.0,3380.0
2013-11-26,1270.0,1848.0,663.0,4890.0,1241.6666259765625,51.5,558.0,530.0,817.0,3310.0
2013-11-27,1264.0,1869.0,654.0,4875.0,1238.3333740234375,50.900001525878906,554.0,542.0,808.0,3280.0
2013-11-28,1278.0,1865.0,659.0,4950.0,1251.6666259765625,51.599998474121094,553.0,546.0,806.0,3350.0
2013-11-29,1276.0,1867.0,659.0,4975.0,1256.6666259765625,51.400001525878906,553.0,546.0,808.0,3320.0
2013-12-02,1274.0,1898.0,661.0,5030.0,1255.0,51.79999923706055,554.0,549.0,805.0,3310.0
2013-12-03,1278.0,1910.0,663.0,5100.0,1255.0,51.599998474121094,554.0,542.0,814.0,3310.0
2013-12-04,1256.0,1845.0,648.0,5040.0,1250.0,51.099998474121094,548.0,537.0,799.0,3280.0
2013-12-05,1244.0,1824.0,643.0,4995.0,1246.6666259765625,51.599998474121094,538.0,536.0,791.0,3240.0
2013-12-06,1244.0,1838.0,643.0,5070.0,1246.6666259765625,51.5,538.0,538.0,792.0,3280.0
2013-12-09,1260.0,1862.0,650.0,5120.0,1256.6666259765625,52.099998474121094,542.0,538.0,800.0,3320.0
2013-12-10,1254.0,1826.0,651.0,5120.0,1258.3333740234375,52.099998474121094,545.0,536.0,806.0,3350.0
2013-12-11,1244.0,1823.0,644.0,5140.0,1251.6666259765625,52.70000076293945,545.0,531.0,813.0,3330.0
2013-12-12,1234.0,1818.0,641.0,5080.0,1256.6666259765625,54.400001525878906,539.0,523.0,806.0,3330.0
2013-12-13,1236.0,1813.0,635.0,5090.0,1253.3333740234375,53.5,532.0,519.0,804.0,3310.0
2013-12-16,1212.0,1794.0,631.0,5010.0,1246.6666259765625,55.20000076293945,524.0,524.0,800.0,3260.0
2013-12-17,1220.0,1775.0,633.0,5040.0,1280.0,54.5,525.0,535.0,810.0,3300.0
2013-12-18,1240.0,1780.0,649.0,5050.0,1298.3333740234375,54.79999923706055,539.0,535.0,813.0,3340.0
2013-12-19,1240.0,1820.0,660.0,5070.0,1346.6666259765625,54.900001525878906,545.0,533.0,805.0,3420.0
2013-12-20,1234.0,1827.0,654.0,5020.0,1350.0,54.900001525878906,548.0,522.0,798.0,3410.0
2013-12-24,1230.0,1804.0,654.0,5010.0,1321.6666259765625,54.70000076293945,552.0,510.0,798.0,3410.0
2013-12-25,1232.0,1792.0,654.0,5010.0,1341.6666259765625,54.599998474121094,559.0,501.0,794.0,3390.0
2013-12-26,1268.0,1797.0,669.0,5100.0,1363.3333740234375,55.0,579.0,517.0,806.0,3460.0
2013-12-27,1278.0,1785.0,677.0,4835.0,1396.6666259765625,55.29999923706055,590.0,516.0,808.0,3520.0
2013-12-30,1284.0,1826.0,694.0,4825.0,1393.3333740234375,56.599998474121094,599.0,517.0,824.0,3520.0
2014-01-06,1260.0,1802.0,686.0,4815.0,1396.6666259765625,55.70000076293945,584.0,516.0,828.0,3490.0
2014-01-07,1254.0,1800.0,677.0,4800.0,1408.3333740234375,55.29999923706055,586.0,511.0,823.0,3470.0
2014-01-08,1260.0,1825.0,692.0,4820.0,1493.3333740234375,56.900001525878906,608.0,516.0,844.0,3490.0
2014-01-09,1254.0,1894.0,681.0,4815.0,1480.0,56.20000076293945,603.0,512.0,849.0,3440.0
2014-01-10,1258.0,1835.0,686.0,4820.0,1465.0,56.599998474121094,600.0,509.0,846.0,3400.0
2014-01-14,1228.800048828125,1793.0,667.0,4782.0,1422.3333740234375,55.86000061035156,583.0,491.0,830.0,3350.0
2014-01-15,1247.0,1808.0,675.0,4840.0,1449.6666259765625,56.16999816894531,588.0,497.0,832.0,3390.0
2014-01-16,1252.199951171875,1804.0,673.0,4844.0,1437.6666259765625,56.7599983215332,587.0,500.0,836.0,3420.0
2014-01-17,1240.0,1780.0,679.0,4866.0,1429.3333740234375,58.27000045776367,588.0,492.0,842.0,3370.0
2014-01-20,1241.199951171875,1767.0,676.0,4845.0,1409.6666259765625,58.5099983215332,596.0,490.0,835.0,3370.0
2014-01-21,1260.0,1771.0,671.0,4837.0,1421.3333740234375,58.11000061035156,592.0,488.0,828.0,3360.0
2014-01-22,1268.0,1756.0,679.0,4865.0,1413.3333740234375,57.97999954223633,584.0,493.0,827.0,3380.0
2014-01-23,1251.199951171875,1764.0,673.0,4842.0,1394.6666259765625,57.84000015258789,584.0,488.0,814.0,3350.0
2014-01-24,1234.0,1763.0,660.0,4803.0,1369.6666259765625,57.11000061035156,596.0,484.0,805.0,3250.0
2014-01-27,1207.800048828125,1711.0,637.0,4738.0,1356.6666259765625,55.08000183105469,619.0,470.0,781.0,3080.0
2014-01-28,1203.5999755859375,1665.0,635.0,4738.0,1373.3333740234375,54.52000045776367,603.0,451.0,785.0,3080.0
2014-01-29,1227.199951171875,1690.0,652.0,4849.0,1410.3333740234375,55.400001525878906,622.0,479.0,819.0,3120.0
2014-01-30,1199.5999755859375,1651.0,630.0,4792.0,1390.0,54.40999984741211,610.0,465.0,792.0,3150.0
2014-01-31,1184.4000244140625,1626.0,623.0,4793.0,1367.3333740234375,55.61000061035156,611.0,470.0,785.0,3150.0
2014-02-03,1166.199951171875,1581.0,607.0,4755.0,1328.6666259765625,53.61000061035156,599.0,454.0,775.0,3090.0
2014-02-04,1100.0,1530.0,584.0,4657.0,1278.6666259765625,51.31999969482422,553.0,424.0,739.0,2900.0
2014-02-05,1166.0,1600.0,593.0,4692.0,1279.0,52.25,561.0,423.0,713.0,2960.0
2014-02-06,1157.0,1624.0,587.0,4565.0,1265.0,52.54999923706055,569.0,440.0,707.0,2920.0
2014-02-07,1180.0,1691.0,602.0,4665.0,1281.6666259765625,54.939998626708984,569.0,489.0,722.0,3040.0
2014-02-10,1198.800048828125,1702.0,604.0,4670.0,1302.6666259765625,55.63999938964844,576.0,479.0,733.0,3110.0
2014-02-12,1204.0,1765.0,611.0,4787.0,1334.6666259765625,56.72999954223633,563.0,485.0,747.0,3140.0
2014-02-13,1178.199951171875,1729.0,604.0,4719.0,1314.6666259765625,56.29999923706055,571.0,469.0,746.0,3040.0
2014-02-14,1162.5999755859375,1703.0,591.0,4710.0,1283.0,55.91999816894531,561.0,458.0,721.0,2950.0
2014-02-17,1158.5999755859375,1718.0,596.0,4741.0,1275.3333740234375,54.70000076293945,564.0,468.0,725.0,3000.0
2014-02-18,1189.0,1780.0,626.0,4822.0,1317.0,56.5099983215332,588.0,475.0,738.0,3110.0
2014-02-19,1182.0,1748.0,621.0,4823.0,1322.0,56.88999938964844,592.0,466.0,741.0,3060.0
2014-02-20,1172.0,1741.0,603.0,4780.0,1310.3333740234375,56.27000045776367,584.0,455.0,722.0,2980.0
2014-02-21,1196.4000244140625,1766.0,611.0,4857.0,1338.6666259765625,56.880001068115234,606.0,463.0,739.0,3050.0
2014-02-24,1184.800048828125,1775.0,603.0,4869.0,1332.3333740234375,57.15999984741211,606.0,470.0,729.0,3010.0
2014-02-25,1198.0,1766.0,615.0,4901.0,1346.0,57.779998779296875,612.0,475.0,739.0,3010.0
2014-02-26,1183.4000244140625,1764.0,606.0,4904.0,1307.3333740234375,58.130001068115234,625.0,479.0,744.0,3000.0
2014-02-27,1181.800048828125,1757.0,596.0,4871.0,1293.0,57.16999816894531,629.0,471.0,728.0,2990.0
2014-02-28,1167.800048828125,1780.0,587.0,4872.0,1271.0,57.0099983215332,623.0,474.0,723.0,2970.0
2014-03-03,1154.5999755859375,1760.0,588.0,4797.0,1259.3333740234375,55.810001373291016,607.0,464.0,712.0,2950.0
2014-03-04,1162.199951171875,1746.0,586.0,4810.0,1289.3333740234375,56.93000030517578,600.0,467.0,710.0,2940.0
2014-03-05,1152.4000244140625,1783.0,586.0,4873.0,1301.0,58.189998626708984,613.0,460.0,720.0,2930.0
2014-03-06,1173.800048828125,1825.0,602.0,4905.0,1304.3333740234375,58.93000030517578,626.0,466.0,722.0,2980.0
2014-03-07,1177.800048828125,1844.0,602.0,4944.0,1317.0,59.400001525878906,637.0,463.0,733.0,3010.0
2014-03-10,1164.199951171875,1864.0,599.0,4928.0,1314.0,58.380001068115234,646.0,461.0,733.0,2950.0
2014-03-11,1168.4000244140625,1867.0,600.0,4964.0,1303.3333740234375,59.5,647.0,454.0,740.0,2910.0
2014-03-12,1145.5999755859375,1840.0,587.0,4905.0,1279.6666259765625,59.029998779296875,629.0,439.0,715.0,2830.0
2014-03-13,1144.0,1839.0,582.0,4892.0,1277.3333740234375,60.08000183105469,629.0,428.0,714.0,2830.0
2014-03-14,1110.199951171875,1761.0,561.0,4752.0,1234.3333740234375,58.2599983215332,611.0,411.0,681.0,2760.0
2014-03-17,1112.5999755859375,1728.0,561.0,4746.0,1230.3333740234375,56.18000030517578,605.0,411.0,686.0,2740.0
2014-03-18,1110.0,1720.0,559.0,4847.0,1234.6666259765625,57.29999923706055,622.0,413.0,696.0,2770.0
2014-03-19,1101.5999755859375,1731.0,559.0,4927.0,1236.6666259765625,56.36000061035156,619.0,403.0,701.0,2760.0
2014-03-20,1085.0,1757.0,546.0,4871.0,1232.3333740234375,56.189998626708984,603.0,376.0,680.0,2700.0
2014-03-24,1103.4000244140625,1798.0,537.0,4943.0,1250.3333740234375,55.16999816894531,594.0,388.0,688.0,2670.0
2014-03-25,1112.0,1837.0,541.0,4920.0,1227.0,54.439998626708984,583.0,385.0,695.0,2680.0
2014-03-26,1124.199951171875,1871.0,543.0,4924.0,1231.6666259765625,54.849998474121094,594.0,388.0,699.0,2680.0
2014-03-27,1146.199951171875,1881.0,541.0,4872.0,1294.6666259765625,54.650001525878906,589.0,400.0,707.0,2720.0
2014-03-28,1157.0,1897.0,555.0,4882.0,1313.6666259765625,54.58000183105469,585.0,407.0,701.0,2770.0
2014-03-31,1165.199951171875,1972.0,567.0,4892.0,1314.6666259765625,56.189998626708984,582.0,416.0,702.0,2820.0
2014-04-01,1162.5999755859375,2011.0,568.0,4854.0,1305.0,55.54999923706055,602.0,405.0,696.0,2870.0
2014-04-02,1169.4000244140625,1990.0,579.0,4822.0,1310.0,55.869998931884766,608.0,405.0,691.0,2870.0
2014-04-03,1168.0,1991.0,580.0,4861.0,1326.0,55.540000915527344,608.0,404.0,689.0,2860.0
2014-04-04,1158.4000244140625,1994.0,582.0,4851.0,1309.6666259765625,55.0,616.0,407.0,704.0,2870.0
2014-04-07,1151.5999755859375,1988.0,569.0,4821.0,1303.3333740234375,54.08000183105469,627.0,400.0,691.0,2810.0
2014-04-08,1124.5999755859375,1961.0,558.0,4572.0,1301.0,52.880001068115234,615.0,390.0,682.0,2760.0
2014-04-09,1090.0,1895.0,542.0,4522.0,1267.0,52.13999938964844,598.0,381.0,669.0,2710.0
2014-04-10,1064.199951171875,1879.0,542.0,4492.0,1269.6666259765625,51.91999816894531,598.0,382.0,673.0,2690.0
2014-04-11,1062.800048828125,1876.0,530.0,4452.0,1251.3333740234375,51.59000015258789,595.0,385.0,668.0,2670.0
2014-04-14,1082.0,1870.0,537.0,4452.0,1246.3333740234375,51.619998931884766,590.0,385.0,673.0,2640.0
2014-04-15,1080.0,1879.0,546.0,4425.0,1252.0,52.91999816894531,602.0,375.0,665.0,2690.0
2014-04-16,1104.5999755859375,1923.0,566.0,4528.0,1286.6666259765625,53.849998474121094,625.0,388.0,690.0,2760.0
2014-04-17,1102.4000244140625,1908.0,565.0,4546.0,1281.6666259765625,53.66999816894531,627.0,388.0,682.0,2770.0
2014-04-18,1112.800048828125,1932.0,566.0,4547.0,1281.3333740234375,53.849998474121094,639.0,389.0,690.0,2780.0
2014-04-21,1114.0,1932.0,561.0,4525.0,1275.3333740234375,53.52000045776367,642.0,396.0,690.0,2760.0
2014-04-22,1111.5999755859375,1899.0,548.0,4500.0,1283.3333740234375,53.400001525878906,640.0,405.0,694.0,2710.0
2014-04-23,1109.800048828125,1919.0,562.0,4536.0,1294.0,54.119998931884766,651.0,399.0,709.0,2710.0
2014-04-24,1093.800048828125,1859.0,554.0,4486.0,1285.3333740234375,53.65999984741211,649.0,397.0,696.0,2690.0
2014-04-25,1098.800048828125,1836.0,550.0,4554.0,1311.6666259765625,54.5099983215332,664.0,396.0,700.0,2700.0
2014-04-28,1094.5999755859375,1815.0,543.0,4521.0,1323.0,55.95000076293945,660.0,387.0,695.0,2670.0
2014-04-30,1103.199951171875,1792.0,542.0,4588.0,1343.6666259765625,56.61000061035156,659.0,386.0,695.0,2680.0
2014-05-01,1127.800048828125,1810.0,554.0,4653.0,1358.3333740234375,57.7599983215332,666.0,401.0,698.0,2740.0
2014-05-02,1126.199951171875,1800.0,566.0,4641.0,1350.3333740234375,57.560001373291016,656.0,396.0,696.0,2720.0
2014-05-07,1102.199951171875,1760.0,548.0,4556.0,1321.0,56.52000045776367,646.0,386.0,675.0,2640.0
2014-05-08,1105.5999755859375,1766.0,557.0,4637.0,1329.6666259765625,57.119998931884766,636.0,392.0,682.0,2650.0
2014-05-09,1112.199951171875,1764.0,561.0,4552.0,1339.0,57.7400016784668,636.0,392.0,673.0,2700.0
2014-05-12,1102.800048828125,1754.0,563.0,4557.0,1331.3333740234375,57.16999816894531,632.0,389.0,682.0,2730.0
2014-05-13,1130.0,1786.0,578.0,4564.0,1343.3333740234375,57.5099983215332,639.0,393.0,706.0,2770.0
2014-05-14,1136.0,1805.0,574.0,4565.0,1351.3333740234375,58.790000915527344,627.0,393.0,720.0,2760.0
2014-05-15,1127.0,1695.0,580.0,4540.0,1316.6666259765625,59.08000183105469,631.0,392.0,736.0,2800.0
2014-05-16,1104.4000244140625,1646.0,563.0,4518.0,1287.0,57.70000076293945,615.0,387.0,721.0,2770.0
2014-05-19,1091.800048828125,1627.0,553.0,4491.0,1304.6666259765625,57.66999816894531,604.0,378.0,719.0,2720.0
2014-05-20,1093.5999755859375,1625.0,547.0,4488.0,1321.0,57.72999954223633,603.0,383.0,725.0,2730.0
2014-05-21,1084.0,1614.0,549.0,4466.0,1314.0,58.310001373291016,620.0,379.0,721.0,2710.0
2014-05-22,1105.199951171875,1645.0,557.0,4521.0,1330.3333740234375,58.77000045776367,642.0,377.0,732.0,2790.0
2014-05-23,1111.4000244140625,1632.0,570.0,4594.0,1365.3333740234375,59.709999084472656,644.0,384.0,741.0,2800.0
2014-05-26,1119.800048828125,1683.0,579.0,4589.0,1374.3333740234375,60.040000915527344,639.0,393.0,743.0,2840.0
2014-05-27,1117.0,1685.0,577.0,4596.0,1369.0,59.38999938964844,649.0,392.0,749.0,2880.0
2014-05-28,1122.5999755859375,1654.0,573.0,4622.0,1365.3333740234375,60.20000076293945,671.0,392.0,753.0,2860.0
2014-05-29,1132.5999755859375,1636.0,577.0,4622.0,1360.6666259765625,59.84000015258789,675.0,392.0,752.0,2860.0
2014-05-30,1152.199951171875,1627.0,573.0,4607.0,1356.0,60.41999816894531,682.0,413.0,760.0,2870.0
2014-06-02,1164.4000244140625,1654.0,583.0,4659.0,1376.0,61.22999954223633,680.0,417.0,760.0,2890.0
2014-06-03,1171.0,1643.0,595.0,4675.0,1385.0,62.40999984741211,682.0,444.0,761.0,2910.0
2014-06-04,1170.800048828125,1661.0,597.0,4687.0,1391.3333740234375,62.77000045776367,699.0,435.0,767.0,3020.0
2014-06-05,1167.4000244140625,1656.0,595.0,4710.0,1410.3333740234375,62.13999938964844,696.0,431.0,753.0,3050.0
2014-06-06,1173.800048828125,1643.0,600.0,4711.0,1396.0,61.09000015258789,687.0,430.0,766.0,3090.0
2014-06-09,1175.5999755859375,1658.0,595.0,4702.0,1382.6666259765625,61.040000915527344,699.0,432.0,755.0,3030.0
2014-06-10,1162.0,1647.0,602.0,4686.0,1373.0,60.459999084472656,695.0,424.0,756.0,3040.0
2014-06-11,1174.800048828125,1635.0,611.0,4729.0,1385.0,62.15999984741211,702.0,427.0,765.0,3100.0
2014-06-12,1176.0,1639.0,617.0,4731.0,1380.0,62.9900016784668,702.0,425.0,755.0,3110.0
2014-06-13,1170.800048828125,1645.0,618.0,4734.0,1381.6666259765625,63.18000030517578,709.0,425.0,756.0,3130.0
2014-06-16,1164.5999755859375,1648.0,614.0,4701.0,1365.3333740234375,62.279998779296875,701.0,412.0,755.0,3150.0
2014-06-17,1164.4000244140625,1637.0,609.0,4724.0,1368.6666259765625,62.81999969482422,695.0,415.0,764.0,3140.0
2014-06-18,1176.800048828125,1644.0,619.0,4799.0,1377.6666259765625,62.7400016784668,698.0,415.0,768.0,3190.0
2014-06-19,1202.5999755859375,1705.0,634.0,4876.0,1421.0,64.4000015258789,712.0,419.0,784.0,3290.0
2014-06-20,1206.0,1704.0,638.0,4841.0,1422.0,63.59000015258789,717.0,425.0,783.0,3290.0
2014-06-23,1196.199951171875,1715.0,634.0,4723.0,1415.0,62.959999084472656,725.0,422.0,790.0,3300.0
2014-06-24,1192.199951171875,1708.0,628.0,4743.0,1422.6666259765625,62.779998779296875,730.0,422.0,784.0,3260.0
2014-06-25,1191.4000244140625,1703.0,622.0,4706.0,1417.6666259765625,62.63999938964844,731.0,419.0,779.0,3250.0
2014-06-26,1201.199951171875,1703.0,622.0,4707.0,1416.6666259765625,62.529998779296875,733.0,421.0,772.0,3250.0
2014-06-27,1209.5999755859375,1679.0,618.0,4683.0,1401.6666259765625,62.65999984741211,719.0,424.0,769.0,3240.0
2014-06-30,1216.800048828125,1682.0,621.0,4699.0,1422.6666259765625,63.18000030517578,723.0,422.0,775.0,3240.0
2014-07-01,1233.800048828125,1705.0,629.0,4722.0,1457.3333740234375,63.599998474121094,727.0,424.0,784.0,3260.0
2014-07-02,1241.800048828125,1721.0,635.0,4739.0,1472.3333740234375,64.27999877929688,714.0,425.0,792.0,3260.0
2014-07-03,1233.5999755859375,1696.0,629.0,4709.0,1452.6666259765625,64.33999633789062,709.0,434.0,787.0,3220.0
2014-07-04,1240.199951171875,1720.0,630.0,4721.0,1482.3333740234375,65.0,707.0,430.0,789.0,3260.0
2014-07-07,1234.0,1730.0,625.0,4686.0,1475.3333740234375,64.16999816894531,707.0,432.0,785.0,3250.0
2014-07-08,1226.199951171875,1718.0,625.0,4684.0,1477.6666259765625,65.12000274658203,707.0,425.0,785.0,3170.0
2014-07-09,1212.4000244140625,1697.0,616.0,4678.0,1475.3333740234375,65.47000122070312,694.0,418.0,782.0,3110.0
2014-07-10,1200.5999755859375,1688.0,605.0,4655.0,1453.0,64.37000274658203,688.0,410.0,774.0,3090.0
2014-07-11,1196.199951171875,1674.0,599.0,4663.0,1446.6666259765625,65.5,697.0,407.0,774.0,3050.0
2014-07-14,1204.199951171875,1681.0,600.0,4723.0,1452.6666259765625,67.2300033569336,700.0,411.0,777.0,3080.0
2014-07-15,1204.5999755859375,1675.0,606.0,4726.0,1465.0,67.91999816894531,701.0,410.0,792.0,3110.0
2014-07-16,1208.800048828125,1680.0,605.0,4731.0,1465.0,67.1500015258789,709.0,411.0,790.0,3090.0
2014-07-17,1209.800048828125,1688.0,604.0,4715.0,1474.6666259765625,67.4000015258789,713.0,408.0,796.0,3050.0
2014-07-18,1201.199951171875,1680.0,598.0,4670.0,1454.3333740234375,67.33999633789062,719.0,404.0,787.0,3040.0
2014-07-22,1205.4000244140625,1681.5,594.4000244140625,4673.0,1468.1666259765625,68.80999755859375,746.0,408.0,796.2000122070312,3131.0
2014-07-23,1209.199951171875,1699.5,593.5,4666.0,1471.1666259765625,68.41000366210938,746.0,409.0,809.0,3113.0
2014-07-24,1214.0,1742.5,593.5999755859375,4674.0,1460.8333740234375,67.13999938964844,736.0,409.0,810.9000244140625,3076.0
2014-07-25,1221.4000244140625,1791.5,595.4000244140625,4713.0,1463.0,67.37999725341797,754.0,409.0,816.0999755859375,3120.0
2014-07-28,1226.5999755859375,1798.5,606.7999877929688,4709.5,1468.6666259765625,66.83999633789062,767.0,409.0,817.0,3141.0
2014-07-29,1226.5999755859375,1784.0,604.7999877929688,4738.5,1473.1666259765625,69.2699966430664,769.0,407.0,822.2000122070312,3140.0
2014-07-30,1228.199951171875,1791.0,610.0,4732.5,1469.5,68.52999877929688,768.0,411.0,822.0,3196.0
2014-07-31,1227.4000244140625,1772.0,615.5999755859375,4727.0,1443.5,68.5999984741211,760.0,405.0,822.0,3141.0
2014-08-01,1217.4000244140625,1855.0,618.2999877929688,4700.0,1450.1666259765625,68.27999877929688,761.0,400.0,810.4000244140625,3136.0
2014-08-04,1208.199951171875,1866.0,605.4000244140625,4659.5,1452.6666259765625,67.48999786376953,761.0,398.0,830.0,3081.0
2014-08-05,1208.4000244140625,1849.0,600.5999755859375,4659.5,1431.3333740234375,67.58000183105469,756.0,396.0,819.7999877929688,3022.0
2014-08-06,1197.800048828125,1812.0,589.2999877929688,4634.5,1422.5,65.70999908447266,755.0,390.0,810.7000122070312,2955.0
2014-08-07,1205.5999755859375,1786.5,592.0999755859375,4601.5,1413.5,68.23999786376953,764.0,389.0,808.2999877929688,2963.0
2014-08-08,1181.0,1745.5,572.7000122070312,4536.0,1389.8333740234375,66.4000015258789,743.0,380.0,800.0999755859375,2887.0
2014-08-11,1188.0,1763.5,582.9000244140625,4618.5,1427.6666259765625,67.08000183105469,761.0,389.0,823.9000244140625,2966.0
2014-08-12,1198.0,1774.5,589.2000122070312,4637.0,1433.1666259765625,66.54000091552734,771.0,390.0,821.7999877929688,2991.0
2014-08-13,1199.800048828125,1815.5,592.0,4617.0,1432.8333740234375,66.36000061035156,778.0,387.0,825.0999755859375,3052.0
2014-08-14,1201.800048828125,1835.0,593.0999755859375,4660.0,1459.8333740234375,67.70999908447266,801.0,387.0,822.2000122070312,3078.0
2014-08-15,1198.199951171875,1874.0,588.9000244140625,4677.5,1456.8333740234375,67.7300033569336,798.0,386.0,814.4000244140625,3098.0
2014-08-18,1195.0,1877.0,590.0,4665.5,1454.5,66.93000030517578,823.0,385.0,819.0999755859375,3087.0
2014-08-19,1197.0,1913.5,590.7000122070312,4690.5,1458.5,67.75,815.0,389.0,830.0,3098.0
2014-08-20,1190.199951171875,1937.0,589.7999877929688,4686.5,1454.3333740234375,69.08000183105469,810.0,386.0,826.2999877929688,3084.0
2014-08-21,1198.0,1952.0,601.7999877929688,4720.0,1464.8333740234375,69.66000366210938,807.0,387.0,826.0999755859375,3117.0
2014-08-22,1188.5999755859375,1954.5,602.0,4722.5,1446.6666259765625,69.0999984741211,783.0,387.0,826.2000122070312,3061.0
2014-08-25,1197.0,1972.0,603.9000244140625,4716.0,1442.6666259765625,69.0999984741211,792.0,385.0,829.7999877929688,3062.0
2014-08-26,1198.0,1956.0,597.7999877929688,4701.0,1433.8333740234375,69.19000244140625,802.0,384.0,830.7000122070312,3031.0
2014-08-27,1195.800048828125,1956.5,598.9000244140625,4719.5,1402.8333740234375,69.04000091552734,808.0,383.0,846.4000244140625,3045.0
2014-08-28,1187.0,1966.0,596.9000244140625,4718.0,1404.0,70.37999725341797,804.0,381.0,849.0,2988.0
2014-08-29,1185.5999755859375,1990.0,598.2000122070312,4750.0,1390.8333740234375,69.80000305175781,794.0,376.0,834.4000244140625,2944.0
2014-09-01,1191.199951171875,2015.5,600.0,4779.5,1385.3333740234375,69.51000213623047,806.0,378.0,848.4000244140625,2978.0
2014-09-02,1212.0,2019.0,606.7000122070312,4783.0,1407.6666259765625,69.7699966430664,797.0,382.0,856.0999755859375,2997.0
2014-09-03,1215.4000244140625,2073.0,614.7999877929688,4772.0,1401.3333740234375,69.86000061035156,794.0,382.0,858.7999877929688,2949.0
2014-09-04,1217.4000244140625,2056.0,611.4000244140625,4711.5,1389.3333740234375,69.12000274658203,781.0,384.0,856.7000122070312,2912.0
2014-09-05,1223.0,2016.0,606.2000122070312,4696.0,1377.3333740234375,68.79000091552734,773.0,380.0,851.5,2900.0
2014-09-08,1221.4000244140625,2017.5,610.4000244140625,4732.5,1375.0,69.13999938964844,788.0,381.0,858.2999877929688,2923.0
2014-09-09,1225.4000244140625,2042.0,606.0,4771.0,1360.0,69.58999633789062,778.0,379.0,860.0,2916.0
2014-09-10,1234.0,2048.5,609.7000122070312,4801.5,1370.1666259765625,70.5999984741211,771.0,385.0,868.5,2912.0
2014-09-11,1243.5999755859375,2104.5,618.5999755859375,4792.5,1346.6666259765625,70.6500015258789,759.0,389.0,872.9000244140625,2918.0
2014-09-12,1260.5999755859375,2127.0,621.9000244140625,4806.5,1355.5,69.37999725341797,746.0,390.0,871.5999755859375,2924.0
2014-09-16,1261.0,2163.0,614.5999755859375,4827.0,1359.6666259765625,69.55999755859375,749.0,389.0,876.0,2933.0
2014-09-17,1261.800048828125,2123.5,609.7000122070312,4829.5,1354.5,69.72000122070312,745.0,381.0,873.0,2943.0
2014-09-18,1289.0,1940.0,621.2000122070312,4861.0,1367.5,69.43000030517578,729.0,382.0,899.5999755859375,2968.0
2014-09-19,1298.800048828125,1921.0,629.2999877929688,4893.5,1371.6666259765625,68.36000061035156,733.0,383.0,912.9000244140625,2993.0
2014-09-22,1298.4000244140625,1896.5,636.4000244140625,4928.0,1377.5,68.02999877929688,727.0,382.0,917.7999877929688,3011.0
2014-09-24,1284.5999755859375,1874.0,630.7999877929688,4894.5,1371.1666259765625,67.63999938964844,741.0,380.0,910.0,2948.0
2014-09-25,1310.0,1901.0,639.7999877929688,4913.5,1410.0,68.69999694824219,752.0,383.0,917.0,2971.0
2014-09-26,1290.5999755859375,1899.0,625.2000122070312,4798.5,1397.6666259765625,68.31999969482422,748.0,384.0,902.4000244140625,2926.0
2014-09-29,1297.5999755859375,1959.0,621.5999755859375,4812.0,1407.6666259765625,68.63999938964844,758.0,387.0,895.9000244140625,2915.0
2014-09-30,1292.5999755859375,1991.0,620.2000122070312,4768.0,1418.0,68.20999908447266,751.0,384.0,890.4000244140625,2846.0
2014-10-01,1300.0,1968.5,620.0,4740.0,1415.3333740234375,68.36000061035156,741.0,381.0,903.4000244140625,2822.0
2014-10-02,1255.0,1904.5,599.5999755859375,4663.0,1387.5,65.5199966430664,716.0,372.0,882.2000122070312,2746.0
2014-10-03,1258.0,1895.0,601.9000244140625,4659.0,1370.5,64.95999908447266,724.0,367.0,895.9000244140625,2749.0
2014-10-06,1276.5999755859375,1937.0,613.0999755859375,4682.0,1378.1666259765625,65.04000091552734,731.0,367.0,909.2999877929688,2754.0
2014-10-07,1273.199951171875,1913.0,610.0,4678.0,1378.6666259765625,65.37999725341797,717.0,370.0,910.9000244140625,2727.0
2014-10-08,1250.4000244140625,1915.0,605.5999755859375,4624.5,1374.8333740234375,63.779998779296875,711.0,366.0,900.4000244140625,2678.0
2014-10-09,1248.0,1882.5,601.5999755859375,4608.0,1375.1666259765625,64.1500015258789,692.0,360.0,898.0,2654.0
2014-10-10,1244.0,1882.0,589.4000244140625,4586.5,1352.6666259765625,63.119998931884766,680.0,354.0,892.0999755859375,2600.0
2014-10-14,1195.5999755859375,1822.0,577.4000244140625,4500.0,1320.3333740234375,62.18000030517578,669.0,339.0,871.9000244140625,2570.0
2014-10-15,1198.0,1849.5,578.5999755859375,4508.0,1330.6666259765625,62.27000045776367,684.0,342.0,841.2999877929688,2572.0
2014-10-16,1175.800048828125,1789.5,560.0,4425.0,1292.3333740234375,60.9900016784668,670.0,321.0,849.2999877929688,2480.0
2014-10-17,1146.199951171875,1805.0,551.0,4337.5,1264.8333740234375,60.04999923706055,658.0,323.0,816.4000244140625,2445.0
2014-10-20,1205.5999755859375,1875.0,570.4000244140625,4470.5,1317.8333740234375,63.619998931884766,690.0,333.0,840.0999755859375,2551.0
2014-10-21,1186.199951171875,1847.0,566.7999877929688,4423.5,1290.1666259765625,62.16999816894531,678.0,330.0,829.9000244140625,2515.0
2014-10-22,1206.800048828125,1909.0,577.9000244140625,4482.0,1319.3333740234375,64.23999786376953,720.0,340.0,845.9000244140625,2560.0
2014-10-23,1209.0,1901.5,579.0,4486.5,1311.3333740234375,63.59000015258789,718.0,337.0,842.5,2550.0
2014-10-24,1230.199951171875,1886.5,583.2000122070312,4538.5,1315.0,63.70000076293945,720.0,339.0,845.7999877929688,2558.0
2014-10-27,1239.0,1883.5,587.0999755859375,4579.5,1330.3333740234375,64.5199966430664,742.0,395.0,863.0,2607.0
2014-10-28,1234.4000244140625,1898.5,590.0,4629.5,1343.3333740234375,63.81999969482422,737.0,386.0,859.0,2628.0
2014-10-29,1252.4000244140625,2001.5,599.0,4628.0,1375.0,64.52999877929688,747.0,397.0,864.5,2726.0
2014-10-30,1252.0,2055.0,608.0,4657.5,1378.0,64.25,739.0,390.0,874.4000244140625,2755.0
2014-10-31,1299.5999755859375,2072.0,632.2000122070312,4804.5,1427.0,68.91999816894531,760.0,397.0,901.9000244140625,2900.0
2014-11-04,1360.0,2301.0,638.4000244140625,4894.5,1439.0,68.6500015258789,764.0,405.0,906.2000122070312,2996.0
2014-11-05,1361.5999755859375,2309.5,636.5,4915.5,1459.0,68.63999938964844,756.0,439.0,919.5,2975.0
2014-11-06,1362.4000244140625,2231.0,623.7000122070312,4856.0,1427.6666259765625,68.0,755.0,430.0,936.7999877929688,2959.0
2014-11-07,1363.4000244140625,2258.0,628.5,4907.0,1434.0,68.19000244140625,753.0,436.0,940.0,2944.0
2014-11-10,1342.4000244140625,2344.0,630.9000244140625,4873.5,1432.6666259765625,65.41999816894531,746.0,439.0,949.0,3026.0
2014-11-11,1362.5999755859375,2354.0,634.7000122070312,4901.0,1474.6666259765625,65.41000366210938,758.0,439.0,954.5999755859375,3061.0
2014-11-12,1367.800048828125,2365.5,634.0999755859375,4892.5,1485.6666259765625,64.7300033569336,753.0,435.0,960.0,3014.0
2014-11-13,1386.0,2350.0,643.2000122070312,4930.0,1514.6666259765625,65.56999969482422,752.0,439.0,975.7999877929688,3043.0
2014-11-14,1393.800048828125,2401.5,645.0999755859375,4967.5,1516.6666259765625,65.83999633789062,765.0,442.0,988.0999755859375,3076.0
2014-11-17,1365.0,2329.0,659.0,4865.5,1489.0,64.30000305175781,729.0,435.0,973.2999877929688,3004.0
2014-11-18,1399.5999755859375,2478.5,669.9000244140625,4950.0,1516.0,65.63999938964844,749.0,442.0,997.7000122070312,3030.0
2014-11-19,1405.0,2441.5,671.0,4949.0,1500.0,65.4000015258789,767.0,464.0,1002.5,3042.0
2014-11-20,1419.5999755859375,2410.5,670.2000122070312,4966.0,1500.0,64.41000366210938,764.0,445.0,1012.0,3063.0
2014-11-21,1417.800048828125,2433.5,671.0,4973.5,1494.0,63.95000076293945,761.0,444.0,1007.5,3087.0
2014-11-25,1438.0,2582.5,680.5,4989.5,1493.5,63.560001373291016,749.0,439.0,1019.0,3120.0
2014-11-26,1436.0,2548.5,678.7000122070312,4989.5,1479.0,64.5,746.0,438.0,1024.0,3107.0
2014-11-27,1429.4000244140625,2500.0,670.2999877929688,4940.5,1464.3333740234375,63.599998474121094,733.0,427.0,1012.0,3082.0
2014-11-28,1462.800048828125,2600.0,686.4000244140625,4972.0,1475.8333740234375,63.5099983215332,740.0,434.0,1032.0,3058.0
2014-12-01,1485.800048828125,2640.0,690.0,5015.0,1485.3333740234375,62.29999923706055,740.0,433.0,1038.5,3084.0
2014-12-02,1505.4000244140625,2623.5,688.5999755859375,5038.0,1488.1666259765625,62.95000076293945,745.0,438.0,1047.0,3078.0
2014-12-03,1518.4000244140625,2596.0,689.7999877929688,5024.0,1475.1666259765625,62.72999954223633,738.0,442.0,1054.5,3187.0
2014-12-04,1546.0,2643.0,689.0,5040.0,1466.6666259765625,63.189998626708984,728.0,441.0,1082.0,3207.0
2014-12-05,1548.4000244140625,2677.0,696.9000244140625,5050.0,1466.6666259765625,62.75,713.0,440.0,1091.5,3197.0
2014-12-08,1571.5999755859375,2590.0,695.4000244140625,5100.0,1455.5,64.1500015258789,721.0,439.0,1115.5,3196.0
2014-12-09,1551.199951171875,2486.0,698.4000244140625,5100.0,1466.6666259765625,63.630001068115234,720.0,441.0,1109.5,3151.0
2014-12-10,1504.5999755859375,2504.0,680.4000244140625,5022.0,1450.5,64.45999908447266,722.0,440.0,1075.5,3099.0
2014-12-11,1496.199951171875,2464.0,670.0,4943.5,1431.5,63.29999923706055,716.0,445.0,1068.0,3023.0
2014-12-12,1500.0,2440.5,670.9000244140625,4945.0,1425.6666259765625,62.75,735.0,463.0,1070.0,3035.0
2014-12-15,1462.199951171875,2353.0,665.5999755859375,4958.0,1433.0,62.66999816894531,735.0,433.0,1047.5,2988.0
2014-12-16,1442.800048828125,2331.0,649.0999755859375,4836.0,1400.5,61.09000015258789,725.0,426.0,1034.0,2939.0
2014-12-17,1428.5999755859375,2365.0,643.0,4838.5,1397.0,60.7599983215332,735.0,430.0,1032.5,2944.0
2014-12-18,1450.0,2478.5,648.9000244140625,4927.5,1435.6666259765625,61.75,758.0,459.0,1045.5,3000.0
2014-12-19,1512.4000244140625,2446.5,676.4000244140625,5001.0,1464.6666259765625,62.869998931884766,768.0,459.0,1078.5,3084.0
2014-12-22,1507.0,2470.0,669.7999877929688,5059.0,1450.5,62.88999938964844,768.0,457.0,1090.5,3101.0
2014-12-24,1531.4000244140625,2568.5,676.4000244140625,5064.0,1488.3333740234375,62.7400016784668,771.0,464.0,1099.5,3076.0
2014-12-25,1522.199951171875,2557.0,670.9000244140625,5057.0,1482.0,61.84000015258789,771.0,459.0,1105.5,3035.0
2014-12-26,1539.199951171875,2550.5,673.2000122070312,5062.0,1466.1666259765625,62.31999969482422,784.0,483.0,1116.0,3021.0
2014-12-29,1532.4000244140625,2561.0,668.2999877929688,5062.0,1482.8333740234375,62.43000030517578,796.0,505.0,1124.5,3014.0
2014-12-30,1511.5999755859375,2472.5,664.5,4996.5,1452.8333740234375,62.11000061035156,783.0,492.0,1105.5,3009.0
2015-01-05,1501.4000244140625,2468.5,654.5999755859375,5000.0,1440.3333740234375,61.0,780.0,505.0,1099.5,2962.0
2015-01-06,1460.0,2439.5,634.0,4911.0,1415.0,60.84000015258789,761.0,501.0,1064.5,2880.0
2015-01-07,1481.4000244140625,2552.5,623.0999755859375,4913.5,1419.8333740234375,60.5,761.0,488.0,1075.0,2878.0
2015-01-08,1510.800048828125,2565.0,627.0999755859375,5097.0,1445.0,62.040000915527344,772.0,492.0,1083.5,2870.0
2015-01-09,1521.800048828125,2599.0,632.7999877929688,5107.0,1455.5,63.66999816894531,775.0,489.0,1086.5,2870.0
2015-01-13,1503.800048828125,2520.0,629.7000122070312,5158.0,1410.1666259765625,63.20000076293945,758.0,484.0,1104.0,2911.0
2015-01-14,1479.199951171875,2433.5,616.9000244140625,5121.0,1389.0,64.54000091552734,755.0,474.0,1106.0,2833.0
2015-01-15,1505.199951171875,2500.0,618.7999877929688,5184.0,1418.8333740234375,64.94000244140625,789.0,480.0,1121.0,2838.0
2015-01-16,1502.800048828125,2384.0,614.7000122070312,5194.0,1383.5,64.75,783.0,472.0,1096.5,2813.0
2015-01-19,1493.0,2443.5,608.7999877929688,5323.0,1381.6666259765625,66.0,783.0,470.0,1110.5,2850.0
2015-01-20,1531.800048828125,2462.5,625.0,5502.0,1404.0,66.31999969482422,791.0,478.0,1125.0,2931.0
2015-01-21,1517.5999755859375,2597.5,620.5999755859375,5575.0,1415.8333740234375,65.08000183105469,782.0,475.0,1115.5,2875.0
2015-01-22,1517.0,2610.5,614.7000122070312,5556.0,1418.3333740234375,67.23999786376953,776.0,475.0,1115.0,2887.0
2015-01-23,1537.0,2737.0,622.2000122070312,5530.0,1420.3333740234375,67.06999969482422,769.0,476.0,1148.5,2928.0
2015-01-26,1545.0,2754.5,622.7000122070312,5627.0,1412.0,67.2300033569336,761.0,473.0,1147.5,2877.0
2015-01-27,1565.0,2749.0,642.7999877929688,5787.0,1433.3333740234375,68.5999984741211,779.0,495.0,1161.5,2942.0
2015-01-28,1563.5999755859375,2824.0,640.0999755859375,5805.0,1453.3333740234375,69.4800033569336,769.0,505.0,1166.5,2947.0
2015-01-29,1545.800048828125,2775.0,630.7999877929688,5860.0,1443.6666259765625,69.27999877929688,760.0,494.0,1155.5,2891.0
2015-01-30,1529.0,2774.0,632.2999877929688,5903.0,1445.8333740234375,70.19999694824219,751.0,502.0,1172.0,2775.0
2015-02-02,1532.0,2698.5,625.0,5888.0,1438.5,69.56999969482422,742.0,482.0,1195.0,2775.0
2015-02-03,1510.0,2697.5,622.0,5776.0,1446.3333740234375,69.33000183105469,740.0,475.0,1157.0,2795.0
2015-02-04,1545.5999755859375,2769.0,654.0999755859375,5894.0,1475.8333740234375,70.22000122070312,740.0,476.0,1166.5,2876.0
2015-02-05,1530.800048828125,3101.5,656.9000244140625,5878.0,1471.3333740234375,70.79000091552734,738.0,470.0,1134.5,2876.0
2015-02-06,1524.5999755859375,3138.5,671.7999877929688,5864.0,1468.8333740234375,68.73999786376953,731.0,471.0,1160.0,2933.0
2015-02-09,1540.0,3064.0,679.9000244140625,5922.0,1462.0,72.12000274658203,728.0,475.0,1170.5,2965.0
2015-02-10,1542.5999755859375,3073.5,683.2999877929688,5950.0,1459.3333740234375,73.13999938964844,727.0,482.0,1177.0,2958.0
2015-02-12,1570.199951171875,3231.5,702.0,6060.0,1503.1666259765625,73.16000366210938,733.0,486.0,1189.5,2942.0
2015-02-13,1561.5999755859375,3220.5,707.0999755859375,6063.0,1505.3333740234375,73.22000122070312,732.0,482.0,1170.5,2986.0
2015-02-16,1565.800048828125,3144.0,729.0,6047.0,1505.5,73.23999786376953,718.0,481.0,1173.0,2977.0
2015-02-17,1560.4000244140625,3125.0,720.4000244140625,6035.0,1485.3333740234375,72.08000183105469,724.0,481.0,1154.5,3072.0
2015-02-18,1591.800048828125,3174.5,743.2999877929688,6109.0,1507.6666259765625,72.12999725341797,734.0,475.0,1158.5,3091.0
2015-02-19,1599.5999755859375,3227.0,770.2000122070312,6078.0,1512.0,72.68000030517578,757.0,479.0,1196.5,3123.0
2015-02-20,1615.5999755859375,3201.0,765.5,6052.0,1519.0,72.69999694824219,764.0,479.0,1205.5,3148.0
2015-02-23,1626.0,3205.5,752.7000122070312,6082.0,1518.6666259765625,73.36000061035156,783.0,476.0,1230.0,3145.0
2015-02-24,1640.199951171875,3276.0,752.0999755859375,6136.0,1514.5,74.30000305175781,782.0,480.0,1217.0,3165.0
2015-02-25,1625.4000244140625,3280.0,762.7000122070312,6105.0,1504.8333740234375,73.80999755859375,800.0,477.0,1205.5,3156.0
2015-02-26,1625.199951171875,3346.5,786.9000244140625,6108.0,1518.3333740234375,75.0,811.0,474.0,1214.5,3206.0
2015-02-27,1612.5999755859375,3414.5,777.7000122070312,6123.0,1524.5,74.19999694824219,817.0,469.0,1236.0,3178.0
2015-03-02,1625.0,3345.5,767.5999755859375,6195.0,1517.8333740234375,76.13999938964844,813.0,468.0,1225.5,3164.0
2015-03-03,1627.199951171875,3345.0,759.5,6302.0,1495.8333740234375,75.58999633789062,817.0,464.0,1221.5,3162.0
2015-03-04,1622.4000244140625,3325.0,745.0,6390.0,1470.8333740234375,75.30999755859375,811.0,466.0,1213.0,3213.0
2015-03-05,1612.5999755859375,3344.0,757.0999755859375,6516.0,1495.3333740234375,76.0,802.0,469.0,1221.0,3209.0
2015-03-06,1638.0,3337.0,778.5,6636.0,1556.0,75.83000183105469,787.0,471.0,1245.0,3250.0
2015-03-09,1638.5999755859375,3283.5,781.0,6450.0,1594.6666259765625,74.2300033569336,768.0,464.0,1235.0,3214.0
2015-03-10,1635.5999755859375,3245.0,755.9000244140625,6431.0,1571.1666259765625,72.8499984741211,769.0,463.0,1235.0,3180.0
2015-03-11,1631.5999755859375,3256.5,749.0999755859375,6445.0,1552.1666259765625,72.91000366210938,788.0,464.0,1224.5,3162.0
2015-03-12,1651.5999755859375,3262.5,773.4000244140625,6486.0,1603.1666259765625,74.87999725341797,786.0,464.0,1237.0,3190.0
2015-03-13,1651.4000244140625,3223.0,789.5,6408.0,1635.3333740234375,75.12999725341797,788.0,462.0,1244.0,3256.0
2015-03-16,1656.0,3102.0,797.0,6305.0,1646.6666259765625,73.69000244140625,777.0,454.0,1225.0,3196.0
2015-03-17,1667.5999755859375,3235.0,793.2000122070312,6377.0,1650.8333740234375,74.73999786376953,786.0,450.0,1225.0,3198.0
2015-03-18,1692.5999755859375,3410.0,806.5999755859375,6378.0,1676.3333740234375,74.16999816894531,783.0,447.0,1232.5,3212.0
2015-03-19,1698.199951171875,3381.0,785.0,6316.0,1690.0,74.38999938964844,772.0,452.0,1253.5,3177.0
2015-03-20,1719.5999755859375,3359.5,790.0,6339.0,1699.0,73.87999725341797,775.0,461.0,1228.0,3112.0
2015-03-23,1748.199951171875,3345.0,787.5,6470.0,1701.6666259765625,74.16000366210938,772.0,456.0,1237.0,3123.0
2015-03-24,1737.800048828125,3306.5,784.7999877929688,6425.0,1686.6666259765625,74.73999786376953,803.0,461.0,1208.5,3107.0
2015-03-25,1739.0,3273.0,783.2000122070312,6368.0,1706.0,76.5999984741211,812.0,458.0,1212.0,3106.0
2015-03-26,1721.0,3165.0,765.0999755859375,6245.0,1685.0,75.4800033569336,803.0,453.0,1176.5,3076.0
2015-03-27,1696.199951171875,3196.5,752.2000122070312,6111.0,1704.6666259765625,74.8499984741211,798.0,453.0,1160.5,3030.0
2015-03-30,1685.199951171875,3210.5,756.5,6080.0,1722.6666259765625,75.23999786376953,783.0,458.0,1170.5,3058.0
2015-03-31,1676.5999755859375,3190.0,743.7000122070312,5999.0,1684.3333740234375,73.97000122070312,780.0,455.0,1149.0,3025.0
2015-04-01,1647.199951171875,3235.0,748.7000122070312,5877.0,1664.1666259765625,73.33000183105469,774.0,453.0,1127.5,2986.0
2015-04-02,1675.4000244140625,3336.0,773.0,5945.0,1704.3333740234375,74.73999786376953,794.0,457.0,1147.0,2948.0
2015-04-03,1685.199951171875,3450.0,771.4000244140625,5933.0,1688.3333740234375,75.44999694824219,788.0,455.0,1159.0,2953.0
2015-04-06,1666.5999755859375,3482.5,764.5999755859375,5935.0,1702.3333740234375,74.9800033569336,774.0,457.0,1144.0,2941.0
2015-04-07,1682.0,3490.0,788.0,5949.0,1739.0,76.43000030517578,795.0,458.0,1146.0,3018.0
2015-04-08,1674.4000244140625,3525.0,794.0,6045.0,1760.0,76.83000183105469,802.0,465.0,1171.5,3016.0
2015-04-09,1673.4000244140625,3619.5,785.7999877929688,6084.0,1770.6666259765625,77.91000366210938,798.0,481.0,1169.0,3039.0
2015-04-10,1665.199951171875,3677.5,777.2999877929688,6065.0,1791.6666259765625,78.66999816894531,787.0,466.0,1156.5,3034.0
2015-04-13,1649.5999755859375,3670.0,771.4000244140625,6079.0,1796.6666259765625,80.30999755859375,815.0,458.0,1147.0,3050.0
2015-04-14,1657.0,3750.0,780.0,6038.0,1814.6666259765625,79.98999786376953,799.0,464.0,1144.0,3080.0
2015-04-15,1654.5999755859375,3779.5,783.7000122070312,6017.0,1818.3333740234375,80.25,828.0,479.0,1133.0,3057.0
2015-04-16,1661.800048828125,3692.0,805.2999877929688,6026.0,1800.3333740234375,82.44999694824219,818.0,483.0,1126.0,3155.0
2015-04-17,1659.4000244140625,3555.5,822.0,6095.0,1771.3333740234375,81.41000366210938,813.0,478.0,1109.0,3164.0
2015-04-20,1652.4000244140625,3616.0,826.4000244140625,6223.0,1753.0,81.70999908447266,807.0,475.0,1103.5,3132.0
2015-04-21,1689.4000244140625,3680.5,854.0,6299.0,1785.0,82.29000091552734,801.0,483.0,1122.0,3182.0
2015-04-22,1692.4000244140625,3675.5,879.2000122070312,6299.0,1772.0,81.72000122070312,800.0,484.0,1134.0,3149.0
2015-04-23,1695.5999755859375,3616.0,861.7000122070312,6299.0,1777.6666259765625,82.86000061035156,818.0,485.0,1133.5,3144.0
2015-04-24,1682.5999755859375,3739.0,856.7999877929688,6247.0,1738.6666259765625,83.88999938964844,825.0,488.0,1154.5,3149.0
2015-04-27,1668.0,3729.0,851.0999755859375,6248.0,1750.3333740234375,83.52999877929688,811.0,489.0,1149.5,3136.0
2015-04-28,1703.0,3691.0,855.7000122070312,6291.0,1766.0,83.69000244140625,812.0,489.0,1164.0,3179.0
2015-04-30,1671.5999755859375,3644.5,855.9000244140625,6157.0,1725.0,80.83999633789062,803.0,490.0,1132.0,3130.0
2015-05-01,1663.0,3628.5,842.2000122070312,6193.0,1715.0,81.20999908447266,808.0,485.0,1124.5,3111.0
2015-05-07,1642.800048828125,3609.5,836.4000244140625,6171.0,1719.6666259765625,81.20999908447266,791.0,504.0,1118.0,3117.0
2015-05-08,1655.800048828125,3623.0,882.7999877929688,6113.0,1707.0,81.2699966430664,791.0,512.0,1129.5,3136.0
2015-05-11,1647.0,3727.0,872.0,6207.0,1715.3333740234375,81.69999694824219,797.0,512.0,1143.0,3153.0
2015-05-12,1656.800048828125,3833.0,864.7000122070312,6220.0,1723.0,81.61000061035156,807.0,518.0,1120.5,3188.0
2015-05-13,1639.199951171875,3881.0,865.2000122070312,6215.0,1735.0,81.02999877929688,810.0,526.0,1119.5,3199.0
2015-05-14,1635.800048828125,3816.0,844.0,6170.0,1694.3333740234375,80.0199966430664,800.0,517.0,1090.5,3169.0
2015-05-15,1659.199951171875,3892.0,871.9000244140625,6226.0,1748.0,82.73999786376953,804.0,514.0,1109.0,3184.0
2015-05-18,1670.4000244140625,3900.0,911.7999877929688,6067.0,1761.6666259765625,84.0999984741211,799.0,520.0,1122.5,3230.0
2015-05-19,1672.800048828125,3957.0,899.0999755859375,6047.0,1757.0,84.16999816894531,800.0,519.0,1115.0,3206.0
2015-05-20,1681.0,3906.5,898.7000122070312,5998.0,1748.0,85.1500015258789,806.0,549.0,1114.5,3177.0
2015-05-21,1684.5999755859375,3853.5,906.7999877929688,6004.0,1738.3333740234375,86.69999694824219,802.0,586.0,1108.0,3194.0
2015-05-22,1669.199951171875,3842.0,899.5,5975.0,1738.0,87.1500015258789,799.0,585.0,1106.0,3234.0
2015-05-25,1691.800048828125,3929.5,905.4000244140625,6004.0,1749.0,87.2699966430664,793.0,624.0,1110.0,3244.0
2015-05-26,1690.199951171875,3908.0,900.7999877929688,6011.0,1731.0,87.01000213623047,802.0,645.0,1097.0,3358.0
2015-05-27,1699.199951171875,3828.5,896.5999755859375,5953.0,1740.3333740234375,85.56999969482422,819.0,666.0,1110.0,3411.0
2015-05-28,1727.4000244140625,3837.0,917.2999877929688,6048.0,1733.3333740234375,84.94999694824219,816.0,707.0,1107.0,3392.0
2015-05-29,1720.800048828125,3862.0,921.2000122070312,6040.0,1719.0,86.69000244140625,815.0,709.0,1104.5,3419.0
2015-06-01,1704.0,3822.5,935.0,6049.0,1703.3333740234375,86.87000274658203,835.0,736.0,1129.5,3455.0
2015-06-02,1702.800048828125,3806.5,914.0,6027.0,1692.0,86.52999877929688,832.0,743.0,1123.0,3437.0
2015-06-03,1703.0,3754.5,913.7000122070312,6010.0,1705.6666259765625,86.97000122070312,830.0,746.0,1111.0,3479.0
2015-06-04,1705.4000244140625,3773.0,924.2999877929688,5993.0,1720.3333740234375,87.06999969482422,843.0,710.0,1100.5,3484.0
2015-06-05,1694.0,3733.5,906.4000244140625,6003.0,1718.6666259765625,85.51000213623047,839.0,713.0,1074.5,3454.0
2015-06-08,1671.5999755859375,3694.0,900.7999877929688,5981.0,1709.6666259765625,86.18000030517578,850.0,693.0,1071.0,3438.0
2015-06-09,1643.0,3607.0,884.2999877929688,5960.0,1695.3333740234375,86.47000122070312,843.0,668.0,1056.0,3357.0
2015-06-10,1636.4000244140625,3653.0,877.0,6040.0,1674.0,86.55000305175781,842.0,676.0,1043.0,3338.0
2015-06-11,1664.4000244140625,3759.5,891.9000244140625,6094.0,1718.3333740234375,86.12999725341797,872.0,678.0,1055.0,3380.0
2015-06-12,1678.800048828125,3786.5,890.0,6115.0,1723.3333740234375,87.02999877929688,862.0,670.0,1034.0,3357.0
2015-06-15,1681.800048828125,3815.5,889.5,6135.0,1723.6666259765625,87.72000122070312,863.0,660.0,1023.0,3345.0
2015-06-16,1679.0,3761.0,875.5,6012.0,1709.6666259765625,87.04000091552734,869.0,688.0,1012.0,3272.0
2015-06-17,1662.199951171875,3698.5,867.9000244140625,5962.0,1698.6666259765625,87.20999908447266,875.0,668.0,999.9000244140625,3218.0
2015-06-18,1636.800048828125,3679.0,854.5,5919.0,1671.6666259765625,86.44000244140625,862.0,678.0,986.0999755859375,3192.0
2015-06-19,1646.800048828125,3657.0,860.0,5903.0,1717.6666259765625,86.04000091552734,866.0,670.0,1004.0,3192.0
2015-06-22,1659.4000244140625,3732.0,889.0,6018.0,1735.6666259765625,87.06999969482422,896.0,676.0,1021.0,3207.0
2015-06-23,1695.0,3827.0,906.5,6062.0,1747.6666259765625,88.87000274658203,900.0,696.0,1022.5,3295.0
2015-06-24,1689.800048828125,3820.0,912.2000122070312,6067.0,1758.3333740234375,89.52999877929688,889.0,696.0,1041.0,3308.0
2015-06-25,1667.5999755859375,3880.0,905.0,6031.0,1769.0,90.75,892.0,698.0,1018.5,3305.0
2015-06-26,1666.5999755859375,3878.5,915.5,5961.0,1763.6666259765625,89.2300033569336,905.0,683.0,1041.0,3253.0
2015-06-29,1630.199951171875,3773.0,885.7999877929688,5836.0,1736.0,87.63999938964844,890.0,664.0,1013.0,3174.0
2015-06-30,1640.5999755859375,3461.5,879.7999877929688,5911.0,1753.3333740234375,88.66999816894531,893.0,667.0,1005.5,3174.0
2015-07-01,1628.0,3472.0,888.0,5870.0,1774.6666259765625,88.20999908447266,930.0,662.0,1002.5,3107.0
2015-07-02,1630.5999755859375,3514.5,892.7000122070312,5997.0,1773.0,89.95999908447266,953.0,662.0,1001.0,3118.0
2015-07-03,1636.4000244140625,3503.5,903.5,5983.0,1777.6666259765625,89.6500015258789,964.0,667.0,1000.5,3098.0
2015-07-06,1613.4000244140625,3422.5,876.2999877929688,5948.0,1755.6666259765625,87.83999633789062,950.0,655.0,972.7000122070312,3024.0
2015-07-07,1623.199951171875,3451.5,880.2000122070312,6064.0,1797.6666259765625,89.2300033569336,960.0,700.0,982.5999755859375,3032.0
2015-07-08,1586.199951171875,3322.0,840.5,5929.0,1763.6666259765625,87.0,943.0,679.0,941.0999755859375,2901.0
2015-07-09,1579.5999755859375,3398.5,838.2000122070312,5940.0,1756.0,86.13999938964844,938.0,700.0,935.2999877929688,2894.0
2015-07-10,1585.0,3420.0,857.2999877929688,5934.0,1723.3333740234375,89.30999755859375,942.0,682.0,921.4000244140625,2885.0
2015-07-13,1622.5999755859375,3526.5,872.0,6058.0,1791.0,89.5199966430664,949.0,701.0,933.5999755859375,2947.0
2015-07-14,1640.199951171875,3485.0,885.2999877929688,6161.0,1824.3333740234375,90.69000244140625,944.0,715.0,944.0,3012.0
2015-07-15,1654.5999755859375,3452.5,883.0,6213.0,1833.3333740234375,90.33999633789062,945.0,716.0,955.0,2984.0
2015-07-16,1686.4000244140625,3475.0,891.5,6201.0,1844.6666259765625,93.37999725341797,939.0,743.0,975.5999755859375,2956.0
2015-07-17,1669.0,3515.0,902.0999755859375,6229.0,1841.0,92.20999908447266,943.0,740.0,966.7000122070312,2951.0
2015-07-21,1675.199951171875,3579.0,909.9000244140625,6200.0,1859.6666259765625,93.06999969482422,946.0,768.0,966.9000244140625,2919.0
2015-07-22,1655.5999755859375,3530.5,888.2999877929688,6154.0,1850.0,90.87000274658203,938.0,787.0,936.0,2897.0
2015-07-23,1655.4000244140625,3660.5,896.4000244140625,6202.0,1892.3333740234375,93.4000015258789,937.0,785.0,943.7000122070312,2856.0
2015-07-24,1655.4000244140625,3694.5,884.7000122070312,6218.0,1889.0,93.19000244140625,943.0,786.0,937.5999755859375,2841.0
2015-07-27,1636.5999755859375,3632.0,885.5999755859375,6108.0,1874.6666259765625,92.33000183105469,927.0,765.0,932.2999877929688,2814.0
2015-07-28,1615.4000244140625,3600.0,875.2000122070312,6068.0,1866.0,93.68000030517578,940.0,801.0,937.5,2781.0
2015-07-29,1622.4000244140625,3660.0,878.7999877929688,6082.0,1914.0,96.19000244140625,946.0,798.0,940.2999877929688,2763.0
2015-07-30,1632.5999755859375,3585.0,893.2000122070312,6102.0,1886.3333740234375,96.94000244140625,946.0,838.0,951.2999877929688,2923.0
2015-07-31,1650.5999755859375,3533.0,900.0,6240.0,1908.0,95.2699966430664,955.0,890.0,942.2000122070312,2931.0
2015-08-03,1640.0,3466.0,884.0,6301.0,1918.3333740234375,97.06999969482422,941.0,874.0,958.9000244140625,2852.0
2015-08-04,1624.199951171875,3418.0,884.5999755859375,6432.0,1957.6666259765625,97.33999633789062,954.0,918.0,970.9000244140625,2807.0
2015-08-05,1586.0,3355.0,886.0,6403.0,1968.6666259765625,95.87999725341797,1006.0,898.0,1010.5,2832.0
2015-08-06,1606.5999755859375,3338.0,886.5,6341.0,1949.3333740234375,98.91000366210938,973.0,872.0,1014.5,2849.0
2015-08-07,1623.5999755859375,3348.0,894.5999755859375,6300.0,1924.0,98.20999908447266,993.0,885.0,1012.5,2875.0
2015-08-10,1628.800048828125,3358.0,889.0999755859375,6415.0,1966.6666259765625,99.58999633789062,1036.0,830.0,1003.0,2862.0
2015-08-11,1624.4000244140625,3454.5,891.5999755859375,6421.0,1935.3333740234375,98.52999877929688,1039.0,834.0,1011.5,2930.0
2015-08-12,1597.4000244140625,3343.0,879.5,6450.0,1926.6666259765625,100.08000183105469,1042.0,853.0,1007.5,2825.0
2015-08-13,1588.199951171875,3366.5,865.7000122070312,6501.0,1949.3333740234375,99.66000366210938,1052.0,893.0,1039.0,2826.0
2015-08-14,1589.0,3366.5,864.0,6499.0,1947.3333740234375,98.30000305175781,1053.0,883.0,1034.0,2765.0
2015-08-17,1586.4000244140625,3323.0,864.2999877929688,6523.0,1952.0,99.58999633789062,1068.0,900.0,1041.5,2776.0
2015-08-18,1593.4000244140625,3366.0,875.2000122070312,6583.0,1930.6666259765625,97.3499984741211,1078.0,891.0,1043.0,2777.0
2015-08-19,1579.4000244140625,3331.5,868.0,6534.0,1912.0,96.79000091552734,1072.0,888.0,1029.0,2740.0
2015-08-20,1546.4000244140625,3230.0,849.7999877929688,6488.0,1889.0,96.44999694824219,1060.0,873.0,1037.0,2690.0
2015-08-21,1500.0,3090.0,814.9000244140625,6284.0,1853.6666259765625,93.48999786376953,1036.0,842.0,997.9000244140625,2637.0
2015-08-24,1398.800048828125,2843.5,746.9000244140625,5966.0,1747.6666259765625,87.36000061035156,989.0,775.0,952.2999877929688,2450.0
2015-08-25,1345.0,2834.5,744.2999877929688,5690.0,1665.0,86.19999694824219,963.0,771.0,911.0,2323.0
2015-08-26,1384.0,2963.0,769.5999755859375,5770.0,1714.6666259765625,88.58000183105469,977.0,838.0,933.7000122070312,2413.0
2015-08-27,1405.199951171875,3051.5,786.9000244140625,5835.0,1745.3333740234375,92.75,1025.0,831.0,940.2999877929688,2397.0
2015-08-28,1469.199951171875,3169.5,820.0999755859375,5966.0,1790.6666259765625,92.87999725341797,1054.0,842.0,983.7000122070312,2578.0
2015-08-31,1438.4000244140625,3162.0,800.0999755859375,5962.0,1763.3333740234375,92.58999633789062,1050.0,830.0,968.4000244140625,2497.0
2015-09-01,1400.0,3051.0,777.0,5700.0,1679.6666259765625,89.81999969482422,1032.0,781.0,916.0999755859375,2404.0
2015-09-02,1403.0,3020.0,767.0999755859375,5695.0,1671.0,89.7699966430664,1027.0,788.0,899.7999877929688,2358.0
2015-09-03,1437.0,3026.5,761.2999877929688,5752.0,1665.6666259765625,92.7699966430664,1028.0,780.0,892.7000122070312,2379.0
2015-09-04,1400.800048828125,2966.0,738.0,5670.0,1634.5,89.76000213623047,1046.0,780.0,874.0,2365.0
2015-09-07,1417.800048828125,2961.0,739.5999755859375,5680.0,1655.0,90.94000244140625,1016.0,775.0,878.7999877929688,2391.0
2015-09-08,1410.0,2867.5,728.5999755859375,5476.0,1587.6666259765625,89.98999786376953,955.0,751.0,866.9000244140625,2465.0
2015-09-09,1498.199951171875,3113.5,782.7000122070312,5900.0,1701.0,95.88999938964844,990.0,795.0,937.2000122070312,2530.0
2015-09-10,1435.0,3133.0,763.0999755859375,5772.0,1636.1666259765625,92.36000061035156,1016.0,827.0,914.7999877929688,2476.0
2015-09-11,1414.4000244140625,3179.5,771.7999877929688,5744.0,1672.6666259765625,91.16999816894531,1013.0,831.0,916.2000122070312,2455.0
2015-09-14,1401.4000244140625,3116.5,753.4000244140625,5730.0,1658.1666259765625,85.29000091552734,1023.0,820.0,919.0,2449.0
2015-09-15,1432.199951171875,3060.0,748.0,5710.0,1692.0,83.29000091552734,988.0,818.0,922.0999755859375,2405.0
2015-09-16,1459.4000244140625,3096.0,761.5,5712.0,1673.3333740234375,84.04000091552734,972.0,799.0,917.2000122070312,2403.0
2015-09-17,1467.5999755859375,3224.5,768.2999877929688,5706.0,1688.6666259765625,87.80999755859375,994.0,818.0,922.7000122070312,2478.0
2015-09-18,1446.800048828125,3115.0,744.0,5642.0,1719.3333740234375,86.66000366210938,988.0,804.0,903.0,2370.0
2015-09-24,1420.0,3030.0,723.2999877929688,5445.0,1762.6666259765625,86.58000183105469,975.0,791.0,881.5,2291.0
2015-09-25,1439.0,3106.0,751.7000122070312,5545.0,1781.3333740234375,86.83999633789062,1000.0,819.0,873.5,2332.0
2015-09-28,1409.800048828125,2995.5,742.0,5422.0,1793.0,85.30000305175781,1014.0,818.0,858.5999755859375,2255.5
2015-09-29,1343.800048828125,2753.5,699.5,5114.0,1738.3333740234375,80.12000274658203,999.0,795.0,825.0,2136.0
2015-09-30,1394.199951171875,2898.5,716.4000244140625,5237.0,1814.6666259765625,83.55999755859375,1018.0,797.0,840.0,2168.5
2015-10-01,1430.199951171875,2996.0,741.9000244140625,5295.0,1819.3333740234375,86.69999694824219,1014.0,817.0,849.0999755859375,2241.5
2015-10-02,1451.4000244140625,3094.0,747.7000122070312,5256.0,1841.6666259765625,84.26000213623047,1017.0,812.0,850.2000122070312,2235.0
2015-10-05,1449.199951171875,3142.0,748.2000122070312,5369.0,1845.3333740234375,84.41999816894531,1006.0,823.0,872.5,2259.0
2015-10-06,1443.5999755859375,3156.0,760.5,5427.0,1833.6666259765625,87.05999755859375,993.0,825.0,875.4000244140625,2349.5
2015-10-07,1470.199951171875,3205.0,773.2000122070312,5486.0,1847.6666259765625,86.73999786376953,984.0,841.0,904.5999755859375,2415.5
2015-10-08,1469.800048828125,3153.0,768.7999877929688,5423.0,1807.0,84.87999725341797,989.0,832.0,892.9000244140625,2414.0
2015-10-09,1500.0,3211.0,778.0999755859375,5505.0,1830.0,87.12000274658203,1083.0,839.0,929.5999755859375,2541.0
2015-10-13,1463.199951171875,3204.0,759.7000122070312,5467.0,1823.0,85.73999786376953,1117.0,842.0,930.7999877929688,2513.5
2015-10-14,1437.5999755859375,3129.0,732.7999877929688,5427.0,1791.6666259765625,83.91999816894531,1110.0,825.0,917.7000122070312,2377.5
2015-10-15,1450.199951171875,3181.0,741.7000122070312,5585.0,1814.0,86.0199966430664,1113.0,837.0,792.7000122070312,2393.5
2015-10-16,1480.0,3250.0,755.0,5674.0,1806.6666259765625,85.86000061035156,1079.0,842.0,798.2000122070312,2448.0
2015-10-19,1471.199951171875,3266.0,743.0999755859375,5645.0,1812.3333740234375,85.45999908447266,1093.0,871.0,730.0,2393.0
2015-10-20,1464.0,3270.0,757.2000122070312,5689.0,1806.0,89.9000015258789,1076.0,832.0,700.5,2404.0
2015-10-21,1493.4000244140625,3414.0,769.5,5694.0,1819.0,90.9800033569336,1093.0,843.0,741.4000244140625,2515.0
2015-10-22,1485.5999755859375,3400.0,768.2999877929688,5601.0,1808.0,90.18000030517578,1062.0,839.0,735.2999877929688,2527.0
2015-10-23,1504.4000244140625,3420.0,785.9000244140625,5713.0,1790.3333740234375,92.12000274658203,1057.0,836.0,735.2999877929688,2551.5
2015-10-26,1512.0,3507.0,789.7999877929688,5784.0,1791.6666259765625,91.5,1064.0,838.0,767.7999877929688,2567.0
2015-10-27,1504.4000244140625,3424.0,779.2999877929688,5753.0,1849.3333740234375,89.83999633789062,1053.0,840.0,768.0,2493.5
2015-10-28,1510.0,3435.0,783.2999877929688,5863.0,1856.0,90.81999969482422,1055.0,836.0,775.0999755859375,2483.5
2015-10-29,1491.4000244140625,3466.0,780.9000244140625,5849.0,1836.6666259765625,89.13999938964844,1047.0,828.0,733.7999877929688,2457.5
2015-10-30,1493.800048828125,3480.0,790.5999755859375,5930.0,1837.0,89.72000122070312,1064.0,829.0,746.5,2471.0
2015-11-02,1477.4000244140625,3433.0,765.4000244140625,5859.0,1817.6666259765625,88.72000122070312,1033.0,810.0,726.5,2334.5
2015-11-04,1491.199951171875,3437.0,777.4000244140625,5955.0,1883.3333740234375,90.0199966430664,974.0,801.0,711.0,2429.5
2015-11-05,1499.0,3440.0,783.5999755859375,6033.0,1884.3333740234375,92.73999786376953,988.0,793.0,732.2999877929688,2450.0
2015-11-06,1500.4000244140625,3404.0,788.5999755859375,6116.0,1897.3333740234375,92.37999725341797,1007.0,809.0,734.4000244140625,2444.0
2015-11-09,1525.0,3478.0,822.2000122070312,6143.0,1911.6666259765625,96.26000213623047,1048.0,808.0,755.0999755859375,2485.0
2015-11-10,1525.800048828125,3463.0,829.0,6180.0,1911.0,96.0,1073.0,801.0,746.0,2487.0
2015-11-11,1519.5999755859375,3497.0,828.4000244140625,6152.0,1932.3333740234375,96.44000244140625,1092.0,799.0,751.9000244140625,2440.5
2015-11-12,1517.5999755859375,3478.0,816.7999877929688,6158.0,1923.6666259765625,95.30000305175781,1100.0,800.0,755.5999755859375,2414.5
2015-11-13,1505.0,3387.0,829.0999755859375,6150.0,1929.3333740234375,94.05999755859375,1110.0,790.0,747.4000244140625,2400.0
2015-11-16,1482.199951171875,3319.0,818.9000244140625,6096.0,1904.3333740234375,94.4000015258789,1114.0,779.0,739.7000122070312,2376.5
2015-11-17,1509.0,3280.0,826.0,6120.0,1921.6666259765625,94.76000213623047,1126.0,785.0,748.5999755859375,2459.5
2015-11-18,1519.800048828125,3286.0,827.0,6136.0,1922.3333740234375,93.77999877929688,1129.0,783.0,747.7999877929688,2454.5
2015-11-19,1524.0,3297.0,835.2999877929688,6166.0,1934.6666259765625,93.91999816894531,1116.0,782.0,761.9000244140625,2485.5
2015-11-20,1516.5999755859375,3285.0,829.2999877929688,6192.0,1940.6666259765625,93.5999984741211,1123.0,781.0,773.5999755859375,2483.0
2015-11-24,1527.199951171875,3307.0,821.7999877929688,6219.0,1943.3333740234375,93.36000061035156,1164.0,770.0,774.5,2465.0
2015-11-25,1520.0,3245.0,804.7999877929688,6158.0,1918.6666259765625,92.63999938964844,1150.0,792.0,809.4000244140625,2484.0
2015-11-26,1537.4000244140625,3240.0,810.2999877929688,6204.0,1928.3333740234375,93.9800033569336,1179.0,783.0,834.0,2499.0
2015-11-27,1534.0,3264.0,803.5,6174.0,1907.6666259765625,93.26000213623047,1152.0,768.0,825.7000122070312,2498.0
2015-11-30,1531.4000244140625,3177.0,790.0,5983.0,1840.0,91.30000305175781,1137.0,754.0,842.0999755859375,2472.5
2015-12-01,1552.4000244140625,3227.0,804.7000122070312,6090.0,1875.0,92.86000061035156,1159.0,773.0,855.4000244140625,2545.0
2015-12-02,1564.0,3168.0,808.5999755859375,6031.0,1861.6666259765625,94.26000213623047,1170.0,775.0,831.5999755859375,2551.5
2015-12-03,1565.4000244140625,3167.0,813.5,6072.0,1857.6666259765625,94.5999984741211,1157.0,766.0,839.0,2552.0
2015-12-04,1538.4000244140625,3091.0,803.5999755859375,5940.0,1817.6666259765625,93.81999969482422,1126.0,764.0,824.0,2485.5
2015-12-07,1540.800048828125,3129.0,803.5999755859375,5997.0,1849.6666259765625,93.37999725341797,1132.0,764.0,824.0999755859375,2495.5
2015-12-08,1520.199951171875,3078.0,796.0,5932.0,1837.6666259765625,92.81999969482422,1115.0,755.0,803.0,2431.0
2015-12-09,1530.800048828125,3027.0,786.4000244140625,5825.0,1809.0,91.94000244140625,1119.0,753.0,794.2000122070312,2407.0
2015-12-10,1520.199951171875,3005.0,779.5,5749.0,1792.0,91.68000030517578,1111.0,756.0,797.5999755859375,2374.5
2015-12-11,1537.0,3041.0,775.9000244140625,5829.0,1816.0,91.80000305175781,1143.0,753.0,808.2999877929688,2408.0
2015-12-14,1492.5999755859375,3016.0,762.2000122070312,5732.0,1820.3333740234375,91.72000122070312,1165.0,738.0,800.9000244140625,2344.0
2015-12-15,1464.800048828125,2950.5,743.0,5646.0,1765.3333740234375,91.94000244140625,1130.0,731.0,761.0999755859375,2299.0
2015-12-16,1522.4000244140625,3007.0,770.4000244140625,5789.0,1820.6666259765625,95.95999908447266,1169.0,732.0,776.4000244140625,2358.5
2015-12-17,1540.5999755859375,3078.0,776.4000244140625,5924.0,1856.0,95.94000244140625,1179.0,756.0,786.5999755859375,2355.0
2015-12-18,1531.5999755859375,2998.5,758.2000122070312,5981.0,1818.0,94.5199966430664,1153.0,737.0,775.5,2357.5
2015-12-21,1515.800048828125,2943.0,748.7999877929688,5953.0,1815.6666259765625,95.72000122070312,1141.0,732.0,792.7000122070312,2386.5
2015-12-22,1527.0,2913.0,756.4000244140625,5955.0,1809.6666259765625,95.69999694824219,1143.0,733.0,779.5,2409.5
2015-12-24,1508.0,2950.0,754.7999877929688,5860.0,1798.6666259765625,94.54000091552734,1112.0,722.0,782.5,2452.0
2015-12-25,1508.0,2950.0,754.7999877929688,5860.0,1798.6666259765625,94.54000091552734,1112.0,722.0,782.5,2452.0
2015-12-28,1496.800048828125,2983.0,751.2000122070312,5929.0,1805.3333740234375,94.9800033569336,1103.0,692.0,830.7000122070312,2444.5
2015-12-29,1490.800048828125,2978.0,759.7000122070312,6093.0,1845.3333740234375,95.9000015258789,1121.0,692.0,828.5,2436.5
2015-12-30,1497.5999755859375,3002.0,757.0999755859375,6065.0,1850.0,96.72000122070312,1119.0,699.0,822.9000244140625,2416.0
2016-01-04,1467.4000244140625,2957.0,746.0999755859375,5917.0,1798.3333740234375,94.27999877929688,1094.0,684.0,821.5,2403.5
2016-01-05,1445.199951171875,2962.5,744.5,5853.0,1795.6666259765625,96.30000305175781,1091.0,691.0,849.2999877929688,2385.0
2016-01-06,1416.5999755859375,2897.5,732.4000244140625,5869.0,1785.3333740234375,97.58000183105469,1098.0,681.0,831.4000244140625,2324.5
2016-01-07,1379.5999755859375,2796.5,713.2999877929688,5853.0,1770.6666259765625,95.94000244140625,1084.0,691.0,808.5999755859375,2236.0
2016-01-08,1372.800048828125,2824.5,707.7000122070312,5787.0,1713.6666259765625,95.55999755859375,1055.0,681.0,791.0999755859375,2236.0
2016-01-12,1351.0,2675.0,677.0,5625.0,1660.0,93.77999877929688,1023.0,659.0,763.9000244140625,2147.5
2016-01-13,1390.5999755859375,2750.0,700.0,5677.0,1702.3333740234375,95.04000091552734,1054.0,668.0,794.7999877929688,2193.5
2016-01-14,1359.4000244140625,2622.0,683.0,5559.0,1686.3333740234375,94.36000061035156,1031.0,639.0,768.2999877929688,2143.5
2016-01-15,1351.800048828125,2582.5,672.0,5588.0,1694.3333740234375,95.81999969482422,1020.0,631.0,763.2000122070312,2147.0
2016-01-18,1348.4000244140625,2622.5,659.4000244140625,5545.0,1693.3333740234375,94.87999725341797,1003.0,610.0,756.2999877929688,2099.5
2016-01-19,1360.800048828125,2666.5,646.7999877929688,5530.0,1691.0,94.31999969482422,996.0,607.0,755.5,2166.0
2016-01-20,1314.800048828125,2454.0,621.2000122070312,5374.0,1637.3333740234375,92.04000091552734,954.0,572.0,717.7999877929688,2055.0
2016-01-21,1278.4000244140625,2430.5,595.0,5309.0,1577.0,88.54000091552734,923.0,548.0,696.5999755859375,1987.5
2016-01-22,1364.4000244140625,2528.5,624.7000122070312,5556.0,1666.6666259765625,92.23999786376953,968.0,585.0,730.2999877929688,2127.5
2016-01-25,1364.800048828125,2538.0,627.2999877929688,5655.0,1704.6666259765625,94.45999908447266,971.0,585.0,755.2999877929688,2171.0
2016-01-26,1325.800048828125,2430.0,604.0,5600.0,1663.3333740234375,92.58000183105469,965.0,564.0,735.9000244140625,2096.5
2016-01-27,1376.199951171875,2512.0,634.0,5695.0,1688.6666259765625,96.26000213623047,990.0,585.0,760.2000122070312,2124.0
2016-01-28,1376.5999755859375,2378.0,627.0,5668.0,1685.0,97.45999908447266,999.0,576.0,750.9000244140625,2047.0
2016-01-29,1440.0,2523.0,609.4000244140625,5773.0,1770.6666259765625,100.55999755859375,1078.0,600.0,773.7999877929688,2126.0
2016-02-01,1467.800048828125,2836.0,576.0999755859375,5845.0,1833.0,107.55999755859375,1106.0,619.0,782.0999755859375,2347.0
2016-02-02,1460.800048828125,2692.5,578.4000244140625,5950.0,1832.0,106.22000122070312,1100.0,644.0,753.7999877929688,2165.0
2016-02-03,1380.0,2623.5,551.7999877929688,5815.0,1808.6666259765625,106.91999816894531,1076.0,622.0,712.9000244140625,1993.5
2016-02-04,1350.4000244140625,2620.5,557.7999877929688,5698.0,1754.0,103.95999908447266,1062.0,613.0,731.5,2053.0
2016-02-05,1325.0,2615.0,538.2000122070312,5710.0,1709.6666259765625,103.5199966430664,1034.0,601.0,726.5999755859375,2111.5
2016-02-08,1311.0,2569.0,538.2000122070312,5845.0,1721.6666259765625,106.16000366210938,1078.0,609.0,760.0,2086.5
2016-02-09,1230.800048828125,2388.5,491.20001220703125,5596.0,1649.6666259765625,102.0199966430664,1065.0,591.0,718.5999755859375,1956.5
2016-02-10,1225.4000244140625,2341.0,456.3999938964844,5341.0,1595.0,97.76000213623047,1056.0,549.0,698.4000244140625,1893.0
2016-02-12,1142.0,2257.0,446.20001220703125,5087.0,1474.6666259765625,92.12000274658203,997.0,527.0,646.0,1784.5
2016-02-15,1251.199951171875,2447.0,484.79998779296875,5498.0,1549.3333740234375,98.19999694824219,1091.0,577.0,703.7999877929688,1926.0
2016-02-16,1250.0,2483.5,500.79998779296875,5462.0,1540.6666259765625,96.62000274658203,1035.0,563.0,712.2000122070312,1972.0
2016-02-17,1215.199951171875,2481.0,489.0,5298.0,1534.6666259765625,97.41999816894531,1001.0,544.0,685.2000122070312,1906.0
2016-02-18,1236.0,2569.0,503.0,5458.0,1562.3333740234375,96.87999725341797,984.0,572.0,697.0,1993.5
2016-02-19,1199.800048828125,2503.5,486.20001220703125,5381.0,1556.3333740234375,95.9000015258789,972.0,565.0,668.5999755859375,1930.0
2016-02-22,1196.0,2488.0,477.29998779296875,5417.0,1518.6666259765625,96.23999786376953,989.0,560.0,656.0999755859375,1874.0
2016-02-23,1198.800048828125,2435.5,474.0,5338.0,1465.3333740234375,92.80000305175781,978.0,567.0,652.2000122070312,1949.0
2016-02-24,1194.800048828125,2398.5,478.6000061035156,5358.0,1488.0,91.5199966430664,993.0,554.0,643.2000122070312,1914.0
2016-02-25,1186.199951171875,2383.0,487.3999938964844,5415.0,1500.6666259765625,93.55999755859375,1051.0,582.0,652.4000244140625,1969.5
2016-02-26,1182.0,2387.0,488.70001220703125,5454.0,1530.0,95.62000274658203,1047.0,594.0,641.7999877929688,2002.5
2016-02-29,1179.4000244140625,2387.0,486.6000061035156,5371.0,1498.3333740234375,96.12000274658203,1029.0,572.0,638.2999877929688,1950.0
2016-03-01,1178.5999755859375,2367.5,483.0,5381.0,1500.0,96.19999694824219,1054.0,589.0,629.4000244140625,1961.5
2016-03-02,1219.4000244140625,2491.5,510.8999938964844,5564.0,1534.3333740234375,97.63999938964844,1082.0,603.0,670.0,2093.5
2016-03-03,1235.5999755859375,2520.0,551.2999877929688,5556.0,1551.3333740234375,97.76000213623047,1056.0,611.0,684.7999877929688,2191.5
2016-03-04,1245.800048828125,2592.5,559.9000244140625,5520.0,1549.0,95.0999984741211,1057.0,630.0,693.0,2209.0
2016-03-07,1220.0,2614.5,553.2000122070312,5484.0,1495.3333740234375,94.27999877929688,1068.0,623.0,707.0999755859375,2193.5
2016-03-08,1198.0,2569.5,538.7999877929688,5447.0,1481.6666259765625,93.44000244140625,1056.0,617.0,699.7000122070312,2193.0
2016-03-09,1195.199951171875,2632.0,524.5999755859375,5362.0,1516.6666259765625,98.12000274658203,1053.0,607.0,658.5999755859375,2143.5
2016-03-10,1230.800048828125,2743.5,535.5999755859375,5460.0,1547.6666259765625,97.26000213623047,1065.0,594.0,668.0,2185.0
2016-03-11,1228.0,2752.5,554.2999877929688,5444.0,1560.0,97.0199966430664,1076.0,585.0,676.7999877929688,2248.5
2016-03-14,1240.0,2798.5,578.4000244140625,5471.0,1608.6666259765625,96.87999725341797,1108.0,603.0,700.9000244140625,2303.0
2016-03-15,1217.4000244140625,2794.0,569.7999877929688,5451.0,1629.0,97.0199966430664,1107.0,604.0,695.7999877929688,2240.5
2016-03-16,1208.800048828125,2883.0,549.2999877929688,5398.0,1623.3333740234375,98.12000274658203,1105.0,588.0,692.5999755859375,2182.0
2016-03-17,1205.0,2923.0,553.7000122070312,5399.0,1623.3333740234375,98.0,1107.0,580.0,693.0,2193.0
2016-03-18,1177.5999755859375,2936.0,547.7000122070312,5261.0,1573.3333740234375,96.30000305175781,1106.0,569.0,713.2999877929688,2194.5
2016-03-22,1219.5999755859375,2937.0,553.0,5394.0,1586.0,99.44000244140625,1123.0,584.0,725.7000122070312,2202.0
2016-03-23,1221.199951171875,2910.0,546.4000244140625,5378.0,1594.3333740234375,99.72000122070312,1145.0,587.0,727.7999877929688,2211.0
2016-03-24,1202.199951171875,2863.0,528.5,5399.0,1614.0,100.37999725341797,1156.0,581.0,724.0,2151.5
2016-03-25,1236.0,2896.0,535.7000122070312,5427.0,1605.3333740234375,98.83999633789062,1127.0,586.0,728.2000122070312,2181.5
2016-03-28,1244.5999755859375,2924.0,538.0999755859375,5488.0,1637.0,101.5,1132.0,599.0,749.4000244140625,2250.5
2016-03-29,1230.800048828125,2943.5,532.9000244140625,5337.0,1669.0,100.36000061035156,1136.0,607.0,755.2000122070312,2257.5
2016-03-30,1200.0,2873.0,512.2000122070312,5225.0,1653.6666259765625,99.22000122070312,1122.0,592.0,750.0999755859375,2195.0
2016-03-31,1190.4000244140625,2893.0,521.5,5136.0,1597.3333740234375,96.95999908447266,1110.0,619.0,760.9000244140625,2162.0
2016-04-01,1154.199951171875,2762.5,508.70001220703125,4967.0,1539.0,94.41999816894531,1088.0,595.0,742.9000244140625,2072.0
2016-04-04,1125.0,2860.5,509.1000061035156,5017.0,1551.6666259765625,94.95999908447266,1079.0,611.0,728.4000244140625,2094.0
2016-04-05,1087.800048828125,2882.5,487.0,4988.0,1540.0,93.0199966430664,1050.0,595.0,710.0,2033.0
2016-04-06,1091.4000244140625,2850.0,484.6000061035156,5067.0,1520.6666259765625,93.04000091552734,1043.0,602.0,711.0,2058.0
2016-04-07,1084.800048828125,2820.0,482.79998779296875,5155.0,1496.3333740234375,94.77999877929688,1061.0,582.0,709.5999755859375,2041.0
2016-04-08,1093.4000244140625,2858.5,490.1000061035156,5155.0,1551.6666259765625,94.4800033569336,1061.0,583.0,721.2999877929688,2070.5
2016-04-11,1055.5999755859375,2965.0,477.70001220703125,5105.0,1547.3333740234375,95.04000091552734,1059.0,577.0,701.7999877929688,2075.5
2016-04-12,1097.0,3032.0,505.70001220703125,5156.0,1519.6666259765625,94.0999984741211,1050.0,589.0,720.2000122070312,2210.0
2016-04-13,1124.5999755859375,3020.0,528.0,5233.0,1556.6666259765625,96.73999786376953,1053.0,601.0,740.2000122070312,2295.5
2016-04-14,1161.199951171875,3032.0,543.2000122070312,5420.0,1604.6666259765625,99.77999877929688,1074.0,621.0,754.9000244140625,2400.5
2016-04-15,1148.0,2935.0,533.7999877929688,5427.0,1599.3333740234375,100.13999938964844,1085.0,620.0,736.0,2382.5
2016-04-18,1093.4000244140625,2736.0,510.79998779296875,5256.0,1560.6666259765625,98.77999877929688,1120.0,592.0,734.2000122070312,2332.0
2016-04-19,1136.0,2913.5,544.9000244140625,5321.0,1579.3333740234375,99.55999755859375,1116.0,605.0,769.7999877929688,2405.0
2016-04-20,1128.5999755859375,3027.0,538.7999877929688,5369.0,1561.3333740234375,99.19999694824219,1114.0,608.0,777.5,2426.5
2016-04-21,1164.800048828125,3070.0,543.5999755859375,5470.0,1599.6666259765625,99.95999908447266,1128.0,610.0,809.5999755859375,2513.0
2016-04-22,1183.800048828125,3017.0,579.2999877929688,5515.0,1579.6666259765625,100.69999694824219,1114.0,609.0,805.9000244140625,2557.5
2016-04-25,1198.4000244140625,2835.5,581.5999755859375,5478.0,1561.6666259765625,97.58000183105469,1080.0,610.0,793.9000244140625,2545.5
2016-04-26,1189.800048828125,2850.0,560.9000244140625,5499.0,1550.3333740234375,98.81999969482422,1093.0,606.0,787.5999755859375,2479.0
2016-04-27,1169.0,2837.0,553.0,5426.0,1540.0,98.58000183105469,1105.0,603.0,788.2999877929688,2446.5
2016-04-28,1130.800048828125,2778.0,520.0999755859375,5262.0,1514.3333740234375,97.27999877929688,1081.0,590.0,759.7000122070312,2339.0
2016-05-02,1088.4000244140625,2666.5,504.1000061035156,5104.0,1478.3333740234375,97.86000061035156,1044.0,564.0,740.7000122070312,2317.0
2016-05-06,1095.5999755859375,2563.5,492.70001220703125,5131.0,1500.0,98.16000366210938,1029.0,543.0,737.2999877929688,2225.5
2016-05-09,1110.800048828125,2603.5,495.79998779296875,5207.0,1573.3333740234375,97.81999969482422,1050.0,526.0,738.0,2168.5
2016-05-10,1135.4000244140625,2681.5,508.79998779296875,5289.0,1587.6666259765625,100.66000366210938,1075.0,538.0,754.4000244140625,2193.5
2016-05-11,1126.800048828125,2730.0,507.0,5030.0,1569.6666259765625,102.62000274658203,1085.0,537.0,738.2999877929688,2177.5
2016-05-12,1110.5999755859375,2850.0,510.1000061035156,5011.0,1578.6666259765625,102.26000213623047,1080.0,535.0,736.5,2211.5
2016-05-13,1090.800048828125,2897.0,498.8999938964844,4872.0,1566.3333740234375,99.83999633789062,1073.0,527.0,717.5999755859375,2165.0
2016-05-16,1093.4000244140625,2860.0,497.5,4787.0,1572.6666259765625,100.63999938964844,1077.0,517.0,726.7000122070312,2199.0
2016-05-17,1106.5999755859375,2863.5,504.1000061035156,4796.0,1586.3333740234375,97.5999984741211,1121.0,531.0,737.2000122070312,2271.5
2016-05-18,1107.4000244140625,2944.0,525.5,4734.0,1583.0,95.18000030517578,1127.0,531.0,733.4000244140625,2298.0
2016-05-19,1098.800048828125,2882.5,529.7999877929688,4711.0,1569.6666259765625,95.19999694824219,1127.0,526.0,726.7000122070312,2227.0
2016-05-20,1112.4000244140625,2917.0,533.0999755859375,4690.0,1575.6666259765625,96.0,1136.0,532.0,719.4000244140625,2226.0
2016-05-23,1101.199951171875,2903.5,535.7000122070312,4731.0,1547.3333740234375,95.5,1137.0,522.0,709.7999877929688,2231.5
2016-05-24,1085.800048828125,2885.5,527.0999755859375,4713.0,1525.0,95.37999725341797,1132.0,513.0,699.2999877929688,2198.5
2016-05-25,1111.0,3072.0,536.0999755859375,4707.0,1549.0,98.36000061035156,1141.0,515.0,722.7999877929688,2264.0
2016-05-26,1119.199951171875,3072.0,535.0999755859375,4791.0,1566.6666259765625,96.19999694824219,1159.0,511.0,744.0999755859375,2229.0
2016-05-27,1117.800048828125,3078.0,542.7000122070312,4797.0,1566.6666259765625,96.30000305175781,1164.0,509.0,731.7000122070312,2260.0
2016-05-30,1136.199951171875,3082.0,546.0,4819.0,1567.3333740234375,96.91999816894531,1163.0,512.0,734.7999877929688,2251.5
2016-05-31,1156.5999755859375,3100.0,553.7999877929688,4797.0,1581.3333740234375,97.0999984741211,1167.0,521.0,742.9000244140625,2290.0
2016-06-01,1151.0,3073.0,544.7000122070312,4675.0,1565.6666259765625,96.0999984741211,1136.0,509.0,731.4000244140625,2190.0
2016-06-02,1133.800048828125,3023.0,527.2000122070312,4574.0,1540.3333740234375,93.5999984741211,1126.0,495.0,703.5999755859375,2106.0
2016-06-03,1135.0,3072.0,531.2000122070312,4627.0,1567.6666259765625,94.13999938964844,1132.0,483.0,695.2999877929688,2071.0
2016-06-06,1133.4000244140625,3085.0,523.2000122070312,4610.0,1561.6666259765625,94.81999969482422,1101.0,485.0,695.5999755859375,2121.5
2016-06-07,1130.800048828125,3102.0,533.2000122070312,4594.0,1556.3333740234375,95.30000305175781,1097.0,480.0,703.5,2097.5
2016-06-08,1136.199951171875,3117.0,544.0999755859375,4615.0,1585.6666259765625,96.04000091552734,1091.0,473.0,702.5,2090.5
2016-06-09,1120.5999755859375,3074.0,526.2000122070312,4569.0,1561.6666259765625,95.04000091552734,1093.0,472.0,682.0,2107.5
2016-06-10,1125.4000244140625,3051.0,527.5999755859375,4553.0,1533.6666259765625,94.37999725341797,1086.0,467.0,694.0,2055.5
2016-06-13,1085.5999755859375,2930.0,504.70001220703125,4449.0,1484.0,90.58000183105469,1048.0,442.0,671.4000244140625,1956.5
2016-06-14,1078.5999755859375,2941.0,493.70001220703125,4401.0,1471.3333740234375,91.0999984741211,1053.0,442.0,669.9000244140625,1965.5
2016-06-15,1092.5999755859375,2975.0,492.1000061035156,4426.0,1473.3333740234375,90.73999786376953,1042.0,438.0,677.9000244140625,1974.5
2016-06-16,1056.199951171875,2879.5,485.70001220703125,4270.0,1431.6666259765625,88.94000244140625,1023.0,429.0,654.0999755859375,1907.0
2016-06-17,1084.199951171875,2899.0,488.79998779296875,4317.0,1438.3333740234375,87.91999816894531,1033.0,433.0,678.7999877929688,1928.5
2016-06-20,1113.5999755859375,2987.5,499.79998779296875,4445.0,1459.3333740234375,88.94000244140625,1066.0,442.0,694.5999755859375,2027.0
2016-06-21,1127.4000244140625,3060.0,506.0,4481.0,1498.0,90.0,1076.0,442.0,694.4000244140625,2026.5
2016-06-22,1121.4000244140625,3004.0,500.6000061035156,4412.0,1488.3333740234375,91.0,1050.0,425.0,693.7999877929688,1980.5
2016-06-23,1147.4000244140625,3017.0,514.0,4446.0,1494.0,91.72000122070312,1037.0,430.0,706.5,2088.5
2016-06-24,1048.0,2775.5,470.0,4132.0,1398.0,88.55999755859375,978.0,395.0,672.9000244140625,1915.5
2016-06-27,1030.199951171875,2782.0,455.8999938964844,4346.0,1450.3333740234375,94.4000015258789,1035.0,415.0,683.4000244140625,1846.0
2016-06-28,995.0,2825.5,448.70001220703125,4343.0,1460.3333740234375,95.68000030517578,1059.0,415.0,696.7999877929688,1861.0
2016-06-29,1023.7999877929688,2962.0,458.5,4440.0,1447.0,96.76000213623047,1085.0,419.0,709.5999755859375,1979.5
2016-06-30,1010.4000244140625,2988.0,455.8999938964844,4424.0,1427.0,96.0,1085.0,432.0,708.0,1958.0
2016-07-01,1021.4000244140625,3007.0,459.8999938964844,4438.0,1421.3333740234375,96.23999786376953,1089.0,428.0,714.5,1952.5
2016-07-04,1025.4000244140625,3038.0,455.29998779296875,4482.0,1403.6666259765625,99.0199966430664,1090.0,426.0,719.5,2000.0
2016-07-05,1030.5999755859375,3036.0,450.0,4469.0,1414.0,98.73999786376953,1094.0,425.0,718.7999877929688,1978.5
2016-07-06,1012.7999877929688,3029.0,433.79998779296875,4384.0,1383.0,100.87999725341797,1082.0,412.0,701.5,1900.5
2016-07-07,1014.5999755859375,3034.0,434.20001220703125,4398.0,1381.6666259765625,99.4800033569336,1058.0,409.0,701.0999755859375,1880.5
2016-07-08,1011.0,3013.0,428.70001220703125,4253.0,1359.3333740234375,96.58000183105469,1045.0,403.0,698.5,1864.0
2016-07-11,1011.0,3013.0,428.70001220703125,4253.0,1359.3333740234375,96.58000183105469,1045.0,403.0,698.5,1864.0
2016-07-12,1088.5999755859375,3141.0,472.6000061035156,4426.0,1460.6666259765625,98.23999786376953,1095.0,422.0,740.5,2066.5
2016-07-13,1125.5999755859375,3074.0,497.6000061035156,4377.0,1509.0,97.4000015258789,1092.0,435.0,751.9000244140625,2092.0
2016-07-14,1129.5999755859375,3162.0,497.5,4427.0,1522.6666259765625,98.0,1107.0,430.0,755.7999877929688,2122.5
2016-07-15,1151.800048828125,3179.0,518.7999877929688,4375.0,1500.0,97.4800033569336,1093.0,440.0,765.2000122070312,2167.0
2016-07-19,1156.800048828125,3236.0,521.5999755859375,4464.0,1514.3333740234375,99.9800033569336,1099.0,427.0,768.5999755859375,2162.0
2016-07-20,1155.0,3232.0,510.8999938964844,4480.0,1507.0,101.5,1125.0,421.0,769.2999877929688,2111.5
2016-07-21,1175.0,3213.0,522.0999755859375,4512.0,1509.6666259765625,100.31999969482422,1131.0,421.0,780.7000122070312,2138.0
2016-07-22,1167.5999755859375,3196.0,514.9000244140625,4458.0,1483.3333740234375,100.22000122070312,1110.0,421.0,768.0,2130.0
2016-07-25,1169.199951171875,3160.0,508.8999938964844,4566.0,1478.0,99.37999725341797,1108.0,429.0,776.2000122070312,2120.5
2016-07-26,1139.800048828125,3160.0,495.3999938964844,4513.0,1452.6666259765625,98.91999816894531,1108.0,417.0,764.9000244140625,2028.0
2016-07-27,1173.199951171875,3226.0,497.29998779296875,4548.0,1457.3333740234375,98.5199966430664,1143.0,419.0,778.5,2032.0
2016-07-28,1171.800048828125,3192.0,484.6000061035156,4533.0,1423.3333740234375,97.45999908447266,1126.0,412.0,783.0,2028.0
2016-07-29,1178.800048828125,3282.0,522.0,4588.0,1434.3333740234375,97.62000274658203,1129.0,404.0,782.9000244140625,1950.0
2016-08-01,1159.4000244140625,3339.0,544.5999755859375,4800.0,1429.0,100.54000091552734,1121.0,387.0,768.9000244140625,1939.0
2016-08-02,1139.199951171875,3323.0,512.2999877929688,4778.0,1422.3333740234375,98.54000091552734,1106.0,375.0,805.0,1918.0
2016-08-03,1117.800048828125,3268.0,492.29998779296875,4722.0,1408.3333740234375,98.0199966430664,1086.0,358.0,751.5999755859375,1828.5
2016-08-04,1138.199951171875,3279.0,507.1000061035156,4734.0,1411.3333740234375,96.4000015258789,1061.0,361.0,767.0,1904.0
2016-08-05,1172.0,3293.0,504.20001220703125,4629.0,1398.6666259765625,96.13999938964844,1044.0,360.0,768.0,1929.5
2016-08-08,1211.0,3297.0,531.4000244140625,4694.0,1454.6666259765625,95.41999816894531,1005.0,358.0,769.7000122070312,1983.0
2016-08-09,1202.199951171875,3374.0,536.0,4765.0,1480.0,97.08000183105469,956.0,352.0,822.9000244140625,2034.5
2016-08-10,1188.800048828125,3373.0,536.0999755859375,4764.0,1467.3333740234375,97.27999877929688,972.0,346.0,819.9000244140625,2006.5
2016-08-12,1200.0,3349.0,529.0,4808.0,1488.0,97.4800033569336,999.0,359.0,807.0,2006.0
2016-08-15,1190.0,3300.0,524.9000244140625,4717.0,1466.6666259765625,97.4000015258789,981.0,350.0,809.2999877929688,1973.5
2016-08-16,1175.0,3295.0,518.0,4652.0,1451.0,97.08000183105469,957.0,348.0,815.0999755859375,1936.0
2016-08-17,1201.199951171875,3253.0,535.9000244140625,4690.0,1462.3333740234375,96.63999938964844,938.0,360.0,844.7000122070312,2070.0
2016-08-18,1180.0,3270.0,526.7000122070312,4540.0,1461.3333740234375,93.81999969482422,937.0,345.0,836.2999877929688,2068.0
2016-08-19,1205.199951171875,3273.0,532.2000122070312,4530.0,1469.6666259765625,91.76000213623047,917.0,348.0,851.5999755859375,2121.5
2016-08-22,1220.0,3319.0,528.5999755859375,4545.0,1480.3333740234375,92.18000030517578,943.0,353.0,853.0999755859375,2106.5
2016-08-23,1199.4000244140625,3302.0,523.7999877929688,4541.0,1506.6666259765625,93.55999755859375,962.0,372.0,843.2000122070312,2034.0
2016-08-24,1224.0,3373.0,524.9000244140625,4563.0,1511.3333740234375,94.05999755859375,965.0,378.0,851.0,2040.5
2016-08-25,1223.199951171875,3371.0,524.0999755859375,4541.0,1477.0,92.9000015258789,948.0,370.0,850.7999877929688,2030.0
2016-08-26,1182.199951171875,3331.0,518.7000122070312,4489.0,1451.3333740234375,92.45999908447266,937.0,363.0,847.2999877929688,2071.5
2016-08-29,1229.4000244140625,3347.0,535.2999877929688,4561.0,1436.0,92.9000015258789,944.0,366.0,867.2999877929688,2139.5
2016-08-30,1237.199951171875,3326.0,541.4000244140625,4552.0,1441.0,92.04000091552734,942.0,374.0,859.7000122070312,2165.0
2016-08-31,1247.5999755859375,3325.0,564.0999755859375,4560.0,1453.6666259765625,90.91999816894531,955.0,417.0,872.4000244140625,2196.0
2016-09-01,1256.800048828125,3300.0,574.0,4664.0,1496.6666259765625,91.41999816894531,954.0,422.0,875.5999755859375,2217.0
2016-09-02,1253.199951171875,3350.0,575.5,4710.0,1484.6666259765625,93.41999816894531,957.0,431.0,876.0,2213.5
2016-09-05,1252.800048828125,3401.0,567.0999755859375,4756.0,1496.0,93.66000366210938,952.0,431.0,870.7000122070312,2215.0
2016-09-06,1247.0,3435.0,567.2000122070312,4734.0,1507.3333740234375,95.05999755859375,982.0,434.0,865.4000244140625,2186.5
2016-09-07,1236.800048828125,3437.0,551.2999877929688,4708.0,1498.6666259765625,95.0,998.0,437.0,837.7999877929688,2159.0
2016-09-08,1238.0,3411.0,544.0,4680.0,1493.6666259765625,94.36000061035156,1003.0,427.0,839.0999755859375,2128.5
2016-09-09,1234.199951171875,3389.0,546.2000122070312,4710.0,1486.6666259765625,92.58000183105469,998.0,431.0,841.7000122070312,2138.5
2016-09-12,1218.5999755859375,3287.0,532.2999877929688,4668.0,1472.0,91.81999969482422,1002.0,421.0,824.7000122070312,2057.5
2016-09-13,1221.800048828125,3337.0,524.0999755859375,4713.0,1466.0,91.5,990.0,414.0,815.5999755859375,2051.5
2016-09-14,1210.0,3319.0,507.5,4640.0,1455.3333740234375,90.91999816894531,994.0,404.0,803.2000122070312,2024.5
2016-09-15,1194.0,3279.0,497.70001220703125,4565.0,1446.0,90.30000305175781,991.0,404.0,800.5,2005.0
2016-09-16,1173.199951171875,3270.0,511.20001220703125,4597.0,1475.6666259765625,90.13999938964844,993.0,414.0,797.9000244140625,1982.5
2016-09-20,1190.4000244140625,3320.0,515.4000244140625,4644.0,1515.3333740234375,92.27999877929688,986.0,419.0,799.4000244140625,1965.0
2016-09-21,1228.800048828125,3373.0,553.2999877929688,4764.0,1573.6666259765625,93.94000244140625,998.0,430.0,817.5999755859375,2030.0
2016-09-23,1190.0,3400.0,544.7999877929688,4805.0,1555.6666259765625,94.54000091552734,998.0,427.0,824.2000122070312,2024.0
2016-09-26,1183.4000244140625,3381.0,533.5999755859375,4841.0,1568.0,94.86000061035156,998.0,431.0,808.2999877929688,2026.0
2016-09-27,1202.800048828125,3378.0,526.2000122070312,4896.0,1585.3333740234375,96.0,1015.0,438.0,821.7000122070312,2049.0
2016-09-28,1174.4000244140625,3368.0,509.20001220703125,4858.0,1569.3333740234375,94.44000244140625,997.0,436.0,814.5999755859375,2017.5
2016-09-29,1179.5999755859375,3383.0,516.0,4845.0,1598.0,94.26000213623047,1003.0,453.0,819.7999877929688,2120.0
2016-09-30,1155.800048828125,3293.0,505.1000061035156,4823.0,1585.6666259765625,92.27999877929688,997.0,435.0,800.7999877929688,2056.5
2016-10-03,1158.199951171875,3335.0,507.20001220703125,4827.0,1585.3333740234375,93.76000213623047,998.0,427.0,802.2999877929688,2075.5
2016-10-04,1179.800048828125,3371.0,516.5999755859375,4851.0,1602.6666259765625,93.95999908447266,998.0,428.0,820.9000244140625,2115.5
2016-10-05,1197.5999755859375,3392.0,522.9000244140625,4850.0,1613.3333740234375,92.91999816894531,982.0,414.0,827.0,2126.5
2016-10-06,1206.4000244140625,3385.0,527.2000122070312,4850.0,1609.0,93.4000015258789,982.0,416.0,821.9000244140625,2137.0
2016-10-07,1201.199951171875,3350.0,526.5999755859375,4867.0,1527.0,92.12000274658203,961.0,416.0,822.5999755859375,2135.5
2016-10-11,1203.0,3414.0,523.0,4904.0,1488.6666259765625,92.44000244140625,987.0,419.0,834.2999877929688,2101.5
2016-10-12,1191.4000244140625,3384.0,510.3999938964844,4851.0,1474.3333740234375,92.19999694824219,985.0,411.0,822.2000122070312,2027.5
2016-10-13,1193.800048828125,3428.0,508.3999938964844,4855.0,1463.6666259765625,93.18000030517578,984.0,409.0,817.4000244140625,2002.0
2016-10-14,1198.5999755859375,3439.0,509.70001220703125,4793.0,1484.3333740234375,95.04000091552734,983.0,418.0,833.4000244140625,2014.5
2016-10-17,1206.0,3426.0,512.4000244140625,4828.0,1477.3333740234375,94.08000183105469,980.0,385.0,860.0999755859375,2045.5
2016-10-18,1198.0,3472.0,512.0,4819.0,1481.3333740234375,93.66000366210938,996.0,391.0,870.4000244140625,2055.5
2016-10-19,1190.5999755859375,3402.0,513.4000244140625,4803.0,1493.0,94.0999984741211,1004.0,395.0,871.0,2053.5
2016-10-20,1207.5999755859375,3403.0,523.5,4809.0,1513.0,94.0999984741211,1011.0,403.0,860.0999755859375,2092.5
2016-10-21,1194.4000244140625,3321.0,524.2000122070312,4780.0,1507.3333740234375,92.66000366210938,994.0,406.0,871.7000122070312,2078.5
2016-10-24,1191.199951171875,3318.0,520.2999877929688,4768.0,1507.3333740234375,92.87999725341797,997.0,403.0,901.4000244140625,2061.5
2016-10-25,1208.199951171875,3330.0,530.5,4743.0,1503.0,93.16000366210938,996.0,406.0,922.5999755859375,2030.5
2016-10-26,1205.0,3325.0,532.9000244140625,4804.0,1497.6666259765625,94.5,1014.0,410.0,940.0,2045.5
2016-10-27,1200.800048828125,3302.0,534.7000122070312,4788.0,1489.3333740234375,94.08000183105469,1018.0,411.0,936.0,2053.5
2016-10-28,1208.5999755859375,3300.0,543.9000244140625,4826.0,1489.3333740234375,92.77999877929688,1012.0,413.0,941.7000122070312,2080.5
2016-10-31,1215.800048828125,3361.0,544.5999755859375,4700.0,1461.0,93.19999694824219,1013.0,408.0,947.7999877929688,2078.5
2016-11-01,1214.4000244140625,3337.0,547.0,4709.0,1480.3333740234375,93.63999938964844,1012.0,424.0,943.7000122070312,2071.0
2016-11-02,1187.5999755859375,3265.0,534.0999755859375,4609.0,1447.6666259765625,92.76000213623047,997.0,425.0,938.2999877929688,2142.5
2016-11-04,1139.5999755859375,3175.0,519.4000244140625,4558.0,1433.6666259765625,91.12000274658203,982.0,415.0,959.7999877929688,2126.5
2016-11-07,1162.0,3149.0,529.4000244140625,4540.0,1454.0,91.16000366210938,993.0,410.0,949.5,2147.0
2016-11-08,1178.800048828125,3185.0,533.0,4463.0,1445.6666259765625,90.31999969482422,997.0,407.0,943.7999877929688,2178.5
2016-11-09,1102.0,3023.0,501.3999938964844,4356.0,1393.6666259765625,88.19999694824219,948.0,391.0,904.2000122070312,2037.5
2016-11-10,1167.5999755859375,3207.0,557.5,4584.0,1445.0,89.08000183105469,967.0,407.0,978.4000244140625,2238.0
2016-11-11,1190.4000244140625,3199.0,607.9000244140625,4638.0,1414.6666259765625,85.33999633789062,993.0,403.0,968.7000122070312,2286.5
2016-11-14,1207.5999755859375,3261.0,617.0,4595.0,1430.3333740234375,84.4000015258789,1006.0,405.0,991.0999755859375,2329.0
2016-11-15,1212.800048828125,3203.0,643.0,4653.0,1453.3333740234375,85.12000274658203,1014.0,406.0,988.0999755859375,2348.5
2016-11-16,1237.199951171875,3206.0,682.7999877929688,4692.0,1446.0,85.63999938964844,1021.0,415.0,988.2999877929688,2365.5
2016-11-17,1230.199951171875,3226.0,673.2000122070312,4718.0,1440.0,86.33999633789062,1029.0,425.0,980.0,2384.0
2016-11-18,1263.199951171875,3235.0,662.2000122070312,4652.0,1425.6666259765625,86.08000183105469,1035.0,424.0,971.0,2385.5
2016-11-21,1271.800048828125,3300.0,678.5999755859375,4697.0,1453.6666259765625,87.72000122070312,1058.0,427.0,965.0,2369.0
2016-11-22,1257.4000244140625,3355.0,680.7000122070312,4738.0,1467.3333740234375,89.80000305175781,1066.0,421.0,971.9000244140625,2431.5
2016-11-24,1317.5999755859375,3334.0,677.0,4666.0,1473.3333740234375,89.16000366210938,1073.0,422.0,970.0999755859375,2557.5
2016-11-25,1337.800048828125,3328.0,661.7000122070312,4699.0,1497.3333740234375,90.45999908447266,1066.0,427.0,989.0999755859375,2530.5
2016-11-28,1330.5999755859375,3323.0,671.2999877929688,4742.0,1499.0,92.26000213623047,1079.0,431.0,1007.0,2549.5
2016-11-29,1328.0,3311.0,673.9000244140625,4733.0,1500.0,92.19999694824219,1084.0,429.0,1013.0,2517.5
2016-11-30,1329.800048828125,3288.0,669.7999877929688,4685.0,1478.3333740234375,92.5,1088.0,425.0,1017.5,2453.0
2016-12-01,1341.4000244140625,3249.0,687.0999755859375,4670.0,1482.3333740234375,92.41999816894531,1092.0,424.0,992.2000122070312,2501.5
2016-12-02,1337.199951171875,3168.0,726.0999755859375,4678.0,1437.0,90.58000183105469,1090.0,420.0,1007.5,2535.5
2016-12-05,1325.5999755859375,3160.0,708.7000122070312,4622.0,1433.0,91.30000305175781,1074.0,417.0,1009.5,2534.0
2016-12-06,1336.5999755859375,3190.0,716.2000122070312,4645.0,1418.3333740234375,90.68000030517578,1092.0,428.0,1033.0,2633.5
2016-12-07,1372.0,3199.0,734.4000244140625,4603.0,1424.3333740234375,89.63999938964844,1092.0,457.0,1029.5,2662.5
2016-12-08,1396.800048828125,3261.0,746.0999755859375,4575.0,1449.3333740234375,90.87999725341797,1108.0,537.0,1062.5,2730.5
2016-12-09,1400.5999755859375,3368.0,762.7999877929688,4696.0,1452.3333740234375,91.05999755859375,1112.0,521.0,1065.0,2766.5
2016-12-12,1400.199951171875,3366.0,752.5999755859375,4748.0,1494.6666259765625,94.0999984741211,1128.0,513.0,1058.5,2720.0
2016-12-13,1410.0,3378.0,747.7000122070312,4853.0,1507.0,97.5,1138.0,533.0,1062.0,2723.0
2016-12-14,1406.199951171875,3372.0,749.0,4801.0,1494.3333740234375,97.94000244140625,1134.0,539.0,1062.0,2728.5
2016-12-15,1431.199951171875,3373.0,755.0,4782.0,1504.6666259765625,97.9000015258789,1124.0,527.0,1056.0,2710.0
2016-12-16,1431.0,3347.0,768.0999755859375,4786.0,1515.6666259765625,97.27999877929688,1138.0,537.0,1044.0,2720.0
2016-12-19,1428.800048828125,3381.0,759.5999755859375,4820.0,1531.6666259765625,97.81999969482422,1127.0,536.0,1047.0,2703.0
2016-12-20,1426.199951171875,3362.0,749.0,4834.0,1544.0,98.9800033569336,1136.0,516.0,1061.0,2697.5
2016-12-21,1424.4000244140625,3336.0,749.0,4806.0,1526.3333740234375,98.77999877929688,1133.0,510.0,1047.5,2698.5
2016-12-22,1418.0,3342.0,745.2999877929688,4827.0,1515.3333740234375,99.66000366210938,1137.0,500.0,1049.0,2713.0
2016-12-26,1398.199951171875,3333.0,736.2000122070312,4855.0,1504.0,98.91999816894531,1131.0,492.0,1038.0,2665.5
2016-12-27,1393.5999755859375,3324.0,738.0999755859375,4851.0,1495.6666259765625,98.54000091552734,1116.0,497.0,1026.5,2636.0
2016-12-28,1394.0,3338.0,734.5,4849.0,1495.0,98.58000183105469,1124.0,495.0,1033.0,2683.5
2016-12-29,1367.5999755859375,3299.0,718.4000244140625,4811.0,1485.6666259765625,98.33999633789062,1115.0,480.0,1021.5,2637.5
2016-12-30,1375.5999755859375,3275.0,720.2000122070312,4835.0,1484.3333740234375,98.23999786376953,1117.0,472.0,1019.5,2607.0
2017-01-04,1419.4000244140625,3333.0,745.2000122070312,4890.0,1507.6666259765625,100.19999694824219,1137.0,493.0,1037.0,2728.5
2017-01-05,1409.800048828125,3296.0,748.2999877929688,4928.0,1522.3333740234375,101.13999938964844,1135.0,487.0,1018.0,2693.0
2017-01-06,1386.0,3316.0,738.0,4965.0,1521.3333740234375,101.45999908447266,1133.0,479.0,1011.0,2629.0
2017-01-10,1372.199951171875,3394.0,726.7000122070312,4966.0,1515.3333740234375,101.5,1123.0,474.0,1019.0,2622.0
2017-01-11,1382.4000244140625,3510.0,737.7000122070312,4970.0,1516.0,100.94000244140625,1104.0,477.0,1049.0,2741.5
2017-01-12,1369.0,3532.0,730.4000244140625,4840.0,1483.3333740234375,99.80000305175781,1087.0,470.0,1037.0,2688.0
2017-01-13,1376.4000244140625,3549.0,729.5,4875.0,1610.6666259765625,100.62000274658203,1092.0,472.0,1022.0,2668.5
2017-01-16,1365.4000244140625,3514.0,726.0,4818.0,1586.3333740234375,100.55999755859375,1082.0,467.0,1027.5,2558.0
2017-01-17,1343.800048828125,3504.0,714.7999877929688,4758.0,1552.0,99.4000015258789,1064.0,456.0,1025.0,2559.5
2017-01-18,1347.199951171875,3484.0,711.5,4709.0,1570.0,99.72000122070312,1070.0,461.0,1019.5,2685.5
2017-01-19,1371.0,3498.0,726.2999877929688,4705.0,1539.3333740234375,101.37999725341797,1075.0,467.0,1027.5,2702.5
2017-01-20,1360.199951171875,3472.0,731.0999755859375,4714.0,1549.0,102.0199966430664,1070.0,465.0,1035.0,2714.5
2017-01-23,1338.0,3432.0,725.7999877929688,4707.0,1499.0,99.72000122070312,1058.0,458.0,1054.5,2688.5
2017-01-24,1315.800048828125,3418.0,706.5,4706.0,1502.0,100.4000015258789,1063.0,447.0,1036.5,2705.0
2017-01-25,1341.199951171875,3445.0,711.2000122070312,4730.0,1521.6666259765625,99.9800033569336,1064.0,445.0,1055.5,2766.0
2017-01-26,1352.800048828125,3520.0,742.0,4778.0,1511.0,99.5199966430664,1080.0,446.0,1086.5,2803.5
2017-01-27,1340.800048828125,3505.0,752.9000244140625,4793.0,1527.3333740234375,99.45999908447266,1085.0,448.0,1089.0,2767.0
2017-01-30,1341.0,3502.0,747.2000122070312,4778.0,1522.3333740234375,98.9000015258789,1081.0,440.0,1079.5,2806.5
2017-01-31,1316.800048828125,3423.0,730.9000244140625,4724.0,1503.0,99.58000183105469,1076.0,433.0,1055.0,2736.5
2017-02-01,1309.199951171875,3410.0,727.4000244140625,4768.0,1519.3333740234375,99.16000366210938,1087.0,439.0,1052.0,2794.5
2017-02-02,1286.0,3369.0,721.7000122070312,4864.0,1491.0,97.16000366210938,1067.0,429.0,1043.5,2729.0
2017-02-03,1289.0,3537.0,730.0,4913.0,1483.6666259765625,97.45999908447266,1076.0,425.0,1030.5,2727.5
2017-02-06,1298.5999755859375,3589.0,754.7000122070312,4999.0,1483.6666259765625,97.04000091552734,1082.0,419.0,1029.5,2741.0
2017-02-07,1269.199951171875,3599.0,751.2000122070312,5021.0,1476.0,97.4800033569336,1077.0,423.0,1052.0,2750.0
2017-02-08,1277.0,3573.0,754.0,5030.0,1483.6666259765625,96.58000183105469,1055.0,427.0,1073.0,2764.5
2017-02-09,1251.0,3561.0,740.0,5035.0,1473.6666259765625,97.26000213623047,1046.0,424.0,1073.0,2733.5
2017-02-10,1289.199951171875,3590.0,764.0999755859375,5128.0,1499.6666259765625,99.13999938964844,1067.0,433.0,1099.0,2797.5
2017-02-13,1298.199951171875,3587.0,764.7000122070312,5223.0,1506.3333740234375,97.4000015258789,1083.0,432.0,1098.5,2851.5
2017-02-14,1290.800048828125,3572.0,755.5999755859375,5169.0,1482.6666259765625,95.19999694824219,1064.0,430.0,1092.0,2812.5
2017-02-15,1298.199951171875,3595.0,768.5,5193.0,1485.0,95.33999633789062,1075.0,429.0,1103.5,2825.0
2017-02-16,1291.4000244140625,3560.0,770.7000122070312,5217.0,1473.0,94.33999633789062,1069.0,424.0,1097.5,2818.0
2017-02-17,1280.0,3547.0,763.7999877929688,5222.0,1465.6666259765625,94.22000122070312,1064.0,423.0,1089.5,2818.5
2017-02-20,1286.4000244140625,3508.0,767.7999877929688,5242.0,1467.0,95.41999816894531,1065.0,433.0,1095.0,2818.0
2017-02-21,1295.5999755859375,3521.0,774.0,5266.0,1478.3333740234375,94.54000091552734,1071.0,440.0,1106.0,2819.5
2017-02-22,1300.5999755859375,3535.0,771.9000244140625,5335.0,1480.6666259765625,94.69999694824219,1062.0,441.0,1106.5,2871.5
2017-02-23,1299.5999755859375,3515.0,764.2000122070312,5337.0,1482.6666259765625,95.0199966430664,1071.0,433.0,1099.5,2848.5
2017-02-24,1289.5999755859375,3486.0,758.4000244140625,5349.0,1462.0,95.68000030517578,1060.0,435.0,1106.5,2807.5
2017-02-27,1281.199951171875,3454.0,738.9000244140625,5325.0,1469.0,95.76000213623047,1048.0,429.0,1084.5,2763.5
2017-02-28,1273.0,3478.0,738.4000244140625,5222.0,1466.6666259765625,95.0199966430664,1044.0,432.0,1094.5,2763.5
2017-03-01,1293.199951171875,3529.0,748.2000122070312,5314.0,1484.6666259765625,96.23999786376953,1067.0,431.0,1102.5,2804.5
2017-03-02,1294.0,3583.0,763.0,5293.0,1486.0,96.77999877929688,1078.0,435.0,1115.5,2849.0
2017-03-03,1291.0,3602.0,758.5,5267.0,1472.0,96.80000305175781,1036.0,433.0,1109.0,2860.5
2017-03-06,1288.800048828125,3560.0,759.0,5272.0,1467.6666259765625,97.0,1024.0,431.0,1095.5,2895.0
2017-03-07,1286.0,3522.0,755.2000122070312,5264.0,1463.3333740234375,97.77999877929688,1025.0,429.0,1091.0,2874.0
2017-03-08,1274.0,3513.0,754.2000122070312,5222.0,1450.3333740234375,97.19999694824219,1033.0,430.0,1069.5,2823.5
2017-03-09,1286.800048828125,3532.0,756.9000244140625,5226.0,1436.6666259765625,97.77999877929688,1041.0,428.0,1071.0,2773.5
2017-03-10,1304.0,3661.0,769.5999755859375,5298.0,1456.6666259765625,97.94000244140625,1046.0,428.0,1083.5,2740.5
2017-03-13,1306.0,3659.0,767.9000244140625,5344.0,1460.0,99.26000213623047,1050.0,436.0,1094.0,2733.0
2017-03-14,1290.800048828125,3635.0,767.7000122070312,5360.0,1448.3333740234375,99.16000366210938,1052.0,435.0,1093.0,2711.0
2017-03-15,1295.0,3604.0,774.0999755859375,5365.0,1470.3333740234375,98.94000244140625,1054.0,428.0,1088.0,2666.0
2017-03-16,1290.5999755859375,3619.0,765.0,5314.0,1475.6666259765625,98.86000061035156,1055.0,426.0,1096.0,2681.0
2017-03-17,1275.4000244140625,3639.0,759.0,5313.0,1475.0,98.19999694824219,1048.0,420.0,1091.5,2672.5
2017-03-21,1274.5999755859375,3627.0,745.7000122070312,5315.0,1473.6666259765625,98.91999816894531,1044.0,417.0,1106.5,2653.5
2017-03-22,1232.199951171875,3553.0,713.7000122070312,5222.0,1450.6666259765625,98.45999908447266,1032.0,414.0,1074.0,2578.5
2017-03-23,1232.0,3540.0,708.2999877929688,5239.0,1461.6666259765625,98.91999816894531,1032.0,417.0,1069.5,2584.5
2017-03-24,1245.800048828125,3603.0,717.0999755859375,5262.0,1479.6666259765625,99.83999633789062,1067.0,425.0,1078.5,2601.0
2017-03-27,1231.5999755859375,3577.0,704.5999755859375,5195.0,1453.0,98.5999984741211,1065.0,417.0,1069.0,2553.5
2017-03-28,1243.5999755859375,3605.0,713.9000244140625,5267.0,1463.3333740234375,99.5999984741211,1069.0,424.0,1103.0,2580.5
2017-03-29,1224.800048828125,3704.0,712.2999877929688,5139.0,1478.6666259765625,98.4800033569336,1054.0,442.0,1101.5,2572.5
2017-03-30,1222.199951171875,3734.0,706.7999877929688,5344.0,1454.0,96.36000061035156,1033.0,440.0,1114.5,2565.5
2017-03-31,1208.4000244140625,3766.0,699.7000122070312,5229.0,1454.0,95.04000091552734,1041.0,436.0,1080.0,2565.0
2017-04-03,1209.199951171875,3664.0,694.2999877929688,5249.0,1484.6666259765625,96.66000366210938,1071.0,438.0,1093.5,2531.0
2017-04-04,1196.800048828125,3674.0,683.2999877929688,5272.0,1495.0,96.58000183105469,1054.0,433.0,1080.0,2504.0
2017-04-05,1181.800048828125,3655.0,676.7999877929688,5291.0,1508.6666259765625,97.77999877929688,1055.0,437.0,1065.0,2517.0
2017-04-06,1162.0,3555.0,665.4000244140625,5188.0,1481.3333740234375,97.23999786376953,1039.0,428.0,1038.0,2450.0
2017-04-07,1166.4000244140625,3547.0,667.7000122070312,5230.0,1545.6666259765625,97.80000305175781,1040.0,424.0,1041.0,2454.0
2017-04-10,1179.199951171875,3553.0,679.0,5266.0,1537.6666259765625,97.9000015258789,1044.0,422.0,1054.5,2494.0
2017-04-11,1182.0,3532.0,673.7999877929688,5253.0,1547.3333740234375,97.0199966430664,1043.0,419.0,1040.0,2509.5
2017-04-12,1159.5999755859375,3458.0,663.7000122070312,5250.0,1551.0,97.41999816894531,1045.0,412.0,1029.0,2500.5
2017-04-13,1146.199951171875,3446.0,654.7000122070312,5186.0,1539.3333740234375,96.5199966430664,1041.0,415.0,1019.5,2421.5
2017-04-14,1159.5999755859375,3422.0,652.2000122070312,5138.0,1524.0,94.9800033569336,1026.0,405.0,1015.0,2463.5
2017-04-17,1151.800048828125,3453.0,650.2000122070312,5187.0,1544.6666259765625,95.19999694824219,1023.0,414.0,1014.5,2457.0
2017-04-18,1151.4000244140625,3456.0,655.9000244140625,5195.0,1539.3333740234375,96.12000274658203,1044.0,418.0,1021.5,2447.0
2017-04-19,1139.0,3506.0,655.4000244140625,5308.0,1526.3333740234375,95.26000213623047,1024.0,423.0,1024.0,2456.5
2017-04-20,1150.800048828125,3571.0,666.5999755859375,5214.0,1516.0,95.37999725341797,1033.0,422.0,1030.0,2448.5
2017-04-21,1171.0,3592.0,678.4000244140625,5284.0,1512.6666259765625,96.0199966430664,1047.0,431.0,1042.5,2480.5
2017-04-24,1177.4000244140625,3730.0,688.0,5318.0,1521.0,97.08000183105469,1063.0,434.0,1044.5,2474.0
2017-04-25,1200.0,3715.0,703.0999755859375,5334.0,1533.6666259765625,95.55999755859375,1070.0,441.0,1056.0,2525.5
2017-04-26,1230.800048828125,3742.0,720.0,5323.0,1549.0,94.22000122070312,1076.0,443.0,1074.0,2564.0
2017-04-27,1223.4000244140625,3762.0,721.7000122070312,5327.0,1564.0,93.73999786376953,1071.0,433.0,1079.0,2539.0
2017-04-28,1207.0,3759.0,709.2000122070312,5342.0,1570.0,95.37999725341797,1081.0,433.0,1062.5,2510.5
2017-05-01,1208.4000244140625,3873.0,711.7000122070312,5349.0,1561.6666259765625,96.16000366210938,1084.0,436.0,1068.5,2496.5
2017-05-02,1228.5999755859375,3853.0,715.9000244140625,5376.0,1581.6666259765625,96.77999877929688,1096.0,441.0,1073.5,2525.5
2017-05-08,1247.0,3989.0,734.2999877929688,5496.0,1621.6666259765625,99.5999984741211,1126.0,450.0,1106.5,2519.0
2017-05-09,1227.0,4024.0,728.4000244140625,5510.0,1623.6666259765625,100.16000366210938,1135.0,462.0,1104.0,2473.5
2017-05-10,1216.199951171875,4081.0,727.7000122070312,5489.0,1615.0,101.0,1126.0,460.0,1105.0,2542.5
2017-05-11,1224.5999755859375,4073.0,739.4000244140625,5623.0,1600.3333740234375,101.69999694824219,1172.0,464.0,1126.0,2521.0
2017-05-12,1209.4000244140625,4046.0,730.0,5619.0,1606.6666259765625,102.37999725341797,1191.0,474.0,1111.5,2501.0
2017-05-15,1201.800048828125,4005.0,721.5,5653.0,1615.3333740234375,103.0999984741211,1201.0,464.0,1088.5,2423.0
2017-05-16,1218.5999755859375,4023.0,719.7000122070312,5624.0,1600.0,105.4800033569336,1220.0,463.0,1082.0,2440.5
2017-05-17,1206.800048828125,4033.0,709.5,5740.0,1596.0,105.31999969482422,1210.0,465.0,1089.0,2409.0
2017-05-18,1186.0,3942.0,680.7999877929688,5757.0,1590.0,104.27999877929688,1218.0,459.0,1054.5,2380.0
2017-05-19,1193.0,3937.0,689.9000244140625,5710.0,1591.3333740234375,104.55999755859375,1223.0,459.0,1072.0,2425.0
2017-05-22,1199.4000244140625,3943.0,695.5999755859375,5733.0,1595.6666259765625,104.5199966430664,1230.0,466.0,1069.0,2509.0
2017-05-23,1200.0,3957.0,691.2999877929688,5787.0,1592.3333740234375,104.72000122070312,1240.0,459.0,1061.5,2479.5
2017-05-24,1200.199951171875,3998.0,701.0,5791.0,1591.3333740234375,104.12000274658203,1238.0,461.0,1069.0,2494.0
2017-05-25,1197.0,4001.0,701.5,5800.0,1586.0,104.87999725341797,1242.0,467.0,1064.0,2477.5
2017-05-26,1188.199951171875,4009.0,695.2000122070312,5767.0,1583.0,104.4000015258789,1228.0,463.0,1049.5,2468.5
2017-05-29,1194.0,4038.0,697.9000244140625,5791.0,1579.6666259765625,104.9800033569336,1225.0,462.0,1062.0,2387.0
2017-05-30,1196.199951171875,4031.0,696.5,5754.0,1580.6666259765625,105.0199966430664,1234.0,458.0,1060.5,2402.5
2017-05-31,1186.4000244140625,4034.0,690.9000244140625,5707.0,1569.3333740234375,106.16000366210938,1224.0,454.0,1064.5,2356.5
2017-06-01,1197.800048828125,4029.0,691.2999877929688,5735.0,1579.0,107.05999755859375,1234.0,460.0,1081.5,2367.5
2017-06-02,1218.4000244140625,4159.0,721.5999755859375,5781.0,1597.3333740234375,105.63999938964844,1225.0,466.0,1091.0,2505.0
2017-06-05,1193.5999755859375,4174.0,711.5,5806.0,1605.0,106.94000244140625,1249.0,459.0,1093.5,2435.5
2017-06-06,1182.0,4167.0,710.7000122070312,5678.0,1590.6666259765625,106.91999816894531,1240.0,456.0,1125.0,2407.5
2017-06-07,1180.4000244140625,4126.0,714.5,5629.0,1572.6666259765625,105.9800033569336,1219.0,458.0,1125.5,2431.5
2017-06-08,1161.199951171875,4116.0,723.0,5630.0,1562.3333740234375,105.4000015258789,1223.0,453.0,1127.5,2397.5
2017-06-09,1167.5999755859375,4116.0,734.7000122070312,5554.0,1546.3333740234375,104.76000213623047,1222.0,454.0,1137.5,2416.0
2017-06-12,1176.0,4066.0,733.2999877929688,5601.0,1562.0,104.91999816894531,1240.0,455.0,1152.0,2441.0
2017-06-13,1174.800048828125,4037.0,734.0,5601.0,1567.6666259765625,105.0,1265.0,457.0,1160.0,2423.0
2017-06-14,1171.800048828125,4060.0,729.2999877929688,5586.0,1577.0,104.86000061035156,1294.0,459.0,1124.5,2409.5
2017-06-15,1158.800048828125,4138.0,715.0,5609.0,1595.3333740234375,106.05999755859375,1314.0,456.0,1115.0,2341.0
2017-06-16,1158.800048828125,4137.0,722.5999755859375,5639.0,1594.0,108.37999725341797,1307.0,459.0,1146.0,2341.5
2017-06-19,1157.4000244140625,4290.0,725.2000122070312,5681.0,1582.6666259765625,107.81999969482422,1337.0,464.0,1164.5,2340.5
2017-06-20,1161.800048828125,4278.0,729.5999755859375,5666.0,1593.3333740234375,108.95999908447266,1351.0,466.0,1181.5,2360.0
2017-06-21,1168.0,4228.0,719.7999877929688,5693.0,1594.3333740234375,109.22000122070312,1361.0,460.0,1185.0,2362.0
2017-06-22,1175.4000244140625,4276.0,723.2000122070312,5764.0,1579.0,108.76000213623047,1354.0,457.0,1193.0,2380.0
2017-06-23,1172.0,4275.0,723.9000244140625,5753.0,1586.3333740234375,108.9000015258789,1351.0,461.0,1190.0,2355.0
2017-06-26,1167.5999755859375,4298.0,726.9000244140625,5784.0,1574.3333740234375,108.58000183105469,1345.0,462.0,1199.5,2356.0
2017-06-27,1175.199951171875,4349.0,728.2999877929688,5812.0,1581.3333740234375,109.80000305175781,1338.0,459.0,1205.0,2419.0
2017-06-28,1180.800048828125,4328.0,747.2000122070312,5765.0,1567.0,108.55999755859375,1327.0,462.0,1216.0,2479.0
2017-06-29,1182.0,4365.0,755.2000122070312,5761.0,1558.6666259765625,108.08000183105469,1325.0,463.0,1220.5,2539.5
2017-06-30,1178.5999755859375,4286.0,754.7999877929688,5709.0,1542.6666259765625,106.19999694824219,1321.0,463.0,1207.5,2538.0
2017-07-03,1190.0,4310.0,757.0999755859375,5704.0,1539.6666259765625,106.33999633789062,1335.0,464.0,1228.0,2575.5
2017-07-04,1212.0,4237.0,759.2999877929688,5682.0,1540.6666259765625,106.26000213623047,1322.0,460.0,1203.5,2574.0
2017-07-05,1230.800048828125,4270.0,766.2000122070312,5647.0,1536.0,106.37999725341797,1321.0,461.0,1224.0,2619.5
2017-07-06,1226.800048828125,4259.0,761.2000122070312,5697.0,1542.0,106.66000366210938,1343.0,461.0,1206.5,2634.5
2017-07-07,1231.4000244140625,4245.0,754.0,5637.0,1520.0,105.87999725341797,1310.0,460.0,1201.0,2630.0
2017-07-10,1237.4000244140625,4318.0,749.2999877929688,5694.0,1511.6666259765625,104.5999984741211,1322.0,460.0,1210.5,2649.0
2017-07-11,1252.5999755859375,4439.0,751.4000244140625,5706.0,1509.3333740234375,106.0999984741211,1333.0,461.0,1227.5,2641.0
2017-07-12,1245.0,4477.0,738.4000244140625,5681.0,1514.6666259765625,105.18000030517578,1321.0,471.0,1225.5,2629.5
2017-07-13,1242.0,4478.0,727.0999755859375,5716.0,1506.0,106.54000091552734,1321.0,462.0,1226.5,2626.0
2017-07-14,1251.5999755859375,4499.0,731.7999877929688,5681.0,1506.6666259765625,107.0,1338.0,464.0,1244.0,2659.5
2017-07-17,1251.5999755859375,4499.0,731.7999877929688,5681.0,1506.6666259765625,107.0,1338.0,464.0,1244.0,2659.5
2017-07-18,1236.0,4505.0,721.5999755859375,5763.0,1489.3333740234375,107.37999725341797,1339.0,461.0,1261.0,2654.0
2017-07-19,1225.5999755859375,4497.0,718.0,5751.0,1483.0,108.77999877929688,1340.0,462.0,1281.0,2686.0
2017-07-20,1230.0,4534.0,718.7000122070312,5766.0,1483.0,108.19999694824219,1360.0,463.0,1300.0,2686.5
2017-07-21,1225.199951171875,4539.0,713.5999755859375,5745.0,1477.3333740234375,108.12000274658203,1346.0,461.0,1301.0,2638.0
2017-07-24,1215.800048828125,4485.0,705.4000244140625,5682.0,1482.0,107.91999816894531,1338.0,460.0,1289.5,2644.0
2017-07-25,1221.4000244140625,4467.0,704.7000122070312,5648.0,1475.0,106.54000091552734,1313.0,458.0,1265.5,2624.5
2017-07-26,1237.199951171875,4524.0,711.5999755859375,5640.0,1479.0,106.4800033569336,1317.0,458.0,1246.0,2657.5
2017-07-27,1250.0,4594.0,708.0999755859375,5629.0,1499.3333740234375,107.08000183105469,1317.0,460.0,1262.5,2647.0
2017-07-28,1245.5999755859375,4533.0,702.4000244140625,5640.0,1496.6666259765625,107.63999938964844,1320.0,464.0,1245.0,2630.5
2017-07-31,1246.800048828125,4540.0,700.0,5832.0,1481.6666259765625,107.80000305175781,1328.0,468.0,1264.5,2712.0
2017-08-01,1260.0,4459.0,715.4000244140625,5897.0,1489.0,109.54000091552734,1343.0,471.0,1284.0,2709.0
2017-08-02,1260.0,4417.0,716.7999877929688,5900.0,1494.0,108.77999877929688,1336.0,478.0,1286.5,2725.0
2017-08-03,1245.0,4419.0,712.7999877929688,5950.0,1493.0,108.68000030517578,1344.0,480.0,1290.0,2709.0
2017-08-04,1243.199951171875,4434.0,709.2000122070312,5974.0,1501.0,108.69999694824219,1350.0,475.0,1291.5,2704.5
2017-08-07,1267.800048828125,4410.0,713.4000244140625,5975.0,1496.0,109.0,1384.0,474.0,1308.5,2728.0
2017-08-08,1267.199951171875,4472.0,710.5999755859375,5957.0,1505.3333740234375,108.16000366210938,1322.0,467.0,1288.5,2764.0
2017-08-09,1247.199951171875,4402.0,703.0,5896.0,1488.3333740234375,107.55999755859375,1278.0,462.0,1269.0,2784.0
2017-08-10,1255.0,4338.0,696.7000122070312,5985.0,1489.6666259765625,107.66000366210938,1277.0,456.0,1284.5,2792.5
2017-08-11,1255.0,4338.0,696.7000122070312,5985.0,1489.6666259765625,107.66000366210938,1277.0,456.0,1284.5,2792.5
2017-08-14,1236.0,4257.0,688.5,5917.0,1489.6666259765625,105.0,1263.0,453.0,1273.5,2667.0
2017-08-15,1255.0,4299.0,700.0999755859375,5971.0,1498.0,105.5199966430664,1293.0,452.0,1296.0,2674.0
2017-08-16,1238.800048828125,4325.0,699.7000122070312,5974.0,1490.3333740234375,105.5,1282.0,453.0,1300.0,2652.0
2017-08-17,1235.0,4328.0,693.0999755859375,5930.0,1474.3333740234375,105.55999755859375,1276.0,452.0,1281.5,2678.0
2017-08-18,1225.0,4226.0,679.4000244140625,5887.0,1460.6666259765625,104.44000244140625,1271.0,447.0,1253.0,2615.0
2017-08-21,1232.5999755859375,4183.0,670.5999755859375,5893.0,1465.6666259765625,105.86000061035156,1290.0,449.0,1254.0,2619.5
2017-08-22,1227.5999755859375,4191.0,668.0999755859375,5848.0,1464.3333740234375,106.55999755859375,1284.0,453.0,1251.0,2663.5
2017-08-23,1234.5999755859375,4237.0,665.2999877929688,5892.0,1469.6666259765625,107.66000366210938,1290.0,449.0,1245.5,2620.0
2017-08-24,1221.4000244140625,4168.0,660.0,5895.0,1446.6666259765625,105.68000030517578,1270.0,445.0,1263.5,2555.0
2017-08-25,1231.5999755859375,4199.0,664.2999877929688,5891.0,1459.0,105.81999969482422,1269.0,441.0,1264.5,2584.0
2017-08-28,1225.199951171875,4191.0,657.5999755859375,5934.0,1470.6666259765625,106.72000122070312,1269.0,441.0,1267.0,2595.5
2017-08-29,1218.0,4200.0,656.2999877929688,5974.0,1449.6666259765625,107.16000366210938,1288.0,441.0,1257.0,2590.0
2017-08-30,1230.199951171875,4321.0,660.5,6019.0,1453.0,108.62000274658203,1286.0,441.0,1318.5,2620.0
2017-08-31,1236.5999755859375,4337.0,674.0999755859375,6077.0,1455.0,109.36000061035156,1297.0,445.0,1317.0,2624.5
2017-09-01,1236.4000244140625,4376.0,675.5999755859375,6062.0,1449.0,106.63999938964844,1305.0,450.0,1305.0,2649.0
2017-09-04,1233.800048828125,4373.0,667.7000122070312,5981.0,1429.0,105.33999633789062,1285.0,444.0,1296.0,2609.0
2017-09-05,1243.800048828125,4310.0,667.0999755859375,5988.0,1422.3333740234375,104.81999969482422,1280.0,438.0,1276.0,2613.0
2017-09-06,1233.0,4283.0,657.9000244140625,5948.0,1422.6666259765625,104.63999938964844,1294.0,435.0,1272.5,2623.0
2017-09-07,1247.0,4258.0,656.9000244140625,5963.0,1422.3333740234375,103.9800033569336,1306.0,447.0,1271.5,2628.0
2017-09-08,1244.0,4298.0,653.5999755859375,6017.0,1423.6666259765625,104.08000183105469,1303.0,448.0,1276.5,2600.5
2017-09-11,1259.199951171875,4470.0,661.2000122070312,6129.0,1425.6666259765625,104.16000366210938,1307.0,458.0,1320.0,2602.0
2017-09-12,1272.199951171875,4418.0,672.5,6140.0,1431.6666259765625,103.4800033569336,1287.0,457.0,1333.5,2657.0
2017-09-13,1283.4000244140625,4381.0,682.5999755859375,6130.0,1441.0,103.36000061035156,1282.0,461.0,1345.0,2682.0
2017-09-14,1286.199951171875,4230.0,676.2000122070312,6139.0,1429.3333740234375,102.58000183105469,1286.0,460.0,1368.0,2670.0
2017-09-15,1296.0,4241.0,681.5999755859375,6115.0,1436.6666259765625,102.54000091552734,1298.0,451.0,1375.5,2639.5
2017-09-18,1296.0,4241.0,681.5999755859375,6115.0,1436.6666259765625,102.54000091552734,1298.0,451.0,1375.5,2639.5
2017-09-19,1345.800048828125,4294.0,708.9000244140625,6191.0,1469.0,102.69999694824219,1300.0,458.0,1399.0,2712.0
2017-09-20,1340.5999755859375,4243.0,707.2999877929688,6106.0,1459.6666259765625,102.5199966430664,1320.0,456.0,1390.5,2685.5
2017-09-21,1347.5999755859375,4193.0,719.4000244140625,6091.0,1450.0,102.12000274658203,1320.0,461.0,1386.0,2606.0
2017-09-22,1346.5999755859375,4174.0,723.7000122070312,6090.0,1455.3333740234375,100.31999969482422,1318.0,464.0,1376.5,2557.0
2017-09-25,1356.800048828125,4184.0,719.0,6181.0,1442.0,102.80000305175781,1343.0,465.0,1371.5,2564.0
2017-09-26,1363.0,4099.0,719.7000122070312,6156.0,1454.3333740234375,105.13999938964844,1366.0,468.0,1378.0,2583.0
2017-09-27,1349.5999755859375,4074.0,720.5999755859375,6092.0,1453.0,102.9800033569336,1355.0,465.0,1373.0,2576.5
2017-09-28,1353.800048828125,4120.0,728.9000244140625,6113.0,1451.6666259765625,102.80000305175781,1362.0,456.0,1376.0,2582.5
2017-09-29,1342.0,4186.0,730.7000122070312,6214.0,1448.3333740234375,103.13999938964844,1349.0,454.0,1385.0,2583.5
2017-10-02,1340.199951171875,4184.0,724.5,6139.0,1450.0,102.0999984741211,1340.0,453.0,1396.0,2604.5
2017-10-03,1349.4000244140625,4219.0,727.5999755859375,6219.0,1467.3333740234375,102.36000061035156,1363.0,461.0,1393.5,2628.0
2017-10-04,1346.0,4217.0,720.9000244140625,6251.0,1465.3333740234375,103.80000305175781,1357.0,461.0,1400.0,2647.0
2017-10-05,1356.800048828125,4139.0,716.5,6246.0,1456.3333740234375,104.31999969482422,1360.0,465.0,1385.5,2644.0
2017-10-06,1377.800048828125,4151.0,734.7999877929688,6185.0,1442.6666259765625,103.4800033569336,1359.0,464.0,1386.0,2654.5
2017-10-09,1377.800048828125,4151.0,734.7999877929688,6185.0,1442.6666259765625,103.4800033569336,1359.0,464.0,1386.0,2654.5
2017-10-10,1400.0,4124.0,727.2999877929688,6147.0,1478.3333740234375,102.87999725341797,1396.0,460.0,1400.0,2641.0
2017-10-11,1386.4000244140625,4100.0,728.4000244140625,6148.0,1488.6666259765625,103.5999984741211,1406.0,456.0,1402.5,2573.0
2017-10-12,1385.0,4062.0,720.9000244140625,6145.0,1475.6666259765625,104.4000015258789,1394.0,466.0,1368.5,2547.0
2017-10-13,1379.4000244140625,4113.0,721.7999877929688,6140.0,1516.6666259765625,104.9800033569336,1404.0,465.0,1356.0,2560.0
2017-10-16,1376.199951171875,4160.0,732.7000122070312,6212.0,1531.0,105.13999938964844,1412.0,468.0,1347.5,2605.5
2017-10-17,1387.0,4154.0,729.7000122070312,6261.0,1525.3333740234375,105.4800033569336,1421.0,468.0,1372.5,2660.5
2017-10-18,1397.199951171875,4226.0,725.9000244140625,6304.0,1554.0,106.44000244140625,1433.0,467.0,1359.5,2629.0
2017-10-19,1396.0,4225.0,733.7999877929688,6335.0,1560.0,106.33999633789062,1428.0,467.0,1358.0,2680.5
2017-10-20,1399.800048828125,4237.0,727.7999877929688,6326.0,1567.0,106.05999755859375,1425.0,466.0,1337.0,2676.5
2017-10-23,1396.199951171875,4277.0,739.5,6322.0,1548.6666259765625,105.44000244140625,1436.0,466.0,1359.0,2722.5
2017-10-24,1405.5999755859375,4279.0,751.2999877929688,6337.0,1544.6666259765625,106.0199966430664,1447.0,470.0,1376.0,2776.5
2017-10-25,1397.5999755859375,4240.0,764.7999877929688,6299.0,1534.0,106.33999633789062,1446.0,466.0,1378.0,2797.5
2017-10-26,1406.4000244140625,4270.0,769.7000122070312,6328.0,1518.6666259765625,107.4000015258789,1452.0,466.0,1387.0,2786.5
2017-10-27,1414.5999755859375,4279.0,790.9000244140625,6388.0,1530.0,108.91999816894531,1462.0,467.0,1395.0,2800.0
2017-10-30,1415.4000244140625,4310.0,782.5999755859375,6399.0,1516.6666259765625,109.41999816894531,1468.0,465.0,1388.0,2758.5
2017-10-31,1398.0,4413.0,762.5,6395.0,1524.0,109.45999908447266,1480.0,464.0,1369.0,2701.0
2017-11-01,1407.5999755859375,4918.0,768.0999755859375,6431.0,1526.3333740234375,110.9800033569336,1512.0,467.0,1410.0,2700.0
2017-11-02,1431.0,5054.0,773.7999877929688,6453.0,1530.3333740234375,111.30000305175781,1528.0,468.0,1399.0,2694.0
2017-11-03,1431.0,5054.0,773.7999877929688,6453.0,1530.3333740234375,111.30000305175781,1528.0,468.0,1399.0,2694.0
2017-11-06,1433.800048828125,5222.0,761.5,6409.0,1531.0,112.69999694824219,1549.0,469.0,1371.5,2635.5
2017-11-07,1436.5999755859375,5261.0,767.5,6433.0,1549.6666259765625,115.0,1561.0,473.0,1407.5,2687.5
2017-11-08,1450.800048828125,5410.0,760.4000244140625,6413.0,1555.3333740234375,115.37999725341797,1518.0,474.0,1507.5,2656.0
2017-11-09,1433.199951171875,5226.0,757.0,6369.0,1559.6666259765625,115.5199966430664,1572.0,469.0,1497.5,2724.5
2017-11-10,1421.5999755859375,5252.0,746.5999755859375,6412.0,1555.6666259765625,115.04000091552734,1525.0,459.0,1506.5,2731.5
2017-11-13,1426.4000244140625,5197.0,742.2000122070312,6419.0,1540.0,115.45999908447266,1486.0,451.0,1487.0,2647.0
2017-11-14,1426.4000244140625,5224.0,741.9000244140625,6393.0,1534.3333740234375,116.31999969482422,1477.0,451.0,1448.5,2633.5
2017-11-15,1392.0,5095.0,736.2000122070312,6185.0,1497.0,114.27999877929688,1442.0,442.0,1418.5,2546.0
2017-11-16,1392.4000244140625,5177.0,738.7000122070312,6196.0,1519.6666259765625,116.33999633789062,1459.0,441.0,1425.5,2557.5
2017-11-17,1383.4000244140625,5215.0,743.0999755859375,6210.0,1514.3333740234375,114.87999725341797,1460.0,438.0,1437.0,2536.5
2017-11-20,1386.199951171875,5248.0,735.2000122070312,6189.0,1511.3333740234375,115.31999969482422,1463.0,436.0,1399.5,2515.0
2017-11-21,1405.5999755859375,5217.0,743.9000244140625,6179.0,1519.0,116.05999755859375,1455.0,436.0,1409.0,2539.0
2017-11-22,1415.800048828125,5287.0,759.9000244140625,6155.0,1500.0,115.37999725341797,1458.0,439.0,1397.0,2550.0
2017-11-23,1415.800048828125,5287.0,759.9000244140625,6155.0,1500.0,115.37999725341797,1458.0,439.0,1397.0,2550.0
2017-11-24,1404.5999755859375,5323.0,762.4000244140625,6183.0,1494.0,117.30000305175781,1443.0,439.0,1396.0,2529.0
2017-11-27,1405.199951171875,5363.0,762.7999877929688,6151.0,1482.0,116.54000091552734,1423.0,437.0,1395.0,2536.0
2017-11-28,1407.5999755859375,5332.0,763.4000244140625,6162.0,1500.3333740234375,116.4800033569336,1447.0,440.0,1377.0,2510.5
2017-11-29,1410.4000244140625,5322.0,784.5,6149.0,1521.0,117.30000305175781,1454.0,445.0,1408.0,2616.5
2017-11-30,1408.800048828125,5201.0,792.0999755859375,6184.0,1535.0,117.58000183105469,1452.0,450.0,1405.0,2721.0
2017-12-01,1410.199951171875,5151.0,798.2000122070312,6176.0,1539.0,115.22000122070312,1457.0,448.0,1406.5,2790.0
2017-12-04,1401.5999755859375,5225.0,800.9000244140625,6169.0,1522.6666259765625,114.66000366210938,1450.0,447.0,1390.5,2795.0
2017-12-05,1399.4000244140625,5186.0,802.5999755859375,6150.0,1542.0,116.4000015258789,1478.0,454.0,1368.5,2851.5
2017-12-06,1375.5999755859375,5027.0,785.5,6063.0,1536.0,116.30000305175781,1432.0,451.0,1341.0,2803.0
2017-12-07,1386.4000244140625,5119.0,779.4000244140625,6127.0,1551.3333740234375,115.87999725341797,1485.0,453.0,1414.0,2824.5
2017-12-08,1403.4000244140625,5159.0,783.4000244140625,6161.0,1561.0,115.37999725341797,1488.0,455.0,1434.0,2829.5
2017-12-11,1409.4000244140625,5065.0,794.9000244140625,6180.0,1565.3333740234375,115.08000183105469,1381.0,455.0,1432.0,2858.5
2017-12-12,1408.199951171875,5044.0,812.7999877929688,6125.0,1548.0,114.0,1387.0,457.0,1455.0,2870.5
2017-12-13,1416.0,5033.0,830.0,6210.0,1561.3333740234375,113.83999633789062,1377.0,457.0,1433.0,2838.5
2017-12-14,1419.199951171875,5016.0,809.5999755859375,6274.0,1578.0,113.12000274658203,1391.0,452.0,1443.5,2833.0
2017-12-15,1393.199951171875,5006.0,798.5,6221.0,1579.0,107.0199966430664,1376.0,445.0,1444.0,2799.0
2017-12-18,1432.4000244140625,5161.0,821.5999755859375,6285.0,1575.6666259765625,107.5,1380.0,447.0,1473.0,2801.0
2017-12-19,1438.800048828125,5116.0,817.7000122070312,6334.0,1580.6666259765625,107.0999984741211,1362.0,450.0,1457.0,2798.5
2017-12-20,1450.0,5125.0,835.0,6411.0,1579.0,106.91999816894531,1356.0,446.0,1462.5,2820.0
2017-12-21,1457.5999755859375,5156.0,829.9000244140625,6419.0,1580.6666259765625,107.63999938964844,1364.0,446.0,1460.0,2825.5
2017-12-22,1456.4000244140625,5192.0,845.9000244140625,6455.0,1567.3333740234375,107.18000030517578,1354.0,444.0,1468.5,2863.5
2017-12-25,1456.4000244140625,5191.0,839.7999877929688,6447.0,1565.6666259765625,107.54000091552734,1358.0,441.0,1473.0,2858.0
2017-12-26,1450.5999755859375,5146.0,836.0,6440.0,1573.0,107.0999984741211,1363.0,439.0,1465.5,2860.5
2017-12-27,1454.800048828125,5120.0,835.5,6439.0,1567.0,107.0,1371.0,443.0,1465.0,2882.0
2017-12-28,1444.199951171875,5092.0,816.9000244140625,6406.0,1566.6666259765625,106.37999725341797,1366.0,445.0,1458.0,2890.5
2017-12-29,1442.5999755859375,5083.0,826.4000244140625,6401.0,1561.0,106.0199966430664,1364.0,446.0,1453.5,2891.0
2018-01-01,1442.5999755859375,5083.0,826.4000244140625,6401.0,1561.0,106.0199966430664,1364.0,446.0,1453.5,2891.0
2018-01-02,1442.5999755859375,5083.0,826.4000244140625,6401.0,1561.0,106.0199966430664,1364.0,446.0,1453.5,2891.0
2018-01-03,1442.5999755859375,5083.0,826.4000244140625,6401.0,1561.0,106.0199966430664,1364.0,446.0,1453.5,2891.0
2018-01-04,1482.5999755859375,5279.0,847.0999755859375,6516.0,1586.6666259765625,107.69999694824219,1391.0,451.0,1500.0,2965.5
2018-01-05,1510.4000244140625,5464.0,866.7999877929688,6568.0,1591.0,108.19999694824219,1396.0,458.0,1535.0,3044.0
2018-01-08,1510.4000244140625,5464.0,866.7999877929688,6568.0,1591.0,108.19999694824219,1396.0,458.0,1535.0,3044.0
2018-01-09,1508.199951171875,5612.0,863.4000244140625,6647.0,1590.0,108.66000366210938,1404.0,462.0,1550.0,3070.0
2018-01-10,1541.199951171875,5591.0,876.7999877929688,6666.0,1588.6666259765625,107.5199966430664,1391.0,468.0,1527.0,3058.0
2018-01-11,1525.800048828125,5584.0,881.9000244140625,6545.0,1550.6666259765625,107.5,1380.0,467.0,1514.0,3068.0
2018-01-12,1515.5999755859375,5525.0,873.0999755859375,6445.0,1528.6666259765625,104.58000183105469,1380.0,460.0,1492.5,3074.0
2018-01-15,1530.5999755859375,5463.0,888.7999877929688,6419.0,1520.3333740234375,103.22000122070312,1371.0,458.0,1485.5,3010.0
2018-01-16,1546.5999755859375,5474.0,889.2999877929688,6446.0,1526.3333740234375,104.68000030517578,1375.0,457.0,1488.5,2942.0
2018-01-17,1556.4000244140625,5459.0,880.9000244140625,6391.0,1525.6666259765625,104.44000244140625,1377.0,457.0,1498.0,2901.5
2018-01-18,1539.5999755859375,5449.0,873.2999877929688,6422.0,1515.3333740234375,102.95999908447266,1384.0,452.0,1463.5,2881.0
2018-01-19,1547.800048828125,5512.0,880.7000122070312,6466.0,1512.6666259765625,104.36000061035156,1407.0,455.0,1484.0,2915.5
2018-01-22,1535.800048828125,5572.0,878.9000244140625,6491.0,1525.0,104.81999969482422,1399.0,456.0,1483.5,2870.5
2018-01-23,1548.0,5732.0,886.7999877929688,6621.0,1522.6666259765625,105.13999938964844,1395.0,457.0,1484.0,2903.0
2018-01-24,1534.5999755859375,5442.0,868.0999755859375,6610.0,1544.6666259765625,104.77999877929688,1404.0,460.0,1474.5,2900.0
2018-01-25,1518.800048828125,5249.0,853.2999877929688,6545.0,1544.6666259765625,105.87999725341797,1390.0,458.0,1472.5,2877.5
2018-01-26,1521.5999755859375,5285.0,840.9000244140625,6644.0,1540.6666259765625,105.62000274658203,1398.0,457.0,1460.5,2858.5
2018-01-29,1528.5999755859375,5285.0,846.0,6595.0,1527.6666259765625,106.04000091552734,1383.0,457.0,1466.5,2860.0
2018-01-30,1525.800048828125,5183.0,839.0999755859375,6511.0,1511.6666259765625,104.69999694824219,1336.0,451.0,1442.5,2839.0
2018-01-31,1496.0,5209.0,820.7999877929688,6415.0,1495.3333740234375,103.81999969482422,1312.0,442.0,1424.5,2778.5
2018-02-01,1523.5999755859375,5385.0,857.0,6522.0,1523.3333740234375,106.0199966430664,1330.0,445.0,1462.0,2855.0
2018-02-02,1525.199951171875,5485.0,845.4000244140625,6516.0,1522.3333740234375,105.18000030517578,1338.0,447.0,1430.5,2805.0
2018-02-05,1500.199951171875,5568.0,820.9000244140625,6317.0,1506.0,102.83999633789062,1313.0,444.0,1376.5,2764.5
2018-02-06,1457.199951171875,5336.0,790.5999755859375,5993.0,1465.6666259765625,100.26000213623047,1241.0,421.0,1290.5,2641.5
2018-02-07,1474.4000244140625,5417.0,792.0,6028.0,1485.0,99.81999969482422,1221.0,416.0,1331.0,2648.5
2018-02-08,1510.199951171875,5320.0,800.5999755859375,6136.0,1494.3333740234375,99.9000015258789,1220.0,413.0,1336.5,2636.5
2018-02-09,1493.0,5174.0,778.7999877929688,5976.0,1470.6666259765625,98.08000183105469,1196.0,398.0,1310.5,2577.0
2018-02-12,1493.0,5174.0,778.7999877929688,5976.0,1470.6666259765625,98.08000183105469,1196.0,398.0,1310.5,2577.0
2018-02-13,1455.199951171875,5099.0,767.4000244140625,5900.0,1481.3333740234375,93.80000305175781,1168.0,395.0,1302.5,2528.5
2018-02-14,1424.4000244140625,5078.0,759.0999755859375,5914.0,1476.6666259765625,91.30000305175781,1151.0,389.0,1314.5,2526.0
2018-02-15,1428.4000244140625,5173.0,772.9000244140625,5943.0,1477.3333740234375,93.0999984741211,1150.0,388.0,1300.5,2535.0
2018-02-16,1441.5999755859375,5264.0,776.5,5949.0,1474.6666259765625,94.04000091552734,1169.0,405.0,1323.5,2571.5
2018-02-19,1475.800048828125,5305.0,793.5999755859375,5978.0,1488.0,96.13999938964844,1199.0,414.0,1361.5,2590.5
2018-02-20,1458.199951171875,5296.0,784.5999755859375,5910.0,1500.0,95.9000015258789,1194.0,417.0,1341.0,2562.5
2018-02-21,1460.0,5378.0,769.0999755859375,5923.0,1496.0,95.08000183105469,1199.0,412.0,1351.5,2577.0
2018-02-22,1447.0,5349.0,764.5999755859375,5886.0,1501.3333740234375,97.5,1177.0,401.0,1325.0,2528.5
2018-02-23,1456.5999755859375,5354.0,765.4000244140625,5956.0,1477.6666259765625,97.87999725341797,1209.0,408.0,1380.0,2594.0
2018-02-26,1464.5999755859375,5382.0,769.5999755859375,6064.0,1482.6666259765625,99.5199966430664,1220.0,416.0,1381.0,2626.0
2018-02-27,1475.800048828125,5439.0,779.2000122070312,6201.0,1481.3333740234375,100.36000061035156,1239.0,417.0,1386.5,2658.0
2018-02-28,1447.0,5442.0,762.2999877929688,6112.0,1487.0,99.63999938964844,1214.0,412.0,1383.5,2556.5
2018-03-01,1416.800048828125,5302.0,746.4000244140625,6020.0,1460.3333740234375,98.9000015258789,1187.0,405.0,1346.0,2517.0
2018-03-02,1383.199951171875,5237.0,736.2999877929688,5853.0,1436.3333740234375,98.05999755859375,1155.0,396.0,1310.5,2421.0
2018-03-05,1362.800048828125,5230.0,726.5,5830.0,1444.6666259765625,99.63999938964844,1156.0,391.0,1289.0,2376.5
2018-03-06,1376.4000244140625,5282.0,730.2000122070312,5862.0,1445.3333740234375,100.0999984741211,1170.0,400.0,1316.0,2399.5
2018-03-07,1359.4000244140625,5316.0,715.7000122070312,5783.0,1447.3333740234375,100.4000015258789,1174.0,391.0,1291.5,2347.0
2018-03-08,1363.0,5377.0,719.9000244140625,5771.0,1454.0,99.5999984741211,1172.0,389.0,1311.0,2359.5
2018-03-09,1358.199951171875,5393.0,717.0999755859375,5618.0,1458.3333740234375,99.9000015258789,1198.0,384.0,1357.0,2343.0
2018-03-12,1391.5999755859375,5299.0,732.2000122070312,5686.0,1486.6666259765625,100.30000305175781,1201.0,390.0,1402.5,2409.5
2018-03-13,1393.800048828125,5356.0,737.7000122070312,5696.0,1493.6666259765625,100.19999694824219,1207.0,395.0,1410.0,2393.0
2018-03-14,1387.800048828125,5400.0,731.2999877929688,5648.0,1485.0,99.91999816894531,1188.0,393.0,1405.5,2408.5
2018-03-15,1386.199951171875,5446.0,723.9000244140625,5641.0,1483.6666259765625,100.0,1178.0,393.0,1411.5,2403.5
2018-03-16,1376.800048828125,5371.0,717.0,5642.0,1489.0,100.55999755859375,1180.0,388.0,1407.5,2380.5
2018-03-19,1365.4000244140625,5144.0,706.2999877929688,5561.0,1498.0,100.04000091552734,1177.0,390.0,1410.0,2348.0
2018-03-20,1370.5999755859375,5138.0,710.0999755859375,5493.0,1490.6666259765625,100.86000061035156,1173.0,398.0,1403.0,2372.5
2018-03-21,1370.5999755859375,5138.0,710.0999755859375,5493.0,1490.6666259765625,100.86000061035156,1173.0,398.0,1403.0,2372.5
2018-03-22,1369.199951171875,5239.0,711.0999755859375,5609.0,1493.3333740234375,100.13999938964844,1174.0,392.0,1398.5,2359.5
2018-03-23,1320.5999755859375,5096.0,685.5999755859375,5487.0,1456.3333740234375,97.5999984741211,1135.0,385.0,1363.0,2272.5
2018-03-26,1328.4000244140625,5079.0,687.9000244140625,5550.0,1457.6666259765625,97.66000366210938,1130.0,383.0,1382.5,2269.0
2018-03-27,1378.199951171875,5232.0,710.2999877929688,5640.0,1500.0,98.4000015258789,1171.0,395.0,1426.0,2320.0
2018-03-28,1372.4000244140625,5174.0,702.4000244140625,5532.0,1488.6666259765625,98.0,1150.0,406.0,1406.5,2325.5
2018-03-29,1368.4000244140625,5110.0,696.2999877929688,5120.0,1510.6666259765625,98.04000091552734,1156.0,413.0,1398.5,2308.0
2018-03-30,1365.0,5146.0,697.0,5183.0,1521.3333740234375,98.0,1164.0,410.0,1399.0,2336.5
2018-04-02,1355.800048828125,5173.0,691.4000244140625,5104.0,1514.3333740234375,99.13999938964844,1152.0,411.0,1400.5,2327.5
2018-04-03,1346.0,5150.0,694.4000244140625,5157.0,1514.0,99.63999938964844,1146.0,410.0,1402.0,2324.5
2018-04-04,1347.800048828125,5137.0,686.5999755859375,5285.0,1522.6666259765625,100.77999877929688,1146.0,410.0,1401.0,2340.5
2018-04-05,1350.0,5213.0,699.7000122070312,5265.0,1541.3333740234375,102.62000274658203,1153.0,410.0,1416.0,2320.5
2018-04-06,1345.5999755859375,5205.0,692.7999877929688,5000.0,1593.3333740234375,102.58000183105469,1148.0,412.0,1402.5,2300.0
2018-04-09,1348.199951171875,5220.0,702.0,5025.0,1591.6666259765625,103.9800033569336,1143.0,419.0,1402.5,2296.0
2018-04-10,1367.5999755859375,5328.0,704.4000244140625,5000.0,1588.0,103.5,1163.0,421.0,1425.5,2342.0
2018-04-11,1369.0,5272.0,707.2000122070312,5055.0,1566.6666259765625,102.16000366210938,1156.0,423.0,1421.5,2354.0
2018-04-12,1374.5999755859375,5200.0,698.0999755859375,4995.0,1566.6666259765625,101.63999938964844,1149.0,422.0,1430.0,2339.5
2018-04-13,1382.0,5245.0,715.4000244140625,4911.0,1561.3333740234375,101.45999908447266,1162.0,425.0,1450.0,2393.0
2018-04-16,1387.199951171875,5288.0,712.5,5016.0,1583.6666259765625,102.55999755859375,1153.0,430.0,1448.5,2389.5
2018-04-17,1378.4000244140625,5312.0,705.2000122070312,5117.0,1585.6666259765625,102.0999984741211,1151.0,433.0,1445.5,2350.0
2018-04-18,1387.4000244140625,5395.0,705.5,5098.0,1598.6666259765625,103.27999877929688,1185.0,450.0,1494.0,2354.0
2018-04-19,1384.5999755859375,5371.0,714.4000244140625,5095.0,1591.6666259765625,103.45999908447266,1189.0,457.0,1513.0,2421.0
2018-04-20,1391.4000244140625,5385.0,716.2999877929688,4857.0,1586.6666259765625,103.37999725341797,1186.0,456.0,1506.0,2422.5
2018-04-23,1394.0,5350.0,730.4000244140625,4923.0,1580.3333740234375,103.45999908447266,1185.0,467.0,1495.5,2436.0
2018-04-24,1422.0,5438.0,748.5,4851.0,1600.0,103.30000305175781,1203.0,480.0,1520.5,2459.5
2018-04-25,1433.5999755859375,5410.0,750.2999877929688,4510.0,1593.3333740234375,104.12000274658203,1214.0,480.0,1535.5,2431.0
2018-04-26,1433.800048828125,5443.0,745.7000122070312,4556.0,1587.3333740234375,103.83999633789062,1232.0,492.0,1508.5,2365.5
2018-04-27,1436.199951171875,5400.0,733.2000122070312,4621.0,1601.6666259765625,104.0999984741211,1262.0,521.0,1507.5,2385.0
2018-04-30,1436.199951171875,5400.0,733.2000122070312,4621.0,1601.6666259765625,104.0999984741211,1262.0,521.0,1507.5,2385.0
2018-05-01,1439.0,5073.0,711.5999755859375,4594.0,1603.3333740234375,104.80000305175781,1239.0,546.0,1530.5,2400.0
2018-05-02,1433.0,5083.0,710.2000122070312,4535.0,1591.3333740234375,103.58000183105469,1252.0,540.0,1511.0,2400.0
2018-05-03,1433.0,5083.0,710.2000122070312,4535.0,1591.3333740234375,103.58000183105469,1252.0,540.0,1511.0,2400.0
2018-05-04,1433.0,5083.0,710.2000122070312,4535.0,1591.3333740234375,103.58000183105469,1252.0,540.0,1511.0,2400.0
2018-05-07,1440.199951171875,5198.0,709.0,4460.0,1598.3333740234375,104.77999877929688,1233.0,565.0,1499.0,2449.5
2018-05-08,1431.0,5182.0,715.0,4638.0,1600.0,105.68000030517578,1236.0,597.0,1507.0,2440.5
2018-05-09,1484.800048828125,5138.0,716.7999877929688,4529.0,1593.3333740234375,105.45999908447266,1211.0,547.0,1524.0,2427.5
2018-05-10,1518.4000244140625,5109.0,719.0,4621.0,1587.3333740234375,105.31999969482422,1225.0,545.0,1518.5,2443.0
2018-05-11,1508.5999755859375,5177.0,723.0,4654.0,1602.0,106.22000122070312,1254.0,562.0,1469.5,2471.0
2018-05-14,1512.0,5289.0,724.7000122070312,4798.0,1613.0,107.83999633789062,1234.0,587.0,1485.0,2501.0
2018-05-15,1502.800048828125,5271.0,737.0999755859375,4695.0,1618.0,108.58000183105469,1231.0,578.0,1468.0,2507.0
2018-05-16,1510.199951171875,5277.0,719.7000122070312,4757.0,1616.0,106.80000305175781,1181.0,579.0,1490.0,2483.5
2018-05-17,1511.0,5390.0,728.5,4739.0,1603.0,105.27999877929688,1166.0,576.0,1525.0,2515.5
2018-05-18,1514.199951171875,5416.0,723.5,4690.0,1607.3333740234375,105.94000244140625,1162.0,586.0,1524.5,2516.5
2018-05-21,1512.4000244140625,5388.0,720.2999877929688,4630.0,1612.0,105.83999633789062,1161.0,578.0,1530.0,2486.5
2018-05-22,1505.4000244140625,5282.0,718.5999755859375,4676.0,1609.0,105.5,1154.0,557.0,1514.0,2472.5
2018-05-23,1487.0,5150.0,713.0,4600.0,1624.6666259765625,106.13999938964844,1142.0,548.0,1503.5,2464.0
2018-05-24,1441.5999755859375,5100.0,699.2999877929688,4499.0,1620.0,103.4000015258789,1119.0,540.0,1474.0,2401.5
2018-05-25,1423.0,5081.0,692.4000244140625,4465.0,1633.6666259765625,102.76000213623047,1136.0,538.0,1477.5,2365.5
2018-05-28,1410.4000244140625,5183.0,693.0,4448.0,1623.6666259765625,102.63999938964844,1141.0,539.0,1480.5,2360.5
2018-05-29,1395.199951171875,5160.0,684.2999877929688,4473.0,1631.3333740234375,102.54000091552734,1130.0,530.0,1470.0,2338.5
2018-05-30,1368.199951171875,5119.0,661.0,4384.0,1607.0,103.08000183105469,1104.0,527.0,1468.5,2281.0
2018-05-31,1384.199951171875,5160.0,655.7999877929688,4452.0,1607.0,102.12000274658203,1099.0,517.0,1495.5,2282.5
2018-06-01,1424.4000244140625,5162.0,666.2000122070312,4300.0,1597.3333740234375,101.9800033569336,1142.0,513.0,1488.0,2303.5
2018-06-04,1480.199951171875,5319.0,682.5,4243.0,1617.0,103.4000015258789,1152.0,510.0,1499.0,2326.0
2018-06-05,1469.0,5389.0,680.0999755859375,4296.0,1624.6666259765625,103.9000015258789,1141.0,504.0,1514.5,2326.5
2018-06-06,1494.800048828125,5539.0,672.9000244140625,4304.0,1632.3333740234375,104.5999984741211,1163.0,505.0,1505.0,2329.0
2018-06-07,1505.4000244140625,5521.0,682.2999877929688,4326.0,1626.0,102.80000305175781,1159.0,514.0,1514.5,2339.0
2018-06-08,1496.0,5450.0,676.5,4290.0,1636.0,102.80000305175781,1142.0,511.0,1518.0,2293.0
2018-06-11,1498.4000244140625,5509.0,676.7000122070312,4291.0,1684.3333740234375,103.4800033569336,1152.0,514.0,1516.0,2299.0
2018-06-12,1479.4000244140625,5478.0,675.2999877929688,4384.0,1678.6666259765625,103.76000213623047,1154.0,507.0,1502.0,2277.5
2018-06-13,1499.199951171875,5501.0,676.5,4367.0,1662.6666259765625,104.68000030517578,1155.0,518.0,1475.0,2277.5
2018-06-14,1485.800048828125,5387.0,670.0,4338.0,1649.0,103.95999908447266,1141.0,514.0,1446.0,2267.5
2018-06-15,1512.4000244140625,5445.0,658.7000122070312,4365.0,1648.6666259765625,104.72000122070312,1142.0,507.0,1446.0,2255.0
2018-06-18,1506.0,5359.0,653.2000122070312,4306.0,1630.0,104.87999725341797,1166.0,506.0,1455.5,2222.5
2018-06-19,1494.0,5306.0,640.2999877929688,4203.0,1604.0,103.26000213623047,1138.0,506.0,1431.5,2189.0
2018-06-20,1489.5999755859375,5404.0,637.0999755859375,4302.0,1620.6666259765625,104.26000213623047,1156.0,514.0,1409.5,2173.5
2018-06-21,1479.199951171875,5487.0,623.0999755859375,4494.0,1614.0,103.87999725341797,1151.0,510.0,1404.0,2167.0
2018-06-22,1439.800048828125,5496.0,625.2999877929688,4468.0,1606.6666259765625,103.13999938964844,1138.0,511.0,1394.0,2169.0
2018-06-25,1418.199951171875,5491.0,625.0,4526.0,1593.3333740234375,102.73999786376953,1133.0,509.0,1396.5,2174.5
2018-06-26,1416.199951171875,5487.0,631.0,4502.0,1614.3333740234375,102.66000366210938,1154.0,520.0,1408.0,2185.0
2018-06-27,1407.800048828125,5595.0,631.0,4420.0,1622.0,103.9800033569336,1154.0,521.0,1415.5,2173.0
2018-06-28,1423.199951171875,5726.0,630.2000122070312,4524.0,1605.6666259765625,101.69999694824219,1160.0,516.0,1408.5,2164.0
2018-06-29,1434.0,5664.0,631.0999755859375,4678.0,1610.3333740234375,100.72000122070312,1153.0,516.0,1408.0,2175.5
2018-07-02,1413.5999755859375,5595.0,621.5999755859375,4560.0,1562.0,97.80000305175781,1101.0,511.0,1398.0,2117.0
2018-07-03,1415.0,5624.0,621.0,4574.0,1544.3333740234375,98.5999984741211,1097.0,513.0,1397.0,2108.5
2018-07-04,1419.5999755859375,5532.0,621.2999877929688,4544.0,1560.6666259765625,101.0199966430664,1101.0,515.0,1395.5,2095.5
2018-07-05,1417.199951171875,5344.0,615.5999755859375,4536.0,1540.3333740234375,100.30000305175781,1080.0,513.0,1381.5,2070.0
2018-07-06,1432.4000244140625,5450.0,618.5999755859375,4623.0,1522.0,99.31999969482422,1081.0,524.0,1401.5,2102.5
2018-07-09,1442.0,5692.0,628.7000122070312,4630.0,1500.0,101.08000183105469,1112.0,530.0,1409.0,2113.0
2018-07-10,1430.199951171875,5705.0,636.5,4630.0,1501.3333740234375,100.55999755859375,1132.0,523.0,1415.5,2125.0
2018-07-11,1426.4000244140625,5742.0,632.9000244140625,4586.0,1498.3333740234375,100.9800033569336,1145.0,518.0,1406.0,2102.5
2018-07-12,1446.800048828125,5794.0,634.0,4611.0,1500.0,101.9800033569336,1137.0,520.0,1399.0,2098.0
2018-07-13,1455.5999755859375,5978.0,638.2999877929688,4691.0,1504.6666259765625,102.37999725341797,1129.0,509.0,1427.0,2120.0
2018-07-16,1455.5999755859375,5978.0,638.2999877929688,4691.0,1504.6666259765625,102.37999725341797,1129.0,509.0,1427.0,2120.0
2018-07-17,1474.5999755859375,6006.0,656.4000244140625,4730.0,1541.0,102.4800033569336,1126.0,516.0,1455.0,2145.5
2018-07-18,1494.5999755859375,5975.0,653.7000122070312,4725.0,1546.0,103.68000030517578,1144.0,519.0,1477.0,2145.0
2018-07-19,1491.4000244140625,5939.0,663.0999755859375,4734.0,1531.0,103.0199966430664,1131.0,513.0,1464.5,2161.5
2018-07-20,1488.0,5933.0,662.5999755859375,4728.0,1542.3333740234375,102.27999877929688,1116.0,515.0,1467.0,2135.0
2018-07-23,1462.199951171875,5888.0,686.7000122070312,4733.0,1531.6666259765625,101.86000061035156,1115.0,513.0,1453.5,2133.0
2018-07-24,1473.0,5837.0,690.5,4716.0,1527.0,101.0,1129.0,515.0,1452.5,2183.5
2018-07-25,1464.5999755859375,5915.0,687.5999755859375,4727.0,1521.6666259765625,101.08000183105469,1145.0,518.0,1461.0,2223.5
2018-07-26,1476.800048828125,5945.0,689.7999877929688,4738.0,1535.6666259765625,102.27999877929688,1180.0,536.0,1474.0,2226.0
2018-07-27,1491.199951171875,5966.0,692.0,4678.0,1542.6666259765625,102.33999633789062,1174.0,538.0,1483.0,2228.5
2018-07-30,1498.5999755859375,5865.0,703.2000122070312,4621.0,1531.6666259765625,102.33999633789062,1177.0,536.0,1484.5,2240.0
2018-07-31,1461.0,5828.0,689.4000244140625,4675.0,1518.3333740234375,103.36000061035156,1165.0,534.0,1490.5,2223.5
2018-08-01,1479.800048828125,6105.0,706.0,4844.0,1510.6666259765625,103.4800033569336,1160.0,544.0,1509.0,2304.0
2018-08-02,1456.4000244140625,6117.0,702.5,4781.0,1501.3333740234375,102.36000061035156,1134.0,555.0,1602.5,2286.5
2018-08-03,1444.0,6111.0,693.0999755859375,4759.0,1501.0,103.5999984741211,1115.0,547.0,1564.5,2234.5
2018-08-06,1426.5999755859375,6074.0,677.2000122070312,4770.0,1501.6666259765625,103.62000274658203,1060.0,548.0,1558.5,2265.0
2018-08-07,1429.199951171875,6163.0,673.0999755859375,4770.0,1514.0,104.9800033569336,1080.0,550.0,1583.0,2278.5
2018-08-08,1412.199951171875,6095.0,680.0,4748.0,1512.0,108.72000122070312,1037.0,538.0,1581.0,2302.5
2018-08-09,1398.0,6153.0,676.7000122070312,4741.0,1516.3333740234375,108.0199966430664,1049.0,536.0,1587.0,2302.0
2018-08-10,1390.199951171875,6051.0,669.5,4692.0,1508.6666259765625,105.81999969482422,1048.0,534.0,1567.5,2264.5
2018-08-13,1361.0,5917.0,650.9000244140625,4640.0,1499.0,102.62000274658203,1026.0,529.0,1530.5,2207.5
2018-08-14,1372.800048828125,6024.0,653.7000122070312,4587.0,1516.0,105.4000015258789,1054.0,533.0,1574.0,2231.5
2018-08-15,1363.0,6000.0,650.2999877929688,4540.0,1520.3333740234375,106.86000061035156,1030.0,531.0,1565.0,2196.0
2018-08-16,1355.0,5947.0,658.5,4613.0,1516.3333740234375,104.72000122070312,1021.0,534.0,1548.5,2199.5
2018-08-17,1360.5999755859375,6040.0,671.0,4537.0,1536.0,104.19999694824219,1026.0,540.0,1555.0,2228.5
2018-08-20,1352.0,6000.0,673.2000122070312,4536.0,1537.6666259765625,102.81999969482422,1029.0,540.0,1574.0,2216.5
2018-08-21,1344.800048828125,5972.0,668.0999755859375,4557.0,1520.0,100.04000091552734,1017.0,539.0,1576.0,2243.0
2018-08-22,1375.800048828125,5991.0,670.2999877929688,4574.0,1505.3333740234375,97.91999816894531,1027.0,540.0,1589.0,2303.5
2018-08-23,1360.4000244140625,5984.0,668.0999755859375,4521.0,1509.0,98.91999816894531,1032.0,531.0,1585.0,2272.5
2018-08-24,1366.0,6055.0,668.5999755859375,4616.0,1517.3333740234375,100.66000366210938,1042.0,530.0,1589.0,2242.0
2018-08-27,1393.199951171875,6170.0,671.7999877929688,4651.0,1532.3333740234375,99.83999633789062,1051.0,535.0,1620.5,2263.5
2018-08-28,1405.199951171875,6173.0,674.2000122070312,4660.0,1525.6666259765625,100.23999786376953,1054.0,529.0,1628.5,2277.0
2018-08-29,1414.0,6292.0,685.7000122070312,4594.0,1519.0,99.94000244140625,1051.0,525.0,1633.0,2292.0
2018-08-30,1400.5999755859375,6344.0,683.2999877929688,4600.0,1514.3333740234375,99.81999969482422,1041.0,524.0,1640.0,2279.5
2018-08-31,1386.0,6348.0,670.7999877929688,4653.0,1508.3333740234375,99.0,1041.0,514.0,1630.0,2235.5
2018-09-03,1363.199951171875,6276.0,668.0,4638.0,1520.6666259765625,98.94000244140625,1023.0,511.0,1622.0,2197.0
2018-09-04,1354.5999755859375,6278.0,670.7000122070312,4635.0,1514.0,98.77999877929688,1029.0,508.0,1586.5,2181.5
2018-09-05,1344.199951171875,6234.0,667.2000122070312,4558.0,1499.6666259765625,95.86000061035156,1033.0,499.0,1578.0,2161.0
2018-09-06,1333.4000244140625,6288.0,670.2999877929688,4488.0,1500.0,94.44000244140625,1037.0,488.0,1572.5,2145.5
2018-09-07,1319.199951171875,6230.0,668.2000122070312,4374.0,1517.6666259765625,94.36000061035156,1016.0,495.0,1565.5,2151.5
2018-09-10,1318.800048828125,6245.0,672.4000244140625,4433.0,1522.3333740234375,96.58000183105469,1020.0,498.0,1573.5,2147.0
2018-09-11,1340.0,6335.0,674.7999877929688,4600.0,1544.6666259765625,97.33999633789062,1014.0,499.0,1573.0,2112.0
2018-09-12,1332.199951171875,6352.0,666.0,4574.0,1585.0,97.77999877929688,1009.0,502.0,1560.0,2108.5
2018-09-13,1356.5999755859375,6394.0,674.0,4652.0,1636.3333740234375,99.22000122070312,1045.0,514.0,1574.5,2148.0
2018-09-14,1369.5999755859375,6630.0,680.5999755859375,4685.0,1660.0,99.37999725341797,1068.0,520.0,1593.0,2178.0
2018-09-17,1369.5999755859375,6630.0,680.5999755859375,4685.0,1660.0,99.37999725341797,1068.0,520.0,1593.0,2178.0
2018-09-18,1392.0,6652.0,692.4000244140625,4737.0,1666.6666259765625,102.95999908447266,1067.0,533.0,1657.5,2271.5
2018-09-19,1403.800048828125,6682.0,702.7000122070312,4686.0,1700.0,103.08000183105469,1088.0,535.0,1690.0,2310.5
2018-09-20,1395.800048828125,6574.0,714.0999755859375,4713.0,1672.3333740234375,102.68000030517578,1112.0,535.0,1683.0,2339.5
2018-09-21,1400.0,6444.0,722.0999755859375,4713.0,1690.6666259765625,104.13999938964844,1113.0,538.0,1668.5,2376.5
2018-09-24,1400.0,6444.0,722.0999755859375,4713.0,1690.6666259765625,104.13999938964844,1113.0,538.0,1668.5,2376.5
2018-09-25,1424.4000244140625,6658.0,727.7000122070312,4757.0,1683.3333740234375,105.72000122070312,1138.0,542.0,1682.5,2423.5
2018-09-26,1406.0,6768.0,716.2999877929688,4835.0,1695.0,104.95999908447266,1125.0,540.0,1709.5,2391.5
2018-09-27,1401.5999755859375,6665.0,705.2000122070312,4899.0,1695.6666259765625,103.55999755859375,1074.0,545.0,1726.5,2385.5
2018-09-28,1419.0,6966.0,709.0999755859375,4861.0,1686.6666259765625,102.63999938964844,1076.0,558.0,1723.0,2403.5
2018-10-01,1412.0,6879.0,713.5,4723.0,1690.3333740234375,103.27999877929688,1076.0,548.0,1730.0,2398.5
2018-10-02,1435.0,6836.0,714.0,4725.0,1704.0,103.36000061035156,1085.0,554.0,1744.0,2416.5
2018-10-03,1392.800048828125,6621.0,701.9000244140625,4747.0,1697.0,102.0999984741211,1085.0,559.0,1739.0,2388.5
2018-10-04,1401.0,6613.0,723.9000244140625,4650.0,1710.0,100.86000061035156,1074.0,566.0,1740.5,2396.0
2018-10-05,1400.4000244140625,6596.0,732.7000122070312,4556.0,1704.6666259765625,101.23999786376953,1069.0,577.0,1708.5,2367.0
2018-10-08,1400.4000244140625,6596.0,732.7000122070312,4556.0,1704.6666259765625,101.23999786376953,1069.0,577.0,1708.5,2367.0
2018-10-09,1357.199951171875,6577.0,724.2999877929688,4500.0,1696.0,99.72000122070312,1070.0,569.0,1704.5,2349.0
2018-10-10,1352.0,6569.0,727.5999755859375,4539.0,1693.0,99.87999725341797,1079.0,587.0,1610.5,2329.5
2018-10-11,1319.4000244140625,6288.0,694.0999755859375,4429.0,1646.6666259765625,98.22000122070312,1036.0,574.0,1545.5,2252.5
2018-10-12,1321.5999755859375,6258.0,685.5999755859375,4394.0,1616.0,97.77999877929688,1049.0,565.0,1538.0,2228.0
2018-10-15,1290.0,6218.0,672.0,4406.0,1594.6666259765625,95.5199966430664,1024.0,566.0,1516.0,2209.5
2018-10-16,1304.4000244140625,6356.0,679.0999755859375,4550.0,1592.6666259765625,99.81999969482422,1036.0,576.0,1521.5,2246.5
2018-10-17,1322.4000244140625,6498.0,689.7999877929688,4661.0,1591.6666259765625,101.87999725341797,1059.0,583.0,1528.5,2226.5
2018-10-18,1328.199951171875,6418.0,692.2000122070312,4704.0,1602.3333740234375,101.77999877929688,1053.0,586.0,1490.5,2203.0
2018-10-19,1315.4000244140625,6341.0,686.5999755859375,4641.0,1614.6666259765625,99.9000015258789,1049.0,590.0,1479.0,2202.0
2018-10-22,1309.800048828125,6309.0,688.2000122070312,4602.0,1612.0,99.4800033569336,1050.0,587.0,1448.0,2210.5
2018-10-23,1308.800048828125,6184.0,671.7000122070312,4528.0,1580.3333740234375,96.5999984741211,993.0,576.0,1406.5,2139.5
2018-10-24,1315.5999755859375,6208.0,664.0999755859375,4508.0,1603.3333740234375,96.94000244140625,998.0,575.0,1366.0,2132.5
2018-10-25,1280.4000244140625,5869.0,650.2000122070312,4303.0,1599.0,96.30000305175781,962.0,572.0,1318.0,2046.5
2018-10-26,1306.800048828125,5834.0,653.0999755859375,4368.0,1588.6666259765625,97.80000305175781,969.0,572.0,1315.5,2049.5
2018-10-29,1285.199951171875,5802.0,649.2000122070312,4461.0,1602.6666259765625,96.54000091552734,988.0,583.0,1314.5,2056.0
2018-10-30,1297.0,5862.0,663.7999877929688,4473.0,1623.0,94.0,990.0,578.0,1324.0,2065.0
2018-10-31,1323.0,6140.0,684.7999877929688,4570.0,1631.0,95.0,997.0,578.0,1357.0,2087.0
2018-11-01,1315.199951171875,6287.0,680.7999877929688,4587.0,1644.0,81.0,1002.0,578.0,1350.5,2055.5
2018-11-02,1311.4000244140625,6190.0,679.7000122070312,4627.0,1639.0,86.4000015258789,1015.0,567.0,1303.0,2133.0
2018-11-05,1298.800048828125,6008.0,673.7000122070312,4560.0,1611.3333740234375,84.5,1047.0,570.0,1246.5,2128.0
2018-11-06,1326.0,6090.0,677.4000244140625,4628.0,1662.0,85.76000213623047,1050.0,576.0,1257.5,2203.0
2018-11-07,1327.800048828125,6105.0,673.5,4647.0,1642.6666259765625,89.91999816894531,1029.0,568.0,1233.5,2166.0
2018-11-08,1337.199951171875,6259.0,684.7999877929688,4605.0,1682.3333740234375,91.30000305175781,1041.0,584.0,1239.5,2220.5
2018-11-09,1339.199951171875,6248.0,685.4000244140625,4497.0,1669.3333740234375,90.68000030517578,1042.0,593.0,1232.5,2201.0
2018-11-12,1341.800048828125,6056.0,680.0,4559.0,1676.6666259765625,91.45999908447266,1078.0,598.0,1243.0,2197.5
2018-11-13,1309.0,5893.0,666.5,4520.0,1648.0,90.26000213623047,1063.0,590.0,1189.0,2121.5
2018-11-14,1333.4000244140625,5853.0,676.2999877929688,4500.0,1660.6666259765625,89.63999938964844,1063.0,630.0,1230.0,2126.0
2018-11-15,1328.0,5809.0,654.9000244140625,4407.0,1668.3333740234375,91.36000061035156,1078.0,647.0,1218.5,2119.5
2018-11-16,1318.199951171875,5690.0,651.7999877929688,4293.0,1667.0,91.87999725341797,1088.0,641.0,1225.5,2143.5
2018-11-19,1322.4000244140625,5891.0,639.4000244140625,4451.0,1661.6666259765625,91.72000122070312,1090.0,640.0,1215.0,2119.0
2018-11-20,1343.4000244140625,5709.0,638.7000122070312,4476.0,1657.6666259765625,93.0999984741211,1106.0,662.0,1209.0,2132.5
2018-11-21,1343.0,5686.0,635.7999877929688,4319.0,1647.0,92.4000015258789,1092.0,664.0,1211.5,2102.5
2018-11-22,1364.199951171875,5690.0,626.7000122070312,4304.0,1663.0,94.0999984741211,1097.0,668.0,1214.5,2087.5
2018-11-23,1364.199951171875,5690.0,626.7000122070312,4304.0,1663.0,94.0999984741211,1097.0,668.0,1214.5,2087.5
2018-11-26,1361.0,5699.0,620.2000122070312,4288.0,1670.6666259765625,94.0,1142.0,664.0,1199.5,2080.0
2018-11-27,1385.4000244140625,5802.0,631.2999877929688,4180.0,1650.0,93.81999969482422,1132.0,674.0,1226.5,2089.5
2018-11-28,1373.199951171875,5904.0,624.4000244140625,4236.0,1640.0,94.9000015258789,1130.0,682.0,1221.0,2072.5
2018-11-29,1378.800048828125,5890.0,628.2000122070312,4160.0,1610.6666259765625,92.0,1129.0,689.0,1242.0,2072.0
2018-11-30,1360.5999755859375,5937.0,624.5,4255.0,1647.6666259765625,93.5999984741211,1132.0,689.0,1243.0,2076.0
2018-12-03,1406.4000244140625,6122.0,630.0,4230.0,1627.0,92.9000015258789,1132.0,693.0,1257.5,2103.0
2018-12-04,1382.199951171875,5954.0,616.2999877929688,4195.0,1595.3333740234375,90.37999725341797,1092.0,663.0,1216.0,2060.5
2018-12-05,1382.0,5935.0,610.9000244140625,4240.0,1597.6666259765625,90.77999877929688,1112.0,675.0,1225.0,2037.5
2018-12-06,1375.199951171875,5776.0,604.5,4104.0,1608.3333740234375,90.66000366210938,1107.0,675.0,1179.5,1999.0
2018-12-07,1371.5999755859375,5886.0,602.2000122070312,3889.0,1636.6666259765625,91.9800033569336,1088.0,693.0,1182.0,1985.5
2018-12-10,1364.0,5694.0,596.5,3771.0,1622.3333740234375,91.9000015258789,1070.0,688.0,1145.5,1962.5
2018-12-11,1349.0,5735.0,584.5999755859375,3692.0,1644.3333740234375,94.0,1047.0,685.0,1122.0,1929.0
2018-12-12,1379.0,5941.0,587.2000122070312,3718.0,1639.6666259765625,93.5999984741211,1067.0,739.0,1145.0,1974.0
2018-12-13,1374.0,5954.0,591.4000244140625,3980.0,1635.0,93.94000244140625,1093.0,735.0,1166.5,2016.0
2018-12-14,1365.800048828125,5855.0,583.0999755859375,3981.0,1624.3333740234375,93.91999816894531,1050.0,741.0,1145.0,1996.5
2018-12-17,1368.0,5839.0,583.9000244140625,3943.0,1641.0,94.54000091552734,1057.0,763.0,1164.0,1991.0
2018-12-18,1355.0,5582.0,575.4000244140625,3590.0,1629.3333740234375,92.08000183105469,1042.0,733.0,1144.0,1998.5
2018-12-19,1352.4000244140625,5550.0,568.2999877929688,3588.0,1617.6666259765625,91.16000366210938,1041.0,716.0,1144.0,1977.5
2018-12-20,1325.800048828125,5423.0,554.4000244140625,3840.0,1612.0,90.08000183105469,1004.0,703.0,1109.0,1924.0
2018-12-21,1283.199951171875,5294.0,542.0999755859375,3835.0,1588.0,88.16000366210938,975.0,669.0,1112.0,1885.5
2018-12-24,1283.199951171875,5294.0,542.0999755859375,3835.0,1588.0,88.16000366210938,975.0,669.0,1112.0,1885.5
2018-12-25,1215.800048828125,5000.0,520.0999755859375,3640.0,1529.3333740234375,84.9000015258789,935.0,646.0,1065.0,1807.5
2018-12-26,1229.199951171875,5103.0,520.2000122070312,3718.0,1551.3333740234375,85.83999633789062,946.0,644.0,1074.0,1820.0
2018-12-27,1283.0,5384.0,538.0,3792.0,1617.0,89.76000213623047,996.0,668.0,1130.5,1875.5
2018-12-28,1281.199951171875,5326.0,537.9000244140625,3705.0,1594.3333740234375,89.63999938964844,994.0,653.0,1130.0,1892.5
2018-12-31,1281.199951171875,5326.0,537.9000244140625,3705.0,1594.3333740234375,89.63999938964844,994.0,653.0,1130.0,1892.5
2019-01-04,1269.199951171875,5182.0,537.7000122070312,3715.0,1647.6666259765625,90.63999938964844,987.0,698.0,1097.0,1859.0
2019-01-07,1309.199951171875,5370.0,550.0999755859375,3995.0,1683.6666259765625,89.9000015258789,1020.0,695.0,1155.5,1921.5
2019-01-08,1325.199951171875,5376.0,557.2999877929688,4085.0,1634.6666259765625,90.13999938964844,1025.0,713.0,1152.0,1914.5
2019-01-09,1335.4000244140625,5413.0,560.0,4200.0,1668.6666259765625,89.9800033569336,1020.0,725.0,1150.5,1933.5
2019-01-10,1340.800048828125,5246.0,561.7999877929688,4200.0,1642.0,91.86000061035156,1022.0,727.0,1134.0,1924.0
2019-01-11,1364.199951171875,5320.0,564.5999755859375,4414.0,1611.3333740234375,91.69999694824219,1003.0,741.0,1134.5,1934.5
2019-01-15,1378.4000244140625,5447.0,571.2999877929688,4369.0,1573.6666259765625,91.4800033569336,1038.0,710.0,1135.0,1960.0
2019-01-16,1368.800048828125,5356.0,565.9000244140625,4321.0,1575.6666259765625,91.95999908447266,1016.0,723.0,1135.5,1940.0
2019-01-17,1358.0,5366.0,570.5,4281.0,1577.3333740234375,91.04000091552734,1016.0,740.0,1135.0,1964.5
2019-01-18,1359.5999755859375,5429.0,572.9000244140625,4296.0,1569.3333740234375,90.0999984741211,1041.0,742.0,1140.0,1984.0
2019-01-21,1363.4000244140625,5436.0,581.4000244140625,4437.0,1566.3333740234375,90.86000061035156,1042.0,740.0,1156.0,2012.0
2019-01-22,1356.800048828125,5352.0,577.0999755859375,4449.0,1601.3333740234375,90.95999908447266,1038.0,730.0,1150.0,1985.5
2019-01-23,1344.0,5349.0,575.2999877929688,4388.0,1589.3333740234375,91.22000122070312,1028.0,728.0,1136.0,1970.5
2019-01-24,1345.0,5259.0,581.2000122070312,4425.0,1581.0,92.08000183105469,1029.0,737.0,1152.0,1981.5
2019-01-25,1352.800048828125,5324.0,583.9000244140625,4500.0,1581.3333740234375,94.12000274658203,1031.0,751.0,1209.0,2004.0
2019-01-28,1337.800048828125,5373.0,581.0999755859375,4509.0,1559.0,92.58000183105469,1019.0,722.0,1183.5,1987.5
2019-01-29,1335.199951171875,5349.0,581.4000244140625,4442.0,1577.3333740234375,93.94000244140625,1032.0,749.0,1187.0,1976.0
2019-01-30,1327.800048828125,5281.0,580.2000122070312,4499.0,1567.3333740234375,94.0,1039.0,727.0,1185.5,1989.5
2019-01-31,1335.0,5467.0,583.5999755859375,4389.0,1579.6666259765625,93.41999816894531,1033.0,669.0,1192.0,2010.0
2019-02-01,1331.0,5499.0,571.9000244140625,4400.0,1583.3333740234375,93.81999969482422,1035.0,663.0,1197.5,1980.5
2019-02-04,1345.199951171875,5055.0,578.7999877929688,4453.0,1592.0,94.9000015258789,1053.0,680.0,1206.5,2010.5
2019-02-05,1350.4000244140625,5037.0,580.4000244140625,4314.0,1615.0,93.4800033569336,1052.0,676.0,1220.5,2015.0
2019-02-06,1340.5999755859375,4839.0,581.0,4422.0,1633.0,92.72000122070312,1044.0,670.0,1211.5,2042.0
2019-02-07,1315.0,4713.0,578.0999755859375,4457.0,1589.3333740234375,92.72000122070312,1017.0,672.0,1153.5,2037.5
2019-02-08,1289.800048828125,4906.0,571.0,4362.0,1584.6666259765625,92.58000183105469,989.0,661.0,1073.5,1996.0
2019-02-12,1321.0,4854.0,580.9000244140625,4342.0,1614.3333740234375,92.0,1005.0,668.0,1107.0,2036.0
2019-02-13,1325.0,4980.0,582.7999877929688,4443.0,1608.0,92.0,1000.0,662.0,1122.0,2048.5
2019-02-14,1323.5999755859375,5038.0,580.0999755859375,4488.0,1615.6666259765625,92.30000305175781,1042.0,653.0,1133.5,2051.0
2019-02-15,1321.0,5046.0,571.7999877929688,4479.0,1625.0,91.77999877929688,1038.0,651.0,1113.0,2031.5
2019-02-18,1331.0,5080.0,585.0999755859375,4508.0,1652.0,92.45999908447266,1054.0,654.0,1171.5,2059.0
2019-02-19,1339.4000244140625,5149.0,585.7999877929688,4500.0,1671.3333740234375,93.4000015258789,1061.0,658.0,1226.0,2033.0
2019-02-20,1358.0,5274.0,587.0,4492.0,1658.6666259765625,93.95999908447266,1062.0,670.0,1213.5,2030.0
2019-02-21,1346.199951171875,5340.0,587.4000244140625,4440.0,1663.0,93.80000305175781,1042.0,673.0,1201.0,2023.5
2019-02-22,1344.0,5313.0,580.4000244140625,4415.0,1650.6666259765625,94.04000091552734,1047.0,673.0,1201.5,2019.0
2019-02-25,1354.800048828125,5377.0,582.5,4424.0,1654.0,95.58000183105469,1057.0,686.0,1223.0,2030.5
2019-02-26,1359.0,5331.0,580.9000244140625,4425.0,1633.3333740234375,95.69999694824219,1060.0,694.0,1218.0,2023.0
2019-02-27,1356.0,5382.0,579.0999755859375,4517.0,1647.3333740234375,96.68000030517578,1082.0,700.0,1225.5,2025.5
2019-02-28,1339.4000244140625,5341.0,576.7000122070312,4469.0,1631.3333740234375,96.0199966430664,1085.0,694.0,1214.0,2003.5
2019-03-01,1337.5999755859375,5315.0,578.4000244140625,4599.0,1634.0,95.69999694824219,1099.0,688.0,1225.5,1981.0
2019-03-04,1325.5999755859375,5326.0,581.0,4808.0,1598.3333740234375,95.86000061035156,1109.0,686.0,1264.0,1992.5
2019-03-05,1321.5999755859375,5326.0,584.0,4683.0,1572.0,95.95999908447266,1120.0,679.0,1266.5,1973.5
2019-03-06,1318.800048828125,5331.0,581.7999877929688,4638.0,1524.6666259765625,94.5199966430664,1120.0,682.0,1262.0,1978.0
2019-03-07,1316.800048828125,5229.0,572.4000244140625,4542.0,1516.3333740234375,94.9000015258789,1113.0,681.0,1251.5,1955.0
2019-03-08,1306.199951171875,5063.0,559.5,4506.0,1511.6666259765625,94.12000274658203,1096.0,661.0,1214.5,1928.0
2019-03-11,1315.199951171875,5016.0,562.0999755859375,4576.0,1528.3333740234375,94.5199966430664,1101.0,686.0,1228.5,1947.0
2019-03-12,1325.5999755859375,5145.0,571.2000122070312,4634.0,1547.3333740234375,95.5999984741211,1114.0,704.0,1242.5,1986.0
2019-03-13,1313.800048828125,5130.0,562.2999877929688,4617.0,1541.6666259765625,94.5,1104.0,699.0,1210.0,1967.0
2019-03-14,1312.0,5149.0,566.2999877929688,4650.0,1528.0,95.5,1121.0,702.0,1189.0,1971.5
2019-03-15,1323.0,5119.0,572.0,4713.0,1549.0,95.9000015258789,1113.0,702.0,1202.5,1974.5
2019-03-18,1327.800048828125,5127.0,570.9000244140625,4752.0,1517.0,96.31999969482422,1114.0,706.0,1201.0,1979.5
2019-03-19,1335.199951171875,5132.0,575.2000122070312,4752.0,1495.0,96.0199966430664,1110.0,694.0,1187.5,1990.0
2019-03-20,1344.199951171875,4951.0,573.2999877929688,4753.0,1479.6666259765625,95.55999755859375,1114.0,696.0,1189.0,1994.5
2019-03-22,1350.5999755859375,4709.0,570.2000122070312,4719.0,1444.0,96.27999877929688,1127.0,708.0,1192.0,2001.5
2019-03-25,1322.800048828125,4616.0,554.7000122070312,4593.0,1417.0,95.19999694824219,1094.0,701.0,1150.5,1961.5
2019-03-26,1347.800048828125,4746.0,560.0,4713.0,1446.3333740234375,97.27999877929688,1122.0,715.0,1191.5,2009.0
2019-03-27,1323.800048828125,4766.0,552.5,4672.0,1426.6666259765625,95.5199966430664,1125.0,715.0,1182.5,1975.5
2019-03-28,1304.0,4654.0,549.2999877929688,4560.0,1394.0,93.4000015258789,1102.0,708.0,1149.0,1945.5
2019-03-29,1297.4000244140625,4645.0,550.0,4521.0,1392.0,94.05999755859375,1114.0,700.0,1142.0,1954.0
2019-04-01,1327.0,4751.0,560.0999755859375,4591.0,1417.3333740234375,95.05999755859375,1130.0,707.0,1168.5,2013.0
2019-04-02,1339.5999755859375,4702.0,568.7000122070312,4566.0,1394.6666259765625,93.33999633789062,1128.0,682.0,1167.5,2036.0
2019-04-03,1345.800048828125,4720.0,570.0,4570.0,1410.0,93.58000183105469,1122.0,678.0,1172.5,2049.5
2019-04-04,1352.5999755859375,4657.0,568.0,4503.0,1404.0,93.72000122070312,1123.0,661.0,1163.5,2054.5
2019-04-05,1368.0,4816.0,571.7999877929688,4499.0,1362.0,93.45999908447266,1125.0,665.0,1181.0,2065.5
2019-04-08,1359.4000244140625,4790.0,566.5999755859375,4428.0,1364.6666259765625,92.05999755859375,1130.0,664.0,1178.5,2055.0
2019-04-09,1364.4000244140625,5223.0,564.5999755859375,4460.0,1328.3333740234375,91.36000061035156,1118.0,650.0,1162.0,2042.5
2019-04-10,1358.4000244140625,5132.0,559.9000244140625,4403.0,1298.3333740234375,91.27999877929688,1085.0,649.0,1165.5,2038.0
2019-04-11,1352.199951171875,5125.0,554.0999755859375,4398.0,1315.3333740234375,92.0999984741211,1074.0,647.0,1167.5,2024.5
2019-04-12,1357.800048828125,5201.0,555.2999877929688,4293.0,1278.3333740234375,91.54000091552734,1073.0,646.0,1148.0,2019.5
2019-04-15,1366.199951171875,5220.0,563.5,4277.0,1292.3333740234375,92.36000061035156,1097.0,644.0,1163.5,2045.0
2019-04-16,1363.0,5354.0,563.4000244140625,4269.0,1276.6666259765625,93.76000213623047,1098.0,637.0,1148.0,2044.5
2019-04-17,1390.5999755859375,5363.0,573.0999755859375,4219.0,1265.3333740234375,92.76000213623047,1092.0,628.0,1139.0,2057.5
2019-04-18,1395.199951171875,5299.0,569.9000244140625,4070.0,1279.0,93.4000015258789,1078.0,623.0,1129.5,2048.0
2019-04-19,1391.5999755859375,5331.0,565.5999755859375,4059.0,1228.3333740234375,91.72000122070312,1071.0,619.0,1131.0,2036.0
2019-04-22,1392.5999755859375,5310.0,560.5999755859375,4118.0,1257.6666259765625,91.5,1077.0,628.0,1138.5,2039.5
2019-04-23,1398.5999755859375,5288.0,559.7999877929688,4101.0,1269.0,91.68000030517578,1086.0,633.0,1150.5,2035.0
2019-04-24,1378.199951171875,5179.0,551.5,4146.0,1249.3333740234375,91.08000183105469,1077.0,607.0,1136.0,2000.0
2019-04-25,1380.199951171875,5257.0,549.4000244140625,4173.0,1274.3333740234375,92.27999877929688,1086.0,612.0,1136.0,1993.0
2019-04-26,1381.0,5212.0,549.9000244140625,4112.0,1286.3333740234375,92.31999969482422,1089.0,628.0,1143.0,1980.5
2019-05-07,1364.800048828125,5408.0,541.7999877929688,4254.0,1268.6666259765625,95.04000091552734,1059.0,612.0,1162.5,1952.5
2019-05-08,1351.800048828125,5368.0,536.2999877929688,4119.0,1250.0,94.0999984741211,1037.0,605.0,1155.0,1918.0
2019-05-09,1309.0,5330.0,526.0999755859375,4127.0,1229.0,94.30000305175781,1008.0,576.0,1116.5,1872.5
2019-05-10,1307.4000244140625,5408.0,523.5,4291.0,1232.6666259765625,94.9000015258789,1019.0,585.0,1112.5,1867.5
2019-05-13,1309.0,5371.0,512.5999755859375,4318.0,1234.0,95.5,1050.0,587.0,1151.0,1841.0
2019-05-14,1305.800048828125,5263.0,513.0999755859375,4307.0,1231.0,97.4000015258789,1050.0,586.0,1147.5,1841.5
2019-05-15,1314.0,5473.0,513.2000122070312,3970.0,1233.3333740234375,97.08000183105469,1031.0,585.0,1162.0,1838.0
2019-05-16,1300.4000244140625,5369.0,494.79998779296875,3851.0,1230.3333740234375,96.0,1052.0,597.0,1155.0,1815.0
2019-05-17,1300.4000244140625,5900.0,502.0,3849.0,1250.3333740234375,97.80000305175781,1052.0,593.0,1152.0,1849.5
2019-05-20,1305.4000244140625,5870.0,504.3999938964844,4004.0,1253.6666259765625,99.18000030517578,1053.0,596.0,1152.0,1841.5
2019-05-21,1298.800048828125,5610.0,507.8999938964844,3975.0,1268.0,98.16000366210938,1033.0,585.0,1170.0,1847.0
2019-05-22,1298.199951171875,5574.0,510.0,3900.0,1241.0,98.68000030517578,1051.0,598.0,1160.5,1847.0
2019-05-23,1299.800048828125,5366.0,505.20001220703125,3872.0,1258.0,98.12000274658203,1016.0,604.0,1151.5,1840.5
2019-05-24,1300.4000244140625,5360.0,505.20001220703125,3847.0,1265.3333740234375,97.94000244140625,1004.0,598.0,1161.0,1854.0
2019-05-27,1310.800048828125,5423.0,506.70001220703125,3942.0,1276.0,99.12000274658203,1011.0,606.0,1166.5,1859.5
2019-05-28,1320.800048828125,5458.0,513.0,3949.0,1271.6666259765625,99.0199966430664,991.0,601.0,1163.5,1845.5
2019-05-29,1316.199951171875,5314.0,505.5,3850.0,1253.3333740234375,98.4000015258789,988.0,582.0,1152.0,1832.0
2019-05-30,1314.199951171875,5336.0,509.1000061035156,3791.0,1235.0,98.5,1007.0,570.0,1151.5,1842.5
2019-05-31,1276.800048828125,5257.0,501.1000061035156,3669.0,1222.0,97.31999969482422,998.0,558.0,1119.0,1806.5
2019-06-03,1268.5999755859375,5168.0,497.0,3572.0,1206.0,97.9000015258789,1020.0,571.0,1091.5,1790.5
2019-06-04,1273.5999755859375,5084.0,498.6000061035156,3601.0,1196.6666259765625,97.18000030517578,1033.0,580.0,1098.5,1834.5
2019-06-05,1306.0,5213.0,506.5,3647.0,1234.6666259765625,98.83999633789062,1056.0,578.0,1111.5,1850.5
2019-06-06,1309.4000244140625,5131.0,505.5,3612.0,1229.6666259765625,99.55999755859375,1053.0,577.0,1130.5,1819.0
2019-06-07,1317.5999755859375,5229.0,507.79998779296875,3690.0,1231.3333740234375,99.33999633789062,1070.0,575.0,1143.5,1815.0
2019-06-10,1341.199951171875,5360.0,508.70001220703125,3775.0,1229.3333740234375,98.83999633789062,1073.0,584.0,1160.5,1824.0
2019-06-11,1355.800048828125,5387.0,516.2000122070312,3831.0,1227.6666259765625,100.5199966430664,1083.0,587.0,1185.5,1844.5
2019-06-12,1363.5999755859375,5321.0,513.0,3815.0,1247.3333740234375,100.91999816894531,1069.0,587.0,1173.5,1850.5
2019-06-13,1345.199951171875,5334.0,506.29998779296875,3760.0,1241.6666259765625,99.9800033569336,1058.0,578.0,1158.5,1838.5
2019-06-14,1348.5999755859375,5498.0,505.3999938964844,3750.0,1236.6666259765625,100.80000305175781,1057.0,572.0,1144.5,1840.0
2019-06-17,1345.4000244140625,5635.0,503.70001220703125,3697.0,1234.3333740234375,100.80000305175781,1037.0,569.0,1126.0,1828.5
2019-06-18,1343.800048828125,5623.0,501.3999938964844,3703.0,1233.0,100.30000305175781,1025.0,536.0,1119.0,1811.5
2019-06-19,1354.4000244140625,5736.0,507.3999938964844,3823.0,1239.6666259765625,100.5999984741211,1052.0,552.0,1151.5,1845.0
2019-06-20,1348.0,5778.0,507.29998779296875,3823.0,1235.3333740234375,100.66000366210938,1057.0,566.0,1154.0,1839.0
2019-06-21,1337.4000244140625,5648.0,503.70001220703125,3778.0,1220.0,100.05999755859375,1048.0,577.0,1160.5,1839.5
2019-06-24,1338.5999755859375,5752.0,504.29998779296875,3741.0,1216.0,99.77999877929688,1054.0,567.0,1157.0,1844.5
2019-06-25,1330.199951171875,5631.0,503.70001220703125,3792.0,1211.3333740234375,99.86000061035156,1052.0,562.0,1156.5,1848.0
2019-06-26,1322.5999755859375,5633.0,504.79998779296875,3843.0,1218.6666259765625,98.45999908447266,1055.0,552.0,1149.0,1846.0
2019-06-27,1334.800048828125,5662.0,512.0,3810.0,1223.3333740234375,100.55999755859375,1058.0,559.0,1173.0,1854.0
2019-06-28,1337.5999755859375,5648.0,512.0,3823.0,1216.0,100.33999633789062,1061.0,562.0,1148.5,1849.0
2019-07-01,1374.800048828125,5781.0,524.2999877929688,3857.0,1235.6666259765625,102.73999786376953,1074.0,567.0,1194.5,1874.0
2019-07-02,1376.800048828125,5782.0,524.5999755859375,3827.0,1230.3333740234375,101.63999938964844,1081.0,562.0,1183.0,1873.0
2019-07-03,1364.199951171875,5835.0,519.0999755859375,3829.0,1230.0,102.16000366210938,1081.0,559.0,1150.5,1857.0
2019-07-04,1373.5999755859375,5895.0,522.9000244140625,3873.0,1239.3333740234375,103.68000030517578,1090.0,566.0,1150.0,1849.5
2019-07-05,1377.800048828125,5950.0,526.4000244140625,3880.0,1284.0,103.9000015258789,1097.0,559.0,1153.5,1855.0
2019-07-08,1377.5999755859375,5939.0,526.7000122070312,3879.0,1284.3333740234375,102.4800033569336,1076.0,544.0,1133.0,1849.0
2019-07-09,1383.0,5890.0,527.9000244140625,3878.0,1269.3333740234375,102.08000183105469,1066.0,545.0,1126.0,1840.5
2019-07-10,1381.5999755859375,5955.0,526.4000244140625,3862.0,1257.6666259765625,103.4000015258789,1063.0,545.0,1103.0,1813.0
2019-07-11,1373.0,5974.0,526.2999877929688,3931.0,1267.3333740234375,104.0,1083.0,553.0,1116.5,1821.5
2019-07-12,1382.0,6049.0,527.5999755859375,3900.0,1289.0,103.23999786376953,1084.0,550.0,1132.5,1824.5
2019-07-16,1400.0,5866.0,522.9000244140625,3876.0,1265.3333740234375,102.95999908447266,1069.0,540.0,1133.0,1820.5
2019-07-17,1405.4000244140625,5951.0,523.4000244140625,3790.0,1244.0,102.22000122070312,1070.0,532.0,1141.0,1811.5
2019-07-18,1395.0,5740.0,516.2000122070312,3701.0,1231.3333740234375,100.66000366210938,1046.0,515.0,1104.5,1774.0
2019-07-19,1424.199951171875,5838.0,522.9000244140625,3746.0,1245.0,101.83999633789062,1065.0,527.0,1126.0,1782.0
2019-07-22,1418.199951171875,5824.0,524.9000244140625,3714.0,1229.0,101.37999725341797,1056.0,514.0,1121.0,1782.5
2019-07-23,1420.0,5852.0,527.2000122070312,3705.0,1242.6666259765625,102.0,1056.0,513.0,1133.5,1772.5
2019-07-24,1439.4000244140625,5955.0,529.2000122070312,3712.0,1250.0,102.80000305175781,1048.0,506.0,1137.0,1760.0
2019-07-25,1444.4000244140625,5905.0,528.7999877929688,3689.0,1265.0,100.81999969482422,1053.0,511.0,1133.0,1746.5
2019-07-26,1430.199951171875,5958.0,530.0999755859375,3678.0,1245.6666259765625,101.08000183105469,1047.0,509.0,1116.5,1743.0
2019-07-29,1429.5999755859375,5864.0,529.4000244140625,3651.0,1254.6666259765625,100.68000030517578,1035.0,512.0,1103.5,1721.5
2019-07-30,1436.0,5859.0,529.0,3658.0,1266.6666259765625,99.91999816894531,1038.0,516.0,1110.5,1725.0
2019-07-31,1404.800048828125,6170.0,524.2000122070312,3635.0,1242.6666259765625,98.44000244140625,1036.0,525.0,1113.0,1716.5
2019-08-01,1418.4000244140625,6123.0,539.0999755859375,3904.0,1233.0,98.72000122070312,1042.0,514.0,1095.5,1706.0
2019-08-02,1385.800048828125,5940.0,521.9000244140625,3867.0,1207.0,98.66000366210938,1014.0,513.0,1010.0,1547.5
2019-08-05,1377.199951171875,5771.0,514.7000122070312,3787.0,1243.0,98.0,991.0,506.0,955.4000244140625,1521.5
2019-08-06,1344.0,5798.0,512.0999755859375,3782.0,1235.0,98.12000274658203,979.0,507.0,960.7000122070312,1548.0
2019-08-07,1358.199951171875,5911.0,512.5999755859375,3733.0,1238.3333740234375,96.80000305175781,945.0,515.0,950.7999877929688,1524.0
2019-08-08,1362.0,5863.0,510.3999938964844,3666.0,1246.0,97.80000305175781,957.0,511.0,937.0999755859375,1519.5
2019-08-09,1367.4000244140625,5973.0,509.8999938964844,3705.0,1247.3333740234375,98.95999908447266,947.0,515.0,934.7000122070312,1498.0
2019-08-13,1358.0,5889.0,504.20001220703125,3622.0,1236.3333740234375,97.77999877929688,929.0,517.0,908.7000122070312,1471.0
2019-08-14,1370.5999755859375,5915.0,504.5,3641.0,1243.6666259765625,99.08000183105469,936.0,513.0,941.0,1474.0
2019-08-15,1359.0,5838.0,499.0,3615.0,1221.6666259765625,98.58000183105469,927.0,511.0,939.2000122070312,1453.0
2019-08-16,1358.0,5816.0,498.79998779296875,3540.0,1234.0,100.19999694824219,935.0,512.0,948.4000244140625,1456.0
2019-08-19,1374.5999755859375,5896.0,505.29998779296875,3543.0,1263.3333740234375,99.5199966430664,952.0,512.0,957.4000244140625,1455.0
2019-08-20,1381.800048828125,5965.0,507.1000061035156,3584.0,1257.3333740234375,100.26000213623047,954.0,497.0,952.2000122070312,1459.0
2019-08-21,1381.800048828125,5995.0,501.79998779296875,3526.0,1237.3333740234375,100.04000091552734,965.0,488.0,946.0,1452.5
2019-08-22,1381.199951171875,5851.0,500.5,3551.0,1225.0,100.76000213623047,963.0,490.0,946.2999877929688,1441.5
2019-08-23,1383.199951171875,5903.0,502.3999938964844,3548.0,1233.6666259765625,99.4800033569336,973.0,484.0,937.2999877929688,1470.0
2019-08-26,1373.800048828125,5839.0,495.70001220703125,3448.0,1216.3333740234375,98.04000091552734,966.0,487.0,935.5,1445.5
2019-08-27,1383.800048828125,5882.0,497.20001220703125,3462.0,1231.6666259765625,98.73999786376953,971.0,493.0,940.2999877929688,1455.5
2019-08-28,1377.800048828125,5893.0,498.3999938964844,3450.0,1250.3333740234375,101.27999877929688,967.0,505.0,943.0999755859375,1446.0
2019-08-29,1378.0,5908.0,500.5,3500.0,1254.0,101.22000122070312,976.0,502.0,949.0999755859375,1460.5
2019-08-30,1392.0,6042.0,510.3999938964844,3590.0,1252.3333740234375,101.91999816894531,979.0,506.0,961.2000122070312,1486.0
2019-09-02,1390.4000244140625,6036.0,511.79998779296875,3646.0,1253.6666259765625,102.37999725341797,981.0,505.0,962.4000244140625,1468.5
2019-09-03,1401.0,6098.0,511.20001220703125,3686.0,1264.6666259765625,102.80000305175781,974.0,513.0,974.7999877929688,1489.0
2019-09-04,1391.199951171875,6150.0,508.5,3745.0,1285.6666259765625,102.95999908447266,972.0,515.0,963.2000122070312,1470.0
2019-09-05,1400.0,6389.0,515.7999877929688,3756.0,1302.6666259765625,102.13999938964844,985.0,519.0,981.0,1504.5
2019-09-06,1406.0,6360.0,519.7999877929688,3690.0,1285.0,101.12000274658203,996.0,508.0,983.9000244140625,1494.0
2019-09-09,1418.4000244140625,6496.0,525.0,3683.0,1312.3333740234375,102.0199966430664,1015.0,507.0,988.2000122070312,1503.0
2019-09-10,1436.5999755859375,6369.0,545.7999877929688,3629.0,1328.6666259765625,102.5199966430664,1018.0,511.0,1014.0,1542.5
2019-09-11,1471.0,6451.0,570.0,3746.0,1347.0,104.08000183105469,1046.0,536.0,1062.0,1560.5
2019-09-12,1467.800048828125,6515.0,568.2999877929688,3719.0,1358.6666259765625,105.30000305175781,1060.0,543.0,1094.0,1569.0
2019-09-13,1479.199951171875,6537.0,567.5,3786.0,1369.6666259765625,104.95999908447266,1073.0,553.0,1095.0,1575.0
2019-09-17,1489.0,6542.0,571.7000122070312,3788.0,1381.6666259765625,106.95999908447266,1096.0,550.0,1095.5,1581.5
2019-09-18,1484.0,6397.0,566.0,3742.0,1366.3333740234375,105.94000244140625,1085.0,546.0,1095.5,1546.0
2019-09-19,1472.800048828125,6375.0,565.0999755859375,3757.0,1392.6666259765625,105.41999816894531,1104.0,551.0,1102.5,1524.5
2019-09-20,1480.5999755859375,6411.0,566.7999877929688,3798.0,1380.6666259765625,104.18000030517578,1099.0,556.0,1110.0,1505.0
2019-09-24,1492.199951171875,6414.0,566.2000122070312,3780.0,1402.6666259765625,106.77999877929688,1097.0,551.0,1105.0,1499.5
2019-09-25,1468.4000244140625,6528.0,565.5,3849.0,1394.3333740234375,107.08000183105469,1089.0,561.0,1106.5,1503.0
2019-09-26,1485.199951171875,6440.0,567.0999755859375,3871.0,1386.3333740234375,107.73999786376953,1094.0,553.0,1108.0,1541.0
2019-09-27,1473.800048828125,6353.0,554.0999755859375,3780.0,1377.6666259765625,104.63999938964844,1083.0,549.0,1069.0,1525.5
2019-09-30,1443.199951171875,6347.0,548.4000244140625,3690.0,1377.3333740234375,103.12000274658203,1076.0,529.0,1064.0,1505.5
2019-10-01,1449.199951171875,6350.0,552.7999877929688,3760.0,1378.0,103.62000274658203,1090.0,534.0,1088.0,1525.5
2019-10-02,1431.800048828125,6200.0,550.0,3769.0,1372.0,105.33999633789062,1067.0,537.0,1076.0,1511.5
2019-10-03,1396.4000244140625,6148.0,541.9000244140625,3683.0,1342.0,104.9800033569336,1038.0,527.0,1053.0,1482.5
2019-10-04,1399.0,6215.0,537.7000122070312,3640.0,1347.0,104.69999694824219,1028.0,534.0,1074.0,1479.5
2019-10-07,1397.199951171875,6207.0,532.7999877929688,3621.0,1373.0,105.68000030517578,1031.0,535.0,1073.0,1481.0
2019-10-08,1417.4000244140625,6202.0,535.4000244140625,3694.0,1358.6666259765625,108.36000061035156,1033.0,538.0,1104.5,1484.0
2019-10-09,1425.0,6174.0,531.5999755859375,3699.0,1368.0,107.73999786376953,1029.0,538.0,1105.5,1471.5
2019-10-10,1421.5999755859375,6136.0,529.7000122070312,3687.0,1387.6666259765625,107.76000213623047,1033.0,540.0,1125.0,1483.5
2019-10-11,1453.800048828125,6230.0,535.2999877929688,3720.0,1455.6666259765625,108.22000122070312,1046.0,534.0,1144.5,1504.5
2019-10-15,1477.0,6311.0,543.2000122070312,3786.0,1463.6666259765625,108.36000061035156,1076.0,540.0,1152.0,1521.5
2019-10-16,1491.0,6376.0,550.2999877929688,3842.0,1466.3333740234375,108.4000015258789,1093.0,541.0,1155.5,1520.5
2019-10-17,1476.5999755859375,6510.0,546.9000244140625,3829.0,1442.6666259765625,106.4000015258789,1089.0,532.0,1169.0,1512.5
2019-10-18,1473.5999755859375,6449.0,547.0,3780.0,1421.3333740234375,105.54000091552734,1089.0,531.0,1168.5,1525.5
2019-10-21,1480.0,6460.0,555.2999877929688,3797.0,1433.0,106.58000183105469,1108.0,538.0,1173.5,1546.0
2019-10-23,1484.0,6355.0,559.5999755859375,3811.0,1444.3333740234375,106.30000305175781,1105.0,529.0,1198.5,1548.5
2019-10-24,1497.199951171875,6340.0,564.2000122070312,3832.0,1413.0,107.0999984741211,1121.0,529.0,1194.0,1558.0
2019-10-25,1496.4000244140625,6314.0,564.9000244140625,3836.0,1421.0,106.18000030517578,1130.0,529.0,1198.5,1555.0
2019-10-28,1496.5999755859375,6370.0,566.4000244140625,3824.0,1415.6666259765625,105.95999908447266,1117.0,526.0,1196.0,1566.0
2019-10-29,1509.199951171875,6442.0,576.5,3877.0,1408.3333740234375,106.9800033569336,1125.0,515.0,1221.0,1606.5
2019-10-30,1510.800048828125,6365.0,575.7000122070312,3887.0,1395.0,107.55999755859375,1124.0,510.0,1215.0,1584.0
2019-10-31,1508.4000244140625,6625.0,569.7999877929688,3928.0,1366.6666259765625,107.5199966430664,1120.0,502.0,1211.5,1591.5
2019-11-01,1510.199951171875,6619.0,565.9000244140625,4000.0,1348.6666259765625,107.37999725341797,1105.0,505.0,1206.5,1591.5
2019-11-05,1529.5999755859375,6693.0,577.2000122070312,4204.0,1377.0,111.36000061035156,1138.0,512.0,1253.5,1586.0
2019-11-06,1529.800048828125,6640.0,582.5,4227.0,1391.3333740234375,107.37999725341797,1148.0,516.0,1243.5,1622.5
2019-11-07,1547.199951171875,6552.0,581.4000244140625,4278.0,1399.0,110.0,1142.0,508.0,1272.0,1594.5
2019-11-08,1581.0,6567.0,590.5,4378.0,1398.3333740234375,109.41999816894531,1137.0,507.0,1273.5,1616.5
2019-11-11,1585.800048828125,6683.0,592.7000122070312,4319.0,1415.0,110.44000244140625,1126.0,510.0,1272.5,1622.5
2019-11-12,1579.199951171875,6767.0,592.7000122070312,4303.0,1429.3333740234375,109.81999969482422,1193.0,503.0,1266.0,1637.0
2019-11-13,1577.800048828125,6812.0,586.9000244140625,4370.0,1429.3333740234375,109.45999908447266,1187.0,491.0,1247.0,1609.5
2019-11-14,1559.0,6701.0,578.0,4372.0,1419.6666259765625,108.5999984741211,1168.0,484.0,1222.0,1580.0
2019-11-15,1565.199951171875,6726.0,582.5,4456.0,1421.0,109.26000213623047,1172.0,493.0,1224.0,1596.5
2019-11-18,1567.199951171875,6844.0,582.0999755859375,4509.0,1387.3333740234375,110.05999755859375,1167.0,489.0,1200.5,1590.0
2019-11-19,1550.800048828125,6755.0,580.0999755859375,4562.0,1364.0,109.36000061035156,1179.0,488.0,1201.5,1580.5
2019-11-20,1537.5999755859375,6697.0,572.2000122070312,4529.0,1374.3333740234375,110.0,1170.0,479.0,1197.0,1584.5
2019-11-21,1543.199951171875,6633.0,571.9000244140625,4467.0,1356.6666259765625,110.4000015258789,1173.0,478.0,1185.0,1590.5
2019-11-22,1550.5999755859375,6686.0,572.7000122070312,4449.0,1376.0,110.44000244140625,1175.0,468.0,1210.0,1599.0
2019-11-25,1545.800048828125,6713.0,577.2000122070312,4419.0,1387.0,110.58000183105469,1188.0,473.0,1241.0,1621.0
2019-11-26,1541.5999755859375,6896.0,576.0,4475.0,1387.3333740234375,110.9800033569336,1165.0,474.0,1262.5,1617.5
2019-11-27,1538.0,6932.0,579.0999755859375,4492.0,1374.0,111.4000015258789,1176.0,485.0,1242.0,1614.0
2019-11-28,1544.800048828125,6897.0,579.4000244140625,4484.0,1369.0,111.08000183105469,1169.0,482.0,1245.0,1623.5
2019-11-29,1527.5999755859375,6904.0,578.0999755859375,4455.0,1359.3333740234375,110.54000091552734,1160.0,480.0,1229.5,1605.5
2019-12-02,1547.5999755859375,6998.0,582.0999755859375,4491.0,1371.0,111.95999908447266,1180.0,483.0,1224.5,1628.5
2019-12-03,1543.5999755859375,7102.0,581.0,4468.0,1362.6666259765625,111.12000274658203,1179.0,474.0,1227.5,1595.5
2019-12-04,1556.5999755859375,7098.0,578.7999877929688,4430.0,1358.3333740234375,111.69999694824219,1188.0,489.0,1230.5,1589.0
2019-12-05,1553.800048828125,7088.0,584.5,4449.0,1367.6666259765625,111.69999694824219,1217.0,487.0,1244.5,1695.0
2019-12-06,1545.4000244140625,7068.0,584.7000122070312,4385.0,1359.0,111.77999877929688,1230.0,488.0,1221.0,1709.5
2019-12-09,1546.0,7144.0,587.5,4371.0,1359.0,111.68000030517578,1246.0,490.0,1250.5,1746.5
2019-12-10,1530.0,7245.0,586.7999877929688,4422.0,1354.3333740234375,111.63999938964844,1256.0,478.0,1252.0,1737.0
2019-12-11,1532.5999755859375,7219.0,581.7000122070312,4371.0,1361.6666259765625,112.08000183105469,1248.0,480.0,1247.5,1761.0
2019-12-12,1525.5999755859375,7301.0,580.0999755859375,4409.0,1342.6666259765625,112.5999984741211,1251.0,476.0,1242.0,1742.0
2019-12-13,1562.199951171875,7443.0,595.7000122070312,4426.0,1359.0,112.26000213623047,1257.0,488.0,1271.5,1770.5
2019-12-16,1557.0,7466.0,593.0,4438.0,1356.0,111.72000122070312,1249.0,484.0,1258.5,1760.5
2019-12-17,1563.5999755859375,7455.0,600.0,4468.0,1362.3333740234375,112.04000091552734,1238.0,484.0,1284.5,1738.5
2019-12-18,1555.5999755859375,7413.0,599.2000122070312,4470.0,1357.3333740234375,112.19999694824219,1241.0,486.0,1268.0,1716.0
2019-12-19,1566.199951171875,7453.0,599.0,4474.0,1348.6666259765625,113.41999816894531,1236.0,480.0,1266.5,1702.0
2019-12-20,1548.800048828125,7326.0,599.2000122070312,4405.0,1345.0,111.76000213623047,1236.0,476.0,1254.0,1696.0
2019-12-23,1553.199951171875,7392.0,595.0,4384.0,1358.3333740234375,111.5199966430664,1227.0,474.0,1246.5,1682.5
2019-12-24,1548.199951171875,7406.0,592.0,4366.0,1343.3333740234375,110.5999984741211,1231.0,471.0,1244.0,1678.5
2019-12-25,1535.199951171875,7417.0,590.2000122070312,4347.0,1332.0,110.94000244140625,1229.0,466.0,1234.0,1652.0
2019-12-26,1545.0,7427.0,593.7999877929688,4338.0,1340.6666259765625,111.0,1238.0,467.0,1246.5,1648.0
2019-12-27,1546.5999755859375,7450.0,597.7000122070312,4364.0,1345.0,109.87999725341797,1239.0,472.0,1245.5,1658.5
2019-12-30,1542.800048828125,7401.0,593.2000122070312,4332.0,1334.3333740234375,110.27999877929688,1217.0,467.0,1234.0,1654.0
2020-01-06,1513.0,7420.0,582.0999755859375,4272.0,1293.3333740234375,109.87999725341797,1211.0,456.0,1205.0,1638.5
2020-01-07,1543.0,7655.0,584.0999755859375,4289.0,1323.0,111.36000061035156,1237.0,455.0,1223.5,1636.5
2020-01-08,1523.4000244140625,7660.0,574.0,4250.0,1314.0,110.19999694824219,1209.0,445.0,1182.5,1634.0
2020-01-09,1534.0,7804.0,580.0,4342.0,1340.6666259765625,112.54000091552734,1216.0,445.0,1193.0,1658.5
2020-01-10,1532.199951171875,7843.0,578.2000122070312,4379.0,1390.3333740234375,111.54000091552734,1226.0,443.0,1194.5,1643.0
2020-01-14,1547.800048828125,8036.0,579.0,4408.0,1428.3333740234375,111.68000030517578,1231.0,435.0,1200.5,1680.5
2020-01-15,1534.4000244140625,7880.0,578.9000244140625,4399.0,1416.3333740234375,111.80000305175781,1215.0,433.0,1190.0,1693.5
2020-01-16,1537.4000244140625,7936.0,575.5,4406.0,1419.0,112.45999908447266,1221.0,435.0,1185.5,1673.5
2020-01-17,1539.0,7924.0,582.5999755859375,4433.0,1430.0,113.22000122070312,1241.0,432.0,1186.5,1723.5
2020-01-20,1556.0,7991.0,583.0999755859375,4437.0,1428.3333740234375,113.9000015258789,1245.0,438.0,1205.5,1722.0
2020-01-21,1570.800048828125,7944.0,582.5999755859375,4421.0,1412.0,113.5199966430664,1241.0,438.0,1173.5,1692.0
2020-01-22,1564.5999755859375,7959.0,582.0,4407.0,1411.0,113.72000122070312,1246.0,435.0,1184.5,1670.0
2020-01-23,1567.199951171875,7950.0,576.7999877929688,4364.0,1397.0,113.16000366210938,1238.0,430.0,1169.0,1621.5
2020-01-24,1574.4000244140625,7939.0,574.0,4347.0,1405.3333740234375,112.94000244140625,1237.0,428.0,1160.5,1623.0
2020-01-27,1550.4000244140625,7865.0,566.5,4297.0,1402.0,111.86000061035156,1214.0,429.0,1129.0,1584.5
2020-01-28,1549.4000244140625,7773.0,566.2999877929688,4272.0,1400.3333740234375,111.5199966430664,1211.0,431.0,1109.5,1537.5
2020-01-29,1553.199951171875,7835.0,568.0,4314.0,1399.3333740234375,112.05999755859375,1221.0,431.0,1131.5,1533.0
2020-01-30,1526.800048828125,7667.0,565.5,4250.0,1399.6666259765625,111.86000061035156,1211.0,429.0,1128.0,1525.5
2020-01-31,1530.4000244140625,7718.0,568.5,4227.0,1405.6666259765625,111.45999908447266,1213.0,435.0,1138.0,1535.5
2020-02-03,1516.0,7703.0,564.9000244140625,4189.0,1418.6666259765625,111.45999908447266,1204.0,449.0,1125.0,1513.0
2020-02-04,1527.800048828125,7700.0,568.0,4228.0,1420.6666259765625,111.19999694824219,1208.0,454.0,1135.0,1508.5
2020-02-05,1543.0,7659.0,570.5999755859375,4328.0,1425.3333740234375,112.73999786376953,1226.0,452.0,1151.0,1525.0
2020-02-06,1582.800048828125,7845.0,580.9000244140625,4450.0,1457.6666259765625,114.4800033569336,1270.0,459.0,1191.0,1562.5
2020-02-07,1572.4000244140625,7826.0,579.4000244140625,4498.0,1455.6666259765625,114.0199966430664,1266.0,451.0,1100.0,1552.0
2020-02-10,1549.5999755859375,7691.0,577.0999755859375,4364.0,1452.0,113.4000015258789,1264.0,448.0,1060.0,1542.5
2020-02-12,1558.800048828125,7717.0,572.5,4396.0,1444.3333740234375,112.81999969482422,1228.0,441.0,1058.0,1534.5
2020-02-13,1551.5999755859375,7670.0,572.2999877929688,4326.0,1419.0,111.36000061035156,1240.0,437.0,1065.5,1513.0
2020-02-14,1545.800048828125,7622.0,572.2999877929688,4298.0,1432.3333740234375,111.94000244140625,1249.0,435.0,1053.0,1488.0
2020-02-17,1545.0,7452.0,569.4000244140625,4242.0,1433.0,111.30000305175781,1237.0,438.0,1037.5,1477.0
2020-02-18,1518.800048828125,7265.0,565.7999877929688,4206.0,1432.3333740234375,111.18000030517578,1224.0,439.0,1028.0,1453.5
2020-02-19,1508.5999755859375,7370.0,560.5999755859375,4205.0,1432.0,111.58000183105469,1223.0,437.0,1012.5,1401.5
2020-02-20,1550.4000244140625,7522.0,562.7999877929688,4163.0,1306.6666259765625,111.04000091552734,1229.0,436.0,1024.0,1358.0
2020-02-21,1567.4000244140625,7479.0,566.2999877929688,4229.0,1312.3333740234375,112.45999908447266,1209.0,435.0,1018.5,1349.5
2020-02-25,1514.800048828125,7269.0,556.2999877929688,4067.0,1296.3333740234375,109.37999725341797,1167.0,428.0,986.0,1270.5
2020-02-26,1509.0,7155.0,551.7000122070312,4036.0,1304.0,109.4800033569336,1168.0,429.0,987.7000122070312,1255.0
2020-02-27,1476.800048828125,6877.0,544.5999755859375,3938.0,1241.0,107.41999816894531,1130.0,423.0,954.2000122070312,1266.0
2020-02-28,1425.4000244140625,6611.0,531.9000244140625,3763.0,1232.0,101.18000030517578,1089.0,410.0,900.7000122070312,1216.0
2020-03-02,1430.800048828125,6873.0,526.4000244140625,3773.0,1247.3333740234375,101.33999633789062,1095.0,406.0,879.7999877929688,1197.0
2020-03-03,1408.800048828125,6805.0,520.0999755859375,3800.0,1213.0,98.36000061035156,1071.0,402.0,889.4000244140625,1172.0
2020-03-04,1394.800048828125,6811.0,508.3999938964844,3764.0,1181.3333740234375,100.19999694824219,1063.0,398.0,877.7000122070312,1190.0
2020-03-05,1401.5999755859375,6929.0,505.8999938964844,3896.0,1209.3333740234375,101.76000213623047,1059.0,406.0,886.0999755859375,1177.5
2020-03-06,1358.800048828125,6704.0,487.3999938964844,3817.0,1280.6666259765625,99.72000122070312,1029.0,395.0,859.0,1089.5
2020-03-09,1299.0,6214.0,432.3999938964844,3680.0,1253.0,98.4000015258789,972.0,379.0,803.5,988.5999755859375
2020-03-10,1320.0,6419.0,439.70001220703125,3759.0,1240.6666259765625,96.86000061035156,979.0,368.0,790.7000122070312,1022.5
2020-03-11,1307.0,6145.0,442.6000061035156,3679.0,1245.6666259765625,97.08000183105469,969.0,378.0,787.7999877929688,984.7999877929688
2020-03-12,1261.800048828125,5882.0,418.3999938964844,3373.0,1221.6666259765625,96.0199966430664,922.0,367.0,738.5999755859375,936.7000122070312
2020-03-13,1216.800048828125,5811.0,397.1000061035156,3105.0,1140.6666259765625,94.27999877929688,860.0,340.0,686.2999877929688,899.7999877929688
2020-03-16,1188.199951171875,5633.0,394.5,3033.0,1079.3333740234375,90.86000061035156,840.0,330.0,657.0999755859375,889.5
2020-03-17,1272.0,5833.0,392.20001220703125,3030.0,1080.3333740234375,92.36000061035156,829.0,348.0,640.2000122070312,940.0999755859375
2020-03-18,1263.4000244140625,5992.0,385.0,2900.0,1088.6666259765625,90.19999694824219,791.0,347.0,607.5999755859375,910.2999877929688
2020-03-19,1279.0,5929.0,383.5,2918.5,1187.6666259765625,96.68000030517578,813.0,329.0,624.0999755859375,887.0
2020-03-23,1234.4000244140625,5866.0,397.3999938964844,3012.0,1077.3333740234375,100.0,793.0,341.0,668.0,908.7000122070312
2020-03-24,1250.5999755859375,6198.0,420.8999938964844,3030.0,1111.6666259765625,97.5,842.0,349.0,684.7000122070312,946.5
2020-03-25,1383.800048828125,6500.0,448.70001220703125,3345.0,1200.0,100.12000274658203,938.0,382.0,753.7000122070312,1085.0
2020-03-26,1343.5999755859375,6400.0,439.20001220703125,3233.0,1192.3333740234375,103.5,911.0,365.0,758.4000244140625,955.7999877929688
2020-03-27,1405.800048828125,6688.0,450.0,3424.0,1188.0,108.0,991.0,381.0,817.2999877929688,993.7999877929688
2020-03-30,1359.4000244140625,6434.0,426.1000061035156,3345.0,1215.6666259765625,108.5999984741211,956.0,399.0,822.2999877929688,1006.0
2020-03-31,1300.199951171875,6421.0,403.0,3308.0,1192.0,103.0199966430664,926.0,377.0,764.7999877929688,925.4000244140625
2020-04-01,1266.199951171875,6228.0,399.79998779296875,3225.0,1154.3333740234375,99.44000244140625,888.0,359.0,726.5,905.0999755859375
2020-04-02,1257.4000244140625,6322.0,391.5,3142.0,1172.0,98.30000305175781,890.0,351.0,711.7000122070312,877.7000122070312
2020-04-03,1239.0,6260.0,386.79998779296875,3168.0,1173.3333740234375,100.12000274658203,882.0,350.0,719.7000122070312,856.2000122070312
2020-04-06,1316.0,6550.0,403.3999938964844,3342.0,1229.3333740234375,105.83999633789062,926.0,360.0,742.7999877929688,899.4000244140625
2020-04-07,1323.5999755859375,6690.0,415.6000061035156,3471.0,1193.6666259765625,103.77999877929688,954.0,368.0,751.2000122070312,901.0
2020-04-08,1350.5999755859375,6702.0,407.0,3487.0,1181.3333740234375,106.27999877929688,979.0,367.0,733.5,871.2000122070312
2020-04-09,1336.0,6711.0,408.0,3480.0,1157.6666259765625,102.72000122070312,966.0,369.0,712.4000244140625,854.2000122070312
2020-04-10,1327.0,6670.0,426.0,3562.0,1150.0,102.5,975.0,377.0,726.7000122070312,871.2999877929688
2020-04-13,1305.0,6507.0,420.79998779296875,3608.0,1157.3333740234375,102.5,933.0,372.0,707.5999755859375,844.0
2020-04-14,1350.0,6616.0,427.8999938964844,3631.0,1221.6666259765625,102.4000015258789,913.0,384.0,718.7999877929688,863.5999755859375
2020-04-15,1347.5999755859375,6767.0,417.0,3647.0,1221.6666259765625,103.44000244140625,918.0,386.0,712.9000244140625,833.7000122070312
2020-04-16,1320.4000244140625,6700.0,408.29998779296875,3576.0,1209.6666259765625,104.91999816894531,885.0,383.0,706.0,808.0
2020-04-17,1351.199951171875,6969.0,412.8999938964844,3592.0,1236.0,102.72000122070312,903.0,385.0,720.5999755859375,843.7999877929688
2020-04-20,1327.0,6878.0,418.70001220703125,3656.0,1207.0,100.4000015258789,890.0,372.0,726.7000122070312,850.2999877929688
2020-04-21,1312.0,6722.0,416.5,3678.0,1202.3333740234375,101.5199966430664,883.0,366.0,706.0,824.7000122070312
2020-04-22,1300.0,6743.0,409.8999938964844,3674.0,1164.6666259765625,102.9800033569336,894.0,363.0,691.7000122070312,807.0
2020-04-23,1314.0,6761.0,418.6000061035156,3707.0,1183.3333740234375,103.23999786376953,913.0,376.0,727.4000244140625,830.7999877929688
2020-04-24,1308.5999755859375,6706.0,414.0,3789.0,1188.6666259765625,101.80000305175781,898.0,364.0,724.5,815.5
2020-04-27,1331.800048828125,6779.0,423.5,3986.0,1203.6666259765625,100.87999725341797,922.0,365.0,748.2999877929688,877.7000122070312
2020-04-28,1337.0,6763.0,425.1000061035156,3956.0,1179.0,100.87999725341797,936.0,368.0,750.2999877929688,871.0
2020-04-30,1333.199951171875,6932.0,434.29998779296875,3883.0,1184.3333740234375,97.72000122070312,952.0,363.0,765.0,911.9000244140625
2020-05-01,1298.800048828125,6806.0,415.0,3823.0,1145.0,97.4000015258789,913.0,349.0,737.0,861.4000244140625
2020-05-07,1282.800048828125,6792.0,411.20001220703125,3698.0,1119.3333740234375,96.23999786376953,934.0,339.0,727.2000122070312,837.4000244140625
2020-05-08,1298.4000244140625,6948.0,419.20001220703125,3736.0,1151.3333740234375,97.9000015258789,961.0,359.0,741.2999877929688,896.5999755859375
2020-05-11,1331.5999755859375,7059.0,423.79998779296875,3764.0,1152.3333740234375,96.77999877929688,952.0,367.0,766.5999755859375,983.5
2020-05-12,1305.4000244140625,7071.0,417.0,3803.0,1179.6666259765625,98.0199966430664,946.0,364.0,761.2000122070312,953.5999755859375
2020-05-13,1276.800048828125,7069.0,418.0,3849.0,1184.6666259765625,96.9800033569336,940.0,362.0,763.2000122070312,923.0
2020-05-14,1248.5999755859375,6794.0,406.1000061035156,4028.0,1153.3333740234375,94.86000061035156,918.0,354.0,739.5,888.4000244140625
2020-05-15,1249.800048828125,6865.0,403.8999938964844,4012.0,1158.6666259765625,94.26000213623047,910.0,349.0,749.9000244140625,888.2000122070312
2020-05-18,1251.4000244140625,6685.0,407.3999938964844,4023.0,1189.0,97.86000061035156,932.0,345.0,757.5,865.5
2020-05-19,1286.199951171875,6902.0,423.8999938964844,4085.0,1205.3333740234375,96.83999633789062,953.0,354.0,776.2000122070312,924.0999755859375
2020-05-20,1283.0,6747.0,423.0,4125.0,1195.0,98.30000305175781,962.0,353.0,779.0,932.5
2020-05-21,1272.4000244140625,6795.0,422.3999938964844,4117.0,1181.6666259765625,96.73999786376953,963.0,348.0,789.0,942.5999755859375
2020-05-22,1257.800048828125,6773.0,412.1000061035156,4047.0,1157.0,96.80000305175781,952.0,347.0,768.0999755859375,914.2999877929688
2020-05-25,1276.5999755859375,6750.0,419.70001220703125,4118.0,1175.3333740234375,97.44000244140625,954.0,353.0,781.9000244140625,938.7999877929688
2020-05-26,1329.800048828125,6737.0,428.8999938964844,4195.0,1199.0,97.77999877929688,996.0,363.0,823.0,974.2000122070312
2020-05-27,1348.0,6750.0,444.5,4138.0,1209.6666259765625,98.16000366210938,1015.0,373.0,849.7999877929688,1010.5
2020-05-28,1394.5999755859375,6884.0,457.20001220703125,4163.0,1256.6666259765625,98.54000091552734,1014.0,370.0,879.5,1068.5
2020-05-29,1351.0,6874.0,444.20001220703125,4191.0,1229.0,97.76000213623047,997.0,363.0,850.0,992.5999755859375
2020-06-01,1344.0,6973.0,437.0,4114.0,1231.0,97.94000244140625,1020.0,369.0,852.9000244140625,1019.0
2020-06-02,1354.800048828125,7133.0,443.0,4159.0,1268.6666259765625,98.72000122070312,1040.0,372.0,877.9000244140625,1048.0
2020-06-03,1383.0,7151.0,444.6000061035156,4133.0,1281.3333740234375,98.16000366210938,1056.0,368.0,893.2000122070312,1061.5
2020-06-04,1394.800048828125,7267.0,450.8999938964844,4036.0,1286.3333740234375,100.0,1072.0,367.0,911.5999755859375,1043.5
2020-06-05,1413.4000244140625,7280.0,462.6000061035156,4041.0,1281.3333740234375,100.44000244140625,1078.0,375.0,937.5999755859375,1113.0
2020-06-08,1433.4000244140625,7396.0,483.20001220703125,4057.0,1300.0,101.27999877929688,1100.0,385.0,952.9000244140625,1176.0
2020-06-09,1424.199951171875,7402.0,478.5,4129.0,1304.3333740234375,101.94000244140625,1118.0,381.0,945.5999755859375,1134.5
2020-06-10,1418.800048828125,7496.0,469.0,4115.0,1296.3333740234375,100.4800033569336,1063.0,373.0,940.5,1095.5
2020-06-11,1381.0,7495.0,445.8999938964844,4062.0,1269.6666259765625,100.5999984741211,1035.0,357.0,892.0999755859375,1027.0
2020-06-12,1370.5999755859375,7404.0,439.5,3989.0,1244.3333740234375,99.62000274658203,1023.0,359.0,869.9000244140625,1016.5
2020-06-15,1340.0,7317.0,429.1000061035156,3922.0,1193.0,98.95999908447266,996.0,344.0,853.2000122070312,1009.0
2020-06-16,1404.199951171875,7480.0,450.0,4100.0,1239.6666259765625,100.77999877929688,1047.0,361.0,917.5999755859375,1111.0
2020-06-17,1388.800048828125,7669.0,446.8999938964844,4001.0,1240.6666259765625,100.13999938964844,1016.0,354.0,889.2000122070312,1110.0
2020-06-18,1377.4000244140625,7665.0,442.3999938964844,3992.0,1222.0,99.76000213623047,1016.0,350.0,881.4000244140625,1097.5
2020-06-19,1370.199951171875,7612.0,439.20001220703125,4024.0,1236.0,99.5199966430664,1031.0,348.0,864.5,1068.0
2020-06-22,1363.5999755859375,7607.0,437.5,4031.0,1236.0,99.83999633789062,1024.0,344.0,881.0,1077.0
2020-06-23,1379.199951171875,7640.0,439.5,4008.0,1215.6666259765625,100.62000274658203,1025.0,347.0,883.0999755859375,1079.0
2020-06-24,1395.4000244140625,7650.0,437.5,4003.0,1193.6666259765625,100.36000061035156,1007.0,340.0,879.2000122070312,1072.0
2020-06-25,1359.0,7555.0,426.70001220703125,3930.0,1160.6666259765625,99.63999938964844,982.0,334.0,859.5,1021.0
2020-06-26,1373.5999755859375,7519.0,432.29998779296875,3970.0,1175.0,100.83999633789062,1000.0,336.0,870.9000244140625,1023.0
2020-06-29,1351.800048828125,7313.0,422.5,3882.0,1159.6666259765625,100.13999938964844,983.0,330.0,855.5,975.7999877929688
2020-06-30,1352.4000244140625,7384.0,421.6000061035156,3848.0,1173.3333740234375,100.62000274658203,1008.0,331.0,875.5999755859375,1013.5
2020-07-01,1331.199951171875,7432.0,417.70001220703125,3765.0,1140.3333740234375,98.44000244140625,984.0,322.0,849.4000244140625,1006.0
2020-07-02,1355.4000244140625,7500.0,421.1000061035156,3808.0,1150.6666259765625,98.94000244140625,992.0,326.0,852.2000122070312,996.9000244140625
2020-07-03,1352.199951171875,7511.0,422.0,3766.0,1133.6666259765625,99.0999984741211,987.0,316.0,850.7000122070312,996.5999755859375
2020-07-06,1371.800048828125,7580.0,429.29998779296875,3812.0,1166.6666259765625,100.80000305175781,996.0,326.0,871.5,1034.5
2020-07-07,1354.0,7502.0,425.6000061035156,3794.0,1159.6666259765625,99.31999969482422,993.0,318.0,851.9000244140625,1018.5
2020-07-08,1345.5999755859375,7430.0,420.20001220703125,3766.0,1141.6666259765625,99.44000244140625,990.0,315.0,835.9000244140625,1018.0
2020-07-09,1341.800048828125,7673.0,417.0,3724.0,1133.3333740234375,100.62000274658203,980.0,313.0,833.0999755859375,993.2000122070312
2020-07-10,1313.5999755859375,7780.0,410.0,3670.0,1101.3333740234375,100.5999984741211,977.0,305.0,823.5999755859375,980.2999877929688
2020-07-13,1352.4000244140625,8100.0,422.1000061035156,3722.0,1155.6666259765625,101.73999786376953,1003.0,318.0,847.0,1030.0
2020-07-14,1348.800048828125,7940.0,424.5,3700.0,1151.6666259765625,102.87999725341797,1003.0,312.0,841.7999877929688,1016.5
2020-07-15,1367.0,8126.0,424.6000061035156,3723.0,1183.3333740234375,103.22000122070312,1020.0,328.0,848.9000244140625,1052.5
2020-07-16,1358.0,8176.0,428.70001220703125,3733.0,1196.0,102.16000366210938,1026.0,324.0,870.0,1079.0
2020-07-17,1362.5999755859375,8115.0,425.0,3711.0,1172.0,102.33999633789062,1020.0,331.0,849.7000122070312,1048.0
2020-07-20,1358.800048828125,8249.0,423.5,3788.0,1170.3333740234375,102.76000213623047,1007.0,327.0,847.0,1037.0
2020-07-21,1355.0,8379.0,416.1000061035156,3816.0,1150.0,102.0199966430664,983.0,320.0,825.2999877929688,1002.5
2020-07-22,1345.800048828125,8260.0,414.29998779296875,3769.0,1158.3333740234375,101.0999984741211,1001.0,318.0,825.9000244140625,987.0999755859375
2020-07-27,1347.4000244140625,8196.0,415.79998779296875,3807.0,1154.3333740234375,102.0999984741211,998.0,323.0,812.0,985.5
2020-07-28,1327.199951171875,8258.0,411.20001220703125,3797.0,1098.6666259765625,101.81999969482422,1002.0,312.0,812.2000122070312,973.7000122070312
2020-07-29,1286.5999755859375,8168.0,412.29998779296875,3780.0,1105.0,101.26000213623047,998.0,306.0,797.0999755859375,934.5
2020-07-30,1287.0,8184.0,405.0,3816.0,1100.0,101.27999877929688,982.0,295.0,785.4000244140625,910.7000122070312
2020-07-31,1243.4000244140625,8076.0,393.20001220703125,3756.0,1068.6666259765625,97.73999786376953,938.0,280.0,751.9000244140625,857.5
2020-08-03,1266.0,8314.0,402.6000061035156,3891.0,1017.3333129882812,99.91999816894531,956.0,285.0,767.5999755859375,877.0999755859375
2020-08-04,1307.800048828125,8686.0,412.3999938964844,3902.0,1108.0,101.91999816894531,998.0,296.0,878.0,927.5
2020-08-05,1329.5999755859375,8546.0,411.70001220703125,3908.0,1094.6666259765625,100.37999725341797,990.0,297.0,881.7999877929688,989.2000122070312
2020-08-06,1360.0,8468.0,412.79998779296875,3857.0,1100.0,100.37999725341797,1005.0,293.0,877.0999755859375,985.4000244140625
2020-08-07,1375.5999755859375,8525.0,414.1000061035156,3807.0,1104.3333740234375,100.27999877929688,990.0,303.0,876.7999877929688,967.7999877929688
2020-08-11,1430.0,8537.0,430.0,3962.0,1149.3333740234375,103.18000030517578,1024.0,310.0,917.7000122070312,1023.0
2020-08-12,1448.800048828125,8462.0,439.3999938964844,3962.0,1155.6666259765625,106.72000122070312,1026.0,323.0,931.0,1061.0
2020-08-13,1457.0,8700.0,440.79998779296875,3964.0,1154.6666259765625,105.5999984741211,1029.0,321.0,925.4000244140625,1030.0
2020-08-14,1436.199951171875,8876.0,435.5,3980.0,1148.0,105.77999877929688,1011.0,317.0,910.5,1028.5
2020-08-17,1431.199951171875,8826.0,432.20001220703125,3975.0,1148.0,104.37999725341797,1012.0,315.0,900.7000122070312,1020.0
2020-08-18,1435.199951171875,8768.0,427.29998779296875,3997.0,1140.6666259765625,104.83999633789062,1016.0,309.0,887.7999877929688,1003.5
2020-08-19,1439.0,8526.0,427.5,4032.0,1151.0,104.33999633789062,1020.0,312.0,877.5999755859375,1018.0
2020-08-20,1416.800048828125,8354.0,426.70001220703125,4023.0,1151.6666259765625,104.13999938964844,1007.0,308.0,870.0,1008.5
2020-08-21,1416.4000244140625,8284.0,425.70001220703125,4037.0,1148.0,103.36000061035156,1008.0,309.0,878.7999877929688,1027.0
2020-08-24,1413.0,8407.0,426.3999938964844,4047.0,1150.0,103.0,1002.0,309.0,883.0,1014.0
2020-08-25,1429.800048828125,8423.0,439.0,4056.0,1156.3333740234375,103.69999694824219,1034.0,320.0,907.0999755859375,1050.0
2020-08-26,1424.5999755859375,8571.0,440.0,4026.0,1159.3333740234375,103.91999816894531,1029.0,314.0,891.5999755859375,1046.5
2020-08-27,1414.5999755859375,8559.0,431.8999938964844,3984.0,1143.3333740234375,102.73999786376953,1010.0,309.0,882.2999877929688,1028.0
2020-08-28,1411.199951171875,8280.0,440.6000061035156,3974.0,1135.6666259765625,101.66000366210938,1008.0,311.0,884.9000244140625,1036.5
2020-08-31,1401.199951171875,8309.0,442.5,3959.0,1144.3333740234375,96.45999908447266,1037.0,312.0,890.0,1044.5
2020-09-01,1395.800048828125,8349.0,441.70001220703125,3948.0,1132.0,95.86000061035156,1021.0,312.0,896.4000244140625,1032.5
2020-09-02,1394.4000244140625,8420.0,441.0,3911.0,1140.6666259765625,95.69999694824219,1020.0,312.0,894.2000122070312,1027.0
2020-09-03,1398.199951171875,8426.0,440.79998779296875,3908.0,1142.0,96.12000274658203,1024.0,313.0,919.2999877929688,1034.5
2020-09-04,1409.199951171875,8288.0,444.3999938964844,3847.0,1126.3333740234375,94.83999633789062,1018.0,313.0,913.7000122070312,1084.5
2020-09-07,1393.199951171875,8198.0,443.3999938964844,3800.0,1111.0,94.81999969482422,998.0,310.0,928.2000122070312,1108.0
2020-09-08,1403.0,8235.0,443.20001220703125,3830.0,1107.6666259765625,95.58000183105469,1005.0,309.0,942.7999877929688,1131.0
2020-09-09,1377.199951171875,8078.0,431.8999938964844,3815.0,1089.6666259765625,94.41999816894531,1010.0,307.0,931.0,1143.5
2020-09-10,1391.0,8216.0,437.3999938964844,3868.0,1116.6666259765625,94.31999969482422,1021.0,310.0,940.9000244140625,1164.0
2020-09-11,1391.199951171875,8211.0,438.79998779296875,3913.0,1134.6666259765625,94.80000305175781,1019.0,306.0,941.5999755859375,1159.5
2020-09-14,1409.4000244140625,8257.0,446.70001220703125,3922.0,1148.0,92.41999816894531,1038.0,315.0,962.7000122070312,1173.0
2020-09-15,1413.199951171875,8058.0,447.5,3878.0,1115.0,90.4000015258789,1016.0,312.0,954.0,1125.5
2020-09-16,1412.800048828125,8210.0,441.79998779296875,3957.0,1112.0,92.0199966430664,999.0,306.0,938.0999755859375,1107.5
2020-09-17,1404.199951171875,8132.0,441.70001220703125,3950.0,1126.0,92.12000274658203,976.0,300.0,929.9000244140625,1075.0
2020-09-18,1407.5999755859375,8323.0,441.3999938964844,3989.0,1106.6666259765625,90.12000274658203,1007.0,304.0,936.9000244140625,1062.5
2020-09-23,1416.199951171875,8204.0,439.8999938964844,3923.0,1121.0,89.58000183105469,996.0,300.0,929.7000122070312,1035.0
2020-09-24,1385.5999755859375,8155.0,436.1000061035156,3950.0,1109.6666259765625,90.5,988.0,294.0,916.5,992.7000122070312
2020-09-25,1406.199951171875,8100.0,440.3999938964844,3925.0,1104.6666259765625,90.36000061035156,988.0,292.0,922.5,988.0999755859375
2020-09-28,1435.800048828125,8179.0,445.5,4003.0,1127.6666259765625,91.83999633789062,1006.0,300.0,944.9000244140625,1017.5
2020-09-29,1422.5999755859375,8200.0,436.1000061035156,3883.0,1125.3333740234375,89.22000122070312,989.0,298.0,938.9000244140625,1012.5
2020-09-30,1386.4000244140625,8032.0,416.1000061035156,3744.0,1083.3333740234375,86.0,955.0,289.0,914.7000122070312,989.5
2020-10-02,1378.199951171875,7753.0,419.8999938964844,3621.0,1091.3333740234375,87.4000015258789,928.0,282.0,883.9000244140625,983.2999877929688
2020-10-05,1381.800048828125,7892.0,428.79998779296875,3650.0,1096.6666259765625,89.04000091552734,950.0,300.0,923.2999877929688,1042.0
2020-10-06,1391.5999755859375,7828.0,433.6000061035156,3712.0,1128.6666259765625,88.87999725341797,960.0,301.0,937.5,1053.0
2020-10-07,1400.5999755859375,7770.0,433.8999938964844,3667.0,1143.6666259765625,91.81999969482422,956.0,300.0,939.4000244140625,1072.0
2020-10-08,1406.800048828125,7832.0,434.29998779296875,3655.0,1128.6666259765625,92.44000244140625,965.0,293.0,939.9000244140625,1109.0
2020-10-09,1393.4000244140625,7862.0,430.6000061035156,3712.0,1180.6666259765625,91.77999877929688,951.0,288.0,926.4000244140625,1087.5
2020-10-12,1382.199951171875,7768.0,427.1000061035156,3746.0,1176.0,90.27999877929688,942.0,284.0,938.5,1081.0
2020-10-13,1406.0,7910.0,427.6000061035156,3699.0,1175.0,89.9800033569336,936.0,288.0,931.5,1087.0
2020-10-14,1387.0,7811.0,423.29998779296875,3659.0,1157.3333740234375,89.72000122070312,925.0,286.0,918.5,1045.5
2020-10-15,1383.0,7757.0,420.0,3587.0,1145.0,89.91999816894531,916.0,286.0,908.9000244140625,1060.0
2020-10-16,1365.800048828125,7603.0,419.6000061035156,3504.0,1141.6666259765625,89.76000213623047,907.0,294.0,910.0999755859375,1066.0
2020-10-19,1389.0,7769.0,421.29998779296875,3574.0,1175.0,89.19999694824219,915.0,301.0,935.0999755859375,1096.0
2020-10-20,1379.4000244140625,7900.0,417.6000061035156,3541.0,1180.0,88.18000030517578,887.0,286.0,924.2999877929688,1091.0
2020-10-21,1401.800048828125,7896.0,424.8999938964844,3537.0,1189.3333740234375,89.95999908447266,897.0,289.0,935.2000122070312,1126.5
2020-10-22,1393.199951171875,7816.0,422.20001220703125,3488.0,1155.3333740234375,88.41999816894531,874.0,284.0,935.5,1112.5
2020-10-23,1394.5999755859375,7820.0,425.79998779296875,3500.0,1143.3333740234375,88.55999755859375,895.0,288.0,943.5,1119.0
2020-10-26,1398.0,8017.0,423.3999938964844,3495.0,1134.6666259765625,89.19999694824219,909.0,288.0,954.0999755859375,1102.0
2020-10-27,1392.199951171875,8100.0,419.3999938964844,3489.0,1114.0,90.0,896.0,284.0,943.2000122070312,1070.5
2020-10-28,1379.0,8248.0,411.8999938964844,3431.0,1090.6666259765625,88.33999633789062,868.0,282.0,930.5,1035.5
2020-10-29,1378.5999755859375,8800.0,411.6000061035156,3441.0,1082.3333740234375,88.4800033569336,873.0,279.0,929.2000122070312,1035.5
2020-10-30,1360.5999755859375,8674.0,410.20001220703125,3239.0,1059.6666259765625,87.83999633789062,870.0,269.0,900.4000244140625,1006.5
2020-11-02,1389.800048828125,8768.0,421.70001220703125,3291.0,1085.6666259765625,90.27999877929688,885.0,283.0,925.0,1044.0
2020-11-04,1395.199951171875,8903.0,422.20001220703125,3371.0,1087.6666259765625,90.37999725341797,887.0,281.0,921.4000244140625,1073.0
2020-11-05,1396.800048828125,9229.0,421.79998779296875,3512.0,1077.6666259765625,91.5199966430664,891.0,279.0,913.5,1049.0
2020-11-06,1403.800048828125,9145.0,426.79998779296875,3463.0,1080.0,91.77999877929688,904.0,286.0,926.0,1101.0
2020-11-09,1434.5999755859375,9220.0,428.0,3475.0,1047.6666259765625,96.23999786376953,901.0,281.0,943.2999877929688,1098.5
2020-11-10,1453.4000244140625,8920.0,445.8999938964844,3548.0,1139.0,97.31999969482422,929.0,296.0,963.0,1228.5
2020-11-11,1500.5999755859375,9040.0,459.0,3624.0,1151.3333740234375,98.73999786376953,934.0,303.0,988.5999755859375,1241.0
2020-11-12,1487.0,9160.0,451.0,3588.0,1136.0,100.73999786376953,922.0,293.0,966.9000244140625,1197.5
2020-11-13,1463.199951171875,9326.0,445.6000061035156,3600.0,1105.3333740234375,99.04000091552734,915.0,287.0,947.2000122070312,1179.5
2020-11-16,1494.800048828125,9491.0,461.1000061035156,3565.0,1119.0,99.30000305175781,926.0,297.0,977.0,1215.0
2020-11-17,1487.800048828125,9408.0,479.3999938964844,3605.0,1137.0,98.72000122070312,949.0,295.0,989.0,1262.5
2020-11-18,1463.800048828125,9237.0,468.20001220703125,3641.0,1124.0,98.30000305175781,947.0,289.0,982.4000244140625,1236.5
2020-11-19,1460.199951171875,9249.0,461.1000061035156,3625.0,1115.0,99.45999908447266,974.0,286.0,988.7999877929688,1183.0
2020-11-20,1470.4000244140625,9235.0,464.1000061035156,3649.0,1102.0,99.66000366210938,956.0,289.0,989.7000122070312,1217.0
2020-11-24,1486.199951171875,9490.0,471.3999938964844,3660.0,1129.0,98.45999908447266,976.0,290.0,1023.5,1277.0
2020-11-25,1470.0,9810.0,473.0,3688.0,1153.0,99.4800033569336,969.0,288.0,1014.5,1329.0
2020-11-26,1460.199951171875,9754.0,471.29998779296875,3681.0,1164.0,100.0199966430664,939.0,286.0,1002.5,1320.0
2020-11-27,1450.4000244140625,9812.0,463.29998779296875,3732.0,1141.0,100.81999969482422,956.0,283.0,996.2000122070312,1327.5
2020-11-30,1399.800048828125,9704.0,448.5,3745.0,1104.3333740234375,98.5999984741211,920.0,272.0,957.0999755859375,1276.5
2020-12-01,1403.5999755859375,9800.0,449.79998779296875,3731.0,1115.6666259765625,98.68000030517578,936.0,274.0,997.2999877929688,1303.5
2020-12-02,1415.800048828125,9618.0,454.70001220703125,3839.0,1152.0,99.91999816894531,941.0,278.0,1019.5,1323.0
2020-12-03,1432.800048828125,9765.0,450.8999938964844,3840.0,1139.0,101.4000015258789,944.0,285.0,1020.0,1326.0
2020-12-04,1436.199951171875,9757.0,450.5,3899.0,1172.0,102.22000122070312,945.0,281.0,1039.0,1391.5
2020-12-07,1440.800048828125,9675.0,448.5,3870.0,1167.6666259765625,101.33999633789062,946.0,275.0,1049.0,1332.0
2020-12-08,1439.800048828125,9704.0,444.29998779296875,3857.0,1147.0,102.0,948.0,276.0,1039.5,1335.0
2020-12-09,1469.800048828125,9872.0,444.8999938964844,3882.0,1167.6666259765625,102.80000305175781,945.0,275.0,1067.5,1363.0
2020-12-10,1496.0,9818.0,441.79998779296875,3877.0,1201.0,103.18000030517578,939.0,272.0,1063.0,1335.0
2020-12-11,1564.0,9858.0,447.79998779296875,3870.0,1200.0,104.08000183105469,931.0,276.0,1020.0,1349.5
2020-12-14,1590.4000244140625,9783.0,450.1000061035156,3885.0,1207.6666259765625,106.68000030517578,933.0,277.0,1031.5,1337.5
2020-12-15,1581.0,9730.0,445.6000061035156,3856.0,1198.0,106.0,928.0,272.0,1031.5,1300.0
2020-12-16,1596.0,9765.0,447.3999938964844,3813.0,1182.6666259765625,105.55999755859375,921.0,273.0,1039.5,1338.5
2020-12-17,1600.0,10025.0,445.3999938964844,3840.0,1172.3333740234375,106.41999816894531,898.0,271.0,1022.5,1310.5
2020-12-18,1582.199951171875,10255.0,447.79998779296875,3877.0,1198.3333740234375,106.91999816894531,898.0,274.0,1037.5,1330.0
2020-12-21,1570.0,10405.0,457.8999938964844,3862.0,1176.0,106.66000366210938,884.0,272.0,1050.5,1348.0
2020-12-22,1555.4000244140625,10045.0,450.20001220703125,3790.0,1167.6666259765625,105.76000213623047,868.0,269.0,1022.0,1304.0
2020-12-23,1544.0,10150.0,446.1000061035156,3766.0,1169.6666259765625,105.62000274658203,861.0,266.0,1002.5,1297.5
2020-12-24,1548.5999755859375,10090.0,452.5,3731.0,1197.3333740234375,105.5999984741211,870.0,271.0,1008.0,1327.0
2020-12-25,1557.800048828125,9953.0,453.20001220703125,3745.0,1220.0,105.4800033569336,881.0,272.0,1028.5,1345.0
2020-12-28,1579.5999755859375,10180.0,457.20001220703125,3696.0,1221.0,105.77999877929688,881.0,271.0,1036.0,1335.0
2020-12-29,1602.800048828125,10390.0,460.0,3799.0,1236.6666259765625,107.04000091552734,899.0,271.0,1061.0,1355.5
2020-12-30,1591.4000244140625,10285.0,456.1000061035156,3755.0,1219.6666259765625,105.81999969482422,890.0,272.0,1054.5,1328.0
2021-01-04,1585.5999755859375,10435.0,451.0,3720.0,1215.0,108.54000091552734,888.0,275.0,1042.5,1321.0
2021-01-05,1562.4000244140625,10570.0,450.70001220703125,3665.0,1204.3333740234375,107.05999755859375,878.0,281.0,1048.0,1319.5
2021-01-06,1563.5999755859375,10330.0,463.8999938964844,3648.0,1238.6666259765625,109.72000122070312,897.0,295.0,1061.5,1349.0
2021-01-07,1563.5999755859375,10440.0,480.0,3681.0,1298.6666259765625,111.0199966430664,907.0,297.0,1088.5,1454.5
2021-01-08,1587.800048828125,10715.0,486.3999938964844,3695.0,1330.6666259765625,112.66000366210938,924.0,301.0,1103.0,1458.0
2021-01-12,1578.4000244140625,10850.0,494.29998779296875,3815.0,1303.0,109.80000305175781,919.0,328.0,1139.0,1466.5
2021-01-13,1569.199951171875,10700.0,495.70001220703125,3746.0,1303.0,110.0199966430664,924.0,320.0,1139.5,1473.0
2021-01-14,1572.5999755859375,10750.0,501.1000061035156,3690.0,1317.3333740234375,110.5999984741211,945.0,326.0,1148.0,1441.5
2021-01-15,1546.5999755859375,10560.0,497.8999938964844,3601.0,1328.6666259765625,110.0,934.0,323.0,1128.0,1389.0
2021-01-18,1527.199951171875,10480.0,491.20001220703125,3609.0,1312.3333740234375,109.5,925.0,328.0,1113.0,1363.0
2021-01-19,1541.5999755859375,10605.0,494.6000061035156,3600.0,1291.3333740234375,108.80000305175781,918.0,354.0,1111.0,1368.5
2021-01-20,1537.199951171875,10590.0,489.70001220703125,3595.0,1310.0,108.4800033569336,912.0,381.0,1136.5,1353.5
2021-01-21,1548.800048828125,10605.0,485.0,3591.0,1312.0,109.19999694824219,922.0,385.0,1143.5,1353.0
2021-01-22,1532.0,10480.0,483.0,3587.0,1316.6666259765625,107.9800033569336,933.0,409.0,1144.5,1305.5
2021-01-25,1535.4000244140625,10300.0,480.0,3714.0,1335.0,109.5999984741211,921.0,409.0,1204.5,1305.5
2021-01-26,1500.0,10285.0,477.20001220703125,3782.0,1346.3333740234375,108.0199966430664,909.0,429.0,1179.5,1252.5
2021-01-27,1505.5999755859375,10270.0,477.70001220703125,3767.0,1358.0,107.77999877929688,909.0,432.0,1184.5,1220.0
2021-01-28,1479.4000244140625,10035.0,477.70001220703125,3719.0,1358.6666259765625,106.22000122070312,895.0,436.0,1189.5,1229.0
2021-01-29,1460.0,10050.0,469.29998779296875,3698.0,1320.3333740234375,104.72000122070312,876.0,401.0,1164.5,1207.0
2021-02-01,1458.800048828125,10155.0,475.29998779296875,3723.0,1326.0,105.44000244140625,887.0,397.0,1175.5,1222.0
2021-02-02,1491.0,10465.0,479.0,3681.0,1328.6666259765625,105.62000274658203,889.0,375.0,1195.5,1256.5
2021-02-03,1556.4000244140625,10635.0,498.0,3663.0,1353.3333740234375,106.54000091552734,910.0,384.0,1222.0,1286.0
2021-02-04,1551.800048828125,11650.0,500.8999938964844,3660.0,1351.6666259765625,107.5199966430664,901.0,400.0,1212.5,1282.0
2021-02-05,1584.4000244140625,12450.0,505.0,3672.0,1372.3333740234375,109.55999755859375,920.0,399.0,1215.0,1335.0
2021-02-08,1607.4000244140625,12095.0,519.5999755859375,3644.0,1416.0,111.45999908447266,945.0,407.0,1242.5,1469.0
2021-02-09,1598.800048828125,11825.0,517.0,3694.0,1415.0,113.13999938964844,915.0,412.0,1233.5,1444.5
2021-02-10,1626.0,11990.0,517.2999877929688,3715.0,1409.3333740234375,112.69999694824219,914.0,410.0,1225.5,1457.0
2021-02-12,1682.5999755859375,11845.0,528.5999755859375,3688.0,1380.3333740234375,112.22000122070312,910.0,390.0,1184.0,1488.0
2021-02-15,1691.199951171875,11970.0,541.5,3715.0,1408.3333740234375,114.0,943.0,391.0,1183.5,1500.0
2021-02-16,1660.5999755859375,12240.0,561.7999877929688,3706.0,1445.3333740234375,115.77999877929688,947.0,383.0,1175.5,1507.0
2021-02-17,1649.4000244140625,12200.0,566.0999755859375,3713.0,1419.6666259765625,115.30000305175781,936.0,376.0,1181.5,1586.0
2021-02-18,1618.5999755859375,12000.0,553.5,3740.0,1413.3333740234375,113.94000244140625,922.0,368.0,1163.5,1526.5
2021-02-19,1613.0,11965.0,550.0,3697.0,1397.0,114.16000366210938,911.0,358.0,1133.0,1516.0
2021-02-22,1612.0,11980.0,563.2999877929688,3687.0,1400.6666259765625,112.73999786376953,936.0,358.0,1147.5,1551.5
2021-02-24,1578.199951171875,11325.0,560.5,3605.0,1425.0,111.76000213623047,921.0,349.0,1156.5,1566.5
2021-02-25,1603.5999755859375,11570.0,568.0999755859375,3610.0,1389.3333740234375,111.44000244140625,957.0,349.0,1163.0,1606.0
2021-02-26,1574.5999755859375,11120.0,558.0,3582.0,1345.6666259765625,110.31999969482422,913.0,342.0,1146.0,1567.5
2021-03-01,1585.0,11405.0,562.0,3613.0,1404.3333740234375,112.4800033569336,937.0,354.0,1162.0,1569.5
2021-03-02,1584.5999755859375,11345.0,561.5,3676.0,1365.3333740234375,111.18000030517578,938.0,341.0,1157.0,1553.5
2021-03-03,1594.199951171875,11330.0,566.0,3793.0,1397.3333740234375,110.5199966430664,957.0,349.0,1188.5,1658.5
2021-03-04,1584.4000244140625,11045.0,566.0,3780.0,1396.3333740234375,108.87999725341797,953.0,345.0,1164.5,1649.0
2021-03-05,1593.800048828125,11215.0,565.0,3758.0,1418.0,110.45999908447266,967.0,354.0,1157.0,1701.5
2021-03-08,1592.199951171875,11020.0,581.0,3905.0,1429.3333740234375,110.44000244140625,982.0,372.0,1161.5,1758.0
2021-03-09,1637.800048828125,10810.0,591.7000122070312,3949.0,1481.0,111.5199966430664,995.0,391.0,1205.0,1830.0
2021-03-10,1625.5999755859375,11000.0,591.5,3997.0,1461.3333740234375,113.0999984741211,990.0,370.0,1227.5,1783.5
2021-03-11,1618.199951171875,11010.0,593.2999877929688,4004.0,1443.3333740234375,112.5199966430664,1000.0,385.0,1246.5,1791.5
2021-03-12,1629.0,11330.0,594.5999755859375,4014.0,1445.0,113.31999969482422,1002.0,387.0,1265.0,1829.5
2021-03-15,1668.0,11400.0,619.0999755859375,4102.0,1478.6666259765625,113.83999633789062,1014.0,388.0,1281.5,1878.0
2021-03-16,1653.800048828125,11585.0,614.5,4150.0,1485.6666259765625,115.18000030517578,1027.0,394.0,1288.5,1841.0
2021-03-17,1661.5999755859375,11575.0,615.2999877929688,4255.0,1477.3333740234375,116.36000061035156,1007.0,354.0,1305.0,1780.5
2021-03-18,1730.0,11630.0,647.0,4259.0,1472.6666259765625,117.0999984741211,1028.0,357.0,1330.5,1829.0
2021-03-19,1728.800048828125,11555.0,659.4000244140625,4274.0,1500.0,117.44000244140625,1054.0,370.0,1377.5,1890.5
2021-03-22,1672.4000244140625,11460.0,653.9000244140625,4306.0,1487.6666259765625,117.87999725341797,1057.0,371.0,1346.0,1931.5
2021-03-23,1660.800048828125,11530.0,632.7000122070312,4261.0,1506.0,118.62000274658203,1056.0,370.0,1338.0,1876.5
2021-03-24,1624.0,11225.0,604.5,4178.0,1438.6666259765625,116.58000183105469,1013.0,361.0,1286.5,1781.0
2021-03-25,1631.4000244140625,11215.0,619.5,4169.0,1478.3333740234375,118.83999633789062,1040.0,376.0,1305.0,1842.5
2021-03-26,1671.800048828125,11435.0,630.0999755859375,4204.0,1510.3333740234375,119.69999694824219,1056.0,377.0,1312.5,1850.5
2021-03-29,1693.0,11635.0,618.5,4162.0,1528.3333740234375,119.80000305175781,1058.0,372.0,1316.0,1879.5
2021-03-30,1672.4000244140625,11495.0,615.5,4073.0,1528.0,118.19999694824219,1044.0,375.0,1298.5,1881.0
2021-03-31,1723.199951171875,11595.0,591.7000122070312,3985.0,1487.6666259765625,113.68000030517578,1015.0,369.0,1274.5,1886.5
2021-04-01,1684.5999755859375,11650.0,595.0999755859375,4085.0,1498.3333740234375,114.5,1033.0,361.0,1246.0,1812.5
2021-04-02,1692.4000244140625,12200.0,592.5,4041.0,1510.6666259765625,114.08000183105469,1022.0,358.0,1260.5,1827.0
2021-04-05,1692.199951171875,12330.0,610.5999755859375,4024.0,1517.6666259765625,114.94000244140625,1024.0,363.0,1254.0,1870.5
2021-04-06,1673.199951171875,12080.0,598.0,3894.0,1484.3333740234375,113.36000061035156,1019.0,354.0,1231.0,1839.5
2021-04-07,1697.4000244140625,12165.0,597.0,3826.0,1512.6666259765625,114.04000091552734,1054.0,353.0,1248.5,1919.0
2021-04-08,1683.5999755859375,11900.0,582.0,3708.0,1474.6666259765625,111.27999877929688,1044.0,346.0,1233.5,1897.0
2021-04-09,1683.5999755859375,12230.0,582.5999755859375,3750.0,1437.3333740234375,113.91999816894531,1063.0,356.0,1232.5,1842.5
2021-04-12,1687.0,12175.0,583.0999755859375,3754.0,1455.3333740234375,114.45999908447266,1045.0,355.0,1226.0,1850.5
2021-04-13,1701.4000244140625,12180.0,586.5,3716.0,1484.6666259765625,112.87999725341797,1040.0,348.0,1235.0,1878.0
2021-04-14,1697.0,12190.0,583.7999877929688,3701.0,1478.3333740234375,113.0999984741211,1022.0,337.0,1220.0,1921.5
2021-04-15,1712.800048828125,12205.0,591.5999755859375,3715.0,1558.3333740234375,114.23999786376953,1025.0,338.0,1231.0,1966.0
2021-04-16,1706.0,12080.0,590.2999877929688,3704.0,1515.6666259765625,114.63999938964844,1044.0,322.0,1253.0,1959.5
2021-04-19,1704.4000244140625,11990.0,589.9000244140625,3706.0,1512.0,112.81999969482422,1039.0,321.0,1244.5,1937.0
2021-04-20,1683.5999755859375,11865.0,585.0,3674.0,1518.6666259765625,112.12000274658203,1019.0,321.0,1220.0,1916.0
2021-04-21,1642.4000244140625,11575.0,571.2999877929688,3606.0,1485.0,111.0999984741211,999.0,313.0,1188.5,1812.5
2021-04-22,1673.5999755859375,11720.0,570.4000244140625,3708.0,1506.6666259765625,111.81999969482422,1005.0,316.0,1219.0,1889.0
2021-04-23,1655.4000244140625,11840.0,572.2000122070312,3683.0,1503.6666259765625,112.16000366210938,1004.0,317.0,1214.0,1839.0
2021-04-26,1653.0,11700.0,572.5,3663.0,1506.6666259765625,111.13999938964844,996.0,318.0,1205.5,1877.0
2021-04-27,1634.4000244140625,11450.0,575.5999755859375,3643.0,1489.0,110.4000015258789,1003.0,319.0,1173.5,1896.5
2021-04-28,1659.800048828125,11810.0,583.7000122070312,3614.0,1507.0,113.18000030517578,999.0,316.0,1161.0,1872.5
2021-04-30,1625.4000244140625,10900.0,578.0,3635.0,1566.3333740234375,110.19999694824219,997.0,323.0,1151.5,1907.0
2021-05-06,1672.5999755859375,10715.0,602.2000122070312,3650.0,1590.6666259765625,111.63999938964844,1008.0,341.0,1184.5,2050.0
2021-05-07,1672.800048828125,10470.0,603.2999877929688,3675.0,1619.6666259765625,113.86000061035156,1030.0,346.0,1198.0,2167.0
2021-05-10,1701.199951171875,10780.0,607.9000244140625,3730.0,1567.6666259765625,114.16000366210938,1041.0,345.0,1207.5,2281.0
2021-05-11,1668.199951171875,10400.0,597.5,3722.0,1549.3333740234375,114.63999938964844,1029.0,343.0,1183.5,2311.0
2021-05-12,1704.5999755859375,10300.0,595.9000244140625,3690.0,1530.6666259765625,111.91999816894531,973.0,338.0,1155.0,2235.5
2021-05-13,1678.4000244140625,9989.0,599.2000122070312,3678.0,1606.6666259765625,113.95999908447266,937.0,339.0,1214.0,2214.0
2021-05-14,1695.5999755859375,10225.0,607.7000122070312,3740.0,1647.3333740234375,116.19999694824219,968.0,341.0,1221.5,2182.0
2021-05-17,1729.5999755859375,10330.0,612.5,3768.0,1596.6666259765625,114.04000091552734,948.0,347.0,1226.0,2159.0
2021-05-18,1763.800048828125,10320.0,626.5999755859375,3778.0,1635.3333740234375,115.87999725341797,951.0,347.0,1234.5,2256.0
2021-05-19,1739.800048828125,10420.0,634.4000244140625,3768.0,1633.3333740234375,115.81999969482422,951.0,347.0,1215.0,2215.5
2021-05-20,1733.0,10475.0,631.9000244140625,3761.0,1606.0,114.31999969482422,937.0,343.0,1223.0,2108.5
2021-05-21,1748.5999755859375,10525.0,620.5,3815.0,1622.6666259765625,115.77999877929688,947.0,345.0,1220.0,2090.0
2021-05-24,1767.0,10510.0,630.2000122070312,3762.0,1628.6666259765625,116.80000305175781,945.0,345.0,1251.0,2115.5
2021-05-25,1775.4000244140625,10755.0,633.0,3743.0,1619.0,117.04000091552734,946.0,342.0,1245.0,2146.0
2021-05-26,1781.199951171875,10700.0,625.2999877929688,3758.0,1629.3333740234375,117.04000091552734,941.0,338.0,1245.5,2072.0
2021-05-27,1796.0,10800.0,619.4000244140625,3810.0,1583.0,117.0,931.0,333.0,1202.0,2018.5
2021-05-28,1827.0,10970.0,631.2999877929688,3764.0,1616.3333740234375,118.80000305175781,938.0,345.0,1241.0,2102.5
2021-05-31,1823.0,10785.0,620.0,3719.0,1578.6666259765625,117.26000213623047,922.0,339.0,1205.0,2055.0
2021-06-01,1884.5999755859375,10830.0,625.2999877929688,3657.0,1561.0,115.0,927.0,338.0,1217.0,1986.0
2021-06-02,1925.5999755859375,10805.0,633.7000122070312,3600.0,1617.3333740234375,114.31999969482422,928.0,360.0,1257.5,2007.5
2021-06-03,1958.0,10855.0,634.0999755859375,3669.0,1646.0,116.86000061035156,928.0,353.0,1261.5,1999.5
2021-06-04,1989.800048828125,10920.0,636.4000244140625,3672.0,1648.6666259765625,116.4800033569336,931.0,342.0,1272.5,2039.0
2021-06-07,1983.4000244140625,10850.0,629.0,3666.0,1661.3333740234375,118.0,933.0,343.0,1270.5,1922.0
2021-06-08,1971.199951171875,10995.0,634.2000122070312,3702.0,1653.3333740234375,116.5,926.0,344.0,1275.0,1936.5
2021-06-09,1981.199951171875,10755.0,624.0,3716.0,1619.0,115.95999908447266,946.0,351.0,1259.0,1928.0
2021-06-10,1973.199951171875,10795.0,622.2999877929688,3767.0,1619.0,114.9800033569336,930.0,345.0,1266.0,1951.5
2021-06-11,1972.199951171875,10860.0,610.7999877929688,3779.0,1633.0,116.54000091552734,913.0,347.0,1253.5,1960.5
2021-06-14,1980.0,10820.0,604.7000122070312,3737.0,1636.6666259765625,115.91999816894531,912.0,348.0,1255.0,1949.0
2021-06-15,2015.0,11015.0,608.7999877929688,3800.0,1668.6666259765625,115.76000213623047,929.0,349.0,1250.5,1921.5
2021-06-16,2035.0,10700.0,610.7999877929688,3798.0,1666.6666259765625,115.66000366210938,922.0,348.0,1254.5,1919.0
2021-06-17,2046.0,10450.0,618.0,3757.0,1666.6666259765625,115.16000366210938,908.0,344.0,1233.0,1893.5
2021-06-18,1966.5999755859375,10500.0,602.5999755859375,3723.0,1666.6666259765625,114.08000183105469,900.0,344.0,1220.5,1830.0
2021-06-21,1927.5999755859375,10540.0,586.2000122070312,3657.0,1657.3333740234375,112.95999908447266,876.0,333.0,1177.0,1777.5
2021-06-22,1992.0,10870.0,605.2999877929688,3752.0,1717.0,116.68000030517578,906.0,339.0,1234.0,1838.0
2021-06-23,1956.4000244140625,10650.0,601.0,3733.0,1688.0,114.73999786376953,895.0,333.0,1220.0,1810.0
2021-06-24,1964.800048828125,10685.0,603.5,3716.0,1683.6666259765625,115.55999755859375,898.0,330.0,1220.5,1829.5
2021-06-25,1969.800048828125,10850.0,607.9000244140625,3758.0,1677.6666259765625,115.87999725341797,903.0,334.0,1232.5,1909.5
2021-06-28,1968.4000244140625,10870.0,610.9000244140625,3746.0,1752.6666259765625,116.44000244140625,911.0,340.0,1228.5,1971.0
2021-06-29,1948.0,11000.0,601.5999755859375,3702.0,1760.0,115.73999786376953,895.0,333.0,1217.0,1896.0
2021-06-30,1942.0,10815.0,600.0999755859375,3719.0,1765.6666259765625,115.77999877929688,883.0,330.0,1220.5,1873.5
2021-07-01,1938.0,10940.0,599.9000244140625,3738.0,1739.0,115.19999694824219,889.0,327.0,1228.0,1878.5
2021-07-02,1964.0,11340.0,607.0999755859375,3753.0,1732.3333740234375,115.22000122070312,905.0,333.0,1247.5,1896.0
2021-07-05,1954.4000244140625,11240.0,600.9000244140625,3712.0,1732.3333740234375,114.4800033569336,904.0,329.0,1237.0,1830.0
2021-07-06,1958.800048828125,11240.0,603.7999877929688,3698.0,1744.0,114.4000015258789,904.0,329.0,1237.0,1864.5
2021-07-07,1946.800048828125,11125.0,591.7999877929688,3685.0,1725.0,113.44000244140625,892.0,323.0,1204.0,1816.0
2021-07-08,1935.0,10975.0,586.7000122070312,3650.0,1708.0,113.76000213623047,893.0,318.0,1177.5,1789.5
2021-07-09,1930.0,11055.0,586.7999877929688,3644.0,1672.6666259765625,113.9800033569336,893.0,321.0,1170.0,1783.5
2021-07-12,1963.0,11485.0,593.0999755859375,3698.0,1696.0,115.27999877929688,914.0,329.0,1210.5,1828.5
2021-07-13,1973.0,11565.0,602.0,3725.0,1717.3333740234375,116.4800033569336,924.0,333.0,1237.0,1841.0
2021-07-14,1973.800048828125,11605.0,596.7999877929688,3790.0,1695.0,116.12000274658203,931.0,340.0,1224.0,1786.5
2021-07-15,1966.4000244140625,11405.0,589.5999755859375,3757.0,1689.3333740234375,115.36000061035156,928.0,334.0,1205.0,1817.5
2021-07-16,1973.199951171875,11155.0,589.5999755859375,3736.0,1680.6666259765625,115.0,921.0,333.0,1192.5,1843.0
2021-07-19,1948.0,10930.0,579.9000244140625,3739.0,1668.3333740234375,114.33999633789062,923.0,330.0,1177.0,1785.5
2021-07-20,1922.4000244140625,10685.0,568.4000244140625,3725.0,1666.6666259765625,114.62000274658203,909.0,324.0,1163.5,1756.0
2021-07-21,1945.0,10905.0,571.0,3710.0,1670.6666259765625,113.66000366210938,918.0,325.0,1180.0,1747.5
2021-07-26,1965.800048828125,10975.0,580.0,3700.0,1670.0,113.0199966430664,910.0,312.0,1189.5,1812.0
2021-07-27,1974.199951171875,11050.0,588.9000244140625,3697.0,1666.6666259765625,113.54000091552734,916.0,312.0,1200.5,1845.5
2021-07-28,1960.800048828125,11135.0,587.0999755859375,3700.0,1672.3333740234375,113.16000366210938,911.0,313.0,1200.5,1869.0
2021-07-29,1971.199951171875,11520.0,584.7000122070312,3756.0,1633.0,112.72000122070312,907.0,304.0,1205.5,1892.5
2021-07-30,1961.0,11375.0,578.5,3682.0,1622.6666259765625,112.0999984741211,891.0,292.0,1187.0,1892.0
2021-08-02,2006.0,11550.0,587.7000122070312,3682.0,1656.0,114.5,920.0,291.0,1224.5,1996.5
2021-08-03,2011.0,11445.0,580.2000122070312,3652.0,1636.0,112.80000305175781,919.0,293.0,1219.0,1974.0
2021-08-04,1994.0,11075.0,579.2000122070312,3620.0,1642.0,113.0199966430664,912.0,288.0,1206.0,2036.0
2021-08-05,1990.800048828125,11360.0,579.9000244140625,3619.0,1628.0,112.30000305175781,895.0,286.0,1200.5,2105.5
2021-08-06,1967.5999755859375,11400.0,584.2000122070312,3628.0,1609.3333740234375,112.36000061035156,901.0,291.0,1195.0,2114.5
2021-08-10,1975.199951171875,11115.0,593.0999755859375,3623.0,1636.6666259765625,114.08000183105469,903.0,290.0,1173.0,2135.0
2021-08-11,1994.5999755859375,11110.0,612.5999755859375,3673.0,1660.6666259765625,114.58000183105469,928.0,296.0,1188.0,2210.5
2021-08-12,1992.0,11010.0,614.0999755859375,3646.0,1655.6666259765625,114.12000274658203,933.0,292.0,1209.0,2196.0
2021-08-13,1993.0,11165.0,610.5,3674.0,1642.6666259765625,116.54000091552734,941.0,290.0,1198.0,2244.5
2021-08-16,1962.5999755859375,10915.0,600.7999877929688,3638.0,1609.6666259765625,115.5199966430664,922.0,289.0,1172.0,2192.0
2021-08-17,1950.5999755859375,10720.0,598.7999877929688,3651.0,1603.3333740234375,114.33999633789062,910.0,287.0,1162.5,2126.5
2021-08-18,1945.0,10900.0,601.5,3664.0,1595.6666259765625,113.66000366210938,923.0,288.0,1176.5,2099.5
2021-08-19,1859.0,10605.0,591.4000244140625,3673.0,1615.3333740234375,113.12000274658203,913.0,282.0,1154.0,1949.5
2021-08-20,1783.0,10620.0,589.4000244140625,3658.0,1635.0,113.76000213623047,914.0,289.0,1121.5,1902.5
2021-08-23,1844.4000244140625,11000.0,593.2000122070312,3728.0,1668.0,116.31999969482422,913.0,289.0,1138.5,1909.0
2021-08-24,1854.4000244140625,11385.0,591.4000244140625,3724.0,1677.6666259765625,116.05999755859375,920.0,290.0,1148.5,1972.5
2021-08-25,1896.800048828125,11465.0,590.7000122070312,3698.0,1636.0,116.05999755859375,918.0,291.0,1140.0,2027.5
2021-08-26,1901.4000244140625,11295.0,595.7999877929688,3665.0,1592.6666259765625,115.94000244140625,915.0,291.0,1118.5,2070.0
2021-08-27,1892.0,11230.0,591.7999877929688,3648.0,1588.0,117.30000305175781,901.0,289.0,1114.5,2060.0
2021-08-30,1906.800048828125,11235.0,590.2999877929688,3665.0,1581.6666259765625,118.31999969482422,918.0,293.0,1135.5,2168.5
2021-08-31,1918.4000244140625,11360.0,594.4000244140625,3679.0,1605.0,117.44000244140625,906.0,289.0,1136.0,2248.0
2021-09-01,1930.4000244140625,11440.0,607.5,3728.0,1645.6666259765625,119.13999938964844,922.0,292.0,1144.5,2203.0
2021-09-02,1930.0,11600.0,601.0,3689.0,1631.0,121.55999755859375,918.0,286.0,1140.0,2159.5
2021-09-03,1951.199951171875,11880.0,608.5999755859375,3725.0,1654.3333740234375,124.27999877929688,944.0,288.0,1149.5,2267.5
2021-09-06,1992.4000244140625,11950.0,614.5,3727.0,1650.6666259765625,128.83999633789062,948.0,287.0,1157.0,2313.5
2021-09-07,2001.0,11985.0,619.0999755859375,3778.0,1689.6666259765625,129.75999450683594,947.0,288.0,1174.5,2311.5
2021-09-08,1995.4000244140625,11970.0,633.2999877929688,3815.0,1693.0,129.72000122070312,960.0,290.0,1188.5,2323.0
2021-09-09,1979.5999755859375,12050.0,624.0999755859375,3756.0,1703.0,129.39999389648438,935.0,322.0,1204.5,2305.5
2021-09-10,1991.800048828125,12235.0,632.2999877929688,3751.0,1727.3333740234375,131.16000366210938,939.0,302.0,1235.0,2301.0
2021-09-13,1959.0,12230.0,635.9000244140625,3737.0,1733.3333740234375,129.8000030517578,961.0,309.0,1261.5,2341.0
2021-09-14,1989.199951171875,12350.0,646.7000122070312,3714.0,1705.3333740234375,130.47999572753906,970.0,302.0,1273.5,2358.5
2021-09-15,1975.199951171875,12170.0,639.5,3723.0,1719.3333740234375,129.47999572753906,953.0,301.0,1253.5,2307.0
2021-09-16,1988.0,12270.0,634.0,3780.0,1755.3333740234375,129.55999755859375,977.0,304.0,1259.0,2289.5
2021-09-17,2004.0,12315.0,642.0999755859375,3813.0,1730.6666259765625,131.39999389648438,973.0,309.0,1265.0,2153.0
2021-09-21,1985.800048828125,12340.0,632.5,3759.0,1708.0,129.0399932861328,936.0,309.0,1243.5,2056.5
2021-09-22,1964.0,12360.0,641.5,3740.0,1715.0,127.23999786376953,926.0,320.0,1214.5,2031.0
2021-09-24,2020.0,13000.0,668.2999877929688,3771.0,1733.6666259765625,129.72000122070312,930.0,324.0,1237.0,2107.0
2021-09-27,2066.0,12965.0,676.5,3771.0,1734.6666259765625,128.0,942.0,335.0,1241.0,2121.5
2021-09-28,2077.0,12920.0,688.7000122070312,3755.0,1710.3333740234375,128.32000732421875,950.0,339.0,1256.0,2120.5
2021-09-29,2073.0,12440.0,671.4000244140625,3646.0,1696.0,124.80000305175781,926.0,353.0,1213.0,2063.0
2021-09-30,2000.0,12455.0,657.9000244140625,3699.0,1695.0,123.4000015258789,929.0,320.0,1196.5,2034.0
2021-10-01,1967.0,12085.0,640.0,3636.0,1655.0,123.91999816894531,912.0,321.0,1160.5,1983.0
2021-10-04,1932.0,11970.0,632.2000122070312,3614.0,1655.3333740234375,124.16000366210938,937.0,338.0,1140.0,1955.0
2021-10-05,1902.0,11785.0,634.7000122070312,3567.0,1653.6666259765625,123.95999908447266,947.0,348.0,1137.5,1945.0
2021-10-06,1840.0,11625.0,660.0,3340.0,1638.3333740234375,125.19999694824219,938.0,369.0,1145.5,1923.5
2021-10-07,1869.0,11695.0,650.7999877929688,3221.0,1600.3333740234375,124.36000061035156,951.0,358.0,1136.0,1896.5
2021-10-08,1923.0,11860.0,650.7999877929688,3199.0,1589.3333740234375,124.83999633789062,951.0,360.0,1152.5,1916.0
2021-10-11,1987.0,12385.0,663.7999877929688,3245.0,1588.6666259765625,124.80000305175781,948.0,362.0,1180.5,1935.5
2021-10-12,2002.5,12330.0,661.0,3241.0,1585.0,123.91999816894531,944.0,360.0,1184.0,1969.0
2021-10-13,1976.0,12360.0,655.4000244140625,3225.0,1577.3333740234375,124.4800033569336,954.0,354.0,1175.0,1925.0
2021-10-14,1985.5,12555.0,649.0,3230.0,1586.3333740234375,124.12000274658203,948.0,356.0,1185.0,1947.0
2021-10-15,1993.5,12890.0,657.0999755859375,3232.0,1604.3333740234375,125.72000122070312,966.0,357.0,1217.0,1961.5
2021-10-18,2040.0,12680.0,660.4000244140625,3207.0,1599.6666259765625,124.83999633789062,971.0,354.0,1220.5,2006.0
2021-10-19,2030.0,12735.0,655.2999877929688,3195.0,1587.6666259765625,124.44000244140625,963.0,342.0,1210.5,1984.0
2021-10-20,2031.5,12820.0,664.0,3246.0,1588.3333740234375,125.5199966430664,976.0,342.0,1216.0,1986.5
2021-10-21,1983.5,12665.0,654.7999877929688,3207.0,1591.0,125.63999938964844,969.0,340.0,1221.5,1964.0
2021-10-22,1983.5,12815.0,652.7000122070312,3203.0,1581.6666259765625,124.80000305175781,969.0,339.0,1215.0,1940.5
2021-10-25,1946.5,13065.0,643.2999877929688,3187.0,1575.6666259765625,124.0,967.0,336.0,1197.0,2007.0
2021-10-26,1980.0,13410.0,640.2000122070312,3184.0,1599.3333740234375,130.67999267578125,973.0,337.0,1205.0,2064.0
2021-10-27,2004.0,13105.0,639.0999755859375,3191.0,1626.6666259765625,129.63999938964844,966.0,316.0,1209.5,2048.0
2021-10-28,2000.0,12895.0,627.0999755859375,3165.0,1630.3333740234375,128.24000549316406,962.0,309.0,1184.5,1977.0
2021-10-29,2006.5,13140.0,622.5,3203.0,1594.0,127.5199966430664,958.0,315.0,1196.5,1999.0
2021-11-01,2050.0,13850.0,640.0999755859375,3252.0,1655.6666259765625,129.1199951171875,996.0,321.0,1222.5,2053.0
2021-11-02,2048.0,13880.0,640.2000122070312,3253.0,1664.0,128.83999633789062,981.0,315.0,1194.0,2015.0
2021-11-04,2063.0,13995.0,647.0999755859375,3270.0,1682.3333740234375,130.36000061035156,991.0,314.0,1213.5,2049.5
2021-11-05,2035.0,14045.0,636.7999877929688,3244.0,1680.0,129.44000244140625,991.0,310.0,1148.5,1928.0
2021-11-08,2028.0,13985.0,638.0,3246.0,1662.3333740234375,128.9600067138672,900.0,308.0,1171.0,1918.0
2021-11-09,1995.0,13850.0,630.0,3264.0,1660.6666259765625,128.55999755859375,935.0,305.0,1139.0,1924.5
2021-11-10,2005.5,13725.0,630.0,3232.0,1674.0,129.0,923.0,306.0,1148.0,1891.5
2021-11-11,2030.0,13800.0,634.7999877929688,3247.0,1654.0,128.47999572753906,914.0,302.0,1157.0,1900.0
2021-11-12,2078.5,13960.0,642.5999755859375,3294.0,1670.0,131.67999267578125,924.0,308.0,1146.5,1937.5
2021-11-15,2102.0,14095.0,645.2000122070312,3304.0,1666.6666259765625,131.72000122070312,928.0,304.0,1153.0,1915.0
2021-11-16,2141.5,14320.0,648.4000244140625,3265.0,1678.3333740234375,131.44000244140625,926.0,305.0,1138.5,1901.0
2021-11-17,2128.0,14225.0,638.5999755859375,3236.0,1645.6666259765625,129.67999267578125,918.0,304.0,1133.0,1867.0
2021-11-18,2124.5,14350.0,634.7000122070312,3239.0,1589.6666259765625,128.60000610351562,923.0,307.0,1127.0,1832.0
2021-11-19,2132.5,14345.0,637.2000122070312,3227.0,1607.0,127.36000061035156,913.0,307.0,1144.5,1842.5
2021-11-22,2105.0,14280.0,629.2999877929688,3185.0,1592.3333740234375,128.36000061035156,895.0,308.0,1135.5,1862.0
2021-11-24,2124.5,14065.0,634.0,3163.0,1593.3333740234375,127.5199966430664,893.0,311.0,1123.5,1851.5
2021-11-25,2112.0,14260.0,634.9000244140625,3156.0,1605.6666259765625,129.1999969482422,895.0,315.0,1164.0,1856.0
2021-11-26,2074.5,13985.0,623.0,3136.0,1594.3333740234375,126.44000244140625,883.0,312.0,1129.5,1806.5
2021-11-29,2012.0,13750.0,610.0999755859375,3075.0,1542.0,126.72000122070312,858.0,308.0,1092.0,1747.5
2021-11-30,2001.0,13825.0,601.4000244140625,3031.0,1518.0,125.0,836.0,303.0,1071.5,1699.5
2021-12-01,2045.5,13895.0,610.9000244140625,3013.0,1531.3333740234375,124.19999694824219,856.0,306.0,1089.5,1719.5
2021-12-02,2045.5,13580.0,614.0,3023.0,1552.3333740234375,123.12000274658203,850.0,306.0,1091.0,1733.0
2021-12-03,2079.0,13825.0,623.2000122070312,3070.0,1575.3333740234375,123.5199966430664,860.0,304.0,1118.0,1794.0
2021-12-06,2066.0,13680.0,622.5999755859375,3089.0,1596.3333740234375,123.19999694824219,865.0,310.0,1120.0,1818.5
2021-12-07,2105.0,13985.0,635.0999755859375,3150.0,1621.0,126.0,882.0,313.0,1139.5,1887.5
2021-12-08,2068.0,14270.0,634.5,3133.0,1677.0,124.72000122070312,880.0,308.0,1127.5,1876.0
2021-12-09,2056.5,14070.0,630.2000122070312,3112.0,1669.6666259765625,124.4800033569336,881.0,306.0,1096.0,1846.0
2021-12-10,2052.0,13870.0,627.0,3081.0,1657.0,123.44000244140625,876.0,306.0,1102.5,1839.5
2021-12-13,2002.0,13870.0,628.0,3081.0,1646.3333740234375,124.36000061035156,876.0,300.0,1097.0,1845.5
2021-12-14,2045.0,13750.0,630.0,3116.0,1654.6666259765625,126.5999984741211,876.0,302.0,1090.5,1852.0
2021-12-15,2118.5,14000.0,637.2000122070312,3092.0,1662.0,127.4800033569336,880.0,305.0,1098.0,1888.0
2021-12-16,2139.5,14040.0,644.2999877929688,3139.0,1680.0,128.1999969482422,888.0,308.0,1111.5,1905.5
2021-12-17,2102.5,13850.0,637.0999755859375,3142.0,1698.3333740234375,129.0800018310547,891.0,314.0,1090.0,1895.0
2021-12-20,2051.0,13440.0,617.4000244140625,3126.0,1627.6666259765625,127.31999969482422,882.0,300.0,1063.5,1848.5
2021-12-21,2070.5,13555.0,623.0,3155.0,1641.6666259765625,128.16000366210938,896.0,301.0,1079.0,1863.5
2021-12-22,2056.5,13930.0,623.5,3130.0,1637.3333740234375,127.4800033569336,887.0,301.0,1075.0,1851.0
2021-12-23,2096.5,14215.0,629.4000244140625,3148.0,1642.6666259765625,127.95999908447266,896.0,301.0,1085.0,1876.0
2021-12-24,2096.5,14270.0,624.2999877929688,3145.0,1650.6666259765625,125.19999694824219,891.0,297.0,1083.0,1874.5
2021-12-27,2108.0,14365.0,620.5999755859375,3137.0,1667.0,123.0,881.0,292.0,1070.0,1854.0
2021-12-28,2133.0,14695.0,625.0,3148.0,1692.6666259765625,124.91999816894531,889.0,290.0,1084.0,1857.0
2021-12-29,2110.5,14580.0,625.5999755859375,3166.0,1693.0,125.0,897.0,300.0,1087.5,1875.5
2021-12-30,2105.5,14475.0,624.9000244140625,3137.0,1685.3333740234375,126.0,890.0,297.0,1081.0,1878.5
