Date,BARC.L,BP.L,BHP.L,AZN.L,VOD.L,TSCO.L,RR.L,NG.L,ULVR.L,BBY.L
2012-01-03,172.09359741210938,471.04998779296875,1993.0,3050.0,188.4561004638672,520.9163818359375,259.7782897949219,688.9088134765625,2189.0,280.5
2012-01-04,173.9873046875,473.45001220703125,1975.0,3034.5,187.67410278320312,513.6331176757812,257.3760986328125,687.2723999023438,2156.0,276.70001220703125
2012-01-05,169.6457061767578,474.04998779296875,1951.0,3009.5,184.85899353027344,498.9397888183594,258.7488098144531,668.7269897460938,2170.0,272.70001220703125
2012-01-06,172.18600463867188,477.04998779296875,1949.0,3042.5,187.15280151367188,495.1398010253906,259.26348876953125,664.9088134765625,2123.0,273.6000061035156
2012-01-09,164.51890563964844,473.6000061035156,1947.5,3009.0,184.65049743652344,494.5697937011719,259.606689453125,680.7269897460938,2135.0,272.8999938964844
2012-01-10,173.94110107421875,479.6000061035156,2014.0,3024.5,186.3708038330078,493.9997863769531,263.89630126953125,688.9088134765625,2151.0,279.70001220703125
2012-01-11,175.78860473632812,475.29998779296875,2031.0,3049.0,186.94430541992188,487.6664123535156,262.5235900878906,687.81787109375,2084.0,277.79998779296875
2012-01-12,178.69839477539062,479.5,2055.0,3070.0,187.15280151367188,409.7030944824219,261.8373107910156,687.81787109375,2085.0,278.1000061035156
2012-01-13,185.85740661621094,476.29998779296875,2045.0,3047.0,182.46099853515625,401.27978515625,261.66571044921875,681.81787109375,2055.0,281.70001220703125
2012-01-16,183.9176025390625,478.0,2080.0,3070.5,183.34719848632812,395.6430969238281,262.1803894042969,685.6361083984375,2077.0,282.29998779296875
2012-01-17,184.0561065673828,481.95001220703125,2120.5,3101.5,182.8780059814453,402.16650390625,261.8373107910156,686.7269897460938,2064.0,290.70001220703125
2012-01-18,185.76499938964844,481.3999938964844,2137.5,3111.5,182.5131072998047,406.59979248046875,257.2044982910156,680.1815185546875,2066.0,291.0
2012-01-19,204.4709014892578,482.45001220703125,2158.5,3070.0,181.93960571289062,414.1997985839844,252.22860717773438,673.6361083984375,2041.0,288.20001220703125
2012-01-20,205.6717071533203,467.45001220703125,2125.5,3037.5,184.59840393066406,416.73309326171875,252.40020751953125,674.7269897460938,2047.0,287.3999938964844
2012-01-23,205.6717071533203,476.70001220703125,2159.0,3069.5,186.47509765625,424.3330993652344,258.4056091308594,669.81787109375,2060.0,285.8999938964844
2012-01-24,201.83819580078125,477.3999938964844,2129.0,3056.5,183.76429748535156,417.9997863769531,255.66029357910156,678.5452270507812,2045.0,280.5
2012-01-25,200.68350219726562,474.54998779296875,2129.0,3035.0,181.99180603027344,408.943115234375,253.6011962890625,675.2723999023438,2050.0,280.29998779296875
2012-01-26,205.85650634765625,476.75,2199.5,3052.5,181.41830444335938,409.1330871582031,257.89080810546875,674.7269897460938,2075.0,279.8999938964844
2012-01-27,205.85650634765625,464.54998779296875,2175.0,3036.0,179.5937042236328,406.2831115722656,253.42970275878906,665.9996948242188,2068.0,279.3999938964844
2012-01-30,197.2657012939453,458.45001220703125,2151.0,3055.0,179.12449645996094,405.3330993652344,251.54220581054688,669.2723999023438,2067.0,273.29998779296875
2012-01-31,196.34190368652344,470.8500061035156,2123.0,3054.5,178.08189392089844,404.8265075683594,252.40020751953125,689.4542236328125,2046.0,274.0
2012-02-01,207.01119995117188,483.0,2174.5,3089.5,177.82119750976562,407.1697998046875,264.4110107421875,691.6361083984375,2085.0,280.0
2012-02-02,210.52139282226562,477.8999938964844,2195.0,3069.5,178.08189392089844,404.0664978027344,263.5531005859375,681.81787109375,1994.0,279.8999938964844
2012-02-03,219.34320068359375,484.5,2206.5,3010.0,182.56520080566406,413.7565002441406,269.3869934082031,699.81787109375,2029.0,287.79998779296875
2012-02-06,213.75450134277344,489.54998779296875,2200.0,2997.0,185.4324951171875,411.4130859375,269.55859375,694.9088134765625,2021.0,284.29998779296875
2012-02-07,218.74270629882812,486.5,2180.0,3000.0,182.40879821777344,417.4298095703125,269.9017028808594,702.5451049804688,2042.0,284.1000061035156
2012-02-08,215.7866973876953,489.75,2130.0,3010.0,181.0012969970703,417.23980712890625,269.3869934082031,705.81787109375,2029.0,283.6000061035156
2012-02-09,215.3249053955078,493.3999938964844,2115.0,2997.5,181.93960571289062,411.0331115722656,264.239501953125,698.1815185546875,2049.0,284.1000061035156
2012-02-10,216.202392578125,490.29998779296875,2057.5,2979.0,180.01080322265625,406.156494140625,265.097412109375,689.9996948242188,2051.0,283.6000061035156
2012-02-13,218.8813018798828,496.0,2082.5,3012.5,181.8354034423828,404.5730895996094,267.4996032714844,697.090576171875,2075.0,285.0
2012-02-14,216.9875946044922,494.79998779296875,2072.0,3017.5,181.31410217285156,397.923095703125,267.4996032714844,699.81787109375,2080.0,282.29998779296875
2012-02-15,223.222900390625,487.3999938964844,2054.0,2898.0,180.9490966796875,402.7998046875,270.41650390625,698.1815185546875,2055.0,281.5
2012-02-16,226.22509765625,487.54998779296875,2039.5,2856.0,181.26190185546875,405.7131042480469,271.1028137207031,705.81787109375,2070.0,279.1000061035156
2012-02-17,229.41200256347656,488.95001220703125,2023.0,2852.5,182.0438995361328,402.673095703125,273.84820556640625,703.6361083984375,2063.0,283.0
2012-02-20,231.7675018310547,499.25,2077.5,2843.5,182.8780059814453,407.2965087890625,272.1322937011719,703.090576171875,2069.0,290.79998779296875
2012-02-21,228.85769653320312,497.70001220703125,2080.0,2841.5,183.29510498046875,408.75311279296875,274.1913146972656,701.9996948242188,2076.0,288.70001220703125
2012-02-22,220.95970153808594,496.95001220703125,2087.0,2838.0,181.31410217285156,399.5065002441406,275.0492858886719,704.7269897460938,2089.0,289.3999938964844
2012-02-23,222.62249755859375,495.3500061035156,2088.5,2874.5,180.89700317382812,398.809814453125,276.593505859375,705.81787109375,2090.0,284.29998779296875
2012-02-24,228.76539611816406,496.20001220703125,2073.0,2856.0,179.07240295410156,403.0531005859375,278.1377868652344,704.1815185546875,2050.0,285.70001220703125
2012-02-27,225.20889282226562,501.70001220703125,2089.0,2841.0,179.33309936523438,402.7998046875,277.1083068847656,705.2723999023438,2053.0,281.70001220703125
2012-02-28,225.34750366210938,499.29998779296875,2119.5,2824.5,179.697998046875,403.3064880371094,276.593505859375,699.81787109375,2043.0,279.0
2012-02-29,226.31739807128906,492.3999938964844,2037.5,2807.5,176.57009887695312,400.3930969238281,279.3388977050781,699.81787109375,2031.0,277.8999938964844
2012-03-01,231.99850463867188,496.3999938964844,2047.0,2822.5,179.12449645996094,405.3330993652344,283.6285095214844,703.6361083984375,2053.0,278.5
2012-03-02,237.17140197753906,496.5,2030.5,2817.5,177.87339782714844,403.1164855957031,282.25579833984375,705.81787109375,2030.0,279.0
2012-03-05,233.61500549316406,504.6000061035156,1971.0,2841.0,178.3426055908203,401.1531066894531,280.8830871582031,707.9996948242188,2046.0,272.0
2012-03-06,220.68260192871094,490.1000061035156,1934.0,2806.0,177.247802734375,393.23651123046875,274.7060852050781,707.9996948242188,2028.0,267.0
2012-03-07,220.77499389648438,492.75,1960.0,2824.0,177.247802734375,394.4397888183594,278.9956970214844,704.1815185546875,2038.0,265.5
2012-03-08,222.34530639648438,494.45001220703125,1988.5,2827.0,177.456298828125,397.85980224609375,285.6875,702.5451049804688,2062.0,283.79998779296875
2012-03-09,222.34530639648438,493.8999938964844,2023.5,2864.0,175.84019470214844,403.1798095703125,286.54541015625,709.6361083984375,2067.0,287.1000061035156
2012-03-12,217.86520385742188,495.70001220703125,2013.5,2876.5,177.76910400390625,404.0664978027344,282.5989990234375,713.9996948242188,2107.0,287.0
2012-03-13,221.2830047607422,498.8500061035156,2047.0,2885.0,178.02980041503906,406.0931091308594,286.88861083984375,716.7269897460938,2106.0,289.5
2012-03-14,229.82769775390625,499.04998779296875,2000.5,2859.0,173.7550048828125,411.47650146484375,286.88861083984375,718.9088134765625,2087.0,289.5
2012-03-15,230.19720458984375,492.75,2024.0,2846.5,173.91140747070312,407.5498046875,287.57489013671875,708.5451049804688,2099.0,289.79998779296875
2012-03-16,234.631103515625,490.1499938964844,2035.0,2835.0,173.44219970703125,416.09979248046875,289.11920166015625,702.5451049804688,2085.0,289.0
2012-03-19,232.13699340820312,491.25,2048.0,2858.0,174.48480224609375,419.2663879394531,287.4032897949219,689.4542236328125,2089.0,291.3999938964844
2012-03-20,226.779296875,484.1000061035156,1965.0,2863.5,178.08189392089844,421.48309326171875,283.6285095214844,688.36328125,2064.0,286.8999938964844
2012-03-21,226.04029846191406,481.54998779296875,1947.0,2851.5,178.6031951904297,420.9130859375,282.5989990234375,693.81787109375,2059.0,289.8999938964844
2012-03-22,221.32919311523438,476.54998779296875,1901.0,2843.0,181.15769958496094,420.0898132324219,281.5694885253906,695.9996948242188,2056.0,286.3999938964844
2012-03-23,225.85560607910156,477.54998779296875,1917.5,2840.0,181.0012969970703,427.75311279296875,283.2853088378906,694.9088134765625,2051.0,293.8999938964844
2012-03-26,228.76539611816406,481.8999938964844,1928.0,2854.0,181.73109436035156,429.4631042480469,285.0010986328125,699.81787109375,2068.0,298.0
2012-03-27,232.18319702148438,471.3500061035156,1926.0,2830.5,181.4705047607422,428.6398010253906,282.9421081542969,688.36328125,2064.0,298.0
2012-03-28,226.8717041015625,468.1000061035156,1885.0,2806.0,181.10549926757812,426.5498046875,282.7705078125,688.36328125,2053.0,297.3999938964844
2012-03-29,216.2947998046875,458.8999938964844,1877.5,2778.5,181.8874969482422,415.5931091308594,277.7945861816406,682.9088134765625,2038.0,284.3999938964844
2012-03-30,217.31089782714844,462.54998779296875,1907.5,2779.0,179.54159545898438,417.9997863769531,278.6524963378906,687.81787109375,2064.0,285.5
2012-04-02,218.41940307617188,471.45001220703125,1965.0,2825.0,183.13870239257812,423.06640625,289.11920166015625,701.9996948242188,2098.0,288.3999938964844
2012-04-03,212.78460693359375,464.25,1934.5,2828.0,183.03439331054688,420.9130859375,285.8591003417969,698.1815185546875,2097.0,286.6000061035156
2012-04-04,201.83819580078125,452.04998779296875,1877.0,2781.0,179.4373016357422,412.86981201171875,278.30938720703125,692.1815185546875,2068.0,278.79998779296875
2012-04-05,202.5771942138672,456.1000061035156,1907.0,2777.0,179.28089904785156,411.0331115722656,280.02520751953125,692.1815185546875,2043.0,281.0
2012-04-10,190.56849670410156,445.3500061035156,1831.5,2768.5,176.93499755859375,399.3164978027344,274.0198059082031,690.5452270507812,2015.0,274.3999938964844
2012-04-11,195.9261932373047,444.25,1855.5,2793.0,176.93499755859375,404.0664978027344,275.735595703125,698.7269897460938,2010.0,277.8999938964844
2012-04-12,206.41070556640625,444.8500061035156,1906.5,2807.0,177.14349365234375,412.74310302734375,284.1431884765625,705.81787109375,2014.0,280.3999938964844
2012-04-13,198.5126953125,441.8500061035156,1889.0,2783.0,176.67430114746094,407.9298095703125,277.9661865234375,700.9088134765625,2005.0,273.70001220703125
2012-04-16,194.72540283203125,442.95001220703125,1892.5,2801.0,177.247802734375,406.4731140136719,281.91259765625,704.1815185546875,2038.0,271.8999938964844
2012-04-17,203.73190307617188,452.5,1926.5,2839.5,179.85440063476562,415.84649658203125,283.2853088378906,709.090576171875,2065.0,274.6000061035156
2012-04-18,197.91229248046875,446.0,1943.0,2825.5,177.14349365234375,406.6630859375,278.9956970214844,707.4542236328125,2064.0,271.79998779296875
2012-04-19,196.11099243164062,440.04998779296875,1940.0,2823.5,179.697998046875,405.3965148925781,289.6339111328125,706.9088134765625,2069.0,271.0
2012-04-20,197.2657012939453,434.8500061035156,1970.0,2867.0,178.81170654296875,407.676513671875,285.5158996582031,714.5451049804688,2086.0,268.6000061035156
2012-04-23,188.95199584960938,429.70001220703125,1898.5,2811.5,178.70750427246094,404.4465026855469,279.8536071777344,712.36328125,2068.0,260.1000061035156
2012-04-24,194.91009521484375,436.6000061035156,1917.0,2837.5,179.17669677734375,412.23651123046875,281.39788818359375,728.1815185546875,2078.0,264.0
2012-04-25,194.91009521484375,432.29998779296875,1935.5,2841.0,179.07240295410156,401.5331115722656,282.25579833984375,727.090576171875,2079.0,257.6000061035156
2012-04-26,196.75759887695312,444.25,1950.0,2666.5,179.4373016357422,397.60650634765625,285.34429931640625,723.81787109375,2135.0,258.70001220703125
2012-04-27,206.08740234375,446.3500061035156,1966.0,2680.5,178.3946990966797,402.73651123046875,286.3738098144531,723.2723999023438,2109.0,265.5
2012-04-30,201.6072998046875,445.0,1974.5,2699.5,177.76910400390625,401.97650146484375,282.5989990234375,725.9996948242188,2103.0,261.0
2012-05-01,208.9510040283203,441.29998779296875,2039.0,2728.0,180.27139282226562,404.3197937011719,292.722412109375,728.7269897460938,2128.0,268.70001220703125
2012-05-02,197.35800170898438,433.79998779296875,2017.5,2703.0,179.33309936523438,402.7998046875,288.7760009765625,728.7269897460938,2122.0,264.79998779296875
2012-05-03,196.61900329589844,435.70001220703125,1996.0,2727.5,180.37570190429688,403.0531005859375,294.7814025878906,730.36328125,2133.0,270.1000061035156
2012-05-04,192.50840759277344,422.1499938964844,1918.0,2711.0,179.12449645996094,404.3197937011719,292.8940124511719,728.1815185546875,2102.0,268.6000061035156
2012-05-08,187.56629943847656,415.0,1860.5,2697.5,178.81170654296875,409.7030944824219,287.231689453125,730.9088134765625,2088.0,270.79998779296875
2012-05-09,186.91969299316406,404.0,1864.0,2690.0,178.3426055908203,405.96649169921875,289.97711181640625,733.635986328125,2078.0,268.6000061035156
2012-05-10,192.87789916992188,410.5,1871.5,2677.5,178.5511016845703,405.5231018066406,288.089599609375,730.9088134765625,2064.0,269.8999938964844
2012-05-11,187.3354034423828,415.1000061035156,1864.0,2708.0,179.33309936523438,410.0830993652344,288.9476013183594,744.5451049804688,2102.0,268.1000061035156
2012-05-14,175.3267059326172,403.8999938964844,1798.0,2660.0,176.88290405273438,403.7497863769531,284.48638916015625,734.1815185546875,2073.0,260.0
2012-05-15,171.90890502929688,400.3999938964844,1766.0,2651.5,177.7169952392578,400.2665100097656,284.6579895019531,729.81787109375,2069.0,258.5
2012-05-16,174.63389587402344,399.6499938964844,1750.0,2634.5,175.0583038330078,402.673095703125,285.1726989746094,725.9996948242188,2038.0,264.8999938964844
2012-05-17,168.0290985107422,396.6499938964844,1725.5,2642.0,172.97300720214844,397.6697998046875,279.5104064941406,736.36328125,2031.0,267.1000061035156
2012-05-18,162.67140197753906,391.95001220703125,1704.5,2621.5,171.30479431152344,397.35308837890625,276.07879638671875,727.090576171875,2024.0,259.79998779296875
2012-05-21,166.2740020751953,395.6000061035156,1717.0,2654.5,172.03460693359375,394.12310791015625,274.877685546875,729.81787109375,2026.0,263.5
2012-05-22,174.4954071044922,401.95001220703125,1758.0,2650.0,179.33309936523438,392.4130859375,281.2262878417969,730.36328125,2030.0,270.6000061035156
2012-05-23,166.73590087890625,393.8999938964844,1681.0,2591.0,176.83070373535156,385.8265075683594,274.53448486328125,728.1815185546875,2007.0,273.0
2012-05-24,171.16990661621094,407.0,1718.5,2622.0,179.02029418945312,390.4497985839844,278.1377868652344,733.090576171875,2027.0,275.70001220703125
2012-05-25,167.8444061279297,407.3500061035156,1703.5,2631.5,180.47999572753906,392.09649658203125,277.1083068847656,746.7269897460938,2029.0,275.20001220703125
2012-05-29,167.1977996826172,406.8500061035156,1751.5,2625.5,179.8022003173828,381.2665100097656,286.7170104980469,742.36328125,2028.0,279.6000061035156
2012-05-30,165.76600646972656,398.29998779296875,1707.5,2598.0,179.17669677734375,376.2630920410156,282.9421081542969,709.090576171875,2014.0,275.79998779296875
2012-05-31,162.856201171875,394.8999938964844,1694.5,2618.0,180.37570190429688,383.22979736328125,282.0841979980469,709.090576171875,2041.0,271.29998779296875
2012-06-01,160.2696990966797,402.0,1694.5,2592.0,181.05340576171875,379.0498046875,273.16180419921875,709.090576171875,2013.0,266.1000061035156
2012-06-06,173.4792022705078,406.95001220703125,1776.0,2620.0,176.1529998779297,381.5198059082031,277.27978515625,711.2723999023438,2044.0,283.29998779296875
2012-06-07,178.14410400390625,413.6000061035156,1820.0,2643.0,176.1529998779297,384.43310546875,284.3147888183594,712.9088134765625,2042.0,284.20001220703125
2012-06-08,175.8347930908203,409.04998779296875,1767.0,2670.0,178.81170654296875,383.5465087890625,280.8830871582031,722.1815185546875,2045.0,282.70001220703125
2012-06-11,176.01950073242188,414.8999938964844,1765.0,2665.0,178.3426055908203,383.5465087890625,281.91259765625,719.4542236328125,2038.0,282.6000061035156
2012-06-12,175.28050231933594,417.45001220703125,1791.5,2663.5,182.148193359375,385.1297912597656,286.88861083984375,717.2723999023438,2055.0,282.6000061035156
2012-06-13,173.94110107421875,418.70001220703125,1790.0,2685.5,182.9822998046875,385.00311279296875,285.34429931640625,716.7269897460938,2083.0,275.79998779296875
2012-06-14,178.0518035888672,416.70001220703125,1776.5,2699.5,183.29510498046875,386.6498107910156,285.1726989746094,719.9996948242188,2098.0,279.70001220703125
2012-06-15,185.48789978027344,423.5,1800.0,2656.5,181.10549926757812,381.3930969238281,282.0841979980469,708.5451049804688,2077.0,278.6000061035156
2012-06-18,181.10009765625,420.70001220703125,1829.0,2683.0,182.35670471191406,384.7497863769531,288.089599609375,712.9088134765625,2087.0,279.70001220703125
2012-06-19,185.30320739746094,426.8999938964844,1863.5,2760.0,186.0059051513672,390.0065002441406,289.6339111328125,714.5451049804688,2075.0,285.79998779296875
2012-06-20,190.0605010986328,425.6499938964844,1875.5,2766.5,185.22390747070312,392.2231140136719,293.9234924316406,716.1815185546875,2062.0,289.79998779296875
2012-06-21,186.87350463867188,412.1000061035156,1819.0,2777.5,185.58889770507812,393.2998046875,295.29620361328125,716.7269897460938,2080.0,290.70001220703125
2012-06-22,185.39549255371094,407.25,1770.0,2771.5,185.1717987060547,394.693115234375,289.11920166015625,718.36328125,2093.0,289.5
2012-06-25,179.43739318847656,402.04998779296875,1726.0,2745.0,186.21449279785156,391.6531066894531,288.089599609375,721.090576171875,2071.0,288.70001220703125
2012-06-26,177.72850036621094,401.6000061035156,1724.0,2757.5,186.05810546875,391.3998107910156,287.4032897949219,720.5451049804688,2076.0,282.29998779296875
2012-06-27,181.10009765625,408.5,1737.0,2799.0,189.08169555664062,392.4130859375,290.66339111328125,727.635986328125,2107.0,290.3999938964844
2012-06-28,152.97210693359375,412.3999938964844,1747.5,2828.5,188.50819396972656,395.0097961425781,288.9476013183594,734.7269897460938,2097.0,288.8999938964844
2012-06-29,150.43179321289062,421.95001220703125,1806.0,2853.0,186.89219665527344,392.72979736328125,294.43829345703125,736.9088134765625,2144.0,298.0
2012-07-02,155.55859375,432.5,1830.0,2882.0,187.04859924316406,398.61981201171875,298.2131042480469,742.9088134765625,2155.0,300.6000061035156
2012-07-03,154.31149291992188,432.8999938964844,1870.0,2932.0,187.2050018310547,405.0165100097656,301.6448059082031,741.2723999023438,2183.0,303.1000061035156
2012-07-04,153.3415985107422,430.54998779296875,1865.5,2927.0,188.19549560546875,400.2030944824219,302.502685546875,744.5451049804688,2180.0,299.8999938964844
2012-07-05,155.37379455566406,434.20001220703125,1876.5,2935.0,190.22860717773438,401.97650146484375,302.6742858886719,745.635986328125,2167.0,305.0
2012-07-06,152.18690490722656,428.20001220703125,1842.5,2909.0,188.56039428710938,401.6597900390625,300.7868957519531,747.81787109375,2164.0,300.70001220703125
2012-07-09,150.9398956298828,423.95001220703125,1823.0,2919.5,189.02960205078125,402.039794921875,303.70379638671875,745.090576171875,2150.0,311.0
2012-07-10,154.2653045654297,428.5,1826.0,2915.0,189.39450073242188,405.2698059082031,305.4195861816406,745.090576171875,2157.0,302.0
2012-07-11,152.09449768066406,432.54998779296875,1811.0,2928.0,191.8968048095703,405.3330993652344,297.6983947753906,753.81787109375,2132.0,292.0
2012-07-12,151.03219604492188,435.1000061035156,1751.0,2905.5,189.6551055908203,398.9997863769531,295.6393127441406,751.635986328125,2127.0,290.0
2012-07-13,149.7852020263672,438.1000061035156,1805.5,2936.5,190.64559936523438,397.41650390625,300.61529541015625,755.9996948242188,2142.0,290.3999938964844
2012-07-16,145.67449951171875,441.5,1795.0,2940.0,191.11480712890625,401.5331115722656,298.5563049316406,744.5451049804688,2144.0,297.6000061035156
2012-07-17,146.87539672851562,444.0,1783.0,2953.5,190.4893035888672,401.5331115722656,292.722412109375,722.1815185546875,2152.0,296.1000061035156
2012-07-18,147.9376983642578,444.8999938964844,1819.0,2984.5,193.09579467773438,408.11981201171875,295.29620361328125,731.4542236328125,2178.0,303.1000061035156
2012-07-19,151.72500610351562,444.20001220703125,1845.0,3002.5,190.8542022705078,411.60308837890625,297.6983947753906,726.5451049804688,2192.0,305.1000061035156
2012-07-20,147.10629272460938,439.8500061035156,1816.5,2985.5,187.67410278320312,411.66650390625,294.7814025878906,713.4542236328125,2181.0,301.1000061035156
2012-07-23,140.91720581054688,430.54998779296875,1765.5,2947.5,186.83999633789062,403.43310546875,286.7170104980469,703.6361083984375,2155.0,290.0
2012-07-24,139.11590576171875,427.8500061035156,1773.0,2932.0,185.01539611816406,399.6965026855469,288.7760009765625,699.2723999023438,2160.0,285.0
2012-07-25,139.0697021484375,428.45001220703125,1782.0,2909.0,185.3802947998047,397.73309326171875,284.6579895019531,707.4542236328125,2140.0,281.79998779296875
2012-07-26,141.88720703125,432.70001220703125,1820.0,2913.5,187.36129760742188,400.83648681640625,303.70379638671875,716.7269897460938,2256.0,289.29998779296875
2012-07-27,154.2653045654297,438.70001220703125,1850.0,2951.5,189.13380432128906,406.59979248046875,300.4436950683594,721.6361083984375,2260.0,295.79998779296875
2012-07-30,157.5446014404297,444.45001220703125,1880.0,2994.5,190.28070068359375,403.24310302734375,301.1300048828125,729.2723999023438,2274.0,298.70001220703125
2012-07-31,155.18910217285156,425.04998779296875,1869.0,2986.5,190.38499450683594,402.926513671875,291.864501953125,722.7269897460938,2291.0,289.8999938964844
2012-08-01,155.46620178222656,428.04998779296875,1892.5,3035.0,196.74510192871094,403.62310791015625,296.497314453125,725.9996948242188,2310.0,285.6000061035156
2012-08-02,149.9237060546875,429.25,1857.5,3029.0,195.96310424804688,397.923095703125,289.29071044921875,730.36328125,2286.0,275.79998779296875
2012-08-03,158.28359985351562,437.95001220703125,1918.0,3096.0,198.25689697265625,404.0664978027344,294.0950927734375,739.090576171875,2334.0,283.0
2012-08-06,163.6875,441.0,1938.0,3089.5,198.46539306640625,408.2464904785156,293.75189208984375,740.7269897460938,2315.0,284.6000061035156
2012-08-07,166.135498046875,453.79998779296875,1960.0,3083.0,198.36109924316406,412.48980712890625,291.6929016113281,747.2723999023438,2303.0,287.5
2012-08-08,165.30409240722656,450.95001220703125,1976.0,3015.0,199.40379333496094,414.2630920410156,292.37921142578125,753.2723999023438,2278.0,289.29998779296875
2012-08-09,165.30409240722656,448.8999938964844,1986.0,2998.5,197.99620056152344,416.1630859375,291.3497009277344,751.090576171875,2295.0,291.1000061035156
2012-08-10,169.414794921875,448.6000061035156,1991.5,2997.0,198.5697021484375,414.6430969238281,292.20770263671875,750.5451049804688,2282.0,292.8999938964844
2012-08-13,169.09140014648438,446.8500061035156,1979.5,2993.5,198.3090057373047,416.85980224609375,291.6929016113281,755.4542236328125,2287.0,289.29998779296875
2012-08-14,171.58560180664062,450.8999938964844,1981.5,3012.5,198.72610473632812,424.3330993652344,295.29620361328125,763.090576171875,2280.0,294.29998779296875
2012-08-15,169.13760375976562,450.0,1936.5,3019.0,196.7971954345703,421.2930908203125,295.29620361328125,759.81787109375,2274.0,296.1000061035156
2012-08-16,172.00120544433594,451.25,1965.0,3025.5,193.46080017089844,428.5130920410156,295.1246032714844,762.5451049804688,2268.0,290.20001220703125
2012-08-17,178.14410400390625,454.3500061035156,1960.5,3000.5,193.8778076171875,430.6664123535156,296.84039306640625,767.4542236328125,2267.0,292.1000061035156
2012-08-20,176.34280395507812,452.0,1950.5,2986.5,194.71189880371094,429.3363952636719,291.3497009277344,764.1815185546875,2274.0,287.29998779296875
2012-08-21,182.02389526367188,450.6499938964844,1980.0,2982.0,194.5554962158203,429.8431091308594,292.5508117675781,760.9088134765625,2277.0,289.8999938964844
2012-08-22,179.34500122070312,447.0,1947.0,2959.0,191.68829345703125,429.6531066894531,288.089599609375,756.5451049804688,2250.0,283.5
2012-08-23,176.43519592285156,445.45001220703125,1960.5,2959.5,191.9488983154297,428.1330871582031,286.54541015625,748.36328125,2247.0,279.3999938964844
2012-08-24,172.9250030517578,444.54998779296875,1933.0,2981.5,192.62669372558594,429.3998107910156,285.1726989746094,753.2723999023438,2273.0,279.1000061035156
2012-08-28,174.54150390625,444.25,1932.5,2966.5,192.88729858398438,431.99639892578125,284.8294982910156,751.635986328125,2278.0,278.8999938964844
2012-08-29,172.13980102539062,441.95001220703125,1904.0,2951.0,191.9488983154297,427.24639892578125,282.5989990234375,752.1815185546875,2266.0,280.79998779296875
2012-08-30,169.50709533691406,442.04998779296875,1842.0,2960.5,190.9062957763672,430.0964050292969,281.7409973144531,755.9996948242188,2265.0,282.29998779296875
2012-08-31,169.2761993408203,441.3500061035156,1836.0,2936.5,189.23809814453125,426.35980224609375,281.7409973144531,745.635986328125,2264.0,280.3999938964844
2012-09-03,170.24609375,443.70001220703125,1855.0,2946.5,191.01060485839844,429.96978759765625,286.7170104980469,749.9996948242188,2284.0,280.8999938964844
2012-09-04,167.42869567871094,436.6000061035156,1827.0,2908.5,186.05810546875,429.1463928222656,279.6820068359375,748.9088134765625,2263.0,280.0
2012-09-05,168.07530212402344,423.8500061035156,1778.5,2921.0,184.02490234375,431.6798095703125,284.1431884765625,753.2723999023438,2271.0,284.79998779296875
2012-09-06,178.3289031982422,431.45001220703125,1843.0,2940.5,186.63150024414062,443.2063903808594,286.20220947265625,763.090576171875,2311.0,295.3999938964844
2012-09-07,190.66090393066406,434.70001220703125,1906.0,2923.5,184.65049743652344,439.5964050292969,283.9715881347656,755.4542236328125,2275.0,299.70001220703125
2012-09-10,191.90789794921875,437.79998779296875,1910.0,2908.5,184.1291961669922,435.1630859375,284.1431884765625,742.9088134765625,2245.0,298.6000061035156
2012-09-11,197.21949768066406,443.0,1919.0,2914.5,184.18130493164062,432.75640869140625,285.1726989746094,739.635986328125,2254.0,298.1000061035156
2012-09-12,200.45260620117188,441.0,1911.0,2907.5,181.41830444335938,432.1864013671875,284.3147888183594,740.1815185546875,2235.0,300.6000061035156
2012-09-13,201.33009338378906,444.8500061035156,1933.5,2912.5,184.91119384765625,433.3263854980469,293.06561279296875,747.81787109375,2239.0,299.29998779296875
2012-09-14,211.5836944580078,450.20001220703125,2049.0,2893.0,183.34719848632812,438.1398010253906,303.5321960449219,746.7269897460938,2245.0,307.70001220703125
2012-09-17,210.61380004882812,451.5,2025.5,2888.5,181.05340576171875,437.8230895996094,299.92889404296875,740.7269897460938,2268.0,309.29998779296875
2012-09-18,208.21200561523438,438.95001220703125,1996.5,2904.5,182.8780059814453,435.6697998046875,296.15411376953125,747.81787109375,2280.0,304.79998779296875
2012-09-19,207.98109436035156,443.75,2000.0,2959.0,181.8874969482422,435.0364074707031,294.60980224609375,752.1815185546875,2303.0,307.70001220703125
2012-09-20,205.11749267578125,444.29998779296875,1954.5,2949.5,182.46099853515625,430.34979248046875,293.75189208984375,757.090576171875,2296.0,309.3999938964844
2012-09-21,206.68789672851562,441.0,1957.0,2942.0,186.05810546875,430.6664123535156,294.60980224609375,748.9088134765625,2292.0,312.20001220703125
2012-09-24,203.45480346679688,443.0,1948.5,2962.5,185.58889770507812,427.6897888183594,292.20770263671875,749.9996948242188,2289.0,310.1000061035156
2012-09-25,206.17979431152344,446.0,1954.0,2976.0,186.47509765625,434.3398132324219,291.6929016113281,756.5451049804688,2289.0,312.6000061035156
2012-09-26,197.35800170898438,438.3500061035156,1908.0,2955.5,184.9633026123047,430.60308837890625,287.7464904785156,754.36328125,2272.0,307.1000061035156
2012-09-27,200.68350219726562,440.6000061035156,1932.0,2964.0,184.44200134277344,425.02978515625,289.97711181640625,755.9996948242188,2272.0,308.0
2012-09-28,198.4665069580078,436.5,1925.0,2955.0,183.24290466308594,420.5331115722656,289.29071044921875,745.090576171875,2252.0,303.70001220703125
2012-10-01,205.3946075439453,438.54998779296875,1974.5,2925.0,183.86849975585938,419.2663879394531,295.9825134277344,759.2723999023438,2274.0,308.29998779296875
2012-10-02,203.91659545898438,438.3500061035156,1944.5,2893.5,183.50360107421875,426.48638916015625,296.497314453125,758.1815185546875,2270.0,310.79998779296875
2012-10-03,203.45480346679688,439.04998779296875,1943.0,2908.0,185.06759643554688,415.4031066894531,298.04150390625,764.7269287109375,2290.0,310.6000061035156
2012-10-04,205.57940673828125,434.20001220703125,1912.5,2911.0,185.58889770507812,402.98980712890625,298.2131042480469,761.4542236328125,2299.0,309.5
2012-10-05,210.47520446777344,436.75,1929.5,2918.5,188.35189819335938,399.443115234375,302.6742858886719,762.5451049804688,2320.0,313.79998779296875
2012-10-08,205.3946075439453,437.0,1923.0,2902.5,188.03909301757812,401.97650146484375,301.6448059082031,760.9088134765625,2327.0,310.5
2012-10-09,204.6555938720703,437.6000061035156,1935.5,2888.5,186.99639892578125,398.3031005859375,300.2720947265625,754.9088134765625,2311.0,307.0
2012-10-10,205.07130432128906,436.04998779296875,1920.5,2860.0,185.64100646972656,394.1864929199219,298.8994140625,753.2723999023438,2301.0,299.6000061035156
2012-10-11,214.90919494628906,438.75,1950.5,2870.0,185.95379638671875,396.46649169921875,303.5321960449219,751.635986328125,2304.0,298.79998779296875
2012-10-12,214.49349975585938,431.45001220703125,1935.0,2860.5,182.2523956298828,392.66650390625,300.61529541015625,753.81787109375,2304.0,298.79998779296875
2012-10-15,218.7888946533203,429.54998779296875,1926.5,2881.5,180.68850708007812,392.66650390625,300.2720947265625,757.635986328125,2326.0,298.20001220703125
2012-10-16,227.33360290527344,435.3500061035156,1949.0,2924.5,180.37570190429688,390.0065002441406,302.15948486328125,766.36328125,2342.0,303.5
2012-10-17,225.76319885253906,448.3500061035156,2014.0,2928.0,182.20030212402344,400.6465148925781,300.4436950683594,764.1815185546875,2346.0,307.79998779296875
2012-10-18,222.34530639648438,452.04998779296875,2048.0,2950.0,184.33770751953125,406.02978515625,299.24261474609375,769.090576171875,2320.0,312.70001220703125
2012-10-19,216.0177001953125,450.3999938964844,2034.0,2951.0,185.06759643554688,404.2565002441406,297.8699035644531,771.2723999023438,2324.0,312.3999938964844
2012-10-22,217.44949340820312,443.45001220703125,2029.5,2938.0,184.59840393066406,399.0631103515625,298.2131042480469,769.635986328125,2309.0,312.0
2012-10-23,214.90919494628906,433.25,1981.5,2900.0,182.46099853515625,397.1630859375,293.06561279296875,766.36328125,2262.0,309.5
2012-10-24,212.368896484375,435.0,1993.0,2884.5,179.8022003173828,393.36309814453125,293.75189208984375,765.2723999023438,2265.0,312.1000061035156
2012-10-25,215.09390258789062,431.1000061035156,1995.0,2896.5,177.92550659179688,398.87310791015625,293.9234924316406,764.1815185546875,2310.0,313.0
2012-10-26,214.77059936523438,431.6000061035156,1981.5,2901.0,176.93499755859375,402.10308837890625,293.06561279296875,765.2723999023438,2302.0,312.5
2012-10-29,213.4311981201172,425.0,1975.0,2908.0,176.77859497070312,401.59649658203125,294.9530029296875,772.36328125,2312.0,311.29998779296875
2012-10-30,220.59019470214844,442.8500061035156,2010.0,2918.5,178.3426055908203,403.8131103515625,295.1246032714844,766.36328125,2326.0,315.1000061035156
2012-10-31,210.1519012451172,443.29998779296875,1985.5,2877.5,175.42320251464844,405.1430969238281,293.2372131347656,770.7269287109375,2311.0,315.20001220703125
2012-11-01,221.0059051513672,444.5,2009.0,2895.0,177.247802734375,406.4731140136719,300.95849609375,775.635986328125,2326.0,320.79998779296875
2012-11-02,222.76100158691406,445.20001220703125,2022.0,2903.5,175.37109375,411.34979248046875,302.15948486328125,771.81787109375,2342.0,311.3999938964844
2012-11-05,219.389404296875,441.20001220703125,1991.5,2892.0,174.58909606933594,413.50311279296875,299.5857849121094,769.635986328125,2335.0,311.20001220703125
2012-11-06,224.05430603027344,444.20001220703125,1999.0,2909.5,176.2052001953125,413.9465026855469,301.6448059082031,773.4542236328125,2353.0,310.8999938964844
2012-11-07,217.86520385742188,432.8999938964844,1956.5,2862.0,174.84970092773438,408.2464904785156,296.3257141113281,766.36328125,2306.0,306.0
2012-11-08,218.55799865722656,430.25,1953.0,2873.5,174.74549865722656,408.11981201171875,295.4678039550781,763.635986328125,2313.0,250.10000610351562
2012-11-09,212.59979248046875,429.20001220703125,1950.5,2865.5,174.74549865722656,411.4130859375,300.95849609375,751.635986328125,2314.0,245.39999389648438
2012-11-12,217.03379821777344,427.29998779296875,1950.5,2852.0,173.7028045654297,411.34979248046875,298.8994140625,749.4542236328125,2320.0,237.89999389648438
2012-11-13,219.20460510253906,428.79998779296875,1953.5,2875.0,169.42799377441406,406.59979248046875,300.61529541015625,754.9088134765625,2341.0,238.1999969482422
2012-11-14,219.52789306640625,425.75,1912.5,2856.0,167.75979614257812,407.0430908203125,298.8994140625,757.090576171875,2336.0,241.10000610351562
2012-11-15,221.0059051513672,425.3999938964844,1898.0,2842.5,165.93519592285156,400.6465148925781,292.37921142578125,753.81787109375,2311.0,249.89999389648438
2012-11-16,216.34100341796875,416.6000061035156,1873.0,2792.5,164.52769470214844,398.9997863769531,289.8055114746094,750.5451049804688,2290.0,249.8000030517578
2012-11-19,230.7052001953125,431.6000061035156,1942.0,2818.0,167.34280395507812,402.7998046875,297.52679443359375,762.5451049804688,2334.0,256.0
2012-11-20,227.70309448242188,432.25,1937.0,2822.5,169.21949768066406,401.84979248046875,299.75738525390625,760.36328125,2348.0,255.3000030517578
2012-11-21,229.8739013671875,433.0,1930.0,2841.5,165.93519592285156,400.2665100097656,298.5563049316406,767.9996948242188,2339.0,249.10000610351562
2012-11-22,232.78370666503906,433.6000061035156,1941.0,2866.0,165.0489959716797,401.97650146484375,299.24261474609375,771.2723999023438,2358.0,249.5
2012-11-23,234.81590270996094,435.5,1945.5,2890.5,165.46600341796875,402.7998046875,300.2720947265625,775.635986328125,2375.0,249.89999389648438
2012-11-26,222.1605987548828,431.3500061035156,1946.5,2880.0,164.37130737304688,402.16650390625,299.5857849121094,778.9088134765625,2384.0,248.39999389648438
2012-11-27,225.07040405273438,431.25,1943.5,2881.5,163.58929443359375,406.85308837890625,301.3016052246094,777.2723999023438,2396.0,246.6999969482422
2012-11-28,223.68479919433594,429.3999938964844,1934.0,2914.0,164.99679565429688,408.943115234375,301.3016052246094,761.9996948242188,2407.0,247.10000610351562
2012-11-29,225.94790649414062,431.04998779296875,1970.5,2960.0,167.1342010498047,411.72979736328125,304.2185974121094,770.1815185546875,2421.0,258.20001220703125
2012-11-30,227.24119567871094,431.6000061035156,1962.0,2966.5,168.02049255371094,411.7930908203125,305.5911865234375,769.090576171875,2403.0,258.29998779296875
2012-12-03,225.76319885253906,430.1499938964844,1965.5,2979.0,167.75979614257812,408.4364929199219,310.73870849609375,764.7269287109375,2396.0,255.1999969482422
2012-12-04,225.20889282226562,424.29998779296875,1951.5,2977.5,166.352294921875,413.7565002441406,313.1408996582031,765.81787109375,2408.0,255.3000030517578
2012-12-05,227.61070251464844,425.5,1998.0,3000.0,166.14370727539062,427.4364013671875,313.4841003417969,769.090576171875,2408.0,256.20001220703125
2012-12-06,231.3979949951172,427.6000061035156,2013.5,2994.5,168.3332977294922,430.1597900390625,303.70379638671875,769.090576171875,2393.0,257.8999938964844
2012-12-07,232.3679962158203,426.04998779296875,2018.5,3000.5,168.75030517578125,426.5498046875,307.65020751953125,771.2723999023438,2416.0,259.1000061035156
2012-12-10,230.52049255371094,426.1000061035156,2022.0,3011.5,168.4375,425.5364074707031,305.93438720703125,770.7269287109375,2409.0,257.1000061035156
2012-12-11,229.96620178222656,427.5,2054.5,3029.5,168.17689514160156,430.1597900390625,298.8994140625,775.635986328125,2413.0,259.79998779296875
2012-12-12,233.33790588378906,430.04998779296875,2068.0,3042.5,168.4375,431.2998046875,300.4436950683594,782.1815185546875,2429.0,263.0
2012-12-13,234.72349548339844,428.75,2072.0,2958.5,169.42799377441406,429.9064025878906,297.6983947753906,782.7269287109375,2419.0,267.5
2012-12-14,236.10910034179688,426.45001220703125,2095.0,2924.0,167.81199645996094,433.0730895996094,298.5563049316406,772.36328125,2428.0,267.70001220703125
2012-12-17,237.30999755859375,427.0,2124.5,2929.5,164.9447021484375,432.8197937011719,294.9530029296875,766.9088134765625,2421.0,267.0
2012-12-18,241.23590087890625,428.45001220703125,2150.5,2945.0,162.91160583496094,432.6297912597656,301.9880065917969,771.2723999023438,2424.0,271.70001220703125
2012-12-19,246.22410583496094,431.29998779296875,2145.5,2943.0,163.32859802246094,430.98309326171875,303.1889953613281,775.635986328125,2425.0,268.3999938964844
2012-12-20,246.45509338378906,430.1000061035156,2149.0,2927.0,162.44239807128906,428.8930969238281,303.0174865722656,765.81787109375,2420.0,274.70001220703125
2012-12-21,242.94479370117188,430.75,2136.5,2939.0,162.23390197753906,430.4130859375,302.6742858886719,768.5451049804688,2402.0,277.0
2012-12-24,243.03720092773438,430.70001220703125,2138.5,2934.5,162.9636993408203,428.7663879394531,303.70379638671875,774.5451049804688,2420.0,274.1000061035156
2012-12-27,244.9770965576172,428.45001220703125,2156.5,2927.0,162.7030029296875,425.59979248046875,304.3901062011719,769.090576171875,2395.0,280.29998779296875
2012-12-28,241.7902069091797,425.04998779296875,2144.5,2913.5,162.02529907226562,427.4364013671875,303.1889953613281,769.090576171875,2381.0,275.79998779296875
2012-12-31,242.39059448242188,424.79998779296875,2129.5,2909.5,161.03480529785156,425.59979248046875,299.75738525390625,766.9088134765625,2366.0,273.70001220703125
2013-01-02,254.58399963378906,431.29998779296875,2208.5,2969.0,164.16270446777344,434.1498107910156,312.45458984375,770.7269287109375,2392.0,280.6000061035156
2013-01-03,254.95350646972656,441.70001220703125,2199.5,2980.0,164.110595703125,443.3330993652344,312.96929931640625,770.7269287109375,2399.0,282.1000061035156
2013-01-04,255.60020446777344,453.5,2182.5,3000.0,166.87359619140625,442.63641357421875,315.0282897949219,775.635986328125,2415.0,288.20001220703125
2013-01-07,265.29949951171875,448.75,2169.0,2985.0,166.4564971923828,442.4464111328125,310.3955993652344,757.090576171875,2398.0,290.0
2013-01-08,265.29949951171875,448.95001220703125,2149.0,3000.0,169.3238067626953,445.23309326171875,309.3660888671875,751.635986328125,2411.0,281.5
2013-01-09,272.2737121582031,458.6499938964844,2155.5,2986.0,172.55589294433594,442.25640869140625,307.4786071777344,751.635986328125,2393.0,290.0
2013-01-10,272.13519287109375,461.04998779296875,2132.0,2996.5,171.5133056640625,450.173095703125,305.7627868652344,749.4542236328125,2387.0,291.5
2013-01-11,276.80010986328125,461.95001220703125,2075.0,3018.0,172.24310302734375,447.38641357421875,305.5911865234375,749.4542236328125,2384.0,290.0
2013-01-14,276.1072998046875,459.29998779296875,2074.5,3030.0,170.83560180664062,444.85308837890625,308.1650085449219,749.9996948242188,2378.0,289.1000061035156
2013-01-15,272.87420654296875,459.5,2071.5,3041.5,169.94940185546875,442.8263854980469,307.65020751953125,758.1815185546875,2405.0,288.29998779296875
2013-01-16,271.0267028808594,458.3999938964844,2076.5,3037.0,166.82150268554688,439.6597900390625,312.96929931640625,755.4542236328125,2434.0,289.0
2013-01-17,273.474609375,461.0,2061.5,3070.5,167.49920654296875,442.1297912597656,315.5430908203125,744.5451049804688,2420.0,289.6000061035156
2013-01-18,274.3522033691406,460.3500061035156,2051.5,3076.5,168.75030517578125,443.7763977050781,316.4010009765625,745.635986328125,2428.0,290.1000061035156
2013-01-21,274.7217102050781,459.0,2081.0,3071.5,169.1674041748047,444.1564025878906,317.60211181640625,758.1815185546875,2440.0,288.29998779296875
2013-01-22,273.474609375,455.45001220703125,2081.0,3071.5,169.3238067626953,442.7630920410156,318.1169128417969,759.81787109375,2451.0,282.70001220703125
2013-01-23,273.42840576171875,463.25,2110.0,3082.5,170.4185028076172,446.8797912597656,317.60211181640625,762.5451049804688,2526.0,281.70001220703125
2013-01-24,277.1234130859375,467.70001220703125,2138.5,3135.0,175.84019470214844,446.4997863769531,318.97479248046875,761.4542236328125,2527.0,281.70001220703125
2013-01-25,277.7699890136719,465.29998779296875,2104.0,3156.5,177.5084991455078,450.48980712890625,323.9507141113281,763.635986328125,2533.0,278.5
2013-01-28,282.5273132324219,468.45001220703125,2111.5,3145.0,178.3946990966797,450.86981201171875,323.264404296875,764.1815185546875,2548.0,280.6000061035156
2013-01-29,277.9548034667969,475.6499938964844,2151.0,3168.0,180.27139282226562,457.5830993652344,325.15179443359375,765.2723999023438,2559.0,278.5
2013-01-30,278.97088623046875,475.8999938964844,2149.0,3152.5,180.89700317382812,452.6430969238281,323.4360046386719,756.5451049804688,2566.0,267.8999938964844
2013-01-31,278.0472106933594,466.75,2157.0,3053.0,179.4373016357422,451.3131103515625,324.6370849609375,754.36328125,2567.0,265.29998779296875
2013-02-01,277.1234130859375,472.5,2214.5,3068.5,180.8448944091797,456.7597961425781,333.21630859375,759.81787109375,2603.0,269.79998779296875
2013-02-04,269.2716064453125,462.04998779296875,2168.0,3040.5,177.76910400390625,452.8330993652344,333.7309875488281,755.4542236328125,2558.0,266.79998779296875
2013-02-05,272.735595703125,468.70001220703125,2163.0,3068.0,178.5511016845703,454.98638916015625,334.5888977050781,760.36328125,2597.0,268.0
2013-02-06,272.92041015625,465.75,2184.0,3061.0,177.61270141601562,460.0531005859375,335.2752990722656,758.7269287109375,2545.0,269.6000061035156
2013-02-07,270.1953125,456.79998779296875,2155.0,3021.5,179.17669677734375,456.443115234375,334.5888977050781,751.635986328125,2512.0,269.70001220703125
2013-02-08,275.8302001953125,455.6000061035156,2156.0,3000.0,181.31410217285156,459.2930908203125,334.9320983886719,752.7269287109375,2515.0,270.6000061035156
2013-02-11,278.5090026855469,454.75,2159.5,3018.5,181.05340576171875,466.00640869140625,332.01519775390625,753.81787109375,2520.0,272.6000061035156
2013-02-12,302.3877868652344,460.04998779296875,2151.0,3018.5,180.89700317382812,471.13641357421875,333.21630859375,754.36328125,2542.0,273.1000061035156
2013-02-13,301.14080810546875,453.6000061035156,2193.0,2950.0,178.9680938720703,474.0498046875,337.8489990234375,758.7269287109375,2545.0,275.0
2013-02-14,294.6745910644531,450.04998779296875,2225.0,2927.5,174.69329833984375,469.36309814453125,349.00201416015625,748.9088134765625,2583.0,273.3999938964844
2013-02-15,296.75299072265625,448.1000061035156,2230.0,2936.0,174.95399475097656,462.0163879394531,346.2567138671875,743.9996948242188,2564.0,274.1000061035156
2013-02-18,295.7831115722656,445.0,2219.5,2912.0,173.91140747070312,464.8031005859375,344.5408020019531,755.4542236328125,2564.0,271.5
2013-02-19,300.2170104980469,446.3500061035156,2236.0,2948.5,170.470703125,467.5263977050781,357.9244079589844,764.1815185546875,2611.0,273.79998779296875
2013-02-20,295.5520935058594,447.75,2183.5,2955.0,169.42799377441406,474.23980712890625,364.4446105957031,774.5451049804688,2652.0,281.79998779296875
2013-02-21,283.08160400390625,443.0,2097.0,2910.0,166.82150268554688,473.289794921875,354.1495056152344,771.2723999023438,2615.0,277.5
2013-02-22,283.589599609375,444.04998779296875,2094.0,2952.5,170.00149536132812,471.5163879394531,356.20849609375,780.5451049804688,2629.0,282.79998779296875
2013-02-25,287.885009765625,451.1499938964844,2123.5,2978.0,171.09629821777344,473.6697998046875,353.1199951171875,782.7269287109375,2627.0,286.79998779296875
2013-02-26,274.3522033691406,444.1000061035156,2083.0,2947.5,168.80250549316406,462.3330993652344,350.7178039550781,779.4542236328125,2586.0,284.29998779296875
2013-02-27,278.7861022949219,446.95001220703125,2095.5,2990.5,172.13890075683594,460.8131103515625,350.031494140625,787.090576171875,2609.0,287.79998779296875
2013-02-28,283.589599609375,445.70001220703125,2089.0,2995.5,172.60809326171875,468.1597900390625,352.77679443359375,795.8178100585938,2628.0,285.3999938964844
2013-03-01,280.310302734375,446.3500061035156,2080.0,3012.5,175.4752960205078,467.96978759765625,350.7178039550781,790.9088134765625,2657.0,286.3999938964844
2013-03-04,277.4928894042969,443.8999938964844,2037.0,3008.0,174.84970092773438,465.62640380859375,353.1199951171875,799.090576171875,2664.0,284.1000061035156
2013-03-05,284.00531005859375,447.0,2107.5,3042.5,175.78810119628906,471.4530944824219,355.1789855957031,802.36328125,2687.0,287.3999938964844
2013-03-06,279.1094970703125,449.5,2077.5,3031.5,187.67410278320312,478.98980712890625,357.9244079589844,798.5451049804688,2682.0,287.0
2013-03-07,285.89898681640625,449.6000061035156,2093.0,3032.0,186.21449279785156,477.5964050292969,359.2969970703125,798.5451049804688,2713.0,274.0
2013-03-08,294.30511474609375,450.70001220703125,2097.0,3040.0,192.2095947265625,481.2698059082031,361.0129089355469,801.2723999023438,2744.0,279.8999938964844
2013-03-11,287.7464904785156,452.54998779296875,2126.0,3039.0,193.66929626464844,477.9764099121094,360.6697082519531,803.9996948242188,2750.0,277.0
2013-03-12,289.27069091796875,452.1000061035156,2135.0,3070.0,192.88729858398438,481.9031066894531,361.0129089355469,808.36328125,2748.0,272.0
2013-03-13,290.7025146484375,449.29998779296875,2107.0,3066.0,190.0200958251953,475.7597961425781,364.7876892089844,811.090576171875,2741.0,269.70001220703125
2013-03-14,293.65838623046875,451.04998779296875,2093.0,3074.0,192.41810607910156,488.86981201171875,373.3669128417969,811.635986328125,2748.0,265.8999938964844
2013-03-15,295.6445007324219,449.6499938964844,2065.0,3069.5,191.0626983642578,487.8564147949219,372.33740234375,800.7269287109375,2735.0,278.1000061035156
2013-03-18,282.61968994140625,448.5,2054.0,3049.5,192.835205078125,484.6897888183594,375.4259948730469,801.8178100585938,2735.0,271.5
2013-03-19,274.8139953613281,449.70001220703125,1981.5,3064.5,195.59820556640625,481.3963928222656,380.573486328125,814.36328125,2753.0,259.5
2013-03-20,272.68939208984375,448.0,1961.5,3040.0,193.72140502929688,483.1697998046875,388.1231994628906,814.36328125,2764.0,258.8999938964844
2013-03-21,272.13519287109375,449.3999938964844,1961.0,3133.0,191.37550354003906,472.71978759765625,379.8870849609375,811.090576171875,2734.0,247.6999969482422
2013-03-22,269.7333984375,457.70001220703125,1936.0,3236.0,191.2711944580078,471.0097961425781,376.45550537109375,821.9996948242188,2754.0,243.89999389648438
2013-03-25,260.5884094238281,459.95001220703125,1924.0,3256.5,195.1811065673828,470.2497863769531,380.573486328125,823.635986328125,2763.0,238.10000610351562
2013-03-26,265.29949951171875,462.95001220703125,1938.5,3256.5,195.7545928955078,472.7831115722656,378.5144958496094,819.2723999023438,2761.0,235.10000610351562
2013-03-27,265.94610595703125,463.45001220703125,1941.5,3248.0,193.92990112304688,478.4197998046875,380.573486328125,819.2723999023438,2750.0,234.0
2013-03-28,268.94830322265625,459.8999938964844,1915.0,3299.5,194.5554962158203,483.29638671875,387.7799987792969,834.5451049804688,2784.0,234.8000030517578
2013-04-02,274.8139953613281,462.5,1939.5,3340.0,200.18580627441406,488.2998046875,389.49578857421875,848.7269287109375,2831.0,236.5
2013-04-03,267.2392883300781,461.8999938964844,1900.0,3302.0,194.0863037109375,478.4197998046875,385.3778076171875,854.1815185546875,2819.0,231.60000610351562
2013-04-04,263.1748962402344,452.0,1897.0,3288.5,192.67880249023438,478.7998046875,376.7986145019531,848.1815185546875,2760.0,227.10000610351562
2013-04-05,258.64849853515625,447.1000061035156,1879.5,3282.5,190.38499450683594,467.4631042480469,371.9942932128906,851.9995727539062,2725.0,225.8000030517578
2013-04-08,256.06201171875,448.04998779296875,1878.0,3302.5,192.67880249023438,473.923095703125,374.0533142089844,856.36328125,2745.0,225.6999969482422
2013-04-09,264.1910095214844,450.75,1944.0,3311.0,195.493896484375,479.43310546875,371.9942932128906,848.1815185546875,2733.0,233.39999389648438
2013-04-10,275.50689697265625,452.0,1951.0,3326.0,197.2664031982422,481.9031066894531,377.4849853515625,858.5451049804688,2778.0,242.8000030517578
2013-04-11,280.72601318359375,451.70001220703125,1933.0,3324.5,197.89199829101562,488.173095703125,388.1231994628906,857.9995727539062,2792.0,250.5
2013-04-12,276.476806640625,448.0,1892.5,3319.5,198.6739044189453,491.1498107910156,387.4367980957031,864.5451049804688,2792.0,250.1999969482422
2013-04-15,274.1211853027344,446.5,1824.5,3340.0,199.14309692382812,487.7930908203125,387.09368896484375,875.9995727539062,2805.0,246.89999389648438
2013-04-16,272.31988525390625,445.6000061035156,1841.5,3315.5,197.99620056152344,487.4764099121094,382.63250732421875,860.7269287109375,2777.0,244.89999389648438
2013-04-17,268.1630859375,440.70001220703125,1779.0,3297.5,197.31849670410156,468.34979248046875,386.064208984375,861.8178100585938,2760.0,242.1999969482422
2013-04-18,262.11260986328125,441.79998779296875,1771.5,3335.5,200.7071075439453,462.9031066894531,388.46630859375,861.8178100585938,2761.0,242.3000030517578
2013-04-19,264.5143127441406,446.70001220703125,1782.5,3346.0,201.48899841308594,459.7998046875,385.3778076171875,867.8178100585938,2776.0,246.60000610351562
2013-04-22,267.4241027832031,446.6499938964844,1762.5,3350.0,203.1051025390625,466.2597961425781,381.94610595703125,869.9995727539062,2764.0,248.60000610351562
2013-04-23,275.5530090332031,451.6499938964844,1780.0,3386.0,203.3657989501953,473.47979736328125,394.6434020996094,880.90869140625,2828.0,254.10000610351562
2013-04-24,272.0889892578125,458.1499938964844,1812.5,3390.0,201.43690490722656,462.5863952636719,388.1231994628906,880.36328125,2845.0,245.3000030517578
2013-04-25,271.3038024902344,458.70001220703125,1842.5,3325.5,204.77330017089844,462.3330993652344,390.18218994140625,872.7269287109375,2760.0,246.0
2013-04-26,268.5325927734375,454.1000061035156,1815.5,3321.0,205.6074981689453,464.8031005859375,388.46630859375,880.90869140625,2767.0,246.39999389648438
2013-04-29,267.7936096191406,456.75,1832.0,3362.5,205.24249267578125,464.73980712890625,387.7799987792969,891.2723999023438,2805.0,222.89999389648438
2013-04-30,264.2372131347656,466.3999938964844,1791.0,3342.5,204.56480407714844,463.789794921875,387.7799987792969,893.9995727539062,2786.0,215.89999389648438
2013-05-01,266.6850891113281,465.3500061035156,1790.0,3334.0,204.4084014892578,469.4263916015625,388.80950927734375,900.5451049804688,2795.0,213.8000030517578
2013-05-02,266.86981201171875,466.25,1782.0,3317.0,202.21890258789062,463.6630859375,386.75048828125,893.9995727539062,2778.0,207.60000610351562
2013-05-03,273.52081298828125,471.29998779296875,1847.5,3339.5,202.0625,465.81640625,391.2117004394531,899.9995727539062,2792.0,208.60000610351562
2013-05-07,283.9591064453125,473.6499938964844,1883.0,3315.0,202.63589477539062,468.6664123535156,391.5549011230469,894.5451049804688,2800.0,214.1999969482422
2013-05-08,285.2524108886719,467.04998779296875,1908.5,3318.0,201.28050231933594,475.31640625,398.76141357421875,892.36328125,2774.0,215.10000610351562
2013-05-09,286.36090087890625,465.5,1927.5,3326.5,200.60279846191406,477.0898132324219,402.193115234375,895.635986328125,2758.0,213.39999389648438
2013-05-10,290.42529296875,465.70001220703125,1917.5,3342.5,202.63589477539062,475.6964111328125,400.8204040527344,897.8178100585938,2774.0,214.89999389648438
2013-05-13,288.7164001464844,465.54998779296875,1911.5,3338.0,201.74969482421875,475.6964111328125,406.31109619140625,910.36328125,2790.0,216.1999969482422
2013-05-14,290.10198974609375,468.54998779296875,1920.0,3342.5,201.74969482421875,477.27978515625,417.9787902832031,923.9995727539062,2822.0,222.6999969482422
2013-05-15,294.3512878417969,467.6000061035156,1905.0,3374.5,203.52220153808594,475.50640869140625,420.3810119628906,921.2722778320312,2852.0,227.8000030517578
2013-05-16,295.9678039550781,465.79998779296875,1911.5,3389.5,205.4510955810547,473.6064147949219,414.5470886230469,910.90869140625,2840.0,226.39999389648438
2013-05-17,301.8797912597656,469.95001220703125,1928.5,3383.0,206.12879943847656,482.3464050292969,404.2521057128906,903.8178100585938,2845.0,227.1999969482422
2013-05-20,301.32550048828125,472.54998779296875,1925.0,3390.5,206.02450561523438,485.2597961425781,410.7723083496094,924.5451049804688,2853.0,226.3000030517578
2013-05-21,298.6466979980469,477.6499938964844,1982.0,3394.5,208.422607421875,487.0964050292969,415.2334899902344,920.181396484375,2866.0,233.0
2013-05-22,308.3922119140625,483.29998779296875,2001.0,3485.5,205.19039916992188,488.93310546875,419.35150146484375,916.90869140625,2885.0,235.8000030517578
2013-05-23,296.9377136230469,477.5,1942.5,3426.5,201.8018035888672,485.5130920410156,408.3700866699219,904.90869140625,2866.0,236.1999969482422
2013-05-24,292.82708740234375,476.3999938964844,1923.0,3428.0,202.84449768066406,481.3330993652344,408.3700866699219,911.9995727539062,2862.0,236.5
2013-05-28,300.30938720703125,482.6499938964844,1938.5,3521.5,206.12879943847656,487.6664123535156,419.6946105957031,915.8178100585938,2883.0,237.3000030517578
2013-05-29,295.5982971191406,477.5,1930.0,3453.5,201.17630004882812,472.4664001464844,408.7132873535156,869.4542236328125,2828.0,237.8000030517578
2013-05-30,297.9538879394531,478.29998779296875,1944.0,3439.0,201.2283935546875,465.18310546875,418.3219909667969,860.1815185546875,2822.0,240.6999969482422
2013-05-31,296.0140075683594,473.45001220703125,1915.5,3388.0,200.13360595703125,462.9031066894531,413.5176086425781,855.8178100585938,2775.0,233.10000610351562
2013-06-03,292.9194030761719,469.0,1903.0,3353.5,196.6407928466797,454.0364074707031,407.3406066894531,853.635986328125,2756.0,232.5
2013-06-04,295.9216003417969,469.5,1894.5,3343.0,200.23789978027344,461.63641357421875,408.3700866699219,862.36328125,2756.0,228.10000610351562
2013-06-05,292.1803894042969,464.1000061035156,1843.0,3291.5,195.493896484375,437.7597961425781,408.3700866699219,807.2723999023438,2696.0,219.10000610351562
2013-06-06,280.17181396484375,458.0,1821.0,3280.5,196.17160034179688,436.74639892578125,399.1046142578125,807.2723999023438,2660.0,214.8000030517578
2013-06-07,284.32861328125,461.0,1832.5,3301.5,200.02940368652344,438.7098083496094,402.87939453125,815.4542236328125,2687.0,216.0
2013-06-10,285.1138000488281,461.8500061035156,1807.0,3308.0,199.9250946044922,443.3330993652344,405.2815856933594,811.090576171875,2675.0,226.3000030517578
2013-06-11,281.3263854980469,460.29998779296875,1778.5,3276.5,200.18580627441406,435.6697998046875,407.3406066894531,808.36328125,2650.0,221.3000030517578
2013-06-12,273.24371337890625,454.75,1762.0,3264.5,188.716796875,433.8963928222656,408.3700866699219,815.4542236328125,2649.0,218.6999969482422
2013-06-13,273.9364929199219,453.45001220703125,1793.0,3239.0,186.31869506835938,430.539794921875,400.4772033691406,808.90869140625,2634.0,222.1999969482422
2013-06-14,274.9988098144531,453.79998779296875,1818.5,3239.5,187.72630310058594,426.23309326171875,401.1636047363281,813.8178100585938,2625.0,221.8000030517578
2013-06-17,274.0289001464844,458.20001220703125,1815.5,3246.5,190.4893035888672,426.23309326171875,400.4772033691406,812.1815185546875,2655.0,223.39999389648438
2013-06-18,277.4005126953125,460.3999938964844,1820.5,3250.5,192.2095947265625,425.4731140136719,407.6838073730469,823.090576171875,2658.0,223.6999969482422
2013-06-19,278.5090026855469,455.0,1812.0,3241.0,189.18600463867188,436.49310302734375,409.056396484375,822.5451049804688,2674.0,226.5
2013-06-20,266.13079833984375,449.20001220703125,1728.5,3109.0,185.3282012939453,419.6463928222656,396.0159912109375,796.9088134765625,2564.0,220.6999969482422
2013-06-21,260.1264953613281,445.8500061035156,1704.5,3111.5,183.34719848632812,418.88641357421875,396.35919189453125,794.7269287109375,2553.0,221.0
2013-06-24,257.77099609375,444.95001220703125,1674.0,3052.5,183.39930725097656,412.93310546875,381.94610595703125,782.7269287109375,2516.0,220.5
2013-06-25,261.5120849609375,448.54998779296875,1689.5,3064.5,187.88270568847656,415.3398132324219,386.064208984375,783.8178100585938,2529.0,234.1999969482422
2013-06-26,266.8236999511719,452.0,1673.0,3115.0,191.16700744628906,414.9598083496094,388.80950927734375,792.5451049804688,2591.0,235.5
2013-06-27,264.4219055175781,456.6000061035156,1694.5,3152.0,194.29490661621094,422.559814453125,393.27069091796875,806.1815185546875,2646.0,238.6999969482422
2013-06-28,257.2167053222656,455.25,1682.0,3115.0,195.85879516601562,419.7731018066406,389.1527099609375,813.8178100585938,2662.0,238.39999389648438
2013-07-01,262.8053894042969,457.95001220703125,1714.5,3151.0,196.6407928466797,421.7998046875,399.44769287109375,811.635986328125,2675.0,230.0
2013-07-02,261.4197082519531,455.6499938964844,1711.0,3173.0,197.99620056152344,422.24310302734375,398.418212890625,813.8178100585938,2684.0,221.3000030517578
2013-07-03,259.34130859375,448.1000061035156,1670.5,3134.0,195.33749389648438,419.7731018066406,390.525390625,807.2723999023438,2647.0,220.10000610351562
2013-07-04,270.3800964355469,454.75,1729.5,3238.0,202.1667938232422,430.539794921875,408.7132873535156,820.36328125,2741.0,220.10000610351562
2013-07-05,269.2716064453125,454.0,1666.5,3213.5,199.9250946044922,432.12310791015625,409.39959716796875,817.090576171875,2730.0,215.89999389648438
2013-07-08,275.8302001953125,460.45001220703125,1689.0,3242.0,200.0814971923828,434.4664001464844,412.831298828125,823.635986328125,2743.0,211.6999969482422
2013-07-09,279.294189453125,464.79998779296875,1729.5,3281.5,202.21890258789062,435.2264099121094,413.17449951171875,826.90869140625,2762.0,219.6999969482422
2013-07-10,279.01708984375,469.45001220703125,1721.5,3269.5,200.7071075439453,442.6997985839844,410.4291076660156,829.090576171875,2765.0,219.5
2013-07-11,279.80230712890625,464.75,1800.0,3250.0,199.7165985107422,442.5097961425781,412.48809814453125,830.7269287109375,2787.0,225.6999969482422
2013-07-12,282.8044128417969,464.1499938964844,1800.0,3267.0,202.0625,442.7630920410156,412.831298828125,829.635986328125,2795.0,220.6999969482422
2013-07-15,286.1299133300781,465.8500061035156,1807.5,3262.0,203.8350067138672,447.3230895996094,414.5470886230469,832.90869140625,2820.0,220.6999969482422
2013-07-16,284.6518859863281,465.20001220703125,1832.0,3269.5,201.69760131835938,450.2998046875,408.3700866699219,831.2723999023438,2802.0,223.6999969482422
2013-07-17,286.0375061035156,466.5,1868.0,3286.5,200.49850463867188,458.84979248046875,405.6247863769531,823.635986328125,2756.0,228.89999389648438
2013-07-18,292.873291015625,470.3999938964844,1881.0,3305.0,199.50799560546875,466.38641357421875,411.8017883300781,833.9995727539062,2766.0,232.1999969482422
2013-07-19,295.5982971191406,469.79998779296875,1869.5,3280.0,202.11459350585938,468.9197998046875,410.4291076660156,844.90869140625,2754.0,232.0
2013-07-22,299.2933044433594,468.45001220703125,1876.0,3276.0,202.27099609375,466.1964111328125,408.0268859863281,843.8178100585938,2734.0,235.60000610351562
2013-07-23,297.21490478515625,470.75,1913.0,3290.5,201.1240997314453,465.056396484375,404.9383850097656,833.9995727539062,2714.0,240.5
2013-07-24,296.1064147949219,473.8999938964844,1907.0,3288.5,201.85400390625,465.81640625,404.9383850097656,838.90869140625,2718.0,242.8000030517578
2013-07-25,297.90771484375,473.54998779296875,1878.0,3280.0,201.74969482421875,463.4097900390625,425.52850341796875,835.090576171875,2676.0,242.5
2013-07-26,295.7369079589844,471.0,1878.0,3255.0,200.7592010498047,459.98980712890625,411.8017883300781,829.635986328125,2620.0,244.1999969482422
2013-07-29,285.4833068847656,467.3999938964844,1892.5,3273.0,202.68809509277344,457.2663879394531,410.7723083496094,832.36328125,2641.0,248.89999389648438
2013-07-30,269.0867919921875,451.45001220703125,1880.0,3298.0,203.4178924560547,464.423095703125,406.9974060058594,839.4542236328125,2655.0,249.0
2013-07-31,265.94610595703125,454.54998779296875,1879.0,3335.0,205.92019653320312,465.24639892578125,403.22259521484375,857.9995727539062,2669.0,246.89999389648438
2013-08-01,268.902099609375,458.5,1920.0,3334.0,208.7353973388672,468.98309326171875,409.056396484375,862.36328125,2708.0,249.0
2013-08-02,263.6828918457031,455.3999938964844,1894.5,3332.5,207.84910583496094,470.2497863769531,408.0268859863281,854.7269287109375,2695.0,251.8000030517578
2013-08-05,263.7290954589844,455.75,1901.5,3298.5,206.4416046142578,466.3230895996094,406.654296875,850.90869140625,2697.0,251.39999389648438
2013-08-06,262.8053894042969,454.3500061035156,1875.0,3272.0,206.59800720214844,471.1997985839844,408.3700866699219,851.9995727539062,2678.0,247.5
2013-08-07,260.6346130371094,443.54998779296875,1844.5,3222.0,206.12879943847656,462.3963928222656,409.7427978515625,841.635986328125,2572.0,242.6999969482422
2013-08-08,265.0685119628906,441.79998779296875,1899.0,3224.0,205.19039916992188,467.5263977050781,406.654296875,839.4542236328125,2571.0,243.89999389648438
2013-08-09,265.20709228515625,443.25,1963.5,3235.0,205.0861053466797,474.9997863769531,406.31109619140625,837.8178100585938,2596.0,243.8000030517578
2013-08-12,263.2672119140625,442.8999938964844,1983.5,3271.0,204.56480407714844,471.5798034667969,397.0455017089844,826.90869140625,2588.0,247.1999969482422
2013-08-13,262.02020263671875,446.25,1990.0,3311.5,206.12879943847656,469.74310302734375,391.89801025390625,827.4542236328125,2618.0,250.10000610351562
2013-08-14,263.6828918457031,446.25,1994.5,3249.0,203.62640380859375,474.36639404296875,393.6138916015625,817.090576171875,2608.0,233.10000610351562
2013-08-15,262.62060546875,441.20001220703125,1975.5,3192.5,201.07200622558594,464.86639404296875,385.3778076171875,807.2723999023438,2569.0,226.0
2013-08-16,266.0846862792969,441.70001220703125,1987.5,3199.5,200.49850463867188,466.5130920410156,384.6914978027344,802.90869140625,2573.0,245.6999969482422
2013-08-19,266.6850891113281,439.5,1956.0,3186.5,197.94410705566406,463.97979736328125,386.75048828125,800.1815185546875,2563.0,249.6999969482422
2013-08-20,264.8837890625,437.20001220703125,1923.5,3204.0,198.3090057373047,462.3963928222656,386.40728759765625,811.090576171875,2546.0,246.39999389648438
2013-08-21,261.4197082519531,432.54998779296875,1873.0,3183.5,198.10049438476562,460.0531005859375,385.72100830078125,807.2723999023438,2507.0,251.6999969482422
2013-08-22,262.9901123046875,437.0,1908.5,3230.0,198.15260314941406,463.3464050292969,388.46630859375,804.5451049804688,2528.0,252.0
2013-08-23,264.9761962890625,442.95001220703125,1909.5,3246.5,199.9250946044922,471.8330993652344,390.525390625,809.9996948242188,2549.0,253.60000610351562
2013-08-27,259.29510498046875,447.1000061035156,1883.0,3245.0,198.20469665527344,472.2131042480469,382.289306640625,807.2723999023438,2515.0,250.6999969482422
2013-08-28,262.8515930175781,452.6499938964844,1877.0,3217.0,197.37060546875,470.2497863769531,374.7395935058594,809.9996948242188,2486.0,249.8000030517578
2013-08-29,262.94390869140625,450.8999938964844,1880.5,3208.0,213.4792938232422,471.1997985839844,382.9757080078125,814.90869140625,2471.0,250.0
2013-08-30,261.74310302734375,446.20001220703125,1878.0,3178.0,215.04330444335938,464.29638671875,381.6029968261719,809.9996948242188,2459.0,246.39999389648438
2013-09-02,263.9139099121094,445.54998779296875,1921.0,3182.5,222.2895965576172,468.8564147949219,387.09368896484375,819.8178100585938,2485.0,250.3000030517578
2013-09-03,263.3595886230469,441.8500061035156,1936.0,3154.0,211.13340759277344,468.4764099121094,387.09368896484375,814.90869140625,2460.0,258.20001220703125
2013-09-04,267.4703063964844,443.1499938964844,1902.5,3146.5,215.82530212402344,463.6630859375,384.00518798828125,803.9996948242188,2430.0,262.20001220703125
2013-09-05,273.42840576171875,445.75,1912.5,3143.5,219.52659606933594,465.11981201171875,393.6138916015625,805.635986328125,2439.0,264.0
2013-09-06,274.3522033691406,445.54998779296875,1921.0,3117.5,219.735107421875,464.86639404296875,391.89801025390625,809.4542236328125,2457.0,264.0
2013-09-09,276.70770263671875,444.1000061035156,1907.0,3116.5,219.3701934814453,465.18310546875,389.1527099609375,803.9996948242188,2437.0,263.6000061035156
2013-09-10,282.4349060058594,443.75,1939.0,3133.5,216.7635955810547,471.2630920410156,388.1231994628906,803.9996948242188,2482.0,268.79998779296875
2013-09-11,283.08160400390625,445.79998779296875,1932.5,3161.5,219.10960388183594,470.4397888183594,386.064208984375,806.1815185546875,2467.0,271.1000061035156
2013-09-12,282.573486328125,444.70001220703125,1923.0,3195.0,219.05740356445312,470.8830871582031,389.49578857421875,810.5451049804688,2460.0,274.1000061035156
2013-09-13,278.6014099121094,442.5,1885.0,3174.5,221.0384063720703,471.1997985839844,386.064208984375,808.90869140625,2467.0,274.0
2013-09-16,282.1116027832031,443.25,1905.5,3229.0,223.01939392089844,471.3263854980469,379.54400634765625,813.8178100585938,2492.0,278.20001220703125
2013-09-17,276.19970703125,440.0,1895.0,3220.0,220.25650024414062,470.4397888183594,373.7101135253906,815.4542236328125,2513.0,276.6000061035156
2013-09-18,277.20001220703125,438.29998779296875,1884.5,3213.0,220.36070251464844,479.1798095703125,376.1123046875,815.4542236328125,2505.0,270.79998779296875
2013-09-19,278.29998779296875,440.1000061035156,1908.0,3240.5,218.6925048828125,477.9130859375,381.6029968261719,830.7269287109375,2588.0,274.6000061035156
2013-09-20,273.45001220703125,442.04998779296875,1875.5,3257.0,217.3892059326172,476.5830993652344,379.54400634765625,827.4542236328125,2585.0,277.70001220703125
2013-09-23,266.3500061035156,440.20001220703125,1875.5,3210.5,218.01480102539062,476.3298034667969,382.63250732421875,814.90869140625,2566.0,275.79998779296875
2013-09-24,271.45001220703125,442.29998779296875,1860.0,3218.0,222.185302734375,473.73309326171875,388.46630859375,814.36328125,2524.0,284.0
2013-09-25,273.0,441.5,1865.0,3209.0,226.46009826660156,457.1398010253906,385.0346984863281,804.5451049804688,2505.0,283.8999938964844
2013-09-26,269.20001220703125,444.3500061035156,1883.0,3239.5,227.8155975341797,459.10308837890625,387.4367980957031,810.5451049804688,2505.0,283.8999938964844
2013-09-27,265.79998779296875,441.1000061035156,1841.0,3201.0,226.46009826660156,459.2930908203125,386.064208984375,806.1815185546875,2457.0,284.5
2013-09-30,265.5,433.1000061035156,1820.0,3215.5,225.20899963378906,454.73309326171875,381.6029968261719,796.9088134765625,2440.0,284.29998779296875
2013-10-01,269.79998779296875,432.45001220703125,1805.0,3211.5,227.29420471191406,454.85980224609375,389.1527099609375,797.4542236328125,2358.0,282.6000061035156
2013-10-02,272.54998779296875,432.29998779296875,1826.0,3190.5,228.28469848632812,453.4664001464844,384.3482971191406,810.5451049804688,2319.0,282.8999938964844
2013-10-03,273.0,437.1499938964844,1802.0,3199.0,231.4647979736328,462.3330993652344,379.2008056640625,806.7269287109375,2367.0,281.6000061035156
2013-10-04,271.3500061035156,438.25,1804.5,3182.0,230.94349670410156,457.8998107910156,382.63250732421875,811.090576171875,2366.0,275.0
2013-10-07,272.54998779296875,438.6000061035156,1802.0,3170.5,228.12840270996094,458.5331115722656,384.00518798828125,807.8178100585938,2372.0,274.0
2013-10-08,268.20001220703125,433.70001220703125,1768.5,3143.0,227.76339721679688,456.6330871582031,377.1418151855469,802.36328125,2349.0,272.79998779296875
2013-10-09,267.79998779296875,433.45001220703125,1771.5,3113.0,224.1663055419922,449.34979248046875,371.3078918457031,811.090576171875,2351.0,264.0
2013-10-10,274.5,437.29998779296875,1791.5,3133.0,226.668701171875,450.5531005859375,382.63250732421875,814.36328125,2353.0,270.70001220703125
2013-10-11,278.0,439.6499938964844,1815.0,3176.5,229.17100524902344,453.3398132324219,384.3482971191406,815.9996948242188,2376.0,268.5
2013-10-14,276.8500061035156,443.3999938964844,1816.5,3186.5,230.99560546875,457.9631042480469,386.064208984375,818.7269287109375,2383.0,273.29998779296875
2013-10-15,279.8500061035156,444.6499938964844,1842.5,3183.0,231.4647979736328,461.6997985839844,382.63250732421875,825.8178100585938,2403.0,275.0
2013-10-16,283.6499938964844,445.75,1850.0,3159.5,234.5926971435547,462.9664001464844,378.1712951660156,820.36328125,2399.0,283.3999938964844
2013-10-17,278.29998779296875,443.8999938964844,1844.0,3150.0,239.0760040283203,466.1330871582031,376.45550537109375,819.8178100585938,2444.0,281.5
2013-10-18,277.8500061035156,447.45001220703125,1861.5,3149.5,237.40780639648438,467.5898132324219,374.7395935058594,829.635986328125,2466.0,281.20001220703125
2013-10-21,274.75,449.54998779296875,1873.5,3175.0,237.61630249023438,471.4530944824219,385.3778076171875,835.635986328125,2466.0,283.0
2013-10-22,272.6000061035156,448.0,1950.5,3187.5,237.6685028076172,470.50311279296875,390.18218994140625,842.1815185546875,2484.0,284.1000061035156
2013-10-23,268.20001220703125,449.25,1922.5,3210.0,238.86749267578125,468.72979736328125,392.58441162109375,847.090576171875,2496.0,284.29998779296875
2013-10-24,266.45001220703125,450.1499938964844,1950.0,3225.0,238.65899658203125,469.93310546875,402.87939453125,849.8178100585938,2509.0,283.70001220703125
2013-10-25,267.8999938964844,451.1499938964844,1953.0,3248.5,236.41729736328125,468.8564147949219,401.84991455078125,853.0905151367188,2493.0,285.20001220703125
2013-10-28,263.25,452.1000061035156,1944.5,3301.0,235.11399841308594,470.4397888183594,397.7319030761719,854.7269287109375,2520.0,285.29998779296875
2013-10-29,266.04998779296875,477.5,1949.0,3312.5,235.94810485839844,467.5263977050781,398.0751037597656,859.635986328125,2548.0,285.8999938964844
2013-10-30,268.45001220703125,482.0,1952.0,3330.0,235.73959350585938,467.3998107910156,394.98651123046875,857.4542236328125,2523.0,287.3999938964844
2013-10-31,263.6000061035156,482.70001220703125,1930.5,3309.0,234.07139587402344,461.3197937011719,394.6434020996094,855.8178100585938,2525.0,285.70001220703125
2013-11-01,256.29998779296875,484.75,1919.0,3292.0,242.4123992919922,460.306396484375,392.2412109375,851.4542236328125,2507.0,282.0
2013-11-04,255.14999389648438,489.20001220703125,1949.5,3288.0,239.80589294433594,459.1664123535156,389.8389892578125,851.4542236328125,2530.0,284.29998779296875
2013-11-05,249.0,488.04998779296875,1970.0,3291.5,237.981201171875,459.7998046875,393.27069091796875,859.635986328125,2535.0,278.0
2013-11-06,254.64999389648438,484.45001220703125,1983.0,3299.0,240.431396484375,460.24310302734375,394.6434020996094,854.7269287109375,2479.0,282.0
2013-11-07,252.6999969482422,480.45001220703125,1968.5,3272.5,237.51210021972656,461.8263854980469,401.5067138671875,845.9995727539062,2468.0,275.29998779296875
2013-11-08,255.3000030517578,477.6499938964844,1970.0,3278.0,238.50259399414062,463.6630859375,415.2334899902344,844.36328125,2464.0,282.29998779296875
2013-11-11,257.6499938964844,481.1499938964844,1956.0,3292.0,237.0428924560547,466.1330871582031,415.2334899902344,848.7269287109375,2478.0,283.5
2013-11-12,256.79998779296875,483.8999938964844,1940.5,3284.5,241.1092071533203,464.61309814453125,416.26300048828125,851.9995727539062,2487.0,274.5
2013-11-13,249.5,481.25,1904.0,3267.0,239.1802978515625,461.9530944824219,415.2334899902344,847.090576171875,2459.0,266.70001220703125
2013-11-14,250.0,483.29998779296875,1913.5,3286.5,240.84849548339844,451.12310791015625,423.8127136230469,852.5451049804688,2464.0,270.3999938964844
2013-11-15,249.4499969482422,488.1000061035156,1932.0,3306.0,241.21339416503906,449.0331115722656,420.0378112792969,844.36328125,2465.0,266.5
2013-11-18,251.39999389648438,488.54998779296875,1940.5,3317.0,244.34129333496094,453.4664001464844,423.1263122558594,844.90869140625,2491.0,266.8999938964844
2013-11-19,250.8000030517578,486.75,1928.0,3308.0,241.94329833984375,452.13641357421875,423.8127136230469,850.36328125,2495.0,265.79998779296875
2013-11-20,252.60000610351562,487.95001220703125,1936.0,3308.5,236.88650512695312,446.6897888183594,425.185302734375,837.8178100585938,2495.0,263.20001220703125
2013-11-21,257.1000061035156,489.3500061035156,1909.5,3400.5,239.75369262695312,448.0198059082031,422.783203125,843.8178100585938,2473.0,263.1000061035156
2013-11-22,256.95001220703125,493.45001220703125,1876.0,3446.5,238.81539916992188,449.0964050292969,424.8421936035156,850.90869140625,2463.0,260.79998779296875
2013-11-25,259.1000061035156,490.1000061035156,1875.0,3437.5,239.54519653320312,448.7164001464844,424.8421936035156,855.8178100585938,2507.0,262.70001220703125
2013-11-26,260.79998779296875,487.0,1841.0,3426.0,238.65899658203125,437.443115234375,424.8421936035156,845.4542236328125,2464.0,265.29998779296875
2013-11-27,262.5,482.04998779296875,1844.0,3420.5,238.7111053466797,437.5697937011719,427.9306945800781,845.9995727539062,2460.0,270.20001220703125
2013-11-28,265.6000061035156,481.5,1875.5,3452.0,238.29400634765625,440.98980712890625,425.185302734375,846.5451049804688,2475.0,270.20001220703125
2013-11-29,271.70001220703125,482.0,1859.0,3513.5,236.4694061279297,440.73638916015625,423.8127136230469,845.4542236328125,2469.0,267.5
2013-12-02,270.25,475.29998779296875,1822.0,3510.0,235.6352996826172,431.806396484375,416.6061096191406,841.635986328125,2431.0,262.8999938964844
2013-12-03,266.20001220703125,473.6000061035156,1801.5,3506.5,235.4268035888672,432.693115234375,411.8017883300781,833.4542236328125,2418.0,257.79998779296875
2013-12-04,262.79998779296875,476.5,1818.5,3478.0,234.4884033203125,430.6664123535156,411.1153869628906,816.5451049804688,2418.0,263.70001220703125
2013-12-05,262.3500061035156,475.1499938964844,1815.5,3470.0,235.6875,421.98980712890625,408.7132873535156,813.8178100585938,2432.0,261.8999938964844
2013-12-06,265.6499938964844,477.45001220703125,1845.0,3489.0,240.6920928955078,421.673095703125,410.0859069824219,818.7269287109375,2465.0,266.79998779296875
2013-12-09,265.8500061035156,476.79998779296875,1844.0,3474.5,243.40289306640625,422.62310791015625,413.8608093261719,818.7269287109375,2475.0,267.6000061035156
2013-12-10,263.75,473.1499938964844,1807.5,3450.0,240.53570556640625,420.46978759765625,409.056396484375,816.5451049804688,2454.0,267.79998779296875
2013-12-11,259.75,477.20001220703125,1785.0,3447.0,240.3271942138672,415.5931091308594,413.17449951171875,813.8178100585938,2424.0,266.5
2013-12-12,253.9499969482422,470.75,1754.5,3458.0,238.39830017089844,411.9197998046875,408.3700866699219,818.1815185546875,2393.0,262.0
2013-12-13,251.4499969482422,465.70001220703125,1757.5,3518.5,236.31300354003906,410.6531066894531,412.831298828125,825.2723999023438,2385.0,265.20001220703125
2013-12-16,255.0500030517578,473.20001220703125,1793.0,3547.5,237.40780639648438,419.2663879394531,424.1557922363281,840.5451049804688,2413.0,272.79998779296875
2013-12-17,251.3000030517578,465.0,1784.5,3536.5,238.29400634765625,411.0331115722656,419.35150146484375,835.635986328125,2386.0,273.6000061035156
2013-12-18,252.0500030517578,464.8999938964844,1789.0,3560.0,237.61630249023438,404.1297912597656,421.0672912597656,839.9995727539062,2368.0,275.6000061035156
2013-12-19,257.45001220703125,472.54998779296875,1801.5,3599.0,243.6114959716797,410.2098083496094,425.8717041015625,859.0905151367188,2398.0,280.0
2013-12-20,259.70001220703125,477.6000061035156,1805.5,3588.5,244.70620727539062,420.7864074707031,426.5580139160156,858.5451049804688,2427.0,289.79998779296875
2013-12-23,264.3500061035156,484.8500061035156,1833.0,3598.0,246.2180938720703,424.8398132324219,428.61700439453125,860.1815185546875,2439.0,288.0
2013-12-24,265.45001220703125,486.20001220703125,1834.0,3612.0,246.47869873046875,426.23309326171875,430.6759948730469,857.9995727539062,2447.0,288.6000061035156
2013-12-27,269.70001220703125,488.70001220703125,1868.0,3605.0,248.0948028564453,430.6664123535156,436.16668701171875,862.36328125,2473.0,290.29998779296875
2013-12-30,271.1000061035156,485.75,1865.5,3600.0,246.79150390625,426.0430908203125,432.7349853515625,857.9995727539062,2472.0,291.29998779296875
2013-12-31,271.95001220703125,488.04998779296875,1869.0,3574.5,247.1042938232422,423.5097961425781,437.5393981933594,859.635986328125,2482.0,286.8999938964844
2014-01-02,271.04998779296875,488.8500061035156,1852.0,3558.0,247.31280517578125,423.5097961425781,434.4508972167969,859.635986328125,2436.0,290.20001220703125
2014-01-03,272.8500061035156,487.8999938964844,1857.5,3585.5,245.7489013671875,418.6330871582031,436.16668701171875,862.36328125,2445.0,290.1000061035156
2014-01-06,277.5,488.95001220703125,1828.5,3598.5,245.80099487304688,420.7864074707031,442.34368896484375,856.90869140625,2441.0,293.5
2014-01-07,280.95001220703125,494.0,1828.5,3562.5,248.04269409179688,420.2164001464844,442.34368896484375,854.1815185546875,2443.0,293.79998779296875
2014-01-08,283.70001220703125,492.8500061035156,1811.0,3549.5,246.06170654296875,415.84649658203125,441.314208984375,844.36328125,2409.0,289.5
2014-01-09,284.3999938964844,495.29998779296875,1772.0,3572.5,245.7489013671875,410.8431091308594,428.2738952636719,845.4542236328125,2370.0,287.70001220703125
2014-01-10,283.6000061035156,497.0,1780.5,3652.0,244.6540985107422,407.61309814453125,425.185302734375,852.5451049804688,2388.0,289.79998779296875
2014-01-13,291.70001220703125,495.79998779296875,1797.0,3663.5,243.7156982421875,413.6297912597656,427.2442932128906,847.635986328125,2402.0,290.0
2014-01-14,291.75,491.04998779296875,1781.5,3755.5,245.9573974609375,419.5198059082031,425.8717041015625,851.4542236328125,2413.0,294.5
2014-01-15,296.5,492.8500061035156,1791.5,3845.0,248.61610412597656,420.84979248046875,427.5874938964844,854.1815185546875,2406.0,298.6000061035156
2014-01-16,290.45001220703125,489.45001220703125,1860.0,3874.0,247.31280517578125,422.1798095703125,427.9306945800781,851.4542236328125,2432.0,299.0
2014-01-17,288.6000061035156,491.04998779296875,1890.0,3875.0,250.23219299316406,419.3930969238281,428.960205078125,859.635986328125,2424.0,298.0
2014-01-20,282.79998779296875,494.29998779296875,1886.5,3920.0,250.1800994873047,417.49310302734375,428.61700439453125,865.0905151367188,2437.0,298.29998779296875
2014-01-21,280.6000061035156,491.29998779296875,1854.5,3947.0,247.8341064453125,417.49310302734375,427.5874938964844,863.9995727539062,2480.0,296.29998779296875
2014-01-22,278.20001220703125,493.6000061035156,1834.0,3934.0,247.57350158691406,417.9997863769531,423.4695129394531,870.5451049804688,2505.0,294.1000061035156
2014-01-23,278.8999938964844,488.1499938964844,1824.5,3960.0,243.92430114746094,413.4397888183594,413.17449951171875,869.9995727539062,2492.0,290.8999938964844
2014-01-24,272.25,486.6499938964844,1791.5,3891.0,242.464599609375,413.7565002441406,402.193115234375,861.8178100585938,2465.0,289.3999938964844
2014-01-27,269.3500061035156,475.79998779296875,1780.0,3855.5,233.08090209960938,411.1597900390625,406.31109619140625,855.2723999023438,2434.0,286.5
2014-01-28,273.29998779296875,476.8999938964844,1802.0,3865.0,232.82020568847656,405.6498107910156,414.8902893066406,853.635986328125,2412.0,295.29998779296875
2014-01-29,274.95001220703125,476.8999938964844,1803.5,3846.5,235.94810485839844,406.789794921875,409.39959716796875,848.1815185546875,2391.0,292.1000061035156
2014-01-30,275.04998779296875,477.8999938964844,1811.0,3873.0,235.27040100097656,409.5130920410156,402.87939453125,853.0905151367188,2358.0,294.1000061035156
2014-01-31,272.5,478.0,1795.5,3858.5,236.20880126953125,405.7764892578125,407.3406066894531,860.7269287109375,2339.0,291.79998779296875
2014-02-03,265.70001220703125,473.6000061035156,1774.5,3872.0,231.56900024414062,404.00311279296875,399.7908935546875,863.9995727539062,2339.0,283.0
2014-02-04,264.54998779296875,473.79998779296875,1766.0,3851.0,227.86770629882812,397.73309326171875,398.0751037597656,853.635986328125,2328.0,283.8999938964844
2014-02-05,264.95001220703125,470.04998779296875,1759.0,3877.0,225.10470581054688,399.0631103515625,399.7908935546875,849.8178100585938,2306.0,293.29998779296875
2014-02-06,269.95001220703125,482.1499938964844,1782.5,3815.5,233.44580078125,409.6398010253906,404.9383850097656,860.1815185546875,2349.0,301.0
2014-02-07,271.70001220703125,481.70001220703125,1805.0,3860.0,231.4647979736328,406.4731140136719,403.9089050292969,863.9995727539062,2363.0,300.0
2014-02-10,275.0,482.04998779296875,1815.0,3915.0,231.4647979736328,410.0198059082031,408.0268859863281,873.2723999023438,2375.0,303.20001220703125
2014-02-11,264.70001220703125,491.75,1849.0,3974.5,230.94349670410156,403.6864929199219,413.5176086425781,887.4542236328125,2396.0,309.3999938964844
2014-02-12,260.45001220703125,487.04998779296875,1862.5,4002.5,230.42210388183594,409.5765075683594,415.2334899902344,883.0905151367188,2363.0,307.8999938964844
2014-02-13,256.3999938964844,485.20001220703125,1871.0,4055.5,230.89129638671875,411.47650146484375,358.6106872558594,884.181396484375,2360.0,307.3999938964844
2014-02-14,253.0,486.3999938964844,1888.5,4055.0,227.7113037109375,411.2231140136719,351.747314453125,886.36328125,2349.0,309.0
2014-02-17,256.04998779296875,487.70001220703125,1912.0,4073.0,231.98609924316406,414.7065124511719,345.22711181640625,894.5451049804688,2387.0,313.20001220703125
2014-02-18,261.29998779296875,495.1000061035156,1949.0,4092.5,233.5500946044922,417.61981201171875,335.10369873046875,899.9995727539062,2415.0,314.6000061035156
2014-02-19,255.8000030517578,495.0,1965.0,3987.0,232.87229919433594,425.2831115722656,343.1680908203125,907.0905151367188,2423.0,312.79998779296875
2014-02-20,255.25,499.54998779296875,1979.0,3996.0,239.3887939453125,423.6997985839844,346.59979248046875,911.9995727539062,2438.0,308.6000061035156
2014-02-21,258.0,501.70001220703125,1970.0,4027.5,246.58299255371094,424.5231018066406,341.4523010253906,909.2722778320312,2439.0,314.79998779296875
2014-02-24,259.0,505.8999938964844,1960.0,4100.0,252.3000030517578,422.306396484375,339.73651123046875,916.36328125,2474.0,311.70001220703125
2014-02-25,257.8999938964844,508.0,1928.5,4095.0,246.9499969482422,424.5863952636719,335.96160888671875,912.5451049804688,2471.0,314.29998779296875
2014-02-26,253.14999389648438,506.79998779296875,1917.0,4075.0,245.25,412.93310546875,329.9562072753906,905.4542236328125,2447.0,313.8999938964844
2014-02-27,253.89999389648438,503.29998779296875,1926.0,4103.0,246.85000610351562,419.5830993652344,340.5943908691406,910.36328125,2443.0,315.70001220703125
2014-02-28,252.10000610351562,504.3999938964844,1928.5,4084.0,249.0,416.98638916015625,342.82501220703125,910.36328125,2441.0,318.70001220703125
2014-03-03,247.85000610351562,492.8999938964844,1905.0,3994.0,243.5500030517578,408.6897888183594,343.1680908203125,901.635986328125,2395.0,312.20001220703125
2014-03-04,252.9499969482422,491.5,1927.0,4080.5,249.0,415.3398132324219,356.20849609375,913.0905151367188,2463.0,317.29998779296875
2014-03-05,252.25,486.0,1883.0,4039.5,246.25,414.8330993652344,351.747314453125,911.4542236328125,2445.0,321.3999938964844
2014-03-06,253.3000030517578,486.8999938964844,1888.0,4011.0,247.3000030517578,410.6531066894531,356.55169677734375,905.9995727539062,2432.0,297.6000061035156
2014-03-07,248.35000610351562,480.04998779296875,1848.5,3985.0,238.64999389648438,408.8164978027344,352.09051513671875,896.7269287109375,2421.0,293.6000061035156
2014-03-10,242.0,484.0,1822.0,3989.5,230.10000610351562,405.6498107910156,357.9244079589844,899.4542236328125,2414.0,288.8999938964844
2014-03-11,236.14999389648438,484.0,1812.0,4016.0,226.25,398.5564880371094,361.0129089355469,911.4542236328125,2385.0,286.0
2014-03-12,233.75,482.6000061035156,1793.0,4002.0,229.5500030517578,398.23980712890625,354.8359069824219,908.7269287109375,2374.0,284.6000061035156
2014-03-13,235.64999389648438,478.5,1790.0,3979.0,224.39999389648438,378.41650390625,346.59979248046875,896.7269287109375,2355.0,282.0
2014-03-14,231.14999389648438,477.25,1786.5,3913.0,222.14999389648438,384.6864929199219,354.4927062988281,899.4542236328125,2371.0,280.5
2014-03-17,231.0500030517578,476.8500061035156,1808.5,3970.5,226.0,379.61981201171875,359.2969970703125,901.0905151367188,2370.0,282.6000061035156
2014-03-18,236.0500030517578,477.0,1816.0,3978.5,226.60000610351562,380.3164978027344,363.7582092285156,903.8178100585938,2390.0,283.29998779296875
2014-03-19,241.5,476.95001220703125,1778.5,3977.5,227.6999969482422,373.1597900390625,368.2193908691406,905.4542236328125,2389.0,282.29998779296875
2014-03-20,238.64999389648438,468.25,1793.0,3942.0,226.8000030517578,370.4997863769531,369.59210205078125,892.36328125,2377.0,282.3999938964844
2014-03-21,235.89999389648438,468.75,1809.5,3929.0,227.1999969482422,368.4731140136719,370.6216125488281,897.2723999023438,2420.0,276.20001220703125
2014-03-24,234.0500030517578,468.5,1802.0,3866.0,222.14999389648438,371.5765075683594,370.9648132324219,887.9995727539062,2426.0,278.1000061035156
2014-03-25,236.9499969482422,473.95001220703125,1843.5,3892.0,222.8000030517578,372.0198059082031,377.1418151855469,892.90869140625,2469.0,285.0
2014-03-26,233.3000030517578,476.20001220703125,1831.0,3910.0,223.14999389648438,372.8431091308594,369.59210205078125,890.7269287109375,2482.0,285.0
2014-03-27,230.9499969482422,476.3500061035156,1832.5,3910.0,218.0,371.5765075683594,369.935302734375,893.4542236328125,2505.0,286.20001220703125
2014-03-28,231.10000610351562,484.1499938964844,1852.0,3937.5,219.10000610351562,377.2131042480469,369.59210205078125,905.4542236328125,2557.0,298.8999938964844
2014-03-31,233.39999389648438,480.0,1844.0,3876.5,220.3000030517578,374.173095703125,368.5625915527344,896.7269287109375,2561.0,299.6000061035156
2014-04-01,237.4499969482422,484.29998779296875,1882.0,3924.5,220.3000030517578,371.6398010253906,376.7986145019531,903.8178100585938,2553.0,300.0
2014-04-02,242.75,485.3999938964844,1917.0,3950.0,221.14999389648438,370.6897888183594,375.0827941894531,898.36328125,2547.0,300.79998779296875
2014-04-03,244.10000610351562,485.1499938964844,1926.0,3917.5,219.14999389648438,369.48651123046875,375.0827941894531,892.36328125,2539.0,296.79998779296875
2014-04-04,248.14999389648438,490.04998779296875,1961.0,3923.0,219.8000030517578,364.039794921875,371.6510925292969,895.0905151367188,2538.0,303.3999938964844
2014-04-07,241.85000610351562,484.8500061035156,1928.0,3867.5,217.60000610351562,358.84649658203125,367.1899108886719,891.2723999023438,2537.0,300.29998779296875
2014-04-08,238.60000610351562,477.20001220703125,1940.0,3810.5,215.0,364.60980224609375,361.6991882324219,890.7269287109375,2606.0,296.8999938964844
2014-04-09,238.5,482.8999938964844,1942.5,3811.5,220.0,359.98651123046875,366.8467102050781,890.7269287109375,2612.0,301.79998779296875
2014-04-10,239.75,484.0,1931.0,3837.0,217.85000610351562,359.7965087890625,363.7582092285156,892.90869140625,2622.0,296.8999938964844
2014-04-11,236.0500030517578,475.45001220703125,1909.5,3780.5,213.8000030517578,355.9964904785156,354.4927062988281,883.0905151367188,2635.0,290.20001220703125
2014-04-14,237.3000030517578,474.54998779296875,1938.0,3736.0,212.9499969482422,366.5097961425781,349.68829345703125,887.4542236328125,2663.0,287.0
2014-04-15,233.14999389648438,473.5,1899.0,3723.0,210.60000610351562,362.6465148925781,346.2567138671875,898.90869140625,2632.0,288.20001220703125
2014-04-16,237.5500030517578,478.5,1909.5,3758.5,212.0,372.1465148925781,350.7178039550781,904.36328125,2622.0,290.3999938964844
2014-04-17,246.5,482.04998779296875,1913.0,3781.5,214.14999389648438,366.9530944824219,358.9538879394531,898.90869140625,2617.0,294.0
2014-04-22,247.25,486.6000061035156,1918.5,3960.0,217.0500030517578,370.37310791015625,363.7582092285156,906.5451049804688,2609.0,299.79998779296875
2014-04-23,248.89999389648438,485.8500061035156,1920.0,4042.5,214.85000610351562,376.6430969238281,353.46319580078125,897.8178100585938,2634.0,286.8999938964844
2014-04-24,252.0,489.3500061035156,1929.0,4175.0,216.39999389648438,380.5065002441406,353.806396484375,891.2723999023438,2590.0,284.79998779296875
2014-04-25,248.85000610351562,493.5,1924.0,4080.0,217.35000610351562,379.23980712890625,356.20849609375,898.36328125,2597.0,281.70001220703125
2014-04-28,249.0,488.3500061035156,1902.5,4666.5,218.85000610351562,382.97650146484375,351.747314453125,904.90869140625,2615.0,281.29998779296875
2014-04-29,250.25,502.6000061035156,1918.5,4632.5,223.0500030517578,384.1798095703125,350.37469482421875,916.36328125,2628.0,287.1000061035156
2014-04-30,252.1999969482422,499.20001220703125,1919.0,4664.0,223.9499969482422,371.0697937011719,360.32659912109375,916.90869140625,2644.0,280.29998779296875
2014-05-01,256.1499938964844,498.04998779296875,1896.0,4815.0,220.64999389648438,362.9631042480469,356.8948974609375,912.5451049804688,2621.0,282.0
2014-05-02,258.5,501.70001220703125,1931.0,4808.0,222.89999389648438,361.6330871582031,352.09051513671875,914.7269287109375,2606.0,285.79998779296875
2014-05-06,245.0,501.0,1912.0,4677.5,223.89999389648438,364.5465087890625,356.55169677734375,916.36328125,2592.0,228.60000610351562
2014-05-07,243.3000030517578,501.3999938964844,1917.0,4631.0,226.75,362.3298034667969,345.91351318359375,921.2722778320312,2597.0,225.0
2014-05-08,262.45001220703125,501.29998779296875,1913.0,4713.0,226.9499969482422,373.66650390625,347.6293029785156,922.36328125,2612.0,224.0
2014-05-09,260.1499938964844,500.8999938964844,1896.5,4600.5,226.75,376.0097961425781,343.51129150390625,932.7269287109375,2639.0,223.8000030517578
2014-05-12,256.6499938964844,501.29998779296875,1948.0,4610.0,224.4499969482422,372.33648681640625,344.5408020019531,928.90869140625,2646.0,228.89999389648438
2014-05-13,255.35000610351562,500.20001220703125,1965.0,4642.0,219.85000610351562,374.6164855957031,352.77679443359375,928.90869140625,2653.0,228.60000610351562
2014-05-14,251.3000030517578,503.5,1995.0,4654.0,222.10000610351562,375.3131103515625,353.46319580078125,939.2722778320312,2657.0,228.8000030517578
2014-05-15,244.8000030517578,503.0,1982.0,4726.5,217.0,383.22979736328125,351.0610046386719,941.9995727539062,2687.0,223.5
2014-05-16,241.5500030517578,507.1000061035156,1953.0,4823.5,217.14999389648438,393.23651123046875,344.1976013183594,956.181396484375,2704.0,223.1999969482422
2014-05-19,238.9499969482422,509.1000061035156,1942.0,4287.5,217.14999389648438,395.1997985839844,350.37469482421875,970.3632202148438,2726.0,222.89999389648438
2014-05-20,238.5500030517578,506.29998779296875,1916.0,4308.5,205.3000030517578,387.6630859375,344.5408020019531,964.3632202148438,2694.0,223.1999969482422
2014-05-21,241.6999969482422,509.29998779296875,1915.5,4420.0,204.60000610351562,384.8131103515625,343.51129150390625,962.7269287109375,2695.0,222.5
2014-05-22,243.5,508.20001220703125,1935.5,4275.0,204.14999389648438,384.36981201171875,344.1976013183594,961.0905151367188,2668.0,224.6999969482422
2014-05-23,246.60000610351562,507.0,1947.5,4328.0,206.1999969482422,385.2311096191406,342.4818115234375,960.5014038085938,2664.0,226.5
2014-05-27,245.5,504.20001220703125,1947.5,4252.0,208.14999389648438,383.5465087890625,342.4818115234375,970.3632202148438,2661.0,231.5
2014-05-28,245.35000610351562,506.1000061035156,1922.0,4255.0,209.75,381.6465148925781,348.6588134765625,973.635986328125,2672.0,237.0
2014-05-29,246.0500030517578,505.6000061035156,1940.5,4288.0,209.5,386.3330993652344,355.1789855957031,967.635986328125,2683.0,234.60000610351562
2014-05-30,247.0,503.0,1868.0,4283.5,209.5,384.4964904785156,356.8948974609375,970.90869140625,2680.0,236.10000610351562
2014-06-02,246.10000610351562,504.8999938964844,1887.0,4370.5,208.9499969482422,380.6965026855469,364.7876892089844,977.4541015625,2679.0,237.1999969482422
2014-06-03,244.10000610351562,503.20001220703125,1876.0,4349.0,207.5500030517578,376.8330993652344,362.3855895996094,957.2722778320312,2692.0,234.5
2014-06-04,242.85000610351562,497.8500061035156,1883.0,4348.5,205.10000610351562,371.7665100097656,364.4446105957031,905.9995727539062,2684.0,235.89999389648438
2014-06-05,240.25,499.70001220703125,1876.0,4296.0,204.0,369.423095703125,367.1899108886719,907.0905151367188,2676.0,234.8000030517578
2014-06-06,242.6999969482422,505.0,1892.0,4328.0,207.0,368.02978515625,369.2489013671875,925.635986328125,2632.0,238.3000030517578
2014-06-09,244.75,505.6000061035156,1904.0,4327.0,207.9499969482422,372.5264892578125,367.5331115722656,915.2722778320312,2656.0,240.5
2014-06-10,243.1999969482422,507.20001220703125,1887.5,4348.0,208.85000610351562,374.173095703125,369.2489013671875,906.5451049804688,2685.0,239.6999969482422
2014-06-11,240.60000610351562,506.0,1892.5,4400.0,199.39999389648438,373.66650390625,349.00201416015625,906.5451049804688,2678.0,237.39999389648438
2014-06-12,239.85000610351562,508.29998779296875,1868.0,4422.5,196.75,369.99310302734375,352.4336853027344,914.7269287109375,2692.0,243.5
2014-06-13,238.6999969482422,507.5,1850.0,4385.0,195.0,369.8664855957031,350.031494140625,910.90869140625,2664.0,237.10000610351562
2014-06-16,236.5,505.6000061035156,1865.0,4358.0,194.10000610351562,365.8764953613281,344.8840026855469,915.8178100585938,2657.0,233.89999389648438
2014-06-17,236.5,506.1000061035156,1852.5,4366.0,195.25,367.3965148925781,346.9429931640625,915.2722778320312,2673.0,234.10000610351562
2014-06-18,235.5,514.4000244140625,1874.5,4395.5,198.10000610351562,369.99310302734375,346.59979248046875,919.0905151367188,2668.0,236.0
2014-06-19,236.1999969482422,515.7000122070312,1893.0,4444.0,194.85000610351562,368.4731140136719,374.7395935058594,921.2722778320312,2681.0,236.3000030517578
2014-06-20,234.60000610351562,518.5999755859375,1901.5,4470.0,191.85000610351562,367.7764892578125,372.33740234375,920.181396484375,2687.0,237.8000030517578
2014-06-23,234.3000030517578,520.0,1938.0,4373.5,191.5,369.8664855957031,361.3561096191406,921.2722778320312,2684.0,233.39999389648438
2014-06-24,233.6999969482422,523.9000244140625,1921.5,4353.0,190.64999389648438,366.5097961425781,354.1495056152344,920.181396484375,2699.0,229.3000030517578
2014-06-25,230.0,516.9000244140625,1900.0,4362.0,189.8000030517578,361.3164978027344,358.6106872558594,915.8178100585938,2659.0,226.10000610351562
2014-06-26,215.0,515.5,1900.0,4345.5,194.25,361.25311279296875,358.9538879394531,917.9995727539062,2641.0,233.5
2014-06-27,216.0500030517578,514.5999755859375,1913.5,4370.0,196.25,359.41650390625,366.8467102050781,913.0905151367188,2638.0,236.89999389648438
2014-06-30,212.8000030517578,514.9000244140625,1889.5,4340.5,195.0,359.98651123046875,366.8467102050781,916.36328125,2651.0,233.5
2014-07-01,216.0,515.2999877929688,1944.5,4369.5,196.0500030517578,359.923095703125,367.1899108886719,933.2722778320312,2658.0,231.8000030517578
2014-07-02,217.10000610351562,519.7999877929688,1959.0,4418.5,194.5500030517578,360.9364929199219,359.64019775390625,934.90869140625,2659.0,233.0
2014-07-03,219.35000610351562,516.9000244140625,2000.0,4423.0,196.5500030517578,368.34649658203125,364.7876892089844,931.0905151367188,2678.0,222.5
2014-07-04,218.5500030517578,519.2000122070312,2011.0,4417.5,198.35000610351562,368.4097900390625,364.7876892089844,927.8178100585938,2672.0,220.8000030517578
2014-07-07,216.0500030517578,513.7000122070312,1995.0,4451.0,196.85000610351562,366.3197937011719,362.72869873046875,926.7269287109375,2658.0,225.5
2014-07-08,213.6999969482422,510.70001220703125,1975.5,4362.0,191.0500030517578,358.52978515625,362.72869873046875,927.2722778320312,2655.0,216.3000030517578
2014-07-09,211.5,508.0,1980.0,4361.5,191.0,354.0331115722656,358.9538879394531,921.2722778320312,2637.0,218.6999969482422
2014-07-10,208.0,503.70001220703125,1951.5,4345.0,188.9499969482422,355.5531005859375,356.55169677734375,923.9995727539062,2598.0,219.3000030517578
2014-07-11,207.89999389648438,503.79998779296875,1961.0,4353.5,189.4499969482422,352.2597961425781,355.8653869628906,928.3632202148438,2622.0,221.0
2014-07-14,209.60000610351562,503.3999938964844,1993.0,4369.5,192.10000610351562,360.3031005859375,360.32659912109375,930.5451049804688,2645.0,222.6999969482422
2014-07-15,210.64999389648438,500.29998779296875,1992.0,4384.5,194.0,357.1365051269531,357.2380065917969,931.635986328125,2612.0,226.6999969482422
2014-07-16,216.0,506.6000061035156,2034.0,4371.0,195.89999389648438,363.7231140136719,364.1014099121094,936.5451049804688,2641.0,230.60000610351562
2014-07-17,210.1999969482422,496.79998779296875,2009.0,4314.5,195.25,360.68310546875,356.8948974609375,935.9995727539062,2641.0,229.0
2014-07-18,211.8000030517578,493.70001220703125,2011.0,4340.0,195.25,360.9997863769531,354.1495056152344,942.5451049804688,2632.0,230.1999969482422
2014-07-21,210.1999969482422,492.04998779296875,2013.0,4390.0,194.39999389648438,365.62310791015625,354.1495056152344,945.2722778320312,2642.0,230.89999389648438
2014-07-22,210.60000610351562,498.5,2054.5,4426.0,195.64999389648438,351.309814453125,358.2674865722656,947.9995727539062,2688.0,232.10000610351562
2014-07-23,210.9499969482422,500.79998779296875,2066.5,4421.0,197.0,349.59979248046875,357.9244079589844,952.3632202148438,2683.0,234.6999969482422
2014-07-24,214.5,503.79998779296875,2083.0,4424.5,197.85000610351562,348.0798034667969,358.9538879394531,951.8178100585938,2663.0,232.10000610351562
2014-07-25,218.0500030517578,499.1000061035156,2081.5,4392.0,202.0500030517578,342.443115234375,361.3561096191406,950.181396484375,2620.0,253.10000610351562
2014-07-28,218.14999389648438,496.8500061035156,2075.5,4361.0,202.0500030517578,340.09979248046875,361.6991882324219,958.90869140625,2630.0,253.0
2014-07-29,219.10000610351562,484.25,2096.0,4322.5,202.89999389648438,340.923095703125,359.2969970703125,959.4541015625,2641.0,251.5
2014-07-30,228.39999389648438,481.75,2048.0,4357.5,202.1999969482422,336.8064880371094,362.0423889160156,943.0905151367188,2601.0,252.6999969482422
2014-07-31,225.6999969482422,484.0,2029.0,4344.5,198.10000610351562,326.7998046875,356.8948974609375,933.2722778320312,2570.0,237.89999389648438
2014-08-01,224.25,482.95001220703125,2011.5,4338.5,196.4499969482422,321.22650146484375,356.8948974609375,916.36328125,2567.0,239.8000030517578
2014-08-04,223.9499969482422,484.54998779296875,2013.5,4362.5,196.39999389648438,317.5531921386719,356.55169677734375,921.2722778320312,2542.0,244.0
2014-08-05,221.89999389648438,482.29998779296875,2013.5,4345.5,195.75,318.059814453125,355.8653869628906,927.2722778320312,2562.0,236.1999969482422
2014-08-06,217.5500030517578,473.70001220703125,2035.0,4190.0,197.89999389648438,311.02978515625,356.8948974609375,922.90869140625,2550.0,235.6999969482422
2014-08-07,213.39999389648438,469.1000061035156,1993.0,4189.0,195.9499969482422,308.8132019042969,358.2674865722656,924.5451049804688,2563.0,235.5
2014-08-08,214.1999969482422,464.04998779296875,2006.0,4109.5,191.89999389648438,312.8664855957031,358.9538879394531,922.90869140625,2546.0,237.1999969482422
2014-08-11,216.25,469.0,2044.0,4140.5,193.5,311.97979736328125,358.9538879394531,931.635986328125,2563.0,243.0
2014-08-12,217.0,468.8999938964844,2034.5,4129.0,193.5,308.2431945800781,356.8948974609375,928.3632202148438,2555.0,238.60000610351562
2014-08-13,219.35000610351562,470.25,2039.5,4101.5,197.1999969482422,309.2565002441406,356.55169677734375,939.2722778320312,2584.0,236.5
2014-08-14,218.0,472.0,2025.5,4096.0,196.3000030517578,310.58648681640625,359.2969970703125,949.635986328125,2592.0,240.10000610351562
2014-08-15,217.60000610351562,470.95001220703125,2050.0,4092.5,197.5500030517578,314.1332092285156,359.64019775390625,954.5451049804688,2599.0,239.89999389648438
2014-08-18,219.60000610351562,474.0,2067.0,4201.5,200.0,314.0697937011719,361.6991882324219,956.7269287109375,2609.0,248.0
2014-08-19,221.1999969482422,481.6000061035156,1965.0,4238.5,202.1999969482422,314.7665100097656,354.4927062988281,961.635986328125,2637.0,256.0
2014-08-20,220.6999969482422,481.0,1979.0,4285.0,201.14999389648438,312.73980712890625,351.0610046386719,967.635986328125,2623.0,238.89999389648438
2014-08-21,220.8000030517578,483.8500061035156,1971.0,4411.5,202.60000610351562,310.96649169921875,355.8653869628906,968.181396484375,2642.0,242.6999969482422
2014-08-22,222.8000030517578,485.1000061035156,1944.0,4418.0,205.85000610351562,314.1332092285156,350.7178039550781,965.4541015625,2624.0,242.39999389648438
2014-08-26,225.25,485.75,1943.5,4467.5,205.85000610351562,319.3265075683594,352.09051513671875,973.0905151367188,2659.0,247.0
2014-08-27,225.89999389648438,485.3999938964844,1945.5,4449.0,207.64999389648438,315.77978515625,354.4927062988281,969.2722778320312,2647.0,242.8000030517578
2014-08-28,224.0500030517578,482.3500061035156,1891.0,4479.5,207.35000610351562,311.97979736328125,350.031494140625,977.9995727539062,2648.0,241.60000610351562
2014-08-29,224.4499969482422,481.6499938964844,1907.5,4567.0,206.75,291.2698059082031,350.37469482421875,980.7269287109375,2659.0,243.0
2014-09-01,224.10000610351562,482.70001220703125,1905.0,4577.5,206.6999969482422,285.6965026855469,353.46319580078125,984.5449829101562,2660.0,242.6999969482422
2014-09-02,222.35000610351562,477.29998779296875,1920.0,4541.0,208.89999389648438,292.47320556640625,353.806396484375,984.5449829101562,2680.0,239.0
2014-09-03,228.10000610351562,483.75,1891.0,4577.0,209.6999969482422,294.6264953613281,351.4042053222656,992.7269287109375,2700.0,241.10000610351562
2014-09-04,230.75,455.0,1905.0,4556.5,209.39999389648438,290.6365051269531,350.37469482421875,993.8178100585938,2728.0,243.60000610351562
2014-09-05,226.25,466.79998779296875,1896.5,4553.0,206.0,289.4331970214844,349.68829345703125,999.2722778320312,2729.0,242.10000610351562
2014-09-08,224.89999389648438,468.70001220703125,1891.0,4572.0,205.4499969482422,295.0065002441406,348.3157043457031,997.635986328125,2728.0,235.1999969482422
2014-09-09,225.89999389648438,466.8500061035156,1872.0,4577.5,206.25,295.3232116699219,349.68829345703125,992.181396484375,2710.0,234.60000610351562
2014-09-10,228.25,471.6000061035156,1862.0,4597.0,205.0500030517578,293.73980712890625,352.77679443359375,984.5449829101562,2700.0,230.0
2014-09-11,225.5,472.20001220703125,1849.0,4539.0,203.4499969482422,291.58648681640625,350.7178039550781,985.635986328125,2692.0,227.0
2014-09-12,230.0,470.1499938964844,1848.5,4522.0,203.64999389648438,289.6231994628906,351.747314453125,979.0905151367188,2696.0,226.0
2014-09-15,229.39999389648438,468.29998779296875,1842.0,4545.0,201.5,289.4331970214844,347.6293029785156,976.90869140625,2692.0,222.5
2014-09-16,229.64999389648438,472.3500061035156,1836.0,4511.5,201.35000610351562,285.1897888183594,346.59979248046875,967.635986328125,2684.0,220.10000610351562
2014-09-17,231.75,471.04998779296875,1817.0,4493.0,200.89999389648438,284.6831970214844,347.28619384765625,964.3632202148438,2619.0,223.60000610351562
2014-09-18,234.5500030517578,471.29998779296875,1816.5,4536.5,203.3000030517578,287.97650146484375,349.00201416015625,969.2722778320312,2612.0,223.5
2014-09-19,234.14999389648438,473.29998779296875,1793.5,4578.5,204.64999389648438,290.8265075683594,347.6293029785156,967.0905151367188,2604.0,230.1999969482422
2014-09-22,231.64999389648438,469.95001220703125,1730.5,4577.5,201.5,257.1332092285156,344.1976013183594,973.0905151367188,2601.0,225.60000610351562
2014-09-23,229.25,466.04998779296875,1741.5,4414.0,198.64999389648438,246.3665008544922,331.32879638671875,961.0905151367188,2575.0,222.39999389648438
2014-09-24,228.8000030517578,464.95001220703125,1797.5,4396.0,204.25,246.87319946289062,333.55938720703125,962.181396484375,2584.0,220.89999389648438
2014-09-25,227.64999389648438,451.79998779296875,1746.0,4374.0,204.75,243.8332061767578,329.6130065917969,957.2722778320312,2552.0,220.1999969482422
2014-09-26,227.75,451.70001220703125,1732.0,4408.5,204.9499969482422,242.62989807128906,330.6424865722656,958.90869140625,2563.0,224.89999389648438
2014-09-29,226.0,456.3500061035156,1720.5,4446.0,206.75,237.87989807128906,332.01519775390625,967.0905151367188,2561.0,190.5
2014-09-30,227.4499969482422,453.45001220703125,1715.0,4441.5,204.39999389648438,235.8531951904297,330.9856872558594,968.7269287109375,2585.0,188.60000610351562
2014-10-01,227.3000030517578,452.75,1690.5,4360.5,203.85000610351562,228.25320434570312,323.9507141113281,966.5451049804688,2547.0,185.1999969482422
2014-10-02,220.8000030517578,440.1000061035156,1667.0,4279.5,200.60000610351562,225.7198944091797,321.8916931152344,948.5451049804688,2522.0,178.0
2014-10-03,224.60000610351562,445.0,1650.5,4362.0,203.85000610351562,218.05650329589844,327.2107849121094,965.4541015625,2542.0,176.89999389648438
2014-10-06,232.3000030517578,446.1000061035156,1675.5,4365.0,206.10000610351562,223.88319396972656,329.9562072753906,961.0905151367188,2548.0,174.3000030517578
2014-10-07,230.64999389648438,441.75,1668.0,4303.0,206.0500030517578,231.29319763183594,322.5780029296875,955.0905151367188,2516.0,168.39999389648438
2014-10-08,229.39999389648438,440.1499938964844,1657.0,4261.0,204.3000030517578,234.45989990234375,323.77911376953125,956.7269287109375,2535.0,161.60000610351562
2014-10-09,225.9499969482422,435.1499938964844,1665.5,4210.0,197.35000610351562,236.4864959716797,323.264404296875,955.635986328125,2541.0,155.8000030517578
2014-10-10,223.89999389648438,428.1499938964844,1613.5,4300.0,193.89999389648438,234.64990234375,318.97479248046875,949.635986328125,2509.0,152.0
2014-10-13,223.39999389648438,431.95001220703125,1660.5,4355.5,193.8000030517578,228.75990295410156,321.5484924316406,951.2722778320312,2511.0,153.6999969482422
2014-10-14,222.0,426.6499938964844,1686.5,4406.5,193.89999389648438,227.7465057373047,328.58349609375,958.90869140625,2526.0,148.6999969482422
2014-10-15,212.1999969482422,416.70001220703125,1648.0,4264.5,186.3000030517578,221.53990173339844,320.0043029785156,948.5451049804688,2483.0,156.5
2014-10-16,207.89999389648438,420.0,1658.5,4225.0,184.5,217.8665008544922,322.7496032714844,943.0905151367188,2447.0,158.39999389648438
2014-10-17,213.10000610351562,428.5,1682.5,4186.5,189.5,221.09649658203125,285.5158996582031,952.3632202148438,2498.0,163.10000610351562
2014-10-20,218.35000610351562,421.8999938964844,1659.0,4169.5,189.5500030517578,227.1132049560547,280.71148681640625,951.8178100585938,2489.0,160.6999969482422
2014-10-21,223.39999389648438,433.6499938964844,1689.5,4235.5,193.75,235.47320556640625,275.5639953613281,957.8178100585938,2527.0,165.6999969482422
2014-10-22,223.39999389648438,434.25,1664.5,4316.5,194.10000610351562,231.79989624023438,274.7060852050781,965.4541015625,2534.0,161.8000030517578
2014-10-23,225.89999389648438,438.95001220703125,1658.5,4334.5,196.85000610351562,216.5998992919922,275.0492858886719,975.2722778320312,2440.0,161.0
2014-10-24,226.35000610351562,432.8500061035156,1627.0,4327.5,200.5,213.74989318847656,272.8186950683594,971.9995727539062,2406.0,157.6999969482422
2014-10-27,221.85000610351562,430.25,1611.0,4367.0,197.6999969482422,214.19320678710938,267.4996032714844,975.2722778320312,2427.0,157.10000610351562
2014-10-28,223.0,437.0,1631.5,4397.0,203.5500030517578,215.07989501953125,269.7301025390625,981.8178100585938,2456.0,158.5
2014-10-29,220.5,445.29998779296875,1630.0,4444.0,205.3000030517578,219.57650756835938,275.2207946777344,985.0905151367188,2476.0,154.60000610351562
2014-10-30,222.5500030517578,444.0,1615.5,4500.0,206.4499969482422,219.51319885253906,279.8536071777344,997.0905151367188,2475.0,153.0
2014-10-31,240.8000030517578,449.0,1610.5,4543.5,207.3000030517578,219.89320373535156,289.29071044921875,1010.181396484375,2514.0,153.6999969482422
2014-11-03,237.0,443.70001220703125,1610.5,4520.5,206.0,220.0832061767578,286.54541015625,997.635986328125,2475.0,154.5
2014-11-04,236.6999969482422,430.3999938964844,1610.5,4571.5,203.5500030517578,217.67649841308594,291.006591796875,994.90869140625,2484.0,153.3000030517578
2014-11-05,238.0500030517578,440.1499938964844,1619.5,4620.0,208.5,222.6165008544922,293.06561279296875,1009.0905151367188,2513.0,153.3000030517578
2014-11-06,236.35000610351562,435.8999938964844,1628.0,4591.5,207.4499969482422,229.89990234375,299.92889404296875,1000.3632202148438,2520.0,155.89999389648438
2014-11-07,234.14999389648438,441.29998779296875,1676.0,4597.0,206.9499969482422,233.63650512695312,297.52679443359375,1002.5449829101562,2512.0,161.8000030517578
2014-11-10,234.75,439.6000061035156,1672.0,4611.0,207.85000610351562,244.33990478515625,298.8994140625,1013.9995727539062,2545.0,165.3000030517578
2014-11-11,234.60000610351562,433.75,1655.0,4657.5,219.0500030517578,246.93649291992188,299.75738525390625,1025.4541015625,2568.0,163.39999389648438
2014-11-12,229.5,433.8999938964844,1663.0,4690.0,222.0,242.50320434570312,294.60980224609375,1022.181396484375,2557.0,159.8000030517578
2014-11-13,228.85000610351562,429.95001220703125,1663.0,4732.0,225.6999969482422,242.12319946289062,290.3201904296875,1027.0904541015625,2595.0,158.6999969482422
2014-11-14,232.0,431.79998779296875,1658.0,4655.5,225.3000030517578,246.99989318847656,291.6929016113281,1025.4541015625,2605.0,156.89999389648438
2014-11-17,234.1999969482422,432.45001220703125,1668.5,4596.5,229.0500030517578,244.0865020751953,291.3497009277344,1025.4541015625,2598.0,155.8000030517578
2014-11-18,237.5,437.6000061035156,1660.0,4685.0,228.3000030517578,244.0865020751953,289.97711181640625,1042.3631591796875,2616.0,164.3000030517578
2014-11-19,235.89999389648438,440.1499938964844,1625.0,4766.5,228.60000610351562,245.85989379882812,289.8055114746094,1047.8177490234375,2638.0,167.39999389648438
2014-11-20,234.0,441.3500061035156,1582.5,4711.0,226.85000610351562,244.33990478515625,289.6339111328125,1021.0905151367188,2641.0,160.89999389648438
2014-11-21,236.25,448.20001220703125,1662.0,4741.0,227.8000030517578,246.23989868164062,292.8940124511719,1016.181396484375,2656.0,162.60000610351562
2014-11-24,237.14999389648438,447.20001220703125,1621.0,4711.0,225.0500030517578,244.97320556640625,291.6929016113281,1025.9996337890625,2657.0,163.10000610351562
2014-11-25,238.35000610351562,442.5,1593.5,4676.0,224.5500030517578,238.3231964111328,295.4678039550781,1027.6358642578125,2631.0,176.8000030517578
2014-11-26,238.0,437.8999938964844,1605.5,4660.0,225.64999389648438,237.11990356445312,297.52679443359375,1022.181396484375,2637.0,184.6999969482422
2014-11-27,243.8000030517578,426.20001220703125,1567.0,4720.5,227.35000610351562,235.156494140625,295.1246032714844,1022.181396484375,2677.0,182.6999969482422
2014-11-28,245.14999389648438,420.20001220703125,1517.0,4780.0,233.9499969482422,236.16990661621094,289.11920166015625,1014.5449829101562,2706.0,183.3000030517578
2014-12-01,241.1999969482422,414.5,1484.0,4710.0,227.1999969482422,232.81320190429688,293.2372131347656,1014.5449829101562,2687.0,191.10000610351562
2014-12-02,245.35000610351562,433.8500061035156,1516.0,4684.0,229.9499969482422,237.2465057373047,294.2666931152344,1019.4541015625,2705.0,190.60000610351562
2014-12-03,243.8000030517578,436.8500061035156,1518.5,4674.5,227.35000610351562,238.76649475097656,297.6983947753906,1013.9995727539062,2676.0,186.8000030517578
2014-12-04,242.64999389648438,426.8999938964844,1500.0,4699.0,223.64999389648438,235.66319274902344,302.15948486328125,1011.8178100585938,2680.0,184.6999969482422
2014-12-05,249.4499969482422,424.5,1474.0,4739.5,230.60000610351562,240.15989685058594,308.8512878417969,1014.5449829101562,2729.0,195.60000610351562
2014-12-08,247.14999389648438,417.29998779296875,1437.0,4695.5,229.9499969482422,237.2465057373047,306.277587890625,1011.2722778320312,2713.0,193.0
2014-12-09,238.5,405.95001220703125,1413.5,4561.5,223.60000610351562,221.53990173339844,295.29620361328125,992.181396484375,2664.0,189.60000610351562
2014-12-10,237.6999969482422,399.6000061035156,1386.5,4683.0,222.64999389648438,222.55320739746094,293.75189208984375,989.4541015625,2660.0,189.0
2014-12-11,237.25,398.79998779296875,1361.0,4688.0,222.9499969482422,216.9799041748047,285.34429931640625,982.3632202148438,2654.0,189.0
2014-12-12,232.3000030517578,385.6499938964844,1325.0,4573.0,215.3000030517578,209.9499053955078,277.4513854980469,962.7269287109375,2587.0,184.0
2014-12-15,225.1999969482422,373.25,1276.0,4450.5,213.1999969482422,208.7465057373047,277.7945861816406,938.7269287109375,2542.0,179.1999969482422
2014-12-16,230.14999389648438,383.95001220703125,1318.0,4490.5,219.4499969482422,212.1031951904297,285.5158996582031,956.7269287109375,2573.0,188.39999389648438
2014-12-17,228.10000610351562,397.54998779296875,1327.5,4449.0,219.64999389648438,212.98989868164062,286.0306091308594,967.0905151367188,2562.0,191.6999969482422
2014-12-18,234.6999969482422,402.54998779296875,1330.0,4572.5,225.60000610351562,222.67990112304688,294.0950927734375,991.635986328125,2628.0,198.1999969482422
2014-12-19,237.6999969482422,413.0,1377.5,4565.0,225.0,234.83990478515625,298.7279052734375,994.90869140625,2629.0,201.89999389648438
2014-12-22,240.35000610351562,413.6499938964844,1368.0,4603.0,225.1999969482422,229.26649475097656,299.75738525390625,999.8178100585938,2651.0,203.6999969482422
2014-12-23,243.0500030517578,415.8500061035156,1382.5,4516.5,224.6999969482422,233.82650756835938,300.1004943847656,1000.3632202148438,2671.0,207.10000610351562
2014-12-24,243.14999389648438,416.8500061035156,1369.0,4555.5,225.0,235.5998992919922,300.2720947265625,1002.326904296875,2669.0,208.10000610351562
2014-12-29,242.4499969482422,418.0,1407.0,4557.0,224.8000030517578,238.7032012939453,301.47320556640625,1006.14501953125,2667.0,206.89999389648438
2014-12-30,241.39999389648438,409.29998779296875,1390.0,4542.5,221.0500030517578,236.73989868164062,294.9530029296875,992.7269287109375,2623.0,209.89999389648438
2014-12-31,243.5,411.0,1388.5,4555.5,222.64999389648438,239.39990234375,298.5563049316406,1001.5631713867188,2628.0,212.0
2015-01-02,243.14999389648438,410.45001220703125,1378.0,4580.0,221.89999389648438,238.13319396972656,296.6689147949219,990.872314453125,2606.0,212.39999389648438
2015-01-05,234.6999969482422,389.70001220703125,1316.5,4583.5,216.4499969482422,230.02650451660156,292.8940124511719,992.3995971679688,2573.0,204.89999389648438
2015-01-06,230.35000610351562,391.04998779296875,1324.5,4488.5,215.35000610351562,226.4799041748047,293.06561279296875,978.326904296875,2574.0,199.1999969482422
2015-01-07,230.60000610351562,393.75,1341.5,4479.5,216.0,230.533203125,294.9530029296875,1000.90869140625,2591.0,198.8000030517578
2015-01-08,237.0500030517578,405.0,1387.5,4572.5,225.75,265.0498046875,302.6742858886719,1017.1632080078125,2668.0,205.3000030517578
2015-01-09,231.0,398.6499938964844,1376.0,4587.0,224.89999389648438,258.5264892578125,295.8109130859375,1006.3632202148438,2626.0,203.1999969482422
2015-01-12,231.39999389648438,396.54998779296875,1351.0,4672.5,226.8000030517578,259.09649658203125,298.04150390625,1004.29052734375,2678.0,205.1999969482422
2015-01-13,233.0,396.29998779296875,1357.0,4717.0,229.0,268.533203125,295.9825134277344,1015.6359252929688,2703.0,209.6999969482422
2015-01-14,223.5500030517578,382.1499938964844,1285.0,4680.0,225.25,271.0664978027344,292.5508117675781,987.2722778320312,2679.0,203.39999389648438
2015-01-15,227.9499969482422,392.6000061035156,1348.0,4729.0,227.89999389648438,277.71649169921875,292.722412109375,993.7086791992188,2732.0,207.39999389648438
2015-01-16,224.35000610351562,413.3500061035156,1388.0,4715.0,227.8000030517578,277.46319580078125,295.4678039550781,1000.2540893554688,2747.0,204.0
2015-01-19,230.0,408.8999938964844,1368.0,4725.0,229.4499969482422,280.4397888183594,298.38470458984375,1005.1632080078125,2729.0,206.10000610351562
2015-01-20,235.25,412.20001220703125,1392.5,4708.0,230.0,284.8731994628906,302.84588623046875,1011.599609375,2713.0,207.5
2015-01-21,237.89999389648438,426.0,1427.0,4711.5,238.14999389648438,290.0664978027344,306.1059875488281,1017.599609375,2778.0,205.60000610351562
2015-01-22,243.39999389648438,428.3999938964844,1452.0,4689.5,238.6999969482422,298.7431945800781,308.5082092285156,1019.9995727539062,2785.0,215.60000610351562
2015-01-23,243.14999389648438,432.3999938964844,1425.0,4733.5,239.89999389648438,298.0465087890625,309.5376892089844,1022.0723266601562,2854.0,227.0
2015-01-26,240.75,439.0,1431.5,4700.0,238.64999389648438,291.33319091796875,309.88079833984375,1016.5087280273438,2892.0,228.3000030517578
2015-01-27,239.4499969482422,440.6000061035156,1417.5,4725.0,236.6999969482422,291.6498107910156,301.6448059082031,1024.3631591796875,2886.0,226.0
2015-01-28,236.85000610351562,432.95001220703125,1422.5,4743.5,237.25,288.35650634765625,302.84588623046875,1037.8905029296875,2897.0,225.3000030517578
2015-01-29,236.5500030517578,424.8500061035156,1413.5,4761.5,237.64999389648438,287.533203125,304.56170654296875,1033.6358642578125,2952.0,225.0
2015-01-30,234.14999389648438,424.45001220703125,1443.0,4743.0,234.5,284.6831970214844,305.93438720703125,1020.5449829101562,2930.0,222.0
2015-02-02,235.85000610351562,437.70001220703125,1484.0,4682.0,233.85000610351562,289.2431945800781,303.360595703125,1018.90869140625,2914.0,224.6999969482422
2015-02-03,248.4499969482422,449.8500061035156,1558.5,4641.5,236.89999389648438,293.9298095703125,306.79229736328125,1014.5449829101562,2898.0,231.3000030517578
2015-02-04,248.75,445.3500061035156,1527.0,4688.0,236.5,290.7632141113281,308.6796875,1007.1268920898438,2884.0,232.10000610351562
2015-02-05,248.8000030517578,450.1000061035156,1538.0,4529.0,230.89999389648438,294.3731994628906,315.0282897949219,1000.3632202148438,2835.0,233.10000610351562
2015-02-06,255.4499969482422,450.6000061035156,1505.0,4467.0,231.39999389648438,289.6864929199219,312.96929931640625,991.9631958007812,2802.0,232.8000030517578
2015-02-09,253.64999389648438,457.1000061035156,1542.5,4466.5,228.8000030517578,295.6398010253906,309.5376892089844,971.017822265625,2804.0,231.39999389648438
2015-02-10,253.1999969482422,446.3500061035156,1495.0,4488.0,230.9499969482422,306.34320068359375,315.0282897949219,972.872314453125,2811.0,232.0
2015-02-11,251.0,445.79998779296875,1473.5,4491.0,229.89999389648438,307.039794921875,310.56719970703125,980.3995971679688,2819.0,226.39999389648438
2015-02-12,253.35000610351562,444.29998779296875,1494.5,4504.5,231.3000030517578,308.4331970214844,310.56719970703125,975.9268798828125,2795.0,235.0
2015-02-13,256.45001220703125,454.20001220703125,1569.0,4551.0,232.39999389648438,306.0264892578125,324.122314453125,971.1268920898438,2789.0,235.39999389648438
2015-02-16,258.79998779296875,451.8999938964844,1589.0,4468.5,230.0,307.039794921875,321.37701416015625,959.5631713867188,2749.0,237.8000030517578
2015-02-17,257.54998779296875,452.0,1587.5,4552.5,231.25,309.5097961425781,316.5726013183594,962.6177978515625,2801.0,235.5
2015-02-18,260.3500061035156,451.29998779296875,1587.5,4485.0,225.4499969482422,307.4197998046875,320.69061279296875,953.4541015625,2770.0,238.8000030517578
2015-02-19,260.3999938964844,445.70001220703125,1572.0,4427.5,228.39999389648438,303.9364929199219,330.127685546875,972.1087036132812,2805.0,242.0
2015-02-20,261.5,446.70001220703125,1581.0,4413.5,232.39999389648438,304.7597961425781,328.0686950683594,980.7269287109375,2800.0,243.6999969482422
2015-02-23,262.8500061035156,444.6000061035156,1547.0,4483.0,232.6999969482422,304.5065002441406,326.00970458984375,979.0905151367188,2842.0,248.10000610351562
2015-02-24,264.0,448.3500061035156,1643.5,4507.0,226.5,301.97320556640625,321.37701416015625,989.1268920898438,2861.0,249.10000610351562
2015-02-25,262.8999938964844,449.3999938964844,1640.0,4501.5,223.6999969482422,305.1398010253906,322.2348937988281,984.2177734375,2841.0,248.6999969482422
2015-02-26,262.1000061035156,448.0,1615.5,4465.0,224.6999969482422,311.59979248046875,323.77911376953125,971.2360229492188,2868.0,250.5
2015-02-27,256.8999938964844,448.04998779296875,1616.5,4469.5,224.39999389648438,310.8398132324219,325.6665954589844,967.1995849609375,2866.0,250.8000030517578
2015-03-02,262.75,446.6499938964844,1595.5,4475.5,224.6999969482422,312.48651123046875,320.69061279296875,966.4359741210938,2875.0,249.6999969482422
2015-03-03,254.3000030517578,448.6000061035156,1598.5,4431.5,225.0,310.2698059082031,321.5484924316406,964.90869140625,2871.0,247.6999969482422
2015-03-04,262.3999938964844,451.04998779296875,1573.5,4423.5,227.35000610351562,308.1164855957031,326.00970458984375,951.2722778320312,2880.0,245.0
2015-03-05,266.0,452.6000061035156,1577.0,4486.5,226.25,311.5364990234375,338.0205993652344,959.9995727539062,2913.0,244.39999389648438
2015-03-06,265.0,447.0,1550.5,4415.5,219.89999389648438,307.16650390625,338.7070007324219,944.181396484375,2871.0,243.39999389648438
2015-03-09,262.70001220703125,445.70001220703125,1543.5,4361.0,219.10000610351562,304.3797912597656,341.6239013671875,947.8905029296875,2828.0,239.1999969482422
2015-03-10,254.3000030517578,428.1000061035156,1471.0,4272.0,215.5500030517578,298.0465087890625,333.902587890625,929.017822265625,2799.0,231.60000610351562
2015-03-11,255.0,425.1499938964844,1472.0,4304.5,217.1999969482422,298.23651123046875,334.9320983886719,930.9813842773438,2823.0,232.89999389648438
2015-03-12,254.5,425.8500061035156,1435.5,4479.0,216.89999389648438,298.6164855957031,332.87310791015625,933.2722778320312,2819.0,226.6999969482422
2015-03-13,250.0,418.25,1389.5,4557.0,218.9499969482422,294.9432067871094,332.7015075683594,928.0360107421875,2845.0,227.39999389648438
2015-03-16,251.85000610351562,417.6000061035156,1416.0,4634.5,222.60000610351562,305.7098083496094,333.0447082519531,928.5814208984375,2886.0,231.89999389648438
2015-03-17,250.0,425.8999938964844,1463.0,4640.0,221.5500030517578,300.3898010253906,331.6719970703125,942.76318359375,2880.0,235.0
2015-03-18,252.35000610351562,436.1000061035156,1458.0,4750.0,225.75,306.27978515625,337.6773986816406,961.0905151367188,2926.0,237.5
2015-03-19,252.8000030517578,440.8999938964844,1485.5,4785.5,225.89999389648438,307.5465087890625,337.1626892089844,969.0540771484375,2897.0,239.5
2015-03-20,255.3000030517578,451.0,1539.0,4847.0,228.25,310.1431884765625,338.8785095214844,970.0360107421875,2900.0,235.0
2015-03-23,257.1499938964844,447.8999938964844,1591.0,4840.0,227.64999389648438,312.35980224609375,338.7070007324219,972.872314453125,2905.0,224.89999389648438
2015-03-24,258.45001220703125,444.1499938964844,1591.0,4832.0,226.9499969482422,308.6231994628906,339.2217102050781,972.9813842773438,2907.0,231.1999969482422
2015-03-25,251.89999389648438,448.3500061035156,1585.0,4761.5,224.25,303.176513671875,336.64788818359375,975.9268798828125,2880.0,244.0
2015-03-26,250.0,446.1000061035156,1542.5,4691.0,224.0,301.46649169921875,330.127685546875,962.29052734375,2855.0,235.10000610351562
2015-03-27,244.25,443.6000061035156,1507.5,4686.0,224.6999969482422,301.783203125,325.15179443359375,961.635986328125,2851.0,239.89999389648438
2015-03-30,247.8000030517578,446.1000061035156,1512.0,4726.5,224.35000610351562,305.20318603515625,329.9562072753906,964.7996215820312,2887.0,241.60000610351562
2015-03-31,242.60000610351562,436.70001220703125,1473.5,4626.5,220.4499969482422,306.34320068359375,327.0392150878906,943.3087158203125,2815.0,240.10000610351562
2015-04-01,249.3000030517578,442.1000061035156,1470.0,4640.5,220.0500030517578,308.1164855957031,326.00970458984375,958.3632202148438,2813.0,234.3000030517578
2015-04-02,254.75,442.8500061035156,1431.5,4645.0,222.1999969482422,309.4465026855469,323.77911376953125,956.6177978515625,2856.0,233.0
2015-04-07,258.0,454.8500061035156,1470.5,4707.0,225.39999389648438,317.9331970214844,326.69610595703125,974.5087280273438,2914.0,233.8000030517578
2015-04-08,255.9499969482422,457.29998779296875,1469.0,4697.0,222.5500030517578,312.676513671875,323.9507141113281,968.9451293945312,2882.0,234.60000610351562
2015-04-09,257.95001220703125,463.70001220703125,1453.0,4764.5,225.6999969482422,312.6131896972656,326.00970458984375,987.2722778320312,2919.0,238.60000610351562
2015-04-10,257.04998779296875,472.25,1463.5,4753.0,229.3000030517578,317.9331970214844,334.5888977050781,989.9995727539062,2935.0,241.3000030517578
2015-04-13,259.45001220703125,471.0,1416.0,4718.5,229.1999969482422,309.4465026855469,332.5299072265625,984.76318359375,2913.0,240.0
2015-04-14,262.1499938964844,470.95001220703125,1459.5,4800.0,229.35000610351562,309.3197937011719,334.0741882324219,988.14501953125,2911.0,242.0
2015-04-15,259.6499938964844,475.79998779296875,1472.0,4857.5,227.89999389648438,312.73980712890625,338.535400390625,980.29052734375,2934.0,241.39999389648438
2015-04-16,260.3500061035156,473.45001220703125,1469.5,4828.5,227.39999389648438,305.3298034667969,336.3048095703125,980.7269287109375,3011.0,241.0
2015-04-17,255.3000030517578,479.3500061035156,1446.0,4750.0,226.39999389648438,299.8197937011719,335.7900085449219,968.29052734375,2992.0,238.6999969482422
2015-04-20,257.25,483.3999938964844,1481.5,4803.0,229.0,297.66650390625,336.9910888671875,976.2540893554688,3010.0,243.0
2015-04-21,255.0,480.0,1463.0,4855.0,226.89999389648438,297.34979248046875,345.5703125,978.4359741210938,3015.0,244.39999389648438
2015-04-22,253.3000030517578,479.75,1483.0,4863.0,227.5,282.023193359375,359.64019775390625,964.1450805664062,2985.0,240.0
2015-04-23,258.45001220703125,484.1499938964844,1531.5,4830.0,230.35000610351562,285.3797912597656,355.1789855957031,969.599609375,2975.0,238.3000030517578
2015-04-24,261.75,478.3999938964844,1564.0,4749.5,232.25,284.7464904785156,360.32659912109375,988.4722900390625,2974.0,241.39999389648438
2015-04-27,263.75,476.8999938964844,1569.0,4705.5,232.60000610351562,279.6798095703125,361.6991882324219,982.90869140625,2979.0,248.8000030517578
2015-04-28,261.3999938964844,476.1000061035156,1589.5,4548.0,229.75,278.72979736328125,356.20849609375,979.0905151367188,2929.0,243.6999969482422
2015-04-29,256.95001220703125,468.1499938964844,1564.0,4457.5,230.39999389648438,279.23651123046875,353.46319580078125,958.2540893554688,2846.0,239.10000610351562
2015-04-30,255.3000030517578,470.1000061035156,1561.0,4496.5,230.5500030517578,279.9331970214844,358.9538879394531,958.90869140625,2866.0,242.60000610351562
2015-05-01,254.35000610351562,468.6000061035156,1607.5,4461.5,230.0,284.9997863769531,357.9244079589844,966.872314453125,2875.0,240.6999969482422
2015-05-05,250.1999969482422,474.95001220703125,1610.5,4439.0,228.5500030517578,287.406494140625,355.1789855957031,967.2127075195312,2834.0,238.8000030517578
2015-05-06,249.4499969482422,473.29998779296875,1594.5,4413.5,232.1999969482422,287.27978515625,351.0610046386719,948.5451049804688,2822.0,236.10000610351562
2015-05-07,248.89999389648438,457.1000061035156,1538.0,4407.0,231.8000030517578,283.35321044921875,349.00201416015625,949.4177856445312,2836.0,235.8000030517578
2015-05-08,258.04998779296875,461.29998779296875,1560.5,4532.0,233.3000030517578,289.8764953613281,353.46319580078125,988.2540893554688,2894.0,242.39999389648438
2015-05-11,260.79998779296875,457.70001220703125,1572.0,4528.0,234.75,294.4997863769531,350.031494140625,987.8178100585938,2855.0,242.1999969482422
2015-05-12,257.45001220703125,456.04998779296875,1575.0,4400.0,233.60000610351562,288.10321044921875,344.8840026855469,971.5631713867188,2819.0,241.10000610351562
2015-05-13,260.25,456.0,1569.5,4390.0,235.85000610351562,284.61981201171875,344.8840026855469,962.29052734375,2817.0,241.89999389648438
2015-05-14,262.1000061035156,456.79998779296875,1549.0,4434.5,235.39999389648438,288.039794921875,347.6293029785156,964.4722900390625,2855.0,242.60000610351562
2015-05-15,261.6499938964844,452.3999938964844,1533.0,4367.5,234.5,284.3664855957031,347.6293029785156,974.8359985351562,2845.0,247.89999389648438
2015-05-18,261.1499938964844,452.29998779296875,1463.0,4390.0,234.10000610351562,281.3265075683594,346.59979248046875,976.3632202148438,2855.0,248.8000030517578
2015-05-19,262.70001220703125,452.3500061035156,1405.5,4403.5,226.60000610351562,280.1231994628906,346.2567138671875,982.14501953125,2900.0,254.5
2015-05-20,271.54998779296875,452.1000061035156,1395.5,4393.0,238.85000610351562,279.2998046875,344.5408020019531,985.4177856445312,2895.0,254.6999969482422
2015-05-21,271.04998779296875,458.0,1404.5,4425.0,242.5,279.5531921386719,346.9429931640625,991.7449951171875,2874.0,254.89999389648438
2015-05-22,270.1499938964844,457.75,1408.5,4473.5,253.75,277.906494140625,349.68829345703125,1001.9995727539062,2881.0,254.6999969482422
2015-05-26,264.8999938964844,451.70001220703125,1375.0,4373.5,250.75,273.156494140625,346.2567138671875,987.8178100585938,2854.0,258.70001220703125
2015-05-27,269.25,454.3999938964844,1379.0,4468.5,251.5,274.8664855957031,349.34521484375,1013.4541015625,2905.0,258.1000061035156
2015-05-28,271.1000061035156,453.29998779296875,1376.5,4492.0,253.6999969482422,274.10650634765625,348.3157043457031,1020.4359130859375,2911.0,255.8000030517578
2015-05-29,270.0,450.75,1379.5,4372.5,255.35000610351562,269.293212890625,342.4818115234375,1018.90869140625,2887.0,248.89999389648438
2015-06-01,266.3999938964844,447.3999938964844,1359.5,4366.5,254.3000030517578,265.7464904785156,342.3102111816406,1014.2177734375,2874.0,249.39999389648438
2015-06-02,267.6499938964844,449.95001220703125,1383.5,4357.0,254.60000610351562,262.7698059082031,338.7070007324219,1006.14501953125,2833.0,248.0
2015-06-03,271.20001220703125,449.54998779296875,1367.0,4390.0,250.39999389648438,266.5065002441406,338.7070007324219,998.7269287109375,2888.0,249.6999969482422
2015-06-04,266.3999938964844,440.1499938964844,1323.5,4337.0,248.10000610351562,264.289794921875,333.7309875488281,947.9995727539062,2872.0,247.39999389648438
2015-06-05,265.45001220703125,443.3500061035156,1327.0,4367.5,242.0500030517578,260.6798095703125,333.3877868652344,934.90869140625,2819.0,249.0
2015-06-08,262.0,441.8999938964844,1308.0,4333.0,244.0,257.7665100097656,331.32879638671875,937.3087158203125,2807.0,255.10000610351562
2015-06-09,261.54998779296875,441.3500061035156,1315.0,4246.0,241.75,255.99319458007812,330.127685546875,925.1995849609375,2792.0,252.6999969482422
2015-06-10,267.1499938964844,443.54998779296875,1348.5,4281.0,244.10000610351562,267.83648681640625,337.6773986816406,931.635986328125,2828.0,256.70001220703125
2015-06-11,268.75,446.79998779296875,1346.0,4272.0,237.0,273.156494140625,336.8194885253906,938.3995971679688,2849.0,253.10000610351562
2015-06-12,269.70001220703125,437.6000061035156,1340.5,4211.0,234.3000030517578,270.6864929199219,332.87310791015625,933.05419921875,2788.0,251.5
2015-06-15,264.95001220703125,435.04998779296875,1320.5,4149.0,231.1999969482422,271.0664978027344,324.2939147949219,925.7451171875,2777.0,245.5
2015-06-16,263.6499938964844,432.3999938964844,1312.0,4170.0,233.5500030517578,267.8998107910156,323.0928039550781,935.9995727539062,2791.0,245.0
2015-06-17,261.8999938964844,435.0,1302.0,4158.5,230.5,263.52978515625,315.19989013671875,932.7269287109375,2762.0,244.0
2015-06-18,261.54998779296875,434.45001220703125,1333.0,4193.0,233.10000610351562,265.3664855957031,311.9397888183594,938.3995971679688,2774.0,244.39999389648438
2015-06-19,265.75,431.3500061035156,1325.5,4189.0,233.64999389648438,267.0765075683594,310.9103088378906,934.3632202148438,2772.0,245.5
2015-06-22,272.45001220703125,439.3999938964844,1346.5,4242.0,239.3000030517578,271.0664978027344,313.65570068359375,939.2722778320312,2855.0,254.39999389648438
2015-06-23,272.45001220703125,438.95001220703125,1356.0,4273.5,240.9499969482422,273.85321044921875,312.79779052734375,934.3632202148438,2859.0,255.0
2015-06-24,274.45001220703125,442.1000061035156,1373.5,4250.0,239.75,273.34649658203125,311.5967102050781,931.7451171875,2851.0,254.0
2015-06-25,272.8999938964844,442.29998779296875,1336.0,4183.0,239.35000610351562,275.8164978027344,310.0523986816406,926.0723266601562,2843.0,248.89999389648438
2015-06-26,272.3500061035156,437.54998779296875,1301.5,4193.5,237.25,283.289794921875,308.1650085449219,924.7633056640625,2832.0,243.0
2015-06-29,264.25,427.54998779296875,1301.5,4096.5,232.8000030517578,277.08319091796875,306.1059875488281,908.181396484375,2756.0,239.0
2015-06-30,260.5,420.1499938964844,1249.0,4019.0,229.85000610351562,269.22979736328125,298.5563049316406,891.490478515625,2730.0,241.89999389648438
2015-07-01,266.54998779296875,419.1499938964844,1260.0,4120.5,234.25,265.4931945800781,305.4195861816406,892.0360107421875,2776.0,248.39999389648438
2015-07-02,266.3999938964844,437.3999938964844,1272.5,4190.0,235.89999389648438,265.4298095703125,300.7868957519531,909.2722778320312,2755.0,245.6999969482422
2015-07-03,262.95001220703125,434.3999938964844,1248.5,4167.0,231.10000610351562,262.7065124511719,293.9234924316406,903.2722778320312,2732.0,242.89999389648438
2015-07-06,258.79998779296875,429.5,1223.5,4149.0,231.10000610351562,259.9831848144531,275.39239501953125,898.90869140625,2723.0,236.1999969482422
2015-07-07,252.14999389648438,418.54998779296875,1189.0,4178.0,225.5,254.156494140625,260.6361999511719,900.9813842773438,2714.0,227.0
2015-07-08,257.29998779296875,423.20001220703125,1187.5,4194.5,229.10000610351562,255.73980712890625,260.2929992675781,915.9268798828125,2777.0,228.39999389648438
2015-07-09,261.1499938964844,426.04998779296875,1206.0,4222.0,230.0500030517578,260.9331970214844,259.7782897949219,923.8905029296875,2819.0,220.1999969482422
2015-07-10,268.04998779296875,427.0,1227.5,4284.5,235.6999969482422,263.1498107910156,263.89630126953125,932.9451293945312,2881.0,221.5
2015-07-13,273.70001220703125,428.79998779296875,1253.0,4331.0,236.5500030517578,269.16650390625,266.98480224609375,928.4722900390625,2881.0,225.10000610351562
2015-07-14,276.0,429.1499938964844,1236.0,4345.0,237.89999389648438,274.1697998046875,266.98480224609375,930.6541748046875,2900.0,226.89999389648438
2015-07-15,278.04998779296875,427.1000061035156,1233.5,4343.5,235.6999969482422,274.9931945800781,268.1859130859375,936.1087036132812,2887.0,230.10000610351562
2015-07-16,280.0,422.0,1253.0,4336.5,238.0,275.6897888183594,268.3575134277344,942.1087036132812,2911.0,234.60000610351562
2015-07-17,280.1000061035156,416.95001220703125,1245.0,4315.0,237.39999389648438,276.1965026855469,267.6711120605469,936.6541748046875,2888.0,235.0
2015-07-20,280.8500061035156,416.6000061035156,1240.0,4347.5,239.0,276.8931884765625,268.7005920410156,937.5269165039062,2892.0,231.10000610351562
2015-07-21,283.1499938964844,414.0,1251.5,4335.5,235.89999389648438,280.6932067871094,262.6951904296875,927.2722778320312,2873.0,230.89999389648438
2015-07-22,281.3999938964844,406.6000061035156,1180.0,4281.0,232.60000610351562,277.3998107910156,260.9794006347656,913.3087158203125,2859.0,233.3000030517578
2015-07-23,281.75,401.0,1168.0,4293.5,231.9499969482422,278.1597900390625,258.57720947265625,914.29052734375,2905.0,232.3000030517578
2015-07-24,282.1499938964844,394.70001220703125,1123.5,4253.5,238.4499969482422,277.3998107910156,252.5717010498047,912.872314453125,2898.0,230.10000610351562
2015-07-27,276.79998779296875,387.29998779296875,1130.5,4190.5,235.6999969482422,271.4465026855469,246.3946990966797,911.6723022460938,2853.0,225.3000030517578
2015-07-28,279.6000061035156,392.6499938964844,1143.5,4170.0,235.4499969482422,269.039794921875,252.22860717773438,908.3995971679688,2858.0,227.3000030517578
2015-07-29,284.6000061035156,398.6000061035156,1168.0,4191.0,240.9499969482422,269.7998046875,250.68429565429688,915.490478515625,2869.0,232.5
2015-07-30,287.04998779296875,401.0,1170.0,4319.5,241.0500030517578,271.8898010253906,257.2044982910156,919.3087158203125,2889.0,230.6999969482422
2015-07-31,288.95001220703125,395.45001220703125,1182.5,4320.0,241.85000610351562,273.21978759765625,272.4754943847656,930.6541748046875,2907.0,235.6999969482422
2015-08-03,288.20001220703125,391.45001220703125,1137.0,4342.0,241.39999389648438,268.0264892578125,288.6044006347656,929.7813720703125,2940.0,234.8000030517578
2015-08-04,282.1499938964844,390.3999938964844,1159.0,4385.0,241.0500030517578,266.8865051269531,282.7705078125,930.1087036132812,2935.0,237.6999969482422
2015-08-05,282.0,395.04998779296875,1200.5,4424.5,246.0500030517578,272.8398132324219,280.5398864746094,932.8359985351562,2960.0,239.5
2015-08-06,282.0,383.20001220703125,1175.5,4412.5,245.64999389648438,277.273193359375,280.5398864746094,941.2360229492188,2966.0,240.8000030517578
2015-08-07,281.25,385.6000061035156,1191.0,4320.5,241.85000610351562,273.34649658203125,275.9071960449219,938.7269287109375,2950.0,241.6999969482422
2015-08-10,282.6000061035156,385.5,1209.0,4358.0,244.25,269.4831848144531,277.1083068847656,938.3995971679688,2953.0,245.0
2015-08-11,278.3500061035156,380.5,1148.5,4341.0,241.3000030517578,265.4298095703125,273.84820556640625,934.2542114257812,2912.0,251.6999969482422
2015-08-12,271.1499938964844,383.6000061035156,1147.0,4288.5,236.4499969482422,258.5898132324219,274.53448486328125,939.3814086914062,2788.0,261.6000061035156
2015-08-13,275.54998779296875,383.1499938964844,1152.0,4273.5,239.4499969482422,255.8665008544922,273.84820556640625,946.0360107421875,2820.0,260.1000061035156
2015-08-14,274.3500061035156,379.25,1150.0,4247.5,239.0,256.6897888183594,273.6766052246094,948.5451049804688,2806.0,260.0
2015-08-17,273.95001220703125,378.1499938964844,1133.5,4278.0,239.10000610351562,256.11981201171875,273.3334045410156,959.1268920898438,2800.0,264.0
2015-08-18,274.04998779296875,373.75,1112.5,4310.0,239.60000610351562,251.55979919433594,271.1028137207031,958.3632202148438,2781.0,270.0
2015-08-19,267.8999938964844,367.5,1071.5,4240.0,235.0,246.68319702148438,261.4941101074219,954.1087036132812,2728.0,267.6000061035156
2015-08-20,265.1499938964844,369.6000061035156,1092.5,4185.5,232.4499969482422,245.3531951904297,261.1509094238281,955.0905151367188,2686.0,267.0
2015-08-21,256.79998779296875,357.20001220703125,1065.5,4054.0,224.89999389648438,238.38650512695312,252.22860717773438,931.9631958007812,2622.0,264.29998779296875
2015-08-24,244.6999969482422,331.04998779296875,967.5,3903.5,214.5500030517578,229.39320373535156,246.9095001220703,893.1268920898438,2524.0,251.5
2015-08-25,256.3500061035156,335.3500061035156,1021.0,3970.0,219.1999969482422,235.5998992919922,248.45370483398438,921.8178100585938,2585.0,262.79998779296875
2015-08-26,252.0,331.20001220703125,1009.5,3922.5,216.8000030517578,235.8531951904297,245.193603515625,900.872314453125,2544.0,260.8999938964844
2015-08-27,262.6000061035156,351.20001220703125,1102.5,4084.0,225.35000610351562,242.50320434570312,250.68429565429688,929.017822265625,2613.0,266.79998779296875
2015-08-28,261.45001220703125,360.5,1132.0,4120.0,226.6999969482422,242.37649536132812,255.14549255371094,938.29052734375,2623.0,272.5
2015-09-01,253.14999389648438,349.3999938964844,1056.0,4033.5,220.0,234.83990478515625,249.4832000732422,926.6177978515625,2563.0,267.29998779296875
2015-09-02,253.8000030517578,345.29998779296875,1064.5,4117.0,222.0500030517578,234.14320373535156,251.1990966796875,926.3995971679688,2578.0,261.79998779296875
2015-09-03,257.29998779296875,355.8500061035156,1110.0,4247.5,226.89999389648438,240.09649658203125,252.91490173339844,936.6541748046875,2622.0,263.1000061035156
2015-09-04,250.89999389648438,337.8999938964844,1052.0,4181.5,223.0500030517578,235.5364990234375,247.4241943359375,920.7269287109375,2571.0,258.0
2015-09-07,253.0,336.0,1065.5,4219.0,225.64999389648438,235.5364990234375,246.73789978027344,928.1450805664062,2590.0,260.20001220703125
2015-09-08,258.5,340.20001220703125,1087.0,4255.5,227.1999969482422,239.39990234375,248.968505859375,937.0905151367188,2598.0,260.0
2015-09-09,262.5,342.5,1127.0,4268.0,229.60000610351562,242.18649291992188,250.85589599609375,942.1087036132812,2626.0,260.8999938964844
2015-09-10,258.6000061035156,335.29998779296875,1060.0,4290.5,227.10000610351562,235.0299072265625,248.79690551757812,939.7086791992188,2567.0,261.8999938964844
2015-09-11,258.45001220703125,333.5,1057.5,4285.5,223.9499969482422,229.70989990234375,247.4241943359375,927.599609375,2556.0,260.8999938964844
2015-09-14,254.5,332.0,1068.5,4284.5,221.25,226.0364990234375,246.05149841308594,922.1450805664062,2549.0,256.5
2015-09-15,259.6499938964844,338.70001220703125,1084.5,4328.0,218.4499969482422,224.1999053955078,248.110595703125,922.2542114257812,2579.0,254.8000030517578
2015-09-16,262.5,345.8500061035156,1123.5,4323.0,219.14999389648438,226.9864959716797,247.08099365234375,929.6723022460938,2639.0,257.1000061035156
2015-09-17,260.45001220703125,345.70001220703125,1107.5,4270.5,216.1999969482422,223.24989318847656,243.82090759277344,927.9268798828125,2636.0,254.39999389648438
2015-09-18,253.25,333.45001220703125,1098.0,4370.0,216.75,221.22320556640625,237.47230529785156,928.5814208984375,2616.0,252.60000610351562
2015-09-21,254.89999389648438,333.54998779296875,1076.0,4379.0,217.39999389648438,223.56649780273438,239.0166015625,932.8359985351562,2628.0,252.6999969482422
2015-09-22,246.64999389648438,325.20001220703125,1021.5,4165.5,211.89999389648438,213.05320739746094,235.24169921875,929.017822265625,2551.0,247.3000030517578
2015-09-23,248.1999969482422,329.45001220703125,1041.5,4224.0,216.0,213.4965057373047,233.1826934814453,940.3632202148438,2581.0,253.3000030517578
2015-09-24,246.4499969482422,322.8999938964844,1018.5,4206.0,212.39999389648438,209.1898956298828,223.23089599609375,948.1087036132812,2538.0,248.10000610351562
2015-09-25,254.9499969482422,333.29998779296875,1026.0,4330.0,217.64999389648438,212.1031951904297,227.69200134277344,971.8905029296875,2650.0,256.5
2015-09-28,245.1999969482422,323.04998779296875,964.0999755859375,4180.0,207.1999969482422,210.5198974609375,226.49099731445312,979.635986328125,2608.0,258.1000061035156
2015-09-29,239.0,326.20001220703125,979.0,4129.5,204.35000610351562,216.9799041748047,223.40240478515625,982.7996215820312,2603.0,252.1999969482422
2015-09-30,244.14999389648438,334.0,1005.0,4181.5,208.4499969482422,232.05320739746094,232.32479858398438,1002.4359130859375,2686.0,251.5
2015-10-01,247.14999389648438,342.25,1029.0,4161.0,204.3000030517578,225.783203125,235.58489990234375,1003.1995849609375,2682.0,250.3000030517578
2015-10-02,248.5500030517578,351.45001220703125,1042.0,4168.0,206.14999389648438,227.80990600585938,241.76190185546875,1016.7269287109375,2702.0,251.6999969482422
2015-10-05,256.20001220703125,368.0,1065.0,4247.5,212.5,236.29649353027344,249.9980010986328,1019.344970703125,2778.0,260.29998779296875
2015-10-06,255.35000610351562,378.1000061035156,1059.5,4201.0,213.5500030517578,243.389892578125,253.2581024169922,1020.872314453125,2788.0,262.0
2015-10-07,255.75,387.0,1108.0,4112.0,208.39999389648438,249.533203125,251.88540649414062,1011.2722778320312,2752.0,260.3999938964844
2015-10-08,254.75,388.95001220703125,1145.0,4160.5,210.0,255.5498046875,255.83180236816406,1019.6723022460938,2771.0,261.0
2015-10-09,257.0,391.6000061035156,1194.5,4209.5,211.9499969482422,259.4132080078125,259.26348876953125,996.5449829101562,2786.0,259.5
2015-10-12,256.54998779296875,384.79998779296875,1177.5,4176.5,210.8000030517578,255.67649841308594,249.14010620117188,991.5269165039062,2817.0,255.0
2015-10-13,251.39999389648438,382.75,1162.5,4138.0,209.9499969482422,245.79649353027344,243.99249267578125,991.635986328125,2823.0,258.79998779296875
2015-10-14,246.0500030517578,377.6499938964844,1152.5,4059.0,204.14999389648438,243.7698974609375,239.70289611816406,989.6723022460938,2790.0,253.60000610351562
2015-10-15,248.0,379.6499938964844,1145.0,4121.0,207.10000610351562,243.389892578125,239.18820190429688,1003.9631958007812,2890.0,258.5
2015-10-16,250.8000030517578,384.0,1129.5,4146.0,209.3000030517578,249.4698944091797,235.24169921875,1012.7996215820312,2917.0,249.5
2015-10-19,254.64999389648438,377.25,1096.0,4156.5,208.39999389648438,245.22650146484375,229.7510986328125,1009.8541259765625,2921.0,247.3000030517578
2015-10-20,252.60000610351562,376.54998779296875,1093.0,4024.5,208.5500030517578,239.52650451660156,231.29530334472656,1016.181396484375,2920.0,248.1999969482422
2015-10-21,248.0500030517578,380.95001220703125,1096.5,3947.0,208.0500030517578,238.3231964111328,233.8690948486328,1011.8178100585938,2936.0,255.6999969482422
2015-10-22,250.64999389648438,388.54998779296875,1116.5,4011.0,215.10000610351562,238.4499053955078,229.922607421875,1013.8905029296875,2947.0,252.89999389648438
2015-10-23,251.25,388.1000061035156,1140.5,4069.5,218.0,241.42649841308594,236.09970092773438,1018.90869140625,2948.0,258.79998779296875
2015-10-26,250.9499969482422,384.3999938964844,1131.0,4091.5,216.60000610351562,241.3632049560547,234.38380432128906,1024.3631591796875,2942.0,256.20001220703125
2015-10-27,250.85000610351562,380.0,1091.0,4075.0,215.35000610351562,234.5865020751953,231.46690368652344,1017.8178100585938,2940.0,251.0
2015-10-28,253.14999389648438,391.0,1097.0,4179.5,217.3000030517578,239.0832061767578,231.1237030029297,1020.6541137695312,2960.0,250.39999389648438
2015-10-29,237.25,391.70001220703125,1053.0,4196.5,216.10000610351562,235.156494140625,233.01119995117188,1011.1632080078125,2936.0,244.39999389648438
2015-10-30,232.0,386.3999938964844,1040.5,4150.5,214.25,232.17990112304688,235.9281005859375,1008.872314453125,2893.0,249.1999969482422
2015-11-02,236.0500030517578,388.25,1026.0,4156.0,214.89999389648438,233.00320434570312,237.30079650878906,1007.1268920898438,2875.0,251.39999389648438
2015-11-03,233.5,403.25,1058.5,4162.5,215.39999389648438,233.889892578125,238.50180053710938,1000.035888671875,2870.0,252.1999969482422
2015-11-04,232.35000610351562,402.04998779296875,1069.5,4127.5,217.25,239.0198974609375,243.47779846191406,1006.5814208984375,2873.0,252.0
2015-11-05,228.14999389648438,390.45001220703125,1034.0,4247.0,216.5500030517578,233.06649780273438,240.2176971435547,1011.599609375,2880.0,252.8000030517578
2015-11-06,232.39999389648438,386.5,975.0,4226.0,216.1999969482422,231.67320251464844,239.87449645996094,975.490478515625,2858.0,259.5
2015-11-09,234.0500030517578,382.6000061035156,952.4000244140625,4158.5,214.4499969482422,226.16319274902344,239.70289611816406,977.4541015625,2817.0,258.20001220703125
2015-11-10,230.60000610351562,382.5,946.5,4156.0,222.8000030517578,221.9832000732422,230.60899353027344,991.9631958007812,2809.0,254.0
2015-11-11,232.10000610351562,377.8999938964844,923.7000122070312,4202.0,224.4499969482422,220.39990234375,228.89309692382812,989.2360229492188,2843.0,253.39999389648438
2015-11-12,225.6999969482422,367.25,877.2999877929688,4075.0,221.60000610351562,217.4864959716797,184.1096954345703,999.2722778320312,2798.0,248.1999969482422
2015-11-13,225.10000610351562,364.5,883.4000244140625,4094.0,220.39999389648438,211.533203125,176.216796875,990.76318359375,2754.0,248.5
2015-11-16,224.39999389648438,368.6499938964844,877.7000122070312,4258.0,221.25,210.5198974609375,181.1927947998047,995.017822265625,2758.0,249.0
2015-11-17,227.4499969482422,378.54998779296875,877.0999755859375,4397.0,225.5500030517578,214.06649780273438,190.4582977294922,1009.4177856445312,2820.0,251.6999969482422
2015-11-18,227.89999389648438,382.5,880.7000122070312,4409.0,224.0,216.47320556640625,186.34030151367188,1006.7996215820312,2801.0,255.0
2015-11-19,229.9499969482422,385.1499938964844,888.7000122070312,4428.5,221.5,217.8665008544922,185.65390014648438,1024.90869140625,2820.0,256.8999938964844
2015-11-20,221.89999389648438,381.29998779296875,885.5,4499.5,223.5,217.16990661621094,189.42880249023438,1036.3631591796875,2851.0,255.89999389648438
2015-11-23,220.5500030517578,380.75,871.2999877929688,4486.0,222.1999969482422,209.12649536132812,195.2626953125,1026.9814453125,2851.0,251.60000610351562
2015-11-24,220.0500030517578,385.8999938964844,875.7999877929688,4463.5,219.3000030517578,208.23989868164062,201.78280639648438,1025.9996337890625,2833.0,247.1999969482422
2015-11-25,221.5,386.1000061035156,853.5,4500.0,222.89999389648438,213.43319702148438,208.30299377441406,1031.8905029296875,2869.0,249.8000030517578
2015-11-26,225.1999969482422,389.6000061035156,833.2000122070312,4520.0,225.0,215.3332061767578,206.4156036376953,1016.8358764648438,2881.0,252.89999389648438
2015-11-27,224.3000030517578,386.54998779296875,807.5999755859375,4512.5,225.8000030517578,214.25650024414062,208.13150024414062,1017.3814086914062,2876.0,253.0
2015-11-30,223.1999969482422,385.25,796.9000244140625,4502.5,224.25,211.7864990234375,208.13150024414062,1009.9631958007812,2834.0,256.6000061035156
2015-12-01,233.5,384.54998779296875,812.7000122070312,4515.5,222.0,212.29319763183594,207.27349853515625,1012.6904907226562,2825.0,262.3999938964844
2015-12-02,234.75,382.0,814.4000244140625,4582.5,222.3000030517578,211.91319274902344,206.24400329589844,1009.8541259765625,2870.0,266.79998779296875
2015-12-03,230.3000030517578,368.54998779296875,787.4000244140625,4470.0,218.35000610351562,207.60650634765625,205.38609313964844,988.2540893554688,2786.0,265.79998779296875
2015-12-04,229.60000610351562,359.70001220703125,787.7000122070312,4442.0,215.5500030517578,205.95989990234375,204.01339721679688,983.017822265625,2793.0,266.6000061035156
2015-12-07,228.0,347.6000061035156,765.2000122070312,4483.5,218.0,198.8665008544922,209.5041046142578,995.8905029296875,2852.0,267.20001220703125
2015-12-08,222.10000610351562,347.79998779296875,722.7999877929688,4438.5,216.6999969482422,198.29649353027344,202.4691925048828,992.7269287109375,2822.0,262.3999938964844
2015-12-09,221.9499969482422,350.45001220703125,749.4000244140625,4404.0,215.8000030517578,193.79989624023438,198.522705078125,996.4359741210938,2814.0,267.79998779296875
2015-12-10,218.0,350.95001220703125,733.2000122070312,4379.5,212.64999389648438,190.69650268554688,194.5762939453125,993.8178100585938,2792.0,268.0
2015-12-11,211.1999969482422,338.0,694.2000122070312,4330.0,208.14999389648438,182.84320068359375,189.42880249023438,986.5087280273438,2747.0,266.20001220703125
2015-12-14,209.10000610351562,329.29998779296875,669.2999877929688,4285.5,203.75,181.19650268554688,184.45289611816406,975.490478515625,2720.0,264.0
2015-12-15,214.8000030517578,337.70001220703125,686.9000244140625,4391.0,209.5,189.1132049560547,185.31080627441406,991.8541259765625,2799.0,269.6000061035156
2015-12-16,215.75,340.20001220703125,702.7999877929688,4416.5,212.8000030517578,187.4665069580078,194.40469360351562,998.5087280273438,2825.0,265.6000061035156
2015-12-17,218.75,340.3500061035156,700.0,4434.0,214.75,183.47650146484375,196.80690002441406,1010.0723266601562,2858.0,264.0
2015-12-18,217.60000610351562,339.29998779296875,717.2000122070312,4371.5,211.3000030517578,181.7032012939453,197.83639526367188,997.5269165039062,2821.0,265.8999938964844
2015-12-21,216.39999389648438,335.20001220703125,716.7000122070312,4363.5,209.89999389648438,184.04649353027344,195.4342041015625,998.9450073242188,2795.5,261.29998779296875
2015-12-22,219.0,344.95001220703125,728.0,4398.5,210.6999969482422,183.47650146484375,194.0615997314453,995.4541015625,2816.5,264.29998779296875
2015-12-23,222.3000030517578,360.3999938964844,778.0999755859375,4513.0,215.60000610351562,193.67320251464844,202.6407928466797,1018.2540893554688,2883.0,266.3999938964844
2015-12-24,221.6999969482422,365.95001220703125,776.5,4540.0,216.64999389648438,191.139892578125,204.18499755859375,1019.9995727539062,2891.0,269.20001220703125
2015-12-29,222.60000610351562,360.75,775.7999877929688,4627.5,218.75,191.4564971923828,201.26809692382812,1042.90869140625,2941.0,268.79998779296875
2015-12-30,220.6999969482422,355.1499938964844,760.5999755859375,4616.0,217.5,190.69650268554688,198.86590576171875,1037.4541015625,2940.0,271.3999938964844
2015-12-31,218.89999389648438,354.0,760.0,4616.5,221.0,189.3665008544922,197.3217010498047,1022.7269287109375,2926.5,270.20001220703125
2016-01-04,214.25,347.54998779296875,736.0,4478.0,216.0,180.18319702148438,192.17410278320312,1010.0723266601562,2821.0,265.5
2016-01-05,215.25,348.1499938964844,746.0,4562.0,219.6999969482422,182.906494140625,193.71839904785156,1018.14501953125,2850.5,264.29998779296875
2016-01-06,211.75,343.45001220703125,709.4000244140625,4522.5,219.14999389648438,179.29649353027344,192.17410278320312,1036.3631591796875,2818.0,266.0
2016-01-07,205.5500030517578,337.70001220703125,673.7000122070312,4381.0,218.1999969482422,176.3199005126953,187.3697967529297,1036.14501953125,2792.0,259.6000061035156
2016-01-08,200.14999389648438,328.70001220703125,652.0999755859375,4349.0,223.0500030517578,186.0731964111328,192.00259399414062,1025.563232421875,2778.5,257.3999938964844
2016-01-11,199.6999969482422,328.04998779296875,636.0999755859375,4255.5,220.8000030517578,184.2364959716797,189.42880249023438,1026.5450439453125,2763.0,254.10000610351562
2016-01-12,202.35000610351562,323.1000061035156,617.9000244140625,4324.0,221.3000030517578,196.5865020751953,190.80149841308594,1035.2723388671875,2827.5,259.3999938964844
2016-01-13,201.6999969482422,335.8500061035156,619.5999755859375,4396.5,222.5,200.51319885253906,192.345703125,1027.9632568359375,2860.5,260.29998779296875
2016-01-14,197.6999969482422,347.70001220703125,657.0,4323.0,220.1999969482422,212.79989624023438,190.97300720214844,1022.3995971679688,2820.0,256.79998779296875
2016-01-15,191.8000030517578,338.1499938964844,615.0,4230.0,216.25,208.30320739746094,186.6833953857422,1019.5631713867188,2798.5,251.10000610351562
2016-01-18,187.64999389648438,340.5,608.7999877929688,4210.5,213.4499969482422,204.62989807128906,184.79600524902344,1010.181396484375,2843.0,241.89999389648438
2016-01-19,189.89999389648438,342.45001220703125,627.0999755859375,4312.5,216.8000030517578,201.52650451660156,188.74249267578125,1030.799560546875,2934.0,244.39999389648438
2016-01-20,182.0500030517578,328.1499938964844,580.9000244140625,4235.5,209.85000610351562,193.03990173339844,182.22230529785156,1001.2359008789062,2832.0,237.5
2016-01-21,186.14999389648438,342.25,642.7999877929688,4271.5,213.75,197.66319274902344,183.4232940673828,1009.5269165039062,2877.0,237.5
2016-01-22,190.75,352.70001220703125,648.9000244140625,4360.5,219.4499969482422,203.3632049560547,186.34030151367188,1027.52685546875,2919.0,245.1999969482422
2016-01-25,181.85000610351562,350.1499938964844,639.7999877929688,4440.5,218.5,197.2198944091797,186.6833953857422,1032.3267822265625,2950.5,244.8000030517578
2016-01-26,183.0,356.5,665.5,4415.5,218.64999389648438,203.10989379882812,186.51190185546875,1034.181396484375,2955.5,243.89999389648438
2016-01-27,181.8000030517578,362.8999938964844,669.9000244140625,4473.0,223.1999969482422,203.93319702148438,185.1392059326172,1053.490478515625,3005.0,247.8000030517578
2016-01-28,178.39999389648438,368.45001220703125,679.5999755859375,4347.0,215.3000030517578,210.5198974609375,186.168701171875,1047.599609375,2966.5,250.6999969482422
2016-01-29,186.0,376.1000061035156,676.4000244140625,4487.5,223.89999389648438,219.639892578125,190.4582977294922,1075.417724609375,3085.0,250.6999969482422
2016-02-01,182.8000030517578,366.95001220703125,678.0999755859375,4504.0,225.4499969482422,217.54989624023438,190.4582977294922,1079.6722412109375,3071.5,254.39999389648438
2016-02-02,173.75,335.1000061035156,632.4000244140625,4499.0,221.5500030517578,216.72650146484375,182.393798828125,1074.872314453125,3078.0,252.10000610351562
2016-02-03,165.60000610351562,332.3500061035156,643.2000122070312,4412.0,212.89999389648438,213.17990112304688,176.04519653320312,1063.417724609375,3020.0,244.89999389648438
2016-02-04,173.64999389648438,350.8500061035156,712.5999755859375,4143.0,210.25,215.2064971923828,179.47689819335938,1065.38134765625,2953.5,245.89999389648438
2016-02-05,173.14999389648438,350.6499938964844,709.2000122070312,4109.5,207.0,221.15989685058594,181.53590393066406,1046.181396484375,2967.5,248.3000030517578
2016-02-08,163.89999389648438,343.8999938964844,707.5,3906.0,200.1999969482422,218.62649536132812,176.73159790039062,1035.9267578125,2939.5,232.6999969482422
2016-02-09,156.25,334.45001220703125,666.0999755859375,3914.5,201.14999389648438,220.14649963378906,175.87359619140625,1029.490478515625,2931.5,222.10000610351562
2016-02-10,159.0,330.1000061035156,653.7999877929688,4009.0,202.10000610351562,229.64649963378906,181.1927947998047,1027.4178466796875,2940.5,225.10000610351562
2016-02-11,147.85000610351562,310.25,634.0999755859375,3991.0,200.60000610351562,227.49319458007812,181.8791046142578,1016.6177978515625,2905.0,221.0
2016-02-12,157.1999969482422,332.5,696.5999755859375,4046.5,205.4499969482422,224.1999053955078,207.95989990234375,1022.6177978515625,2944.5,224.6999969482422
2016-02-15,160.75,332.79998779296875,693.5999755859375,4151.0,209.4499969482422,226.4799041748047,211.04840087890625,1039.1995849609375,3012.0,228.1999969482422
2016-02-16,161.4499969482422,337.3999938964844,693.0,4184.0,211.0,228.69650268554688,216.710693359375,1042.3631591796875,3015.0,226.39999389648438
2016-02-17,168.14999389648438,349.8500061035156,743.0,4279.5,217.3000030517578,236.67649841308594,232.66799926757812,1042.14501953125,3050.0,236.0
2016-02-18,161.75,345.3999938964844,738.5,4129.5,215.5500030517578,236.54989624023438,226.8341064453125,1051.7449951171875,3025.5,239.0
2016-02-19,161.6999969482422,343.25,732.4000244140625,4073.0,212.9499969482422,232.17990112304688,220.31390380859375,1052.181396484375,3034.0,235.60000610351562
2016-02-22,165.14999389648438,356.6499938964844,795.0,4143.0,215.64999389648438,233.889892578125,225.9761962890625,1063.6358642578125,3082.0,238.0
2016-02-23,161.5500030517578,345.3500061035156,746.9000244140625,4130.5,213.89999389648438,227.42990112304688,227.69200134277344,1051.6358642578125,3066.0,240.1999969482422
2016-02-24,156.75,335.0,684.2999877929688,4086.5,210.85000610351562,223.8199005126953,224.26040649414062,1042.14501953125,3038.0,242.6999969482422
2016-02-25,164.85000610351562,338.45001220703125,689.9000244140625,4199.0,218.0,228.69650268554688,229.922607421875,1064.181396484375,3104.0,249.5
2016-02-26,169.10000610351562,349.54998779296875,716.0999755859375,4204.5,218.85000610351562,233.25650024414062,233.01119995117188,1058.181396484375,3097.0,251.3000030517578
2016-02-29,172.0500030517578,351.45001220703125,728.0,4107.0,219.6999969482422,228.50650024414062,233.01119995117188,1051.0904541015625,3092.0,251.39999389648438
2016-03-01,158.10000610351562,350.6499938964844,740.4000244140625,4093.0,222.60000610351562,233.00320434570312,234.38380432128906,1052.726806640625,3148.5,253.10000610351562
2016-03-02,162.39999389648438,352.8999938964844,778.4000244140625,4073.0,221.6999969482422,230.08990478515625,233.3542938232422,1038.872314453125,3073.5,250.0
2016-03-03,166.3000030517578,362.0,795.2999877929688,4000.0,221.25,235.78990173339844,245.70840454101562,1023.8178100585938,3057.5,249.8000030517578
2016-03-04,174.3000030517578,367.8999938964844,867.7999877929688,4021.0,221.25,241.6165008544922,247.93899536132812,1030.3631591796875,3109.0,255.89999389648438
2016-03-07,173.6999969482422,365.54998779296875,897.7999877929688,4016.5,218.3000030517578,242.94650268554688,247.59579467773438,1025.9996337890625,3087.0,252.1999969482422
2016-03-08,172.0,354.20001220703125,821.4000244140625,4054.5,217.64999389648438,247.1898956298828,242.44830322265625,1035.0540771484375,3110.0,251.89999389648438
2016-03-09,168.1999969482422,356.0,831.2000122070312,4076.0,215.39999389648438,247.25320434570312,240.2176971435547,1047.708740234375,3119.5,256.20001220703125
2016-03-10,159.89999389648438,343.20001220703125,789.9000244140625,4018.5,212.64999389648438,238.89320373535156,234.0406951904297,1046.181396484375,3081.5,255.89999389648438
2016-03-11,166.0,348.3999938964844,815.7999877929688,4043.5,217.35000610351562,243.4532012939453,235.41329956054688,1053.2723388671875,3096.0,262.0
2016-03-14,163.25,345.45001220703125,816.2000122070312,4052.0,219.60000610351562,244.656494140625,233.8690948486328,1055.4541015625,3110.5,259.20001220703125
2016-03-15,163.5500030517578,342.0,762.7999877929688,4022.0,219.89999389648438,240.9832000732422,231.98159790039062,1061.0177001953125,3143.5,249.5
2016-03-16,164.0,350.1000061035156,763.4000244140625,4005.0,220.25,241.48989868164062,231.8101043701172,1058.399658203125,3124.5,244.60000610351562
2016-03-17,160.60000610351562,359.6000061035156,822.0,3946.5,219.6999969482422,244.4031982421875,240.73240661621094,1073.0177001953125,3110.0,242.5
2016-03-18,162.1999969482422,357.0,830.7000122070312,3890.0,217.35000610351562,246.80990600585938,245.8800048828125,1062.76318359375,3098.5,247.10000610351562
2016-03-21,160.5,356.20001220703125,819.5,3901.5,216.9499969482422,250.1031951904297,241.0756072998047,1068.654052734375,3100.0,246.6999969482422
2016-03-22,157.1999969482422,360.75,816.7000122070312,3915.0,218.14999389648438,255.42320251464844,238.33030700683594,1062.4359130859375,3102.5,248.60000610351562
2016-03-23,156.4499969482422,356.1000061035156,795.5,3952.0,220.75,250.22979736328125,233.01119995117188,1072.90869140625,3165.0,251.5
2016-03-24,152.60000610351562,353.3500061035156,778.4000244140625,3907.0,218.35000610351562,240.41319274902344,232.839599609375,1069.9632568359375,3141.0,251.60000610351562
2016-03-29,151.0,345.79998779296875,750.0,3914.5,217.85000610351562,239.906494140625,231.46690368652344,1076.29052734375,3164.5,252.10000610351562
2016-03-30,151.64999389648438,355.54998779296875,793.5999755859375,3915.5,222.5,245.41650390625,236.78599548339844,1083.8177490234375,3190.0,253.89999389648438
2016-03-31,150.0,350.1499938964844,782.7999877929688,3902.5,221.1999969482422,242.94650268554688,234.0406951904297,1076.9449462890625,3152.5,254.60000610351562
2016-04-01,150.0,343.79998779296875,772.4000244140625,3932.5,220.1999969482422,240.66650390625,227.34890747070312,1068.3267822265625,3165.0,252.0
2016-04-04,150.25,344.70001220703125,769.7000122070312,3971.0,219.6999969482422,241.80650329589844,226.31939697265625,1075.417724609375,3178.0,248.39999389648438
2016-04-05,146.60000610351562,337.45001220703125,734.5,3951.0,216.14999389648438,237.6898956298828,223.74560546875,1075.0904541015625,3189.0,242.5
2016-04-06,149.5500030517578,339.54998779296875,732.7000122070312,4127.5,219.75,242.50320434570312,225.80459594726562,1084.3631591796875,3242.0,243.10000610351562
2016-04-07,147.10000610351562,339.29998779296875,727.5,4167.5,222.75,242.31320190429688,224.7751007080078,1088.9449462890625,3241.0,234.6999969482422
2016-04-08,150.6999969482422,350.3500061035156,760.5,4146.5,227.5,241.3632049560547,228.89309692382812,1091.4541015625,3238.5,235.5
2016-04-11,153.5,351.8500061035156,778.2000122070312,4065.0,225.35000610351562,245.0998992919922,227.8636016845703,1081.52685546875,3235.5,235.3000030517578
2016-04-12,155.64999389648438,356.95001220703125,808.5999755859375,4057.0,226.5,248.64649963378906,225.63299560546875,1084.254150390625,3239.5,235.5
2016-04-13,166.8000030517578,365.45001220703125,882.7999877929688,4099.5,226.8000030517578,229.26649475097656,231.46690368652344,1089.2723388671875,3263.5,238.3000030517578
2016-04-14,169.0,358.54998779296875,898.5,4141.0,226.8000030517578,225.023193359375,230.60899353027344,1093.0904541015625,3284.5,235.8000030517578
2016-04-15,166.89999389648438,355.95001220703125,900.0,4146.5,229.75,227.42990112304688,228.20680236816406,1091.4541015625,3279.5,231.5
2016-04-18,167.6999969482422,355.79998779296875,916.4000244140625,4168.0,228.35000610351562,229.2032012939453,228.37840270996094,1096.9085693359375,3279.0,231.89999389648438
2016-04-19,167.8000030517578,362.95001220703125,964.5,4160.0,232.35000610351562,230.2799072265625,239.0166015625,1098.5450439453125,3331.0,232.89999389648438
2016-04-20,171.14999389648438,363.6499938964844,997.0,4141.0,232.60000610351562,230.533203125,234.7270050048828,1091.9996337890625,3330.0,228.39999389648438
2016-04-21,171.9499969482422,368.6000061035156,987.7999877929688,4158.0,231.35000610351562,234.3332061767578,237.47230529785156,1053.9267578125,3269.0,227.1999969482422
2016-04-22,171.5,368.29998779296875,987.5999755859375,4116.5,228.0500030517578,236.35989379882812,234.7270050048828,1039.4178466796875,3191.0,228.0
2016-04-25,170.35000610351562,360.3500061035156,930.2999877929688,4084.0,227.35000610351562,234.01649475097656,230.9521026611328,1053.490478515625,3187.0,229.6999969482422
2016-04-26,173.9499969482422,375.8999938964844,926.7999877929688,3999.0,226.6999969482422,232.36990356445312,229.57949829101562,1063.52685546875,3147.5,236.39999389648438
2016-04-27,174.8000030517578,382.45001220703125,926.2000122070312,3996.5,224.85000610351562,221.41319274902344,230.9521026611328,1069.52685546875,3131.0,248.39999389648438
2016-04-28,174.39999389648438,382.29998779296875,945.7000122070312,3959.5,223.89999389648438,219.51319885253906,238.15870666503906,1063.6358642578125,3107.0,243.39999389648438
2016-04-29,171.5,373.75,933.0999755859375,3928.0,219.1999969482422,217.99319458007812,229.7510986328125,1063.417724609375,3054.5,238.60000610351562
2016-05-03,164.75,368.3999938964844,875.2999877929688,3911.5,220.5500030517578,214.38319396972656,220.31390380859375,1077.599609375,3083.5,240.3000030517578
2016-05-04,162.4499969482422,362.54998779296875,824.7999877929688,3832.5,217.9499969482422,202.7299041748047,221.34339904785156,1071.490478515625,3083.0,237.8000030517578
2016-05-05,160.9499969482422,358.3500061035156,831.0999755859375,3809.5,219.35000610351562,202.53990173339844,216.19590759277344,1077.2723388671875,3095.5,236.89999389648438
2016-05-06,162.0,360.79998779296875,844.7000122070312,3798.5,218.75,201.7165069580078,221.8582000732422,1081.9632568359375,3107.5,236.5
2016-05-09,158.4499969482422,351.5,793.2999877929688,3944.5,218.89999389648438,198.6132049560547,220.31390380859375,1092.5450439453125,3154.5,237.1999969482422
2016-05-10,163.3000030517578,357.54998779296875,815.0,3928.0,221.9499969482422,202.53990173339844,222.54449462890625,1096.3631591796875,3157.0,235.89999389648438
2016-05-11,163.60000610351562,361.20001220703125,836.7000122070312,3932.5,222.3000030517578,201.84320068359375,225.9761962890625,1087.52685546875,3150.5,237.39999389648438
2016-05-12,162.85000610351562,360.1000061035156,807.2999877929688,3880.0,222.75,197.09320068359375,220.82870483398438,1093.6358642578125,3139.0,236.0
2016-05-13,165.35000610351562,362.5,822.7999877929688,3940.0,224.5,204.75650024414062,223.05929565429688,1101.8177490234375,3165.5,234.89999389648438
2016-05-16,163.5,366.0,840.0,3915.0,223.64999389648438,211.1531982421875,227.52049255371094,1096.9085693359375,3163.0,236.8000030517578
2016-05-17,164.25,366.29998779296875,861.4000244140625,3930.5,227.0,208.3665008544922,227.8636016845703,1095.8177490234375,3106.5,243.89999389648438
2016-05-18,170.39999389648438,364.6000061035156,843.4000244140625,3900.5,229.64999389648438,206.4665069580078,225.11830139160156,1090.035888671875,3090.0,242.5
2016-05-19,170.64999389648438,356.0,814.7000122070312,3812.0,225.39999389648438,202.53990173339844,217.74020385742188,1058.8359375,3041.5,236.60000610351562
2016-05-20,175.85000610351562,361.5,817.9000244140625,3894.5,229.10000610351562,208.1132049560547,220.6571044921875,1076.29052734375,3081.0,240.0
2016-05-23,175.6999969482422,357.5,811.4000244140625,3900.5,225.85000610351562,202.79319763183594,217.91180419921875,1075.8541259765625,3070.5,240.89999389648438
2016-05-24,181.39999389648438,357.79998779296875,816.7000122070312,3958.5,226.6999969482422,216.5998992919922,219.11279296875,1081.7449951171875,3113.5,241.39999389648438
2016-05-25,185.75,366.0,837.2000122070312,4014.5,228.9499969482422,211.533203125,214.13690185546875,1084.5814208984375,3107.0,245.1999969482422
2016-05-26,184.8000030517578,364.45001220703125,851.7999877929688,4011.5,232.0500030517578,213.55990600585938,214.65170288085938,1090.9085693359375,3127.5,243.1999969482422
2016-05-27,186.1999969482422,361.95001220703125,840.2999877929688,4022.5,232.60000610351562,211.8498992919922,211.04840087890625,1100.726806640625,3152.5,245.0
2016-05-31,182.39999389648438,357.25,823.0,4028.0,230.85000610351562,209.12649536132812,212.4210968017578,1098.5450439453125,3146.0,247.8000030517578
2016-06-01,179.9499969482422,353.6000061035156,807.0999755859375,4015.5,229.5,211.4698944091797,207.61669921875,1096.9085693359375,3177.5,240.0
2016-06-02,180.39999389648438,353.1000061035156,805.5999755859375,4042.0,228.8000030517578,214.6999053955078,208.30299377441406,1046.8359375,3164.0,239.0
2016-06-03,179.64999389648438,358.54998779296875,833.5999755859375,4039.0,228.39999389648438,205.1999053955078,207.78829956054688,1067.9996337890625,3199.0,237.5
2016-06-06,180.10000610351562,368.3999938964844,885.7999877929688,4067.5,231.6999969482422,201.6531982421875,210.1905059814453,1067.344970703125,3228.5,235.60000610351562
2016-06-07,180.25,373.25,879.9000244140625,4054.0,231.14999389648438,198.6132049560547,208.13150024414062,1069.0904541015625,3233.5,234.1999969482422
2016-06-08,178.0500030517578,376.54998779296875,901.0,4032.5,231.0,203.3632049560547,209.84730529785156,1072.799560546875,3233.0,233.89999389648438
2016-06-09,176.0500030517578,374.1499938964844,860.0999755859375,3953.0,219.64999389648438,200.00650024414062,205.7292938232422,1073.344970703125,3212.0,232.60000610351562
2016-06-10,169.39999389648438,370.75,827.2999877929688,3852.0,214.85000610351562,191.96319580078125,207.1020050048828,1065.38134765625,3164.5,230.1999969482422
2016-06-13,165.14999389648438,368.8999938964844,823.4000244140625,3825.0,211.10000610351562,189.42990112304688,206.07240295410156,1058.61767578125,3116.0,227.60000610351562
2016-06-14,160.0500030517578,358.20001220703125,789.7000122070312,3774.0,209.5500030517578,186.64320373535156,205.90089416503906,1046.8359375,3068.5,227.3000030517578
2016-06-15,160.9499969482422,359.5,822.0,3812.0,211.1999969482422,191.5198974609375,210.1905059814453,1046.9449462890625,3086.5,227.39999389648438
2016-06-16,158.5,364.8500061035156,807.0,3811.0,209.75,193.35650634765625,206.93040466308594,1049.344970703125,3106.0,223.89999389648438
2016-06-17,165.75,373.1499938964844,830.7999877929688,3793.0,211.1999969482422,195.50990295410156,211.04840087890625,1045.9632568359375,3069.0,230.39999389648438
2016-06-20,176.85000610351562,378.95001220703125,852.2999877929688,3848.0,216.14999389648438,204.50320434570312,217.568603515625,1064.29052734375,3116.5,242.1999969482422
2016-06-21,180.35000610351562,382.29998779296875,847.7000122070312,3872.5,214.5500030517578,207.92320251464844,216.53909301757812,1070.9449462890625,3155.0,244.3000030517578
2016-06-22,182.0,383.3999938964844,853.7999877929688,3887.0,216.4499969482422,210.8365020751953,218.0832977294922,1073.23583984375,3159.0,248.0
2016-06-23,186.9499969482422,386.95001220703125,870.5,3898.5,217.89999389648438,212.54649353027344,221.1717987060547,1068.5450439453125,3186.5,254.60000610351562
2016-06-24,153.89999389648438,393.6499938964844,856.2999877929688,4031.5,219.3000030517578,205.57989501953125,222.71609497070312,1073.8905029296875,3265.5,232.6999969482422
2016-06-27,127.19999694824219,394.95001220703125,841.9000244140625,4126.0,209.3000030517578,194.62319946289062,223.74560546875,1087.52685546875,3310.5,190.8000030517578
2016-06-28,131.5,404.45001220703125,879.0999755859375,4273.5,218.10000610351562,203.2364959716797,229.7510986328125,1117.6358642578125,3367.0,203.3000030517578
2016-06-29,137.9499969482422,424.79998779296875,910.4000244140625,4380.5,222.60000610351562,216.2198944091797,241.76190185546875,1157.4541015625,3449.5,210.10000610351562
2016-06-30,138.60000610351562,438.1499938964844,942.7999877929688,4467.0,227.64999389648438,221.53990173339844,244.16409301757812,1195.6358642578125,3579.0,215.0
2016-07-01,140.0,445.3999938964844,940.0,4502.5,229.1999969482422,224.4532012939453,244.16409301757812,1205.99951171875,3620.0,219.8000030517578
2016-07-04,136.5500030517578,446.79998779296875,952.2000122070312,4474.0,225.89999389648438,226.0364990234375,242.44830322265625,1204.9085693359375,3596.5,211.8000030517578
2016-07-05,135.85000610351562,453.54998779296875,935.4000244140625,4554.5,228.5500030517578,222.6165008544922,243.99249267578125,1233.272216796875,3678.5,201.8000030517578
2016-07-06,131.64999389648438,449.3999938964844,932.4000244140625,4552.5,224.60000610351562,204.69320678710938,239.87449645996094,1216.9085693359375,3627.0,199.5
2016-07-07,134.75,453.29998779296875,942.0999755859375,4593.5,226.25,202.91990661621094,249.9980010986328,1203.272216796875,3660.0,202.89999389648438
2016-07-08,139.25,457.0,961.4000244140625,4574.0,228.0,206.7198944091797,252.22860717773438,1210.9085693359375,3651.5,202.0
2016-07-11,145.39999389648438,459.0,992.4000244140625,4556.0,230.0,209.37989807128906,248.45370483398438,1219.0904541015625,3656.0,215.5
2016-07-12,148.5500030517578,461.79998779296875,1003.5,4476.0,227.75,214.9532012939453,248.45370483398438,1191.8177490234375,3586.0,218.6999969482422
2016-07-13,145.10000610351562,455.70001220703125,997.7000122070312,4499.0,229.10000610351562,214.5731964111328,256.17498779296875,1204.3631591796875,3602.0,217.3000030517578
2016-07-14,148.0,454.6499938964844,1003.5,4469.5,226.60000610351562,213.36990356445312,256.17498779296875,1183.6358642578125,3556.0,217.5
2016-07-15,149.8000030517578,457.1499938964844,996.5,4502.0,227.89999389648438,210.139892578125,255.4886932373047,1188.5450439453125,3584.0,216.8000030517578
2016-07-18,150.9499969482422,449.29998779296875,976.7999877929688,4527.0,225.6999969482422,210.26649475097656,253.2581024169922,1192.3631591796875,3577.5,219.1999969482422
2016-07-19,150.39999389648438,452.79998779296875,948.5,4533.5,224.6999969482422,207.41650390625,253.77279663085938,1192.3631591796875,3569.5,220.39999389648438
2016-07-20,150.9499969482422,451.20001220703125,926.4000244140625,4579.0,225.64999389648438,204.12319946289062,254.97390747070312,1198.9085693359375,3575.0,220.89999389648438
2016-07-21,151.89999389648438,450.79998779296875,939.2000122070312,4523.5,225.10000610351562,201.14649963378906,255.3170928955078,1192.9085693359375,3534.0,223.0
2016-07-22,151.8000030517578,452.1000061035156,924.7999877929688,4612.5,235.5500030517578,202.41319274902344,247.25259399414062,1203.272216796875,3558.5,216.60000610351562
2016-07-25,151.0,440.3500061035156,921.0999755859375,4653.5,234.89999389648438,205.32650756835938,246.3946990966797,1215.8177490234375,3530.0,222.5
2016-07-26,149.0,434.6000061035156,951.0,4638.5,232.5500030517578,196.9665069580078,249.4832000732422,1209.272216796875,3556.0,219.60000610351562
2016-07-27,149.75,434.04998779296875,964.2999877929688,4690.0,232.85000610351562,198.8665008544922,251.1990966796875,1201.0904541015625,3525.0,224.60000610351562
2016-07-28,146.5,426.6499938964844,961.0,5027.0,229.75,197.8531951904297,285.1726989746094,1201.0904541015625,3526.5,222.5
2016-07-29,154.5500030517578,426.8500061035156,944.7000122070312,5048.0,229.5500030517578,197.5998992919922,271.4460144042969,1181.4541015625,3533.5,221.6999969482422
2016-08-01,151.39999389648438,418.3500061035156,963.2999877929688,5066.0,229.9499969482422,196.2064971923828,271.61761474609375,1189.6358642578125,3534.0,221.39999389648438
2016-08-02,146.0,413.8999938964844,937.4000244140625,5002.0,226.9499969482422,195.9532012939453,260.9794006347656,1172.726806640625,3532.0,220.5
2016-08-03,148.3000030517578,415.0,948.5999755859375,5016.0,230.25,195.06649780273438,257.71929931640625,1157.99951171875,3478.0,223.3000030517578
2016-08-04,148.85000610351562,416.3500061035156,982.9000244140625,5153.0,232.14999389648438,197.0299072265625,259.94989013671875,1179.8177490234375,3517.0,226.3000030517578
2016-08-05,152.0,419.3500061035156,1014.0,5220.0,233.75,196.07989501953125,260.464599609375,1166.1812744140625,3541.5,231.89999389648438
2016-08-08,157.39999389648438,422.1499938964844,1047.5,5190.0,233.1999969482422,195.82650756835938,259.606689453125,1170.5450439453125,3519.5,232.10000610351562
2016-08-09,161.1999969482422,425.20001220703125,1049.5,5177.0,234.1999969482422,200.25990295410156,262.0089111328125,1174.9085693359375,3571.5,235.0
2016-08-10,163.6999969482422,423.0,1038.5,5160.0,233.10000610351562,201.273193359375,273.5050048828125,1174.3631591796875,3553.5,237.10000610351562
2016-08-11,163.25,432.29998779296875,1055.5,5161.0,237.39999389648438,198.29649353027344,274.1913146972656,1195.0904541015625,3641.5,241.10000610351562
2016-08-12,163.39999389648438,432.70001220703125,1040.0,5105.0,238.85000610351562,203.29989624023438,274.3629150390625,1199.4541015625,3629.0,241.0
2016-08-15,163.5500030517578,436.8500061035156,1042.5,5144.0,239.6999969482422,199.87989807128906,273.16180419921875,1202.1812744140625,3641.5,241.0
2016-08-16,161.75,436.25,1049.5,5097.0,236.4499969482422,199.75320434570312,270.41650390625,1179.272216796875,3610.5,244.39999389648438
2016-08-17,160.14999389648438,432.75,1046.0,5069.0,235.35000610351562,197.91650390625,268.52911376953125,1167.2723388671875,3614.0,251.8000030517578
2016-08-18,160.64999389648438,435.54998779296875,1075.0,5046.0,236.0,202.033203125,270.75970458984375,1179.8177490234375,3598.5,253.89999389648438
2016-08-19,160.35000610351562,434.3500061035156,1053.0,5058.0,235.0500030517578,201.6531982421875,271.7892150878906,1178.726806640625,3606.5,260.1000061035156
2016-08-22,160.0500030517578,427.8999938964844,1033.0,5091.0,233.64999389648438,202.033203125,269.21539306640625,1179.272216796875,3565.5,260.29998779296875
2016-08-23,164.60000610351562,428.6000061035156,1078.5,5062.0,235.0500030517578,210.64649963378906,272.4754943847656,1173.8177490234375,3563.0,268.79998779296875
2016-08-24,166.5500030517578,429.0,1052.0,5080.0,233.3000030517578,207.92320251464844,270.5881042480469,1160.1812744140625,3526.5,278.0
2016-08-25,164.35000610351562,432.0,1047.0,5011.0,232.14999389648438,207.79649353027344,265.6120910644531,1172.726806640625,3559.5,277.8999938964844
2016-08-26,166.0,434.8500061035156,1080.0,4955.0,233.0500030517578,207.0998992919922,269.21539306640625,1172.1812744140625,3569.0,280.0
2016-08-30,169.14999389648438,433.70001220703125,1040.5,5002.0,230.5500030517578,206.84649658203125,263.3815002441406,1148.726806640625,3569.5,283.29998779296875
2016-08-31,172.25,427.8999938964844,989.9000244140625,4909.0,229.85000610351562,210.70989990234375,264.239501953125,1141.6358642578125,3529.0,282.29998779296875
2016-09-01,171.5500030517578,418.75,975.0999755859375,4821.0,223.35000610351562,212.67320251464844,260.80780029296875,1135.0904541015625,3527.5,279.20001220703125
2016-09-02,174.3000030517578,431.0,995.5,4938.5,228.5500030517578,217.42320251464844,268.8721923828125,1167.8177490234375,3663.0,280.29998779296875
2016-09-05,173.25,434.79998779296875,1004.0,4903.0,227.10000610351562,214.6999053955078,268.7005920410156,1177.6358642578125,3649.5,281.70001220703125
2016-09-06,169.6999969482422,427.6499938964844,997.0999755859375,4866.0,224.4499969482422,215.3332061767578,265.6120910644531,1169.4541015625,3616.0,281.20001220703125
2016-09-07,169.75,433.3500061035156,999.0,4877.0,223.5,216.91650390625,263.2099914550781,1163.99951171875,3621.0,282.70001220703125
2016-09-08,173.1999969482422,437.1499938964844,1015.5,4866.5,222.89999389648438,216.72650146484375,257.3760986328125,1162.9085693359375,3587.5,283.3999938964844
2016-09-09,174.75,432.1499938964844,1017.5,4819.0,221.3000030517578,210.32989501953125,248.968505859375,1150.3631591796875,3530.0,280.3999938964844
2016-09-12,170.0500030517578,428.70001220703125,991.0,4858.0,222.39999389648438,206.84649658203125,246.3946990966797,1136.726806640625,3505.0,274.70001220703125
2016-09-13,170.60000610351562,420.54998779296875,968.0999755859375,4867.0,220.25,203.48989868164062,246.9095001220703,1137.2723388671875,3521.5,275.0
2016-09-14,170.3000030517578,417.5,981.2999877929688,4952.0,219.5,204.8199005126953,249.14010620117188,1134.5450439453125,3514.0,273.6000061035156
2016-09-15,169.5,421.1499938964844,1002.0,4994.0,219.64999389648438,214.889892578125,250.34109497070312,1142.726806640625,3546.5,277.1000061035156
2016-09-16,164.6999969482422,420.3999938964844,986.0999755859375,5095.0,218.5500030517578,214.44650268554688,249.65480041503906,1148.181396484375,3516.5,280.20001220703125
2016-09-19,167.0,426.29998779296875,1022.5,5079.0,221.35000610351562,223.4398956298828,253.77279663085938,1165.6358642578125,3583.5,281.70001220703125
2016-09-20,166.4499969482422,423.95001220703125,1032.5,5112.0,222.6999969482422,225.33990478515625,251.54220581054688,1169.99951171875,3579.0,279.79998779296875
2016-09-21,171.60000610351562,424.29998779296875,1051.0,5066.0,224.0,225.023193359375,249.14010620117188,1153.6358642578125,3549.0,281.20001220703125
2016-09-22,173.1999969482422,434.6000061035156,1094.5,5157.0,223.5,229.2032012939453,251.54220581054688,1178.726806640625,3625.5,282.6000061035156
2016-09-23,171.39999389648438,436.8999938964844,1098.0,5170.0,220.6999969482422,229.96319580078125,247.93899536132812,1172.1812744140625,3631.5,281.3999938964844
2016-09-26,168.10000610351562,432.0,1093.5,5099.0,220.1999969482422,223.50320434570312,244.335693359375,1177.0904541015625,3599.5,276.3999938964844
2016-09-27,165.9499969482422,428.20001220703125,1077.5,5058.0,221.0500030517578,225.14990234375,243.99249267578125,1192.9085693359375,3640.5,275.5
2016-09-28,166.10000610351562,432.25,1097.0,5122.0,223.10000610351562,225.023193359375,246.2230987548828,1194.5450439453125,3655.5,278.70001220703125
2016-09-29,167.3000030517578,451.0,1168.0,5026.0,222.5,227.93649291992188,244.50729370117188,1206.5450439453125,3651.5,279.20001220703125
2016-09-30,167.8000030517578,450.0,1162.5,5004.0,221.75,231.7364959716797,247.08099365234375,1191.272216796875,3654.5,279.3999938964844
2016-10-03,168.1999969482422,458.3999938964844,1183.0,5041.0,224.89999389648438,234.71319580078125,253.0865020751953,1202.1812744140625,3708.0,280.8999938964844
2016-10-04,169.25,467.95001220703125,1201.0,5025.0,227.8000030517578,239.0198974609375,260.9794006347656,1201.6358642578125,3763.5,281.6000061035156
2016-10-05,172.4499969482422,472.0,1204.0,5042.0,225.0500030517578,262.3265075683594,258.9202880859375,1177.0904541015625,3688.5,278.79998779296875
2016-10-06,174.25,473.5,1202.0,5026.0,222.5,255.73980712890625,260.80780029296875,1154.1812744140625,3694.0,276.5
2016-10-07,173.60000610351562,486.0,1232.5,5086.0,223.5500030517578,254.8531951904297,266.12689208984375,1133.99951171875,3719.5,275.5
2016-10-10,172.3000030517578,494.45001220703125,1267.0,5096.0,225.75,257.2597961425781,269.55859375,1138.9085693359375,3751.5,275.3999938964844
2016-10-11,172.39999389648438,486.75,1239.0,5051.0,226.0,255.99319458007812,265.78369140625,1148.726806640625,3754.0,275.8999938964844
2016-10-12,168.4499969482422,484.79998779296875,1238.5,4958.5,223.64999389648438,254.8531951904297,258.7488098144531,1141.6358642578125,3723.5,273.5
2016-10-13,166.5,485.0,1184.0,4950.5,223.89999389648438,247.12649536132812,257.89080810546875,1153.0904541015625,3596.5,271.0
2016-10-14,170.14999389648438,489.5,1208.5,4947.0,225.0500030517578,258.0198059082031,262.35198974609375,1165.0904541015625,3547.5,275.1000061035156
2016-10-17,169.5500030517578,483.75,1193.5,4974.5,224.4499969482422,254.97979736328125,265.44049072265625,1157.4541015625,3504.5,271.8999938964844
2016-10-18,174.0,485.8999938964844,1212.0,5002.0,226.14999389648438,263.84649658203125,261.1509094238281,1154.1812744140625,3495.5,274.3999938964844
2016-10-19,177.39999389648438,490.1499938964844,1218.0,4940.5,223.9499969482422,272.1431884765625,262.8667907714844,1164.5450439453125,3467.5,277.70001220703125
2016-10-20,183.10000610351562,490.04998779296875,1216.5,4977.5,223.5,266.7597961425781,262.8667907714844,1166.726806640625,3489.0,277.29998779296875
2016-10-21,183.1999969482422,492.75,1221.0,4952.0,223.5500030517578,267.0132141113281,259.0918884277344,1163.4541015625,3486.5,278.6000061035156
2016-10-24,183.5,486.95001220703125,1224.0,4851.0,223.39999389648438,266.8232116699219,256.0033874511719,1142.181396484375,3471.5,280.6000061035156
2016-10-25,183.6999969482422,495.1499938964844,1261.0,4811.5,226.0,266.1897888183594,253.6011962890625,1153.6358642578125,3477.5,273.79998779296875
2016-10-26,181.8000030517578,487.95001220703125,1240.0,4777.0,226.25,270.4964904785156,252.74330139160156,1145.4541015625,3453.0,269.70001220703125
2016-10-27,190.5,493.5,1227.5,4614.5,226.10000610351562,271.3832092285156,254.11599731445312,1154.1812744140625,3438.5,266.29998779296875
2016-10-28,191.3000030517578,492.1499938964844,1233.0,4617.0,227.4499969482422,273.283203125,252.0570068359375,1155.2723388671875,3442.5,269.6000061035156
2016-10-31,190.3000030517578,483.70001220703125,1234.5,4588.0,224.8000030517578,266.9497985839844,249.3115997314453,1161.8177490234375,3418.0,271.0
2016-11-01,186.6999969482422,462.04998779296875,1223.0,4512.0,221.6999969482422,270.0531921386719,249.14010620117188,1145.4541015625,3443.5,269.79998779296875
2016-11-02,182.0500030517578,457.29998779296875,1211.5,4525.5,218.5,265.0498046875,247.08099365234375,1121.4541015625,3414.0,265.6000061035156
2016-11-03,185.3000030517578,451.3500061035156,1187.0,4434.5,217.5,265.9997863769531,242.79139709472656,1113.2723388671875,3355.0,267.8999938964844
2016-11-04,181.35000610351562,446.45001220703125,1166.0,4368.0,213.64999389648438,256.4997863769531,244.50729370117188,1109.4541015625,3318.0,258.5
2016-11-07,185.1999969482422,453.45001220703125,1221.5,4430.5,215.89999389648438,253.5865020751953,248.45370483398438,1100.181396484375,3360.5,263.5
2016-11-08,185.9499969482422,456.54998779296875,1279.0,4450.5,216.25,254.8531951904297,246.56629943847656,1112.181396484375,3382.0,262.1000061035156
2016-11-09,192.89999389648438,458.1000061035156,1338.0,4575.5,216.60000610351562,252.88980102539062,260.12139892578125,1096.9085693359375,3311.0,281.29998779296875
2016-11-10,201.10000610351562,448.8999938964844,1337.0,4404.5,207.89999389648438,252.69979858398438,264.4110107421875,1029.708740234375,3181.0,295.1000061035156
2016-11-11,201.75,435.3500061035156,1299.5,4326.0,204.60000610351562,251.3697967529297,254.11599731445312,1042.5814208984375,3163.5,289.8999938964844
2016-11-14,212.3000030517578,433.45001220703125,1336.5,4365.5,204.60000610351562,260.7431945800781,256.0033874511719,1011.2722778320312,3131.5,290.6000061035156
2016-11-15,211.89999389648438,444.79998779296875,1271.5,4361.5,202.39999389648438,274.8664855957031,258.9202880859375,1014.9813842773438,3174.5,293.5
2016-11-16,209.60000610351562,441.8999938964844,1256.0,4353.5,203.0,269.98980712890625,253.42970275878906,1012.6904907226562,3128.5,284.70001220703125
2016-11-17,212.6999969482422,447.20001220703125,1279.0,4340.0,205.35000610351562,271.0664978027344,239.87449645996094,1016.181396484375,3120.0,280.0
2016-11-18,212.25,447.6499938964844,1263.5,4323.5,204.89999389648438,269.16650390625,225.63299560546875,1013.344970703125,3120.0,278.6000061035156
2016-11-21,210.60000610351562,456.25,1271.5,4325.5,202.14999389648438,270.1798095703125,225.4615020751953,1018.6904907226562,3107.0,271.79998779296875
2016-11-22,212.35000610351562,456.25,1334.0,4205.5,203.0500030517578,277.0198059082031,226.49099731445312,1027.4178466796875,3126.5,273.20001220703125
2016-11-23,213.35000610351562,458.1499938964844,1363.0,4168.0,200.60000610351562,270.3064880371094,230.0941925048828,1016.3995971679688,3121.5,269.79998779296875
2016-11-24,215.4499969482422,458.8500061035156,1361.0,4210.0,199.39999389648438,267.8998107910156,230.7805938720703,992.6177978515625,3120.0,272.29998779296875
2016-11-25,215.5,454.95001220703125,1356.0,4301.5,198.9499969482422,268.7864990234375,228.5500030517578,1007.344970703125,3173.0,271.70001220703125
2016-11-28,211.89999389648438,452.25,1354.5,4248.5,195.25,265.4931945800781,230.7805938720703,1014.5449829101562,3146.5,267.70001220703125
2016-11-29,214.25,442.54998779296875,1313.5,4246.0,194.25,264.543212890625,230.9521026611328,1012.4722900390625,3130.0,268.0
2016-11-30,215.9499969482422,459.45001220703125,1313.5,4149.5,193.89999389648438,264.35321044921875,232.1531982421875,996.2177734375,3196.0,267.70001220703125
2016-12-01,219.0500030517578,470.04998779296875,1339.0,4080.0,191.0,260.3631896972656,234.0406951904297,980.3995971679688,3097.0,270.70001220703125
2016-12-02,212.9499969482422,466.6499938964844,1304.0,4055.0,191.39999389648438,261.8832092285156,226.8341064453125,984.872314453125,3110.5,268.8999938964844
2016-12-05,216.8000030517578,464.95001220703125,1339.5,4033.5,190.5,269.039794921875,228.37840270996094,972.5451049804688,3122.0,270.1000061035156
2016-12-06,226.75,463.54998779296875,1311.0,4037.5,191.75,266.6965026855469,227.00570678710938,983.8905029296875,3135.0,274.20001220703125
2016-12-07,234.85000610351562,473.45001220703125,1362.0,4007.0,195.14999389648438,270.1798095703125,230.7805938720703,992.181396484375,3111.0,278.0
2016-12-08,239.0,477.0,1372.5,4116.0,198.35000610351562,274.8031921386719,225.9761962890625,999.9268798828125,3092.0,277.6000061035156
2016-12-09,233.10000610351562,476.20001220703125,1355.0,4280.0,198.39999389648438,276.2597961425781,229.23629760742188,1005.490478515625,3124.5,276.70001220703125
2016-12-12,227.5500030517578,483.3999938964844,1400.5,4206.0,198.0,269.60980224609375,223.40240478515625,1005.3814086914062,3112.0,274.1000061035156
2016-12-13,230.10000610351562,482.70001220703125,1361.5,4316.0,200.75,259.47650146484375,232.66799926757812,1004.181396484375,3193.5,280.0
2016-12-14,221.75,481.0,1355.5,4305.0,198.89999389648438,260.6164855957031,229.922607421875,1005.9268798828125,3170.5,271.5
2016-12-15,229.4499969482422,479.5,1312.0,4400.0,198.35000610351562,259.539794921875,230.43739318847656,1009.4177856445312,3157.5,270.3999938964844
2016-12-16,228.14999389648438,489.70001220703125,1305.0,4401.0,200.4499969482422,253.8397979736328,231.6385040283203,1015.6359252929688,3152.0,272.29998779296875
2016-12-19,222.0500030517578,490.79998779296875,1282.0,4303.5,202.35000610351562,256.2464904785156,230.9521026611328,1024.5814208984375,3218.5,271.5
2016-12-20,227.64999389648438,495.1000061035156,1293.0,4331.5,200.9499969482422,259.22320556640625,231.98159790039062,1023.2722778320312,3245.0,267.8999938964844
2016-12-21,228.75,496.75,1291.5,4312.5,199.60000610351562,258.71649169921875,235.07020568847656,1019.6723022460938,3234.0,264.0
2016-12-22,227.0,503.0,1270.5,4342.5,199.75,258.0198059082031,234.2122039794922,1018.3632202148438,3261.5,266.1000061035156
2016-12-23,224.9499969482422,503.0,1257.5,4407.0,200.5500030517578,260.7431945800781,233.52589416503906,1037.7813720703125,3272.5,267.6000061035156
2016-12-28,224.75,508.8999938964844,1311.5,4417.0,199.39999389648438,258.906494140625,235.58489990234375,1030.90869140625,3278.0,267.6000061035156
2016-12-29,222.35000610351562,511.20001220703125,1301.0,4427.0,200.39999389648438,261.4397888183594,232.66799926757812,1035.38134765625,3289.5,266.29998779296875
2016-12-30,223.4499969482422,509.6000061035156,1306.5,4437.5,199.85000610351562,262.0097961425781,229.23629760742188,1038.108642578125,3292.5,268.8999938964844
2017-01-03,231.89999389648438,517.2999877929688,1331.0,4439.0,202.39999389648438,261.1231994628906,229.922607421875,1028.29052734375,3275.0,270.8999938964844
2017-01-04,235.0,519.2999877929688,1313.0,4476.5,205.6999969482422,260.2998046875,229.064697265625,1019.9995727539062,3287.5,265.70001220703125
2017-01-05,232.5500030517578,517.2999877929688,1316.5,4550.0,209.4499969482422,252.1298065185547,219.45599365234375,1026.3267822265625,3299.0,266.70001220703125
2017-01-06,235.25,514.5,1317.0,4550.5,211.35000610351562,252.69979858398438,223.23089599609375,1030.254150390625,3294.0,268.70001220703125
2017-01-09,234.0500030517578,513.5,1340.5,4607.5,207.9499969482422,254.5364990234375,226.8341064453125,1037.1268310546875,3344.5,266.70001220703125
2017-01-10,236.25,511.70001220703125,1400.0,4660.0,210.25,269.7998046875,229.064697265625,1019.5631713867188,3335.0,270.5
2017-01-11,234.1999969482422,513.2999877929688,1420.0,4577.0,213.10000610351562,264.47979736328125,229.922607421875,1018.6904907226562,3353.0,269.8999938964844
2017-01-12,232.25,515.4000244140625,1438.0,4555.5,214.35000610351562,260.9964904785156,232.32479858398438,1037.017822265625,3371.0,265.5
2017-01-13,235.25,518.0,1454.5,4609.0,214.6999969482422,260.9331970214844,227.00570678710938,1043.8905029296875,3383.0,267.70001220703125
2017-01-16,231.10000610351562,512.5999755859375,1477.5,4575.5,210.5,257.5132141113281,228.20680236816406,1054.254150390625,3402.5,265.70001220703125
2017-01-17,231.60000610351562,502.0,1434.0,4530.5,207.64999389648438,255.8665008544922,238.33030700683594,1038.654052734375,3320.5,267.20001220703125
2017-01-18,227.60000610351562,505.1000061035156,1455.0,4580.5,207.60000610351562,255.42320251464844,237.9871063232422,1035.599609375,3355.5,272.8999938964844
2017-01-19,228.3000030517578,499.1499938964844,1446.5,4468.5,206.10000610351562,256.6264953613281,241.0756072998047,1021.6359252929688,3340.5,265.0
2017-01-20,227.39999389648438,498.3500061035156,1440.0,4318.5,206.0500030517578,251.17979431152344,236.2711944580078,1023.2722778320312,3361.0,261.79998779296875
2017-01-23,224.5,487.1499938964844,1437.5,4255.5,203.1999969482422,246.99989318847656,237.30079650878906,1019.7813720703125,3349.0,261.5
2017-01-24,228.64999389648438,489.70001220703125,1480.5,4215.0,199.35000610351562,243.389892578125,233.52589416503906,1018.7996215820312,3353.0,260.6000061035156
2017-01-25,230.85000610351562,488.04998779296875,1457.5,4262.5,192.89999389648438,238.7032012939453,235.41329956054688,1005.8178100585938,3348.5,264.0
2017-01-26,232.35000610351562,485.3999938964844,1445.5,4298.0,192.5,239.39990234375,237.47230529785156,996.326904296875,3191.0,268.0
2017-01-27,230.60000610351562,486.79998779296875,1450.0,4239.0,193.35000610351562,261.6297912597656,235.41329956054688,1006.035888671875,3233.5,264.79998779296875
2017-01-30,223.39999389648438,476.04998779296875,1415.5,4260.5,195.9499969482422,250.54649353027344,226.49099731445312,1003.4177856445312,3224.0,258.5
2017-01-31,219.4499969482422,472.8500061035156,1437.5,4194.0,194.35000610351562,246.49319458007812,229.064697265625,1012.035888671875,3227.5,258.5
2017-02-01,222.10000610351562,472.8999938964844,1442.5,4247.0,193.0,247.31649780273438,229.23629760742188,996.76318359375,3203.5,260.79998779296875
2017-02-02,221.35000610351562,472.70001220703125,1433.0,4272.5,193.1999969482422,249.34320068359375,231.29530334472656,1004.8358764648438,3247.5,265.0
2017-02-03,228.85000610351562,478.6000061035156,1397.5,4358.0,194.10000610351562,249.91319274902344,230.2657928466797,1012.3632202148438,3268.5,266.6000061035156
2017-02-06,227.39999389648438,476.54998779296875,1385.5,4387.5,192.85000610351562,244.5299072265625,233.52589416503906,1018.3632202148438,3263.0,264.79998779296875
2017-02-07,226.0500030517578,457.1000061035156,1388.5,4449.5,192.4499969482422,245.28990173339844,240.38929748535156,1028.072265625,3289.0,266.29998779296875
2017-02-08,224.9499969482422,455.95001220703125,1341.5,4484.5,195.89999389648438,250.29319763183594,247.08099365234375,1044.76318359375,3343.0,268.1000061035156
2017-02-09,229.5500030517578,458.70001220703125,1338.0,4575.0,199.10000610351562,250.67320251464844,246.3946990966797,1044.654052734375,3330.0,268.5
2017-02-10,228.64999389648438,459.6000061035156,1370.0,4626.5,197.6999969482422,250.7998046875,251.37060546875,1045.52685546875,3310.5,271.79998779296875
2017-02-13,232.35000610351562,459.6000061035156,1380.0,4650.5,196.1999969482422,249.2165069580078,253.94439697265625,1041.9267578125,3299.0,273.20001220703125
2017-02-14,235.25,459.5,1392.0,4626.0,196.0500030517578,249.533203125,243.82090759277344,1044.76318359375,3285.5,273.3999938964844
2017-02-15,239.25,457.54998779296875,1420.0,4684.0,197.25,249.34320068359375,241.76190185546875,1038.872314453125,3312.5,278.29998779296875
2017-02-16,238.0,448.3999938964844,1414.0,4524.5,198.3000030517578,249.2799072265625,237.9871063232422,1045.0904541015625,3347.5,274.5
2017-02-17,237.0,446.0,1394.5,4595.0,198.0,247.9499053955078,228.5500030517578,1048.5814208984375,3797.0,273.79998779296875
2017-02-20,237.5,445.20001220703125,1400.0,4570.0,198.5,246.49319458007812,242.96299743652344,1048.254150390625,3548.0,273.1000061035156
2017-02-21,235.9499969482422,450.79998779296875,1405.5,4562.0,200.64999389648438,242.37649536132812,251.37060546875,1056.9814453125,3586.5,275.5
2017-02-22,235.14999389648438,447.70001220703125,1367.5,4556.0,201.75,244.97320556640625,257.89080810546875,1058.181396484375,3791.0,274.1000061035156
2017-02-23,229.0500030517578,450.3999938964844,1347.5,4600.5,202.25,242.62989807128906,262.1803894042969,1060.254150390625,3768.5,272.20001220703125
2017-02-24,225.89999389648438,447.1000061035156,1308.0,4609.0,202.85000610351562,240.66650390625,262.0089111328125,1066.5814208984375,3773.0,270.0
2017-02-27,225.0,451.5,1325.5,4608.5,201.5,239.52650451660156,263.5531005859375,1067.344970703125,3831.0,274.1000061035156
2017-02-28,226.5,453.54998779296875,1297.5,4644.0,201.89999389648438,238.639892578125,270.07330322265625,1066.3631591796875,3819.0,276.6000061035156
2017-03-01,232.89999389648438,464.6000061035156,1353.5,4676.5,202.5500030517578,240.85650634765625,268.52911376953125,1061.344970703125,3864.5,282.6000061035156
2017-03-02,229.5,464.8500061035156,1346.0,4747.0,202.5,239.14649963378906,266.4700012207031,1074.2176513671875,3858.0,279.20001220703125
2017-03-03,231.39999389648438,464.04998779296875,1362.5,4780.5,202.1999969482422,238.25990295410156,264.4110107421875,1065.490478515625,3859.5,278.6000061035156
2017-03-06,226.9499969482422,462.79998779296875,1337.0,4762.0,202.0,241.04649353027344,260.80780029296875,1067.0177001953125,3876.0,278.1000061035156
2017-03-07,227.0500030517578,463.0,1342.5,4716.5,202.39999389648438,239.3365020751953,259.7782897949219,1065.1632080078125,3916.0,276.29998779296875
2017-03-08,232.3000030517578,460.70001220703125,1326.0,4755.5,203.5500030517578,238.76649475097656,257.03289794921875,1064.181396484375,3901.5,275.8999938964844
2017-03-09,232.1999969482422,454.0,1249.5,4764.5,203.39999389648438,236.10650634765625,256.5181884765625,1069.52685546875,4002.5,277.70001220703125
2017-03-10,231.85000610351562,470.70001220703125,1244.5,4759.5,203.85000610351562,239.14649963378906,258.9202880859375,1067.6722412109375,4035.5,284.0
2017-03-13,230.1999969482422,463.5,1275.5,4815.0,203.35000610351562,241.93319702148438,261.4941101074219,1069.7449951171875,3989.5,284.0
2017-03-14,226.5500030517578,457.0,1275.0,4854.5,204.5,238.4499053955078,263.2099914550781,1074.108642578125,4042.0,280.0
2017-03-15,227.5,456.1499938964844,1284.5,4850.0,205.1999969482422,239.906494140625,265.2690124511719,1065.599609375,4040.0,283.8999938964844
2017-03-16,229.4499969482422,459.25,1317.5,4866.0,209.5,236.73989868164062,265.78369140625,1073.7813720703125,4051.5,271.6000061035156
2017-03-17,230.39999389648438,463.0,1333.0,4897.0,211.39999389648438,237.30990600585938,265.097412109375,1074.2176513671875,4040.0,265.0
2017-03-20,228.3000030517578,461.1000061035156,1336.5,4900.0,210.5,239.39990234375,265.9552917480469,1080.654052734375,4067.5,268.79998779296875
2017-03-21,230.0,458.3500061035156,1283.5,4826.5,209.60000610351562,239.273193359375,266.98480224609375,1091.4541015625,4028.5,269.1000061035156
2017-03-22,224.5500030517578,454.75,1271.5,4852.5,207.64999389648438,235.40989685058594,260.12139892578125,1092.5450439453125,4025.5,263.20001220703125
2017-03-23,223.89999389648438,456.6000061035156,1255.0,4959.5,211.0,240.15989685058594,258.7488098144531,1099.0904541015625,4016.0,268.5
2017-03-24,226.9499969482422,451.8500061035156,1245.0,4928.5,211.60000610351562,241.93319702148438,259.606689453125,1105.0904541015625,4018.0,267.1000061035156
2017-03-27,224.1999969482422,447.8999938964844,1197.0,4974.5,210.60000610351562,240.6031951904297,254.97390747070312,1107.2723388671875,4017.5,265.20001220703125
2017-03-28,228.10000610351562,453.45001220703125,1227.0,4960.0,210.25,242.18649291992188,258.57720947265625,1105.6358642578125,4006.0,264.70001220703125
2017-03-29,227.3000030517578,461.20001220703125,1260.0,4954.5,210.6999969482422,240.9832000732422,260.464599609375,1105.0904541015625,4031.0,269.3999938964844
2017-03-30,228.0500030517578,461.6499938964844,1270.5,4927.0,208.8000030517578,239.39990234375,262.8667907714844,1097.4541015625,3994.5,266.3999938964844
2017-03-31,225.10000610351562,457.54998779296875,1234.0,4912.5,208.10000610351562,235.09320068359375,258.7488098144531,1105.6358642578125,3939.5,269.3999938964844
2017-04-03,221.4499969482422,456.1000061035156,1228.0,4910.0,206.64999389648438,233.9532012939453,257.5476989746094,1100.726806640625,3922.0,268.0
2017-04-04,217.75,463.6499938964844,1255.5,4955.0,206.5500030517578,233.9532012939453,263.03839111328125,1100.726806640625,3937.5,265.8999938964844
2017-04-05,218.60000610351562,465.20001220703125,1277.5,4857.5,206.5500030517578,233.38319396972656,267.1564025878906,1104.5450439453125,3939.5,268.79998779296875
2017-04-06,216.39999389648438,464.45001220703125,1274.0,4795.0,204.0,234.5865020751953,269.0437927246094,1112.181396484375,3978.0,270.0
2017-04-07,215.3000030517578,470.3999938964844,1287.5,4793.5,203.1999969482422,240.2864990234375,273.5050048828125,1126.3631591796875,4040.5,270.0
2017-04-10,216.1999969482422,469.6499938964844,1316.0,4738.0,203.89999389648438,245.9864959716797,273.5050048828125,1119.8177490234375,4054.0,270.6000061035156
2017-04-11,215.0,470.70001220703125,1314.5,4745.0,203.3000030517578,247.75990295410156,278.1377868652344,1124.726806640625,4041.5,286.3999938964844
2017-04-12,213.6999969482422,472.5,1268.0,4734.5,204.3000030517578,233.5731964111328,285.0010986328125,1135.6358642578125,4065.5,288.79998779296875
2017-04-13,212.64999389648438,471.1000061035156,1269.0,4743.0,204.0,229.89990234375,284.3147888183594,1130.181396484375,4033.5,290.3999938964844
2017-04-18,207.3000030517578,452.6000061035156,1198.0,4586.5,199.6999969482422,223.18649291992188,279.8536071777344,1104.5450439453125,3965.5,283.20001220703125
2017-04-19,208.5,447.79998779296875,1199.5,4593.5,200.0,222.42649841308594,274.877685546875,1086.2176513671875,3937.5,282.70001220703125
2017-04-20,207.75,446.6499938964844,1203.0,4594.5,199.3000030517578,220.6531982421875,276.25030517578125,1080.3267822265625,3950.0,280.3999938964844
2017-04-21,207.9499969482422,441.3999938964844,1191.5,4566.0,198.75,220.14649963378906,276.7651062011719,1093.0904541015625,3937.5,280.1000061035156
2017-04-24,219.1999969482422,449.29998779296875,1214.5,4662.5,202.60000610351562,224.13650512695312,277.9661865234375,1109.99951171875,4021.0,282.8999938964844
2017-04-25,222.8000030517578,449.25,1206.5,4688.0,202.5,225.0865020751953,278.8240966796875,1102.3631591796875,4014.5,283.1000061035156
2017-04-26,224.64999389648438,453.6499938964844,1211.0,4686.5,203.10000610351562,228.63319396972656,283.4569091796875,1096.9085693359375,4007.5,286.1000061035156
2017-04-27,223.9499969482422,442.6499938964844,1153.5,4698.0,202.14999389648438,231.16650390625,277.62298583984375,1098.5450439453125,3968.5,284.1000061035156
2017-04-28,212.25,442.5,1175.0,4637.5,199.0500030517578,232.1165008544922,278.6524963378906,1090.9085693359375,3972.0,291.79998779296875
2017-05-02,209.85000610351562,449.6000061035156,1169.5,4656.0,201.89999389648438,231.79989624023438,282.5989990234375,1098.5450439453125,4030.0,298.3999938964844
2017-05-03,208.9499969482422,446.6499938964844,1146.0,4663.5,202.9499969482422,223.88319396972656,282.9421081542969,1107.8177490234375,4026.5,292.1000061035156
2017-05-04,211.85000610351562,444.79998779296875,1117.0,4649.0,203.6999969482422,223.75650024414062,278.8240966796875,1106.726806640625,4005.0,296.1000061035156
2017-05-05,206.35000610351562,451.3500061035156,1140.0,4605.5,204.9499969482422,227.30320739746094,292.8940124511719,1113.2723388671875,3988.0,290.8999938964844
2017-05-08,204.89999389648438,454.45001220703125,1125.0,4605.5,205.14999389648438,227.3665008544922,291.864501953125,1121.99951171875,4050.0,289.1000061035156
2017-05-09,205.3000030517578,455.75,1150.0,4710.5,205.14999389648438,229.32989501953125,305.4195861816406,1125.8177490234375,4046.0,289.20001220703125
2017-05-10,209.9499969482422,460.54998779296875,1164.0,4712.5,206.60000610351562,232.24319458007812,300.1004943847656,1133.99951171875,4079.0,288.29998779296875
2017-05-11,206.5500030517578,455.95001220703125,1173.5,4747.5,206.25,228.44320678710938,299.0710144042969,1126.3631591796875,4085.5,283.1000061035156
2017-05-12,205.89999389648438,460.0,1164.0,5176.0,211.0500030517578,226.54319763183594,296.3257141113281,1137.8177490234375,4102.5,279.8999938964844
2017-05-15,210.60000610351562,464.20001220703125,1190.5,5194.0,211.10000610351562,225.656494140625,293.06561279296875,1141.0904541015625,4115.5,280.5
2017-05-16,211.60000610351562,469.25,1199.0,5248.0,219.4499969482422,226.0364990234375,296.84039306640625,1148.726806640625,4156.5,283.3999938964844
2017-05-17,209.5,470.5,1192.0,5255.0,221.35000610351562,230.91319274902344,289.11920166015625,1157.4541015625,4154.0,280.79998779296875
2017-05-18,212.25,469.0,1194.5,5140.0,220.14999389648438,233.06649780273438,291.864501953125,1144.9085693359375,4099.5,279.5
2017-05-19,213.6999969482422,472.1499938964844,1215.0,5119.0,220.3000030517578,231.16650390625,292.0361022949219,1149.8177490234375,4138.0,278.70001220703125
2017-05-22,213.64999389648438,473.95001220703125,1215.5,5130.0,224.35000610351562,233.889892578125,292.8940124511719,1063.5,4194.5,282.5
2017-05-23,214.25,474.25,1201.0,5141.0,224.25,231.29319763183594,295.8109130859375,1076.5,4190.0,283.0
2017-05-24,216.4499969482422,478.5,1212.0,5185.0,225.35000610351562,233.00320434570312,293.2372131347656,1081.5,4212.5,280.3999938964844
2017-05-25,214.0500030517578,473.1000061035156,1209.5,5209.0,228.10000610351562,236.54989624023438,292.20770263671875,1084.5,4269.5,278.3999938964844
2017-05-26,211.64999389648438,474.54998779296875,1205.0,5227.0,230.1999969482422,236.6132049560547,299.5857849121094,1091.0,4310.5,279.0
2017-05-30,209.1999969482422,472.1000061035156,1202.5,5215.0,229.14999389648438,234.77650451660156,298.04150390625,1089.0,4310.0,280.79998779296875
2017-05-31,210.0,466.70001220703125,1173.0,5234.0,231.5,232.68649291992188,297.6983947753906,1089.5,4331.5,281.79998779296875
2017-06-01,211.10000610351562,470.0,1185.0,5328.0,229.39999389648438,232.62319946289062,303.8753967285156,1050.0,4320.0,283.70001220703125
2017-06-02,210.89999389648438,462.75,1185.0,5364.0,229.9499969482422,231.2299041748047,305.93438720703125,1034.0,4372.5,281.79998779296875
2017-06-05,211.6999969482422,464.04998779296875,1165.0,5343.0,230.35000610351562,230.7864990234375,306.9638977050781,1034.0,4354.0,277.70001220703125
2017-06-06,209.5,464.8999938964844,1178.5,5355.0,230.60000610351562,230.08990478515625,306.79229736328125,1027.0,4370.0,269.3999938964844
2017-06-07,208.14999389648438,456.79998779296875,1170.5,5302.0,229.0,225.97320556640625,304.7333068847656,1020.5,4342.5,271.0
2017-06-08,205.39999389648438,456.3500061035156,1183.0,5310.0,218.0,227.93649291992188,304.7333068847656,1021.0,4269.0,275.3999938964844
2017-06-09,206.60000610351562,467.79998779296875,1207.5,5337.0,221.0500030517578,228.9499053955078,311.768310546875,1020.0,4328.5,275.0
2017-06-12,205.25,470.8999938964844,1201.5,5285.0,224.25,232.36990356445312,306.1059875488281,1010.5,4300.5,275.5
2017-06-13,206.3000030517578,470.1499938964844,1200.0,5261.0,223.8000030517578,234.71319580078125,305.93438720703125,1018.0,4256.5,278.3999938964844
2017-06-14,203.5,461.6000061035156,1178.5,5301.0,222.89999389648438,235.47320556640625,307.4786071777344,1015.5,4242.0,285.70001220703125
2017-06-15,203.14999389648438,460.95001220703125,1160.0,5283.0,221.1999969482422,227.93649291992188,307.135498046875,1011.0,4250.0,277.3999938964844
2017-06-16,203.25,466.6499938964844,1158.0,5284.0,222.5500030517578,216.72650146484375,311.42510986328125,1018.0,4276.5,282.3999938964844
2017-06-19,206.75,472.6499938964844,1179.0,5344.0,222.8000030517578,216.66319274902344,317.2589111328125,1020.5,4311.0,282.8999938964844
2017-06-20,202.8000030517578,460.25,1140.0,5416.0,222.35000610351562,212.92649841308594,317.60211181640625,1018.0,4317.5,282.6000061035156
2017-06-21,200.14999389648438,456.70001220703125,1140.5,5400.0,222.8000030517578,212.67320251464844,320.0043029785156,1008.0,4306.0,282.3999938964844
2017-06-22,196.0,456.75,1147.5,5508.0,224.14999389648438,210.89990234375,319.3179931640625,1001.0,4302.0,278.0
2017-06-23,197.5500030517578,456.3500061035156,1143.5,5401.0,223.6999969482422,210.96319580078125,323.264404296875,1000.0,4285.5,280.20001220703125
2017-06-26,197.47500610351562,457.7049865722656,1142.0,5437.287109375,225.13299560546875,210.89349365234375,319.2904968261719,1002.18701171875,4353.1611328125,280.05999755859375
2017-06-27,202.61099243164062,460.21099853515625,1169.0,5364.03076171875,222.197998046875,213.8511962890625,318.535888671875,985.2000122070312,4307.56787109375,274.48199462890625
2017-06-28,203.4499969482422,455.29998779296875,1179.0,5240.0,219.6999969482422,217.54989624023438,312.2829895019531,971.4000244140625,4272.5,274.8999938964844
2017-06-29,205.5,449.8999938964844,1189.5,5170.0,218.5,217.8665008544922,307.65020751953125,957.0,4156.5,268.70001220703125
2017-06-30,202.75,442.79998779296875,1176.0,5135.0,217.75,213.81320190429688,305.7627868652344,951.7999877929688,4155.0,270.6000061035156
2017-07-03,207.0500030517578,451.29998779296875,1214.5,5163.0,218.6999969482422,211.97650146484375,307.65020751953125,954.0,4172.5,269.8999938964844
2017-07-04,206.9499969482422,450.0,1227.5,5111.0,217.3000030517578,211.65989685058594,307.8218078613281,942.0,4151.0,267.1000061035156
2017-07-05,204.1999969482422,444.1499938964844,1234.5,5182.0,217.89999389648438,219.7032012939453,311.768310546875,940.0,4161.0,269.20001220703125
2017-07-06,209.14999389648438,445.8999938964844,1246.5,5105.0,217.64999389648438,217.35989379882812,314.17041015625,932.4000244140625,4127.5,265.29998779296875
2017-07-07,208.14999389648438,444.0,1242.5,5130.0,218.75,215.9665069580078,321.37701416015625,934.7000122070312,4178.0,266.20001220703125
2017-07-10,207.6999969482422,443.75,1263.5,5130.0,219.9499969482422,216.66319274902344,319.83270263671875,931.0999755859375,4204.5,257.70001220703125
2017-07-11,207.6999969482422,443.75,1265.5,5130.0,219.9499969482422,216.66319274902344,316.5726013183594,931.0999755859375,4204.5,256.3999938964844
2017-07-12,208.0,450.6499938964844,1290.5,5192.0,220.4499969482422,216.2198944091797,318.97479248046875,931.0,4263.5,259.8999938964844
2017-07-13,211.3000030517578,446.8500061035156,1290.0,5013.0,220.85000610351562,218.75320434570312,317.7737121582031,935.2999877929688,4276.9111328125,265.0
2017-07-14,208.5,444.79998779296875,1305.0,4998.5,218.8000030517578,219.76649475097656,313.8273010253906,930.0999755859375,4269.3720703125,262.8999938964844
2017-07-17,209.0500030517578,447.8500061035156,1322.5,5040.0,220.89999389648438,220.9698944091797,314.3420104980469,932.2999877929688,4275.0,271.29998779296875
2017-07-18,205.0500030517578,445.45001220703125,1312.5,5069.0,219.5500030517578,220.7165069580078,314.3420104980469,941.2999877929688,4290.5,270.79998779296875
2017-07-19,206.3000030517578,445.95001220703125,1319.5,5070.0,221.9499969482422,221.15989685058594,317.08740234375,945.5,4314.0,274.0
2017-07-20,208.1999969482422,450.25,1315.0,5123.0,224.89999389648438,222.17320251464844,314.51361083984375,955.5,4389.0,274.29998779296875
2017-07-21,205.0500030517578,446.29998779296875,1305.5,5152.0,226.0,221.91990661621094,316.4010009765625,954.0,4378.0,266.8999938964844
2017-07-24,205.5,439.75,1288.0,5089.0,221.5,218.81649780273438,317.4305114746094,935.0,4333.5,264.20001220703125
2017-07-25,209.6999969482422,446.45001220703125,1343.5,5087.0,220.0500030517578,220.39990234375,317.4305114746094,937.7000122070312,4338.5,262.29998779296875
2017-07-26,211.1999969482422,445.1499938964844,1353.0,5113.0,219.35000610351562,220.14649963378906,316.0578918457031,944.7000122070312,4356.5,267.20001220703125
2017-07-27,208.60000610351562,444.70001220703125,1362.0,4325.0,222.75,222.55320739746094,319.6611022949219,945.2000122070312,4360.5,266.79998779296875
2017-07-28,205.10000610351562,443.6499938964844,1364.0,4481.5,220.3000030517578,219.51319885253906,318.8031921386719,934.7000122070312,4327.0,263.29998779296875
2017-07-31,203.0,445.79998779296875,1378.0,4569.0,222.0,220.6531982421875,304.7333068847656,936.7999877929688,4321.5,264.0
2017-08-01,206.60000610351562,456.45001220703125,1362.5,4490.0,221.64999389648438,222.86990356445312,335.96160888671875,944.2000122070312,4308.0,265.1000061035156
2017-08-02,207.6999969482422,459.29998779296875,1348.0,4500.0,220.75,225.7198944091797,323.60760498046875,945.9000244140625,4303.5,260.5
2017-08-03,208.5,460.6000061035156,1357.5,4562.0,224.0,227.99989318847656,327.7255859375,958.0,4325.0,262.6000061035156
2017-08-04,210.35000610351562,463.29998779296875,1365.0,4534.0,225.0,228.1898956298828,330.127685546875,955.0,4357.0,264.5
2017-08-07,210.0,468.45001220703125,1396.0,4530.5,226.60000610351562,227.30320739746094,328.4118957519531,956.4000244140625,4393.0,263.0
2017-08-08,210.35000610351562,471.1499938964844,1397.5,4564.0,225.4499969482422,227.30320739746094,326.00970458984375,957.5,4411.0,262.5
2017-08-09,208.75,468.8500061035156,1381.5,4506.0,225.9499969482422,228.1898956298828,322.7496032714844,962.7000122070312,4429.0,261.1000061035156
2017-08-10,204.8000030517578,457.75,1375.5,4426.5,223.0500030517578,224.1999053955078,315.3714904785156,959.7000122070312,4383.0,258.3999938964844
2017-08-11,199.35000610351562,447.75,1336.0,4384.0,219.5,224.4532012939453,312.2829895019531,955.0,4374.0,256.1000061035156
2017-08-14,199.8000030517578,446.1000061035156,1361.0,4410.0,222.10000610351562,223.24989318847656,310.0523986816406,963.7999877929688,4412.5,263.5
2017-08-15,200.4499969482422,444.1000061035156,1342.0,4456.5,221.89999389648438,224.4532012939453,312.2829895019531,965.7000122070312,4471.5,262.5
2017-08-16,200.75,445.45001220703125,1368.0,4467.5,221.85000610351562,228.12649536132812,313.3125,964.2999877929688,4465.0,279.20001220703125
2017-08-17,197.25,443.20001220703125,1362.0,4481.0,220.0500030517578,226.54319763183594,312.79779052734375,966.2000122070312,4460.5,278.8999938964844
2017-08-18,195.64999389648438,440.0,1351.0,4447.0,219.0500030517578,223.62989807128906,309.1944885253906,960.2999877929688,4453.5,273.5
2017-08-21,193.25,440.1499938964844,1366.0,4418.0,219.35000610351562,224.13650512695312,309.5376892089844,960.0,4465.0,269.1000061035156
2017-08-22,193.3000030517578,442.20001220703125,1394.5,4434.0,221.14999389648438,233.3199005126953,314.6852111816406,972.0999755859375,4515.5,279.0
2017-08-23,192.85000610351562,444.5,1410.5,4495.0,220.25,236.99319458007812,314.6852111816406,970.5,4514.5,274.5
2017-08-24,194.5,443.1499938964844,1417.0,4539.5,219.89999389648438,237.43649291992188,312.2829895019531,972.2999877929688,4519.0,271.20001220703125
2017-08-25,194.3000030517578,445.5,1437.0,4498.5,219.60000610351562,233.3199005126953,311.0819091796875,970.2000122070312,4510.5,269.3999938964844
2017-08-29,190.35000610351562,440.3999938964844,1448.0,4491.5,216.64999389648438,229.07650756835938,307.8218078613281,961.7999877929688,4499.0,265.0
2017-08-30,190.6999969482422,441.8999938964844,1454.5,4453.0,218.5500030517578,231.03990173339844,312.11138916015625,965.7000122070312,4461.5,265.79998779296875
2017-08-31,191.10000610351562,445.1499938964844,1476.5,4541.0,221.39999389648438,229.139892578125,313.65570068359375,974.7000122070312,4519.0,268.8999938964844
2017-09-01,192.14999389648438,444.75,1484.0,4592.5,219.5,231.92649841308594,315.7146911621094,968.7999877929688,4489.0,264.79998779296875
2017-09-04,190.1999969482422,446.45001220703125,1486.0,4581.5,217.9499969482422,234.77650451660156,312.79779052734375,968.7000122070312,4500.5,263.29998779296875
2017-09-05,187.89999389648438,446.70001220703125,1482.5,4573.5,216.3000030517578,233.9532012939453,309.02288818359375,969.7000122070312,4470.5,263.5
2017-09-06,185.85000610351562,446.75,1484.5,4576.5,215.4499969482422,235.5998992919922,306.1059875488281,970.4000244140625,4497.0,260.3999938964844
2017-09-07,184.0,449.8999938964844,1457.5,4774.0,215.10000610351562,236.16990661621094,303.360595703125,981.5,4530.0,262.5
2017-09-08,187.60000610351562,446.1000061035156,1402.5,4790.0,213.75,237.81649780273438,306.1059875488281,974.4000244140625,4507.0,262.1000061035156
2017-09-11,186.64999389648438,449.1000061035156,1419.5,4890.0,216.1999969482422,235.78990173339844,309.5376892089844,971.9000244140625,4526.0,262.79998779296875
2017-09-12,191.35000610351562,448.8999938964844,1438.0,4925.0,214.5500030517578,234.39649963378906,308.8512878417969,958.5999755859375,4441.0,264.0
2017-09-13,191.5500030517578,452.3500061035156,1408.5,4845.5,214.89999389648438,230.08990478515625,309.88079833984375,956.0999755859375,4452.5,264.29998779296875
2017-09-14,189.8000030517578,451.70001220703125,1361.5,4806.0,210.0,232.1165008544922,309.7091979980469,952.0,4371.0,266.0
2017-09-15,186.64999389648438,448.25,1330.5,4719.5,206.4499969482422,229.89990234375,303.8753967285156,953.9000244140625,4348.5,262.3999938964844
2017-09-18,187.4499969482422,450.79998779296875,1332.0,4710.0,209.0500030517578,232.87649536132812,305.24810791015625,947.5,4390.0,262.5
2017-09-19,188.3000030517578,456.1000061035156,1343.5,4774.0,210.35000610351562,235.283203125,307.65020751953125,951.0999755859375,4375.5,263.0
2017-09-20,185.89999389648438,459.3999938964844,1352.0,4752.0,210.10000610351562,236.2332000732422,309.02288818359375,951.0999755859375,4351.5,259.29998779296875
2017-09-21,190.39999389648438,463.5,1344.0,4768.5,208.10000610351562,232.30650329589844,304.0469970703125,947.9000244140625,4261.5,257.0
2017-09-22,191.5500030517578,466.6000061035156,1345.0,4912.0,208.25,232.87649536132812,306.1059875488281,944.0999755859375,4264.0,259.20001220703125
2017-09-25,189.6999969482422,472.3999938964844,1329.0,4930.0,209.14999389648438,231.7364959716797,303.1889953613281,947.7999877929688,4269.0,258.6000061035156
2017-09-26,188.3000030517578,471.54998779296875,1319.0,4888.0,208.5,233.9532012939453,299.75738525390625,943.2000122070312,4274.0,253.5
2017-09-27,190.25,473.04998779296875,1313.0,4882.5,208.25,237.11990356445312,295.6393127441406,925.2999877929688,4265.0,257.3999938964844
2017-09-28,192.1999969482422,476.04998779296875,1305.5,4909.0,205.25,234.39649963378906,303.360595703125,920.9000244140625,4266.5,271.8999938964844
2017-09-29,193.35000610351562,477.29998779296875,1314.5,4955.0,208.8000030517578,237.05650329589844,304.3901062011719,924.5999755859375,4319.0,269.20001220703125
2017-10-02,192.6999969482422,480.0,1337.5,5061.0,210.5,236.42320251464844,309.88079833984375,937.2000122070312,4379.0,266.6000061035156
2017-10-03,193.64999389648438,486.3999938964844,1345.0,5076.0,210.60000610351562,240.7299041748047,316.0578918457031,931.0,4361.0,269.1000061035156
2017-10-04,192.35000610351562,485.75,1357.0,5079.0,209.10000610351562,233.00320434570312,317.4305114746094,929.7999877929688,4358.0,269.6000061035156
2017-10-05,190.14999389648438,490.3999938964844,1371.5,5101.0,211.9499969482422,236.35989379882812,316.0578918457031,936.5,4413.5,267.20001220703125
2017-10-06,190.1999969482422,488.1499938964844,1380.0,5154.0,211.8000030517578,238.639892578125,315.5430908203125,937.7999877929688,4382.0,267.6000061035156
2017-10-09,188.35000610351562,486.29998779296875,1379.5,5172.0,211.1999969482422,236.04319763183594,315.5430908203125,942.5,4362.5,267.0
2017-10-10,190.0,489.95001220703125,1396.5,5168.0,213.10000610351562,237.30990600585938,312.96929931640625,942.0,4372.5,267.5
2017-10-11,190.39999389648438,488.6499938964844,1366.5,5148.0,215.0,237.11990356445312,312.6261901855469,943.0,4416.0,268.1000061035156
2017-10-12,193.0500030517578,491.45001220703125,1375.5,5154.0,216.35000610351562,235.09320068359375,315.88629150390625,939.5,4507.5,267.5
2017-10-13,191.25,490.79998779296875,1398.0,5127.0,215.64999389648438,235.5998992919922,313.3125,931.7999877929688,4502.5,268.0
2017-10-16,189.25,491.5,1418.0,5155.0,216.0,235.78990173339844,311.2535095214844,916.2000122070312,4502.5,269.70001220703125
2017-10-17,191.35000610351562,490.6000061035156,1415.0,5166.0,216.14999389648438,235.66319274902344,311.42510986328125,925.0,4505.5,267.70001220703125
2017-10-18,192.64999389648438,488.0,1390.0,5176.0,216.8000030517578,237.05650329589844,319.1463928222656,934.7000122070312,4548.5,272.79998779296875
2017-10-19,192.0,492.1499938964844,1396.5,5175.0,217.0500030517578,237.30990600585938,318.1169128417969,934.7999877929688,4299.0,272.0
2017-10-20,195.6999969482422,491.8999938964844,1383.5,5162.0,216.85000610351562,239.273193359375,317.7737121582031,925.7999877929688,4161.0,268.8999938964844
2017-10-23,195.4499969482422,490.95001220703125,1380.0,5140.0,216.1999969482422,237.49989318847656,320.5190124511719,935.2000122070312,4121.0,263.5
2017-10-24,198.0,496.25,1393.0,5079.0,216.1999969482422,236.6132049560547,321.37701416015625,923.2000122070312,4113.0,266.6000061035156
2017-10-25,197.0,487.75,1352.5,5075.0,213.60000610351562,235.0299072265625,322.2348937988281,903.0999755859375,4088.5,267.29998779296875
2017-10-26,182.39999389648438,490.0,1376.0,5050.0,215.14999389648438,235.78990173339844,323.9507141113281,907.7000122070312,4225.0,271.5
2017-10-27,183.8000030517578,497.8999938964844,1361.5,5022.0,215.60000610351562,234.9665069580078,330.9856872558594,917.0,4230.5,270.70001220703125
2017-10-30,183.5,501.6000061035156,1370.5,5023.0,216.14999389648438,230.406494140625,331.5003967285156,904.7999877929688,4208.5,273.1000061035156
2017-10-31,185.9499969482422,510.20001220703125,1362.5,5032.0,215.60000610351562,229.773193359375,333.902587890625,906.0,4269.5,274.0
2017-11-01,184.10000610351562,514.0,1407.0,5155.0,218.9499969482422,226.0364990234375,329.44140625,898.7000122070312,4246.0,278.5
2017-11-02,185.0,518.0999755859375,1445.5,5152.0,221.3000030517578,227.49319458007812,331.15728759765625,915.2000122070312,4258.5,280.1000061035156
2017-11-03,183.25,516.7999877929688,1427.5,5180.0,219.35000610351562,226.85989379882812,335.2752990722656,918.4000244140625,4278.0,281.5
2017-11-06,182.0,521.0999755859375,1464.0,5131.0,218.85000610351562,223.62989807128906,336.64788818359375,920.0,4256.0,280.3999938964844
2017-11-07,181.35000610351562,524.7000122070312,1456.0,5024.0,216.64999389648438,222.93319702148438,334.9320983886719,918.9000244140625,4220.5,279.3999938964844
2017-11-08,179.4499969482422,524.0999755859375,1476.5,4994.0,215.89999389648438,224.00990295410156,329.2698059082031,928.2999877929688,4279.5,280.0
2017-11-09,179.4499969482422,514.5999755859375,1429.5,4962.0,221.8000030517578,223.94650268554688,322.2348937988281,904.2000122070312,4262.0,276.1000061035156
2017-11-10,179.14999389648438,506.8999938964844,1424.0,4870.0,217.64999389648438,223.69320678710938,318.4599914550781,894.7999877929688,4224.0,276.5
2017-11-13,178.89999389648438,506.8999938964844,1423.0,4930.0,216.0,224.1999053955078,311.2535095214844,888.0,4256.5,269.8999938964844
2017-11-14,180.6999969482422,503.0,1387.5,4959.5,227.0500030517578,238.19650268554688,310.3955993652344,883.5,4243.0,269.8999938964844
2017-11-15,182.39999389648438,495.0,1366.5,4991.5,228.35000610351562,232.62319946289062,311.2535095214844,890.0,4210.5,263.79998779296875
2017-11-16,185.4499969482422,491.1499938964844,1355.0,5011.0,228.4499969482422,233.50990295410156,307.8218078613281,889.5,4222.0,265.0
2017-11-17,185.0,493.1000061035156,1363.5,4975.0,228.6999969482422,233.9532012939453,305.0765075683594,882.7999877929688,4150.0,264.79998779296875
2017-11-20,188.75,492.0,1360.5,4960.5,229.5,236.8665008544922,307.8218078613281,880.0,4199.5,265.3999938964844
2017-11-21,189.1999969482422,494.29998779296875,1385.0,5036.0,229.75,239.39990234375,305.7627868652344,878.2000122070312,4227.5,262.79998779296875
2017-11-22,189.1999969482422,497.8500061035156,1395.0,5007.0,228.75,246.23989868164062,305.0765075683594,891.2999877929688,4188.5,265.0
2017-11-23,188.75,500.8999938964844,1410.5,4999.5,225.39999389648438,245.79649353027344,305.5911865234375,866.0999755859375,4232.5,265.3999938964844
2017-11-24,189.35000610351562,501.29998779296875,1410.5,4983.0,225.5,243.95989990234375,304.2185974121094,866.5999755859375,4261.0,261.20001220703125
2017-11-27,187.5,496.20001220703125,1392.5,4968.5,224.60000610351562,244.27650451660156,302.84588623046875,877.7999877929688,4236.5,259.29998779296875
2017-11-28,187.35000610351562,501.3999938964844,1379.5,4963.5,226.4499969482422,247.25320434570312,298.5563049316406,883.5,4329.5,260.20001220703125
2017-11-29,194.25,494.5,1350.0,4900.0,225.25,250.7998046875,295.4678039550781,880.0,4216.0,261.29998779296875
2017-11-30,193.5,489.1000061035156,1345.0,4777.0,224.3000030517578,245.79649353027344,294.0950927734375,885.0,4164.0,264.79998779296875
2017-12-01,189.39999389648438,492.0,1347.0,4767.0,224.0,247.63319396972656,287.57489013671875,885.0,4115.0,262.29998779296875
2017-12-04,194.25,493.0,1360.0,4745.0,225.5500030517578,247.1898956298828,288.43280029296875,885.0,4143.5,265.70001220703125
2017-12-05,191.6999969482422,491.75,1345.0,4722.0,225.25,254.59979248046875,289.97711181640625,880.7000122070312,4157.0,266.6000061035156
2017-12-06,191.0,494.25,1337.0,4723.5,224.8000030517578,257.6398010253906,288.43280029296875,877.9000244140625,4178.5,263.8999938964844
2017-12-07,191.64999389648438,488.20001220703125,1328.5,4705.0,227.85000610351562,257.9565124511719,289.4623107910156,875.7999877929688,4173.0,264.70001220703125
2017-12-08,196.39999389648438,492.75,1341.5,4784.0,229.39999389648438,259.09649658203125,287.7464904785156,877.7999877929688,4181.5,271.29998779296875
2017-12-11,198.60000610351562,498.70001220703125,1372.0,4877.0,230.5,260.2998046875,284.8294982910156,879.0,4188.0,272.0
2017-12-12,200.60000610351562,511.0,1382.5,4935.0,232.35000610351562,260.48980712890625,286.88861083984375,884.2999877929688,4208.0,275.5
2017-12-13,202.677001953125,507.697998046875,1379.6619873046875,4913.5,230.89999389648438,265.3183898925781,287.4032897949219,874.4000244140625,4193.9970703125,275.3739929199219
2017-12-14,202.6999969482422,504.0,1388.0,4884.5,229.6999969482422,262.1365051269531,282.4273986816406,861.7999877929688,4140.0,277.6000061035156
2017-12-15,202.25,505.20001220703125,1419.5,4881.0,230.0,262.5798034667969,285.1726989746094,868.5999755859375,4196.0,279.0
2017-12-18,204.5,509.70001220703125,1434.0,4911.5,231.35000610351562,260.9964904785156,293.5802917480469,871.0999755859375,4210.0,281.20001220703125
2017-12-19,204.1999969482422,507.79998779296875,1415.0,4887.5,233.0500030517578,260.9331970214844,295.8109130859375,873.0999755859375,4183.0,283.6000061035156
2017-12-20,203.5500030517578,508.70001220703125,1434.5,4860.0,232.0,261.1231994628906,293.06561279296875,870.2000122070312,4125.5,281.70001220703125
2017-12-21,204.5500030517578,519.5,1469.0,4922.5,235.4499969482422,262.83319091796875,292.722412109375,867.0999755859375,4140.0,287.3999938964844
2017-12-22,202.14999389648438,517.2000122070312,1463.5,4942.0,235.89999389648438,261.8832092285156,294.9530029296875,866.5999755859375,4128.0,286.8999938964844
2017-12-27,202.64999389648438,518.7000122070312,1486.0,4945.5,234.1999969482422,264.85980224609375,291.52130126953125,867.5999755859375,4134.5,291.0
2017-12-28,203.39999389648438,518.5999755859375,1499.5,4998.5,234.3000030517578,263.97320556640625,290.4917907714844,870.0,4124.0,292.79998779296875
2017-12-29,203.10000610351562,522.7000122070312,1522.5,5121.0,235.0,265.0498046875,290.66339111328125,875.0999755859375,4125.5,297.0
2018-01-02,203.1999969482422,517.5,1529.0,5105.0,233.8000030517578,264.09979248046875,289.0848083496094,861.9000244140625,4045.0,295.0
2018-01-03,203.6999969482422,524.2000122070312,1544.4000244140625,5166.0,233.4499969482422,265.4931945800781,292.1047058105469,854.2999877929688,4058.5,293.0
2018-01-04,204.5,530.0,1562.199951171875,5171.0,235.3000030517578,267.5198059082031,294.85009765625,859.5999755859375,4071.0,295.1000061035156
2018-01-05,199.17999267578125,529.5999755859375,1561.5999755859375,5204.0,236.8000030517578,265.61981201171875,296.497314453125,868.4000244140625,4092.5,296.0
2018-01-08,200.10000610351562,527.4000244140625,1585.5999755859375,5153.0,237.64999389648438,271.4465026855469,298.0758056640625,864.5999755859375,4091.5,294.20001220703125
2018-01-09,201.8000030517578,528.0,1606.5999755859375,5164.0,238.0,271.5732116699219,297.4580993652344,850.7000122070312,4084.0,300.8999938964844
2018-01-10,201.1999969482422,530.5,1599.4000244140625,5136.0,232.60000610351562,268.406494140625,287.9180908203125,838.5,4005.5,302.20001220703125
2018-01-11,196.10000610351562,533.0,1628.0,5132.0,228.4499969482422,256.2464904785156,290.73199462890625,844.7999877929688,4008.5,301.6000061035156
2018-01-12,194.5,534.7999877929688,1647.4000244140625,5132.0,229.35000610351562,259.539794921875,295.39910888671875,842.2999877929688,3984.0,307.6000061035156
2018-01-15,195.5399932861328,532.7000122070312,1660.0,5130.0,228.0,263.3398132324219,293.61468505859375,842.0,4000.0,297.6000061035156
2018-01-16,199.39999389648438,518.2999877929688,1620.0,5049.0,231.0500030517578,268.27978515625,292.9283142089844,841.4000244140625,3990.0,295.0
2018-01-17,198.52000427246094,516.2999877929688,1607.0,4990.5,227.64999389648438,268.533203125,308.8512878417969,843.5999755859375,4020.0,291.1000061035156
2018-01-18,199.3000030517578,516.5,1595.800048828125,4980.5,226.0,265.61981201171875,303.1546936035156,830.5999755859375,4020.0,295.6000061035156
2018-01-19,200.5,509.8999938964844,1613.800048828125,5043.0,225.8000030517578,263.21319580078125,306.3804931640625,830.5,4108.0,289.79998779296875
2018-01-22,209.1999969482422,515.7999877929688,1593.0,5054.0,227.35000610351562,262.1997985839844,300.4779968261719,828.0,4070.0,288.79998779296875
2018-01-23,209.1999969482422,515.7000122070312,1575.0,5101.0,228.35000610351562,265.4931945800781,300.8898010253906,820.5,4090.0,292.29998779296875
2018-01-24,208.5,515.5,1560.5999755859375,4971.0,225.3000030517578,264.60650634765625,295.6737060546875,805.9000244140625,4036.5,290.1000061035156
2018-01-25,210.3000030517578,516.7000122070312,1568.800048828125,4998.5,224.39999389648438,265.61981201171875,289.6339111328125,795.5999755859375,3996.0,291.0
2018-01-26,210.0,516.2999877929688,1582.4000244140625,5095.0,225.60000610351562,267.8998107910156,293.68328857421875,807.0,3994.0,293.6000061035156
2018-01-29,207.64999389648438,515.5999755859375,1600.0,5086.0,226.35000610351562,267.0132141113281,295.8109130859375,804.5,3965.0,290.6000061035156
2018-01-30,201.75,507.8999938964844,1569.800048828125,5014.0,224.39999389648438,265.23980712890625,294.918701171875,801.2000122070312,3981.5,283.70001220703125
2018-01-31,199.94000244140625,501.1000061035156,1564.0,4886.5,224.60000610351562,264.7331848144531,299.24261474609375,804.7000122070312,4000.0,282.5
2018-02-01,197.33999633789062,501.5,1561.0,4886.0,214.39999389648438,261.3132019042969,299.24261474609375,797.5999755859375,4032.0,276.8999938964844
2018-02-02,195.55999755859375,489.45001220703125,1537.199951171875,5036.0,219.5,256.11981201171875,296.84039306640625,791.4000244140625,4039.0,271.20001220703125
2018-02-05,193.9199981689453,482.04998779296875,1542.4000244140625,4886.5,210.6999969482422,251.7498016357422,288.2611999511719,781.2000122070312,3947.0,268.5
2018-02-06,189.05999755859375,475.0,1502.199951171875,4728.5,205.3000030517578,253.2064971923828,281.39788818359375,748.7000122070312,3824.5,265.1000061035156
2018-02-07,193.1999969482422,485.0,1512.199951171875,4789.5,210.0,256.4997863769531,284.2804870605469,769.2000122070312,3892.0,269.6000061035156
2018-02-08,194.10000610351562,481.1000061035156,1475.0,4845.0,203.64999389648438,256.3731994628906,283.11370849609375,760.5999755859375,3820.5,269.1000061035156
2018-02-09,192.89999389648438,470.04998779296875,1475.4000244140625,4770.0,201.8000030517578,252.44650268554688,279.3388977050781,749.5,3783.0,267.0
2018-02-12,193.32000732421875,478.79998779296875,1505.0,4860.0,202.1999969482422,255.35980224609375,283.2510070800781,748.9000244140625,3829.0,273.1000061035156
2018-02-13,193.0,475.95001220703125,1531.5999755859375,4830.5,200.60000610351562,257.2597961425781,283.86871337890625,736.7999877929688,3791.0,271.79998779296875
2018-02-14,195.6999969482422,474.8999938964844,1574.5999755859375,4830.0,199.74000549316406,256.11981201171875,281.6037902832031,744.2000122070312,3792.0,271.5
2018-02-15,198.5,469.75,1598.0,4713.5,199.86000061035156,258.0198059082031,288.32989501953125,740.9000244140625,3780.0,273.3999938964844
2018-02-16,200.0500030517578,473.3999938964844,1577.4000244140625,4739.5,204.64999389648438,259.1597900390625,285.5845031738281,749.5999755859375,3801.5,280.5
2018-02-19,201.0,474.04998779296875,1562.0,4712.5,203.5500030517578,260.9331970214844,284.62359619140625,747.4000244140625,3732.0,273.1000061035156
2018-02-20,201.0500030517578,475.0,1490.4000244140625,4722.0,203.0,261.5664978027344,288.46710205078125,748.0,3744.0,275.79998779296875
2018-02-21,202.10000610351562,472.20001220703125,1494.0,4799.5,202.39999389648438,262.5798034667969,289.5653076171875,746.5999755859375,3730.5,273.3999938964844
2018-02-22,211.0,473.8999938964844,1521.199951171875,4772.0,201.85000610351562,261.3132019042969,288.1239929199219,751.0,3738.5,270.29998779296875
2018-02-23,209.8000030517578,476.1000061035156,1516.0,4752.0,203.85000610351562,260.1731872558594,287.1630859375,758.0,3760.5,269.0
2018-02-26,208.5,480.8500061035156,1542.4000244140625,4813.5,205.5500030517578,260.9331970214844,291.6242980957031,765.7000122070312,3831.5,267.5
2018-02-27,212.0,478.20001220703125,1525.0,4795.0,204.8000030517578,262.3265075683594,292.5165100097656,756.5,3752.0,266.79998779296875
2018-02-28,213.5,475.1499938964844,1484.199951171875,4775.0,203.75,267.0132141113281,288.1239929199219,740.2000122070312,3733.5,265.20001220703125
2018-03-01,211.25,473.6000061035156,1457.800048828125,4765.5,202.35000610351562,264.22650146484375,284.1431884765625,743.4000244140625,3710.5,262.5
2018-03-02,205.3000030517578,464.1000061035156,1412.5999755859375,4736.0,199.02000427246094,255.8665008544922,280.505615234375,739.2000122070312,3712.5,259.79998779296875
2018-03-05,207.1999969482422,470.1499938964844,1437.0,4800.0,202.3000030517578,258.3998107910156,281.1919860839844,749.7000122070312,3759.5,263.0
2018-03-06,211.35000610351562,473.1499938964844,1468.0,4795.5,203.39999389648438,267.2665100097656,284.48638916015625,757.9000244140625,3739.5,264.3999938964844
2018-03-07,210.9499969482422,471.6000061035156,1443.5999755859375,4756.0,204.5,267.6465148925781,317.08740234375,779.5,3788.5,264.70001220703125
2018-03-08,212.3000030517578,475.0,1403.800048828125,4815.0,207.60000610351562,265.8731994628906,316.3323974609375,791.5999755859375,3880.0,273.20001220703125
2018-03-09,210.75,478.20001220703125,1435.800048828125,4785.5,207.0,269.4197998046875,317.7051086425781,783.7000122070312,3894.5,277.0
2018-03-12,211.5,477.95001220703125,1441.4000244140625,4800.0,207.1999969482422,268.27978515625,312.6261901855469,783.7999877929688,3881.5,277.5
2018-03-13,209.6999969482422,474.0,1436.5999755859375,4783.0,202.89999389648438,267.2665100097656,310.0180969238281,776.0999755859375,3803.5,276.8999938964844
2018-03-14,207.39999389648438,464.75,1444.5999755859375,4765.0,202.39999389648438,266.3797912597656,309.88079833984375,778.5,3820.5,282.0
2018-03-15,207.0,464.54998779296875,1437.5999755859375,4799.0,201.39999389648438,271.0664978027344,312.14569091796875,770.0,3756.0,286.5
2018-03-16,209.5,473.75,1443.199951171875,4867.0,201.5,265.7464904785156,309.400390625,780.7000122070312,3787.0,287.6000061035156
2018-03-19,217.0,459.75,1388.5999755859375,4847.5,198.63999938964844,261.6932067871094,306.2431945800781,765.9000244140625,3776.0,282.6000061035156
2018-03-20,215.9499969482422,463.8999938964844,1407.800048828125,4868.0,196.74000549316406,262.0732116699219,310.0180969238281,761.2999877929688,3767.5,282.20001220703125
2018-03-21,211.4499969482422,472.70001220703125,1433.800048828125,4857.5,196.82000732421875,260.6798095703125,306.1745910644531,760.0,3734.0,277.6000061035156
2018-03-22,207.0,463.29998779296875,1395.199951171875,4833.5,192.36000061035156,256.6264953613281,302.5369873046875,757.2000122070312,3748.5,272.70001220703125
2018-03-23,204.35000610351562,462.45001220703125,1394.5999755859375,4788.0,193.6199951171875,257.0065002441406,295.5364074707031,755.2999877929688,3734.5,269.70001220703125
2018-03-26,205.89999389648438,469.54998779296875,1378.0,4760.0,190.89999389648438,256.7532043457031,297.7326965332031,754.0,3695.0,267.8999938964844
2018-03-27,206.14999389648438,475.3500061035156,1403.0,4866.0,193.83999633789062,260.2998046875,300.0661926269531,763.5,3739.0,273.0
2018-03-28,206.0,471.3999938964844,1377.0,4944.0,193.8800048828125,260.426513671875,299.51708984375,805.2999877929688,3915.5,268.5
2018-03-29,206.5,479.25,1403.5999755859375,4895.5,194.22000122070312,260.8064880371094,299.10528564453125,802.2000122070312,3955.5,267.6000061035156
2018-04-03,206.85000610351562,479.5,1408.4000244140625,4926.0,193.89999389648438,257.7665100097656,293.2715148925781,795.5999755859375,3910.5,265.6000061035156
2018-04-04,207.39999389648438,481.79998779296875,1373.800048828125,4867.0,197.22000122070312,254.34649658203125,287.57489013671875,802.7999877929688,3964.5,263.6000061035156
2018-04-05,212.1999969482422,499.79998779296875,1410.0,5007.0,203.64999389648438,257.0065002441406,296.70318603515625,824.0999755859375,4030.5,270.6000061035156
2018-04-06,209.5500030517578,498.3999938964844,1388.800048828125,4990.5,204.0,259.2864990234375,297.8699035644531,824.5,4014.0,269.3999938964844
2018-04-09,211.1999969482422,493.54998779296875,1385.199951171875,4995.0,203.64999389648438,260.426513671875,301.5762023925781,833.7999877929688,3978.5,270.20001220703125
2018-04-10,214.75,505.20001220703125,1434.199951171875,5077.0,205.60000610351562,266.3797912597656,304.3215026855469,825.0,3945.5,274.0
2018-04-11,214.60000610351562,505.8999938964844,1448.4000244140625,5070.0,206.3000030517578,285.5065002441406,303.9096984863281,827.5,3943.5,272.1000061035156
2018-04-12,216.0,504.5,1445.800048828125,5045.0,207.35000610351562,295.3865051269531,302.3998107910156,823.5999755859375,3924.5,273.79998779296875
2018-04-13,213.35000610351562,504.29998779296875,1457.800048828125,5010.0,206.85000610351562,295.8931884765625,297.4580993652344,826.2999877929688,3929.5,275.70001220703125
2018-04-16,213.8000030517578,496.3500061035156,1435.0,4915.5,206.60000610351562,296.0198059082031,301.2330017089844,815.7000122070312,3908.5,278.0
2018-04-17,211.75,496.70001220703125,1447.5999755859375,4927.0,206.5,298.8064880371094,295.33050537109375,820.0999755859375,3913.5,281.70001220703125
2018-04-18,214.0,509.6000061035156,1527.199951171875,4964.5,206.8000030517578,303.1131896972656,298.48760986328125,826.0,3946.5,286.70001220703125
2018-04-19,214.1999969482422,516.5,1520.5999755859375,4955.5,206.64999389648438,303.61981201171875,300.8898010253906,810.2000122070312,3861.0,287.6000061035156
2018-04-20,215.5,518.2000122070312,1534.4000244140625,4976.0,210.0,303.23980712890625,297.252197265625,812.9000244140625,3872.5,290.70001220703125
2018-04-23,216.35000610351562,521.5999755859375,1536.5999755859375,5015.0,213.9499969482422,303.7464904785156,292.5165100097656,796.5,3866.0,289.29998779296875
2018-04-24,215.39999389648438,533.5999755859375,1558.0,4989.5,212.39999389648438,301.97320556640625,292.722412109375,801.5999755859375,3920.0,287.29998779296875
2018-04-25,213.0,524.0,1533.800048828125,4991.0,209.0500030517578,303.23980712890625,289.15350341796875,805.9000244140625,3930.0,285.79998779296875
2018-04-26,210.0,535.2999877929688,1536.199951171875,4992.0,211.8000030517578,300.83319091796875,289.0848083496094,826.2999877929688,3953.5,287.6000061035156
2018-04-27,208.9499969482422,537.4000244140625,1534.5999755859375,5083.0,210.5500030517578,301.59320068359375,288.0552978515625,841.7000122070312,4051.0,289.8999938964844
2018-04-30,207.25,538.0,1544.0,5103.0,211.60000610351562,298.8064880371094,288.2611999511719,842.7999877929688,4077.5,294.20001220703125
2018-05-01,205.5,547.7000122070312,1518.800048828125,5213.0,210.5,297.66650390625,287.9180908203125,846.0,4062.5,295.1000061035156
2018-05-02,205.4499969482422,547.4000244140625,1561.0,5202.0,212.64999389648438,299.6932067871094,287.1630859375,845.0,4000.0,300.0
2018-05-03,202.6999969482422,543.9000244140625,1558.0,5200.0,208.9499969482422,302.85980224609375,284.8294982910156,845.7999877929688,3955.0,297.70001220703125
2018-05-04,205.60000610351562,558.0999755859375,1601.4000244140625,5205.0,210.5,304.8865051269531,286.81988525390625,851.0,3981.0,298.79998779296875
2018-05-08,206.89999389648438,550.4000244140625,1576.800048828125,5239.0,207.5500030517578,303.8731994628906,289.29071044921875,842.0,4053.5,301.79998779296875
2018-05-09,210.9499969482422,572.0,1631.800048828125,5257.0,208.6999969482422,306.27978515625,284.8294982910156,844.2999877929688,4093.5,305.1000061035156
2018-05-10,213.8000030517578,564.0,1669.4000244140625,5252.0,210.10000610351562,309.3197937011719,282.9764099121094,843.9000244140625,4140.0,302.1000061035156
2018-05-11,214.4499969482422,564.5,1711.199951171875,5279.0,210.10000610351562,312.35980224609375,286.88861083984375,846.2000122070312,4139.5,302.3999938964844
2018-05-14,211.89999389648438,570.5,1721.0,5295.0,207.1999969482422,311.34649658203125,283.3196105957031,850.2999877929688,4137.5,301.0
2018-05-15,211.60000610351562,577.2000122070312,1712.199951171875,5292.0,198.3800048828125,312.73980712890625,288.5357971191406,837.0,4108.5,304.3999938964844
2018-05-16,208.5,575.9000244140625,1744.199951171875,5318.0,195.75999450683594,312.35980224609375,288.2611999511719,832.5,4093.0,303.29998779296875
2018-05-17,209.0,584.0,1749.5999755859375,5345.0,196.0399932861328,313.6264953613281,288.1239929199219,864.0999755859375,4100.5,302.0
2018-05-18,207.5,586.2999877929688,1738.0,5241.0,193.17999267578125,311.34649658203125,294.1636962890625,882.0999755859375,4138.0,302.79998779296875
2018-05-21,208.89999389648438,592.7999877929688,1769.5999755859375,5417.0,195.27999877929688,317.1731872558594,295.8109130859375,887.7999877929688,4183.5,308.8999938964844
2018-05-22,211.10000610351562,588.4000244140625,1779.199951171875,5454.0,199.13999938964844,313.4997863769531,296.84039306640625,886.5,4187.5,306.79998779296875
2018-05-23,208.8000030517578,577.0,1744.0,5454.0,197.4199981689453,311.97979736328125,292.31060791015625,885.2000122070312,4195.5,304.0
2018-05-24,205.3000030517578,566.5,1714.0,5428.0,194.86000061035156,311.09320068359375,291.48699951171875,879.9000244140625,4169.5,304.29998779296875
2018-05-25,206.1999969482422,555.0999755859375,1695.199951171875,5478.0,195.0399932861328,311.34649658203125,289.4280090332031,880.0,4182.5,305.8999938964844
2018-05-29,198.75999450683594,559.2000122070312,1675.5999755859375,5402.0,192.8000030517578,310.96649169921875,283.79998779296875,879.5999755859375,4170.5,298.20001220703125
2018-05-30,199.17999267578125,573.5,1708.800048828125,5465.0,194.8800048828125,309.8265075683594,282.0841979980469,874.5,4199.0,301.20001220703125
2018-05-31,197.24000549316406,576.2999877929688,1729.0,5466.0,191.82000732421875,311.21978759765625,282.9764099121094,833.2999877929688,4146.5,305.6000061035156
2018-06-01,201.89999389648438,576.7000122070312,1734.199951171875,5421.0,194.9199981689453,311.47320556640625,287.231689453125,828.4000244140625,4146.0,310.79998779296875
2018-06-04,204.5500030517578,578.9000244140625,1730.800048828125,5420.0,198.0,313.11981201171875,287.9866943359375,839.7999877929688,4175.5,311.0
2018-06-05,197.8000030517578,577.0,1736.4000244140625,5378.0,195.13999938964844,313.11981201171875,285.8591003417969,826.9000244140625,4166.0,308.8999938964844
2018-06-06,201.25,576.9000244140625,1779.0,5373.0,196.6199951171875,312.73980712890625,284.48638916015625,824.9000244140625,4092.0,311.1000061035156
2018-06-07,201.14999389648438,589.5999755859375,1770.0,5340.0,187.52000427246094,314.0065002441406,286.4081115722656,829.7999877929688,4097.0,302.5
2018-06-08,199.0,583.7999877929688,1763.5999755859375,5353.0,187.47999572753906,314.0065002441406,286.6827087402344,828.5,4115.5,303.0
2018-06-11,200.0,586.5999755859375,1768.800048828125,5368.0,189.24000549316406,315.5264892578125,285.7904052734375,832.2999877929688,4142.5,301.79998779296875
2018-06-12,198.82000732421875,578.5,1746.4000244140625,5333.0,188.5,316.033203125,288.74169921875,835.7999877929688,4154.5,300.0
2018-06-13,197.8800048828125,573.2999877929688,1748.800048828125,5359.0,185.60000610351562,315.1465148925781,284.3490905761719,831.5999755859375,4150.0,297.5
2018-06-14,200.60000610351562,585.5,1748.800048828125,5448.0,188.05999755859375,316.4132080078125,302.94879150390625,834.2999877929688,4033.5,300.20001220703125
2018-06-15,194.5399932861328,565.0,1670.0,5398.0,184.8000030517578,322.7464904785156,326.00970458984375,824.9000244140625,4066.5,297.20001220703125
2018-06-18,194.9600067138672,571.7999877929688,1679.0,5383.0,185.10000610351562,324.6465148925781,318.25408935546875,827.2000122070312,4042.5,295.0
2018-06-19,193.0,570.7000122070312,1642.199951171875,5363.0,185.83999633789062,324.2665100097656,314.54791259765625,827.0,4059.0,290.20001220703125
2018-06-20,193.6999969482422,564.4000244140625,1638.5999755859375,5379.0,186.24000549316406,328.5732116699219,318.18548583984375,832.4000244140625,4076.5,290.3999938964844
2018-06-21,190.1999969482422,559.5,1634.199951171875,5255.0,184.39999389648438,324.2665100097656,317.7737121582031,823.9000244140625,4079.5,283.8999938964844
2018-06-22,194.02000427246094,576.5999755859375,1666.199951171875,5229.0,187.27999877929688,331.48651123046875,322.6466979980469,834.0,4133.5,286.5
2018-06-25,190.4600067138672,557.0,1602.800048828125,5201.0,184.17999267578125,330.72650146484375,314.3420104980469,830.7999877929688,4114.0,282.8999938964844
2018-06-26,189.05999755859375,563.4000244140625,1643.0,5209.0,182.5800018310547,325.7864990234375,319.1463928222656,832.9000244140625,4131.0,282.5
2018-06-27,188.0,582.2999877929688,1688.199951171875,5239.0,183.74000549316406,325.27978515625,329.85321044921875,836.0,4165.5,283.0
2018-06-28,189.9199981689453,582.5,1688.0,5224.0,183.55999755859375,325.6597900390625,329.3041076660156,838.4000244140625,4165.0,279.3999938964844
2018-06-29,189.0,578.2999877929688,1706.0,5253.0,183.82000732421875,325.1531982421875,339.1188049316406,838.4000244140625,4192.0,283.70001220703125
2018-07-02,185.39999389648438,573.2000122070312,1653.199951171875,5182.0,182.63999938964844,324.3931884765625,334.5888977050781,841.7999877929688,4161.0,279.20001220703125
2018-07-03,185.75999450683594,581.4000244140625,1670.0,5203.0,186.0,327.559814453125,335.8243103027344,857.7999877929688,4225.0,280.79998779296875
2018-07-04,185.75999450683594,580.0,1630.800048828125,5182.0,187.8000030517578,325.7864990234375,334.5202941894531,855.2999877929688,4219.5,281.20001220703125
2018-07-05,186.60000610351562,582.5,1659.0,5183.0,187.63999938964844,328.6997985839844,338.22650146484375,859.0999755859375,4205.0,282.1000061035156
2018-07-06,186.5,579.0999755859375,1664.199951171875,5201.0,191.0,329.4598083496094,338.22650146484375,876.5,4209.0,285.0
2018-07-09,188.3800048828125,584.5999755859375,1708.199951171875,5255.0,190.0800018310547,329.2065124511719,339.4619140625,867.7999877929688,4206.5,289.29998779296875
2018-07-10,186.47999572753906,589.5,1707.5999755859375,5281.0,189.0,322.61981201171875,341.17779541015625,851.7999877929688,4197.0,293.3999938964844
2018-07-11,187.4600067138672,570.7000122070312,1654.5999755859375,5250.0,183.13999938964844,322.4931945800781,336.71661376953125,850.4000244140625,4174.5,288.8999938964844
2018-07-12,189.5,571.4000244140625,1657.0,5434.0,182.55999755859375,323.5065002441406,340.07958984375,861.4000244140625,4191.5,289.3999938964844
2018-07-13,189.67999267578125,570.7999877929688,1650.199951171875,5502.0,181.5,323.5065002441406,340.010986328125,856.5999755859375,4198.0,288.3999938964844
2018-07-16,189.69000244140625,557.5,1624.0,5470.212890625,180.86000061035156,322.7464904785156,336.14208984375,840.2999877929688,4169.35693359375,290.4549865722656
2018-07-17,188.36000061035156,560.2000122070312,1624.0,5551.0,180.0,324.8998107910156,337.2655944824219,845.2999877929688,4179.5,291.0
2018-07-18,188.89999389648438,562.2000122070312,1668.5999755859375,5606.0,179.89999389648438,324.773193359375,338.98150634765625,840.0,4203.0,291.3999938964844
2018-07-19,185.52000427246094,569.9000244140625,1637.800048828125,5609.0,178.24000549316406,326.5465087890625,341.4523010253906,841.0,4330.5,288.3999938964844
2018-07-20,186.77999877929688,567.2999877929688,1613.4000244140625,5589.0,177.63999938964844,327.8132019042969,339.73651123046875,845.0999755859375,4361.5,289.20001220703125
2018-07-23,186.5800018310547,566.9000244140625,1610.199951171875,5585.0,178.0,326.6731872558594,337.2655944824219,837.4000244140625,4298.5,288.3999938964844
2018-07-24,189.33999633789062,568.0999755859375,1702.4000244140625,5603.0,177.66000366210938,324.2665100097656,339.1874084472656,818.0,4288.0,290.0
2018-07-25,188.0,566.0,1677.0,5563.0,175.10000610351562,326.16650390625,339.5992126464844,819.4000244140625,4287.0,288.8999938964844
2018-07-26,189.17999267578125,564.5,1672.800048828125,5796.0,177.10000610351562,326.16650390625,341.4523010253906,826.0,4279.5,290.0
2018-07-27,190.89999389648438,567.2999877929688,1707.0,5734.0,180.0,326.293212890625,341.1091003417969,825.9000244140625,4314.5,291.70001220703125
2018-07-30,192.9600067138672,565.5,1723.0,5749.0,186.5,324.1398010253906,339.80511474609375,810.5,4328.5,293.0
2018-07-31,193.9600067138672,573.2999877929688,1754.5999755859375,5865.0,186.0,329.71319580078125,340.07958984375,813.2999877929688,4355.0,293.6000061035156
2018-08-01,191.6999969482422,563.2000122070312,1702.199951171875,5806.0,184.36000061035156,326.5465087890625,338.98150634765625,790.5,4355.0,290.79998779296875
2018-08-02,186.5399932861328,556.2000122070312,1664.0,5810.0,181.3000030517578,326.293212890625,363.0718994140625,798.9000244140625,4325.0,284.3999938964844
2018-08-03,188.6999969482422,560.5,1698.199951171875,5846.0,184.8000030517578,328.6997985839844,375.4259948730469,808.7999877929688,4369.5,287.79998779296875
2018-08-06,188.55999755859375,566.7999877929688,1687.0,5821.0,186.1199951171875,328.5732116699219,371.13629150390625,806.9000244140625,4393.0,287.6000061035156
2018-08-07,189.36000061035156,576.2999877929688,1724.5999755859375,5935.0,186.5,329.33319091796875,371.82269287109375,809.5999755859375,4400.0,290.6000061035156
2018-08-08,193.1199951171875,576.7000122070312,1719.0,5989.0,186.72000122070312,331.9931945800781,373.7101135253906,811.5999755859375,4437.0,289.8999938964844
2018-08-09,191.5,564.4000244140625,1720.0,6076.0,185.36000061035156,335.66650390625,371.9942932128906,810.4000244140625,4434.0,290.0
2018-08-10,187.63999938964844,556.0,1696.0,6107.0,182.52000427246094,337.1864929199219,358.2674865722656,818.7000122070312,4373.5,288.5
2018-08-13,184.5,558.2999877929688,1693.199951171875,6052.0,181.02000427246094,332.8797912597656,355.8653869628906,816.4000244140625,4369.5,291.79998779296875
2018-08-14,183.9600067138672,555.2999877929688,1701.5999755859375,6015.0,178.77999877929688,329.33319091796875,354.664306640625,818.4000244140625,4384.5,290.29998779296875
2018-08-15,179.8000030517578,545.0,1612.800048828125,5942.0,175.02000427246094,322.3664855957031,344.8840026855469,821.2000122070312,4376.5,292.70001220703125
2018-08-16,182.17999267578125,548.5999755859375,1632.0,5936.0,177.0,324.5198059082031,348.3157043457031,824.5,4411.0,290.0
2018-08-17,182.60000610351562,548.5999755859375,1629.4000244140625,5930.0,175.77999877929688,324.8998107910156,351.23260498046875,829.4000244140625,4415.0,284.20001220703125
2018-08-20,183.72000122070312,551.9000244140625,1645.199951171875,5979.0,176.60000610351562,324.1398010253906,353.2915954589844,830.7999877929688,4447.0,287.1000061035156
2018-08-21,184.39999389648438,551.5999755859375,1610.5999755859375,5956.0,176.13999938964844,322.9997863769531,351.23260498046875,827.9000244140625,4416.0,294.29998779296875
2018-08-22,185.1999969482422,554.5999755859375,1636.0,5937.0,175.6999969482422,324.3931884765625,348.6588134765625,818.2000122070312,4426.5,293.20001220703125
2018-08-23,183.13999938964844,557.5,1626.0,5881.0,175.94000244140625,321.35321044921875,345.5703125,819.2000122070312,4432.5,295.20001220703125
2018-08-24,183.66000366210938,563.7000122070312,1661.199951171875,5886.0,175.27999877929688,322.4931945800781,346.59979248046875,814.2999877929688,4434.5,296.5
2018-08-28,183.6999969482422,559.7000122070312,1708.199951171875,5915.0,175.1999969482422,327.0531921386719,346.9429931640625,816.5999755859375,4486.0,294.3999938964844
2018-08-29,181.44000244140625,554.5999755859375,1696.199951171875,5889.0,172.94000244140625,316.539794921875,348.6588134765625,809.2000122070312,4452.0,293.20001220703125
2018-08-30,178.3000030517578,556.5,1666.199951171875,5910.0,167.52000427246094,309.95318603515625,348.8304138183594,808.7999877929688,4434.5,291.29998779296875
2018-08-31,175.6999969482422,547.2999877929688,1643.800048828125,5795.0,164.5,312.2331848144531,344.8840026855469,810.0,4392.0,289.70001220703125
2018-09-03,177.52000427246094,553.7000122070312,1667.0,5889.0,166.5399932861328,310.33319091796875,346.4281921386719,810.5999755859375,4418.5,287.79998779296875
2018-09-04,181.02000427246094,552.9000244140625,1635.0,5800.0,164.3000030517578,308.4331970214844,343.1680908203125,808.2000122070312,4357.0,281.8999938964844
2018-09-05,178.0,546.2999877929688,1618.4000244140625,5701.0,162.89999389648438,304.3797912597656,331.706298828125,802.9000244140625,4283.0,281.79998779296875
2018-09-06,176.1999969482422,541.2000122070312,1544.800048828125,5635.0,164.0,303.8731994628906,334.31439208984375,810.2999877929688,4223.5,281.0
2018-09-07,174.5,536.9000244140625,1519.0,5650.0,165.25999450683594,302.60650634765625,332.87310791015625,804.9000244140625,4245.0,281.20001220703125
2018-09-10,176.8000030517578,538.5,1514.5999755859375,5703.0,165.6999969482422,304.5065002441406,333.97119140625,806.0999755859375,4271.5,287.20001220703125
2018-09-11,174.74000549316406,544.0,1495.800048828125,5732.0,166.1999969482422,299.9465026855469,334.5888977050781,807.9000244140625,4300.0,282.1000061035156
2018-09-12,172.22000122070312,552.9000244140625,1517.4000244140625,5717.0,166.5800018310547,301.21319580078125,330.9513854980469,802.7999877929688,4325.0,284.0
2018-09-13,172.1999969482422,549.0,1520.0,5630.0,168.27999877929688,297.033203125,327.7255859375,796.5999755859375,4276.0,283.8999938964844
2018-09-14,171.0800018310547,550.4000244140625,1530.4000244140625,5645.0,167.44000244140625,296.77978515625,336.71661376953125,791.2999877929688,4262.5,285.6000061035156
2018-09-17,171.13999938964844,548.7000122070312,1533.0,5622.0,168.0800018310547,297.793212890625,337.2655944824219,797.0,4253.5,285.70001220703125
2018-09-18,169.4600067138672,550.0999755859375,1549.5999755859375,5609.0,168.9199981689453,297.793212890625,335.7557067871094,795.2999877929688,4237.5,286.5
2018-09-19,173.1199951171875,553.4000244140625,1598.800048828125,5601.0,168.82000732421875,298.6798095703125,339.05010986328125,773.9000244140625,4144.5,285.8999938964844
2018-09-20,174.25999450683594,555.5,1618.0,5572.0,168.05999755859375,302.60650634765625,341.658203125,781.9000244140625,4202.5,289.0
2018-09-21,176.5,567.0,1678.0,5670.0,170.94000244140625,299.9465026855469,340.49139404296875,787.2999877929688,4269.0,288.20001220703125
2018-09-24,175.97999572753906,570.0999755859375,1671.199951171875,5652.0,170.0,303.23980712890625,342.2759094238281,775.4000244140625,4202.0,284.3999938964844
2018-09-25,175.1199951171875,586.7000122070312,1695.800048828125,5793.0,168.74000549316406,305.8998107910156,339.5992126464844,764.7000122070312,4180.0,280.79998779296875
2018-09-26,175.60000610351562,586.0,1661.800048828125,5843.0,166.94000244140625,308.9397888183594,339.8736877441406,764.7999877929688,4194.5,278.8999938964844
2018-09-27,176.67999267578125,593.2999877929688,1660.0,5959.0,168.13999938964844,306.0264892578125,331.5003967285156,780.0,4232.0,278.1000061035156
2018-09-28,171.77999877929688,589.2999877929688,1671.199951171875,5963.0,164.5,303.7464904785156,338.8442077636719,791.4000244140625,4216.0,274.1000061035156
2018-10-01,172.39999389648438,595.2999877929688,1670.4000244140625,5990.0,162.0,299.8197937011719,337.5401916503906,787.4000244140625,4227.5,278.5
2018-10-02,170.27999877929688,597.0,1698.4000244140625,6000.0,159.8800048828125,297.9197998046875,337.6087951660156,791.5999755859375,4200.5,276.6000061035156
2018-10-03,172.52000427246094,597.9000244140625,1692.0,6078.0,162.47999572753906,272.33319091796875,337.40289306640625,798.7999877929688,4224.0,281.6000061035156
2018-10-04,174.3000030517578,598.2999877929688,1702.0,6003.0,162.13999938964844,270.3064880371094,332.3240051269531,777.0,4078.0,275.79998779296875
2018-10-05,172.94000244140625,588.5,1635.5999755859375,5882.0,160.22000122070312,272.0798034667969,329.510009765625,786.4000244140625,4053.0,272.8999938964844
2018-10-08,169.0,576.5999755859375,1618.800048828125,5768.0,154.5800018310547,266.1264953613281,316.4010009765625,786.5,4043.5,268.29998779296875
2018-10-09,167.75999450683594,579.0,1641.0,5718.0,150.72000122070312,272.71319580078125,319.07769775390625,785.0999755859375,4053.5,269.0
2018-10-10,171.63999938964844,569.2000122070312,1573.4000244140625,5702.0,153.0,273.85321044921875,304.1156005859375,807.7999877929688,4036.0,265.1000061035156
2018-10-11,168.0,554.4000244140625,1564.0,5616.0,150.97999572753906,276.5132141113281,299.10528564453125,799.0,3944.5,258.6000061035156
2018-10-12,165.0,558.0,1576.4000244140625,5546.0,151.0,274.73980712890625,300.54669189453125,787.4000244140625,3931.0,258.0
2018-10-15,163.36000061035156,559.4000244140625,1587.800048828125,5619.0,153.60000610351562,273.59979248046875,297.3894958496094,797.7000122070312,4003.5,254.89999389648438
2018-10-16,162.83999633789062,560.0999755859375,1588.5999755859375,5763.0,153.39999389648438,264.22650146484375,308.0964050292969,816.0,4041.5,261.0
2018-10-17,164.9600067138672,558.2999877929688,1572.5999755859375,5860.0,152.0399932861328,264.47979736328125,306.1745910644531,814.2999877929688,4024.0,260.29998779296875
2018-10-18,165.0,554.5,1549.5999755859375,5878.0,151.5,264.85980224609375,299.7229919433594,819.0999755859375,3986.5,260.0
2018-10-19,163.4199981689453,557.5,1539.0,5934.0,152.4600067138672,271.8265075683594,299.24261474609375,827.7999877929688,4110.5,256.5
2018-10-22,165.32000732421875,550.7999877929688,1550.4000244140625,5975.0,149.55999755859375,269.7998046875,295.26190185546875,829.2999877929688,4115.5,257.8999938964844
2018-10-23,165.75999450683594,533.2000122070312,1521.199951171875,5931.0,146.24000549316406,271.4465026855469,288.74169921875,830.5999755859375,4130.5,252.60000610351562
2018-10-24,170.6999969482422,532.9000244140625,1490.5999755859375,5931.0,146.4199981689453,272.71319580078125,288.2611999511719,839.0999755859375,4173.5,251.0
2018-10-25,172.05999755859375,535.5,1519.0,5812.0,146.60000610351562,272.71319580078125,299.24261474609375,840.5999755859375,4237.5,252.39999389648438
2018-10-26,168.05999755859375,528.0999755859375,1518.5999755859375,5755.0,144.0399932861328,269.5465087890625,293.4088134765625,832.2000122070312,4166.5,250.8000030517578
2018-10-29,173.0,535.2000122070312,1531.5999755859375,5864.0,147.27999877929688,269.16650390625,285.30999755859375,843.9000244140625,4160.0,258.1000061035156
2018-10-30,169.9600067138672,546.0,1529.0,5941.0,147.05999755859375,272.33319091796875,281.39788818359375,849.2999877929688,4181.0,257.5
2018-10-31,172.5,567.2999877929688,1562.4000244140625,5990.0,147.82000732421875,270.1798095703125,287.9180908203125,829.2000122070312,4146.5,263.1000061035156
2018-11-01,175.5399932861328,541.5,1609.0,5827.0,151.5,276.0065002441406,287.50628662109375,829.5999755859375,4110.5,272.3999938964844
2018-11-02,175.72000122070312,533.2999877929688,1611.199951171875,5732.0,150.52000427246094,273.72650146484375,286.20220947265625,823.7999877929688,4079.5,275.6000061035156
2018-11-05,174.89999389648438,542.0999755859375,1628.4000244140625,5877.0,150.39999389648438,275.3731994628906,282.4273986816406,835.7999877929688,4092.5,273.79998779296875
2018-11-06,172.9600067138672,539.5999755859375,1601.0,5758.0,146.27999877929688,268.7864990234375,284.2804870605469,834.9000244140625,4081.0,274.20001220703125
2018-11-07,175.39999389648438,544.2999877929688,1625.4000244140625,5857.0,147.8800048828125,273.21978759765625,287.7121887207031,838.5,4106.0,277.5
2018-11-08,178.89999389648438,529.0,1643.5999755859375,6093.0,147.0800018310547,276.8931884765625,285.9963073730469,840.0,4077.0,278.79998779296875
2018-11-09,176.8000030517578,523.9000244140625,1585.5999755859375,6172.0,143.9199981689453,277.0198059082031,279.4761047363281,855.7000122070312,4146.5,277.70001220703125
2018-11-12,170.74000549316406,528.0999755859375,1601.199951171875,6251.0,144.36000061035156,272.58648681640625,281.53509521484375,860.9000244140625,4158.0,273.6000061035156
2018-11-13,175.4600067138672,513.5,1582.4000244140625,6311.0,155.60000610351562,271.3197937011719,281.8096923828125,851.7000122070312,4155.0,276.29998779296875
2018-11-14,173.5800018310547,512.0999755859375,1545.0,6273.0,157.55999755859375,269.039794921875,277.27978515625,859.0,4139.0,273.8999938964844
2018-11-15,166.44000244140625,527.0,1589.0,6317.0,155.39999389648438,257.2597961425781,277.8288879394531,840.0999755859375,4250.0,270.29998779296875
2018-11-16,164.97999572753906,524.9000244140625,1606.800048828125,6204.0,153.39999389648438,258.273193359375,275.9757995605469,823.0,4273.0,271.20001220703125
2018-11-19,166.0800018310547,522.7000122070312,1623.199951171875,6174.0,155.82000732421875,260.1731872558594,273.4364013671875,825.9000244140625,4261.0,268.6000061035156
2018-11-20,161.5399932861328,519.0,1585.4000244140625,6249.0,153.6199951171875,258.3998107910156,269.3869934082031,846.7999877929688,4270.0,267.5
2018-11-21,166.63999938964844,530.7000122070312,1602.0,6200.0,158.0399932861328,262.45318603515625,279.4761047363281,853.2999877929688,4279.5,269.8999938964844
2018-11-22,165.52000427246094,525.2000122070312,1573.0,6085.0,152.0,254.97979736328125,274.3971862792969,826.0,4230.5,270.29998779296875
2018-11-23,164.5399932861328,512.5999755859375,1520.0,6191.0,155.1199951171875,255.99319458007812,278.789794921875,819.2999877929688,4245.5,270.29998779296875
2018-11-26,168.6999969482422,524.7999877929688,1519.4000244140625,6138.0,164.82000732421875,254.09320068359375,288.1239929199219,826.2999877929688,4198.5,267.79998779296875
2018-11-27,168.36000061035156,524.2999877929688,1498.800048828125,6091.0,167.8000030517578,251.17979431152344,286.88861083984375,840.5,4258.5,269.6000061035156
2018-11-28,166.8000030517578,523.5999755859375,1504.5999755859375,6115.0,168.67999267578125,249.8498992919922,285.30999755859375,837.2000122070312,4258.0,267.70001220703125
2018-11-29,167.24000549316406,522.0999755859375,1531.0,6154.0,167.75999450683594,253.3332061767578,290.8692932128906,834.0,4254.5,267.3999938964844
2018-11-30,162.8800048828125,520.0,1501.5999755859375,6117.0,168.94000244140625,250.22979736328125,291.55560302734375,832.9000244140625,4243.5,251.0
2018-12-03,163.39999389648438,532.0,1590.0,6152.0,168.05999755859375,250.1031951904297,303.0174865722656,829.4000244140625,4244.5,244.6999969482422
2018-12-04,159.1199951171875,537.0,1600.800048828125,6211.0,165.13999938964844,249.533203125,294.0950927734375,830.5999755859375,4295.0,238.1999969482422
2018-12-05,158.4600067138672,527.0,1566.4000244140625,6052.0,163.0,252.06649780273438,284.62359619140625,825.5,4240.5,237.60000610351562
2018-12-06,153.32000732421875,503.29998779296875,1497.199951171875,5955.0,160.4600067138672,245.41650390625,272.8872985839844,820.0999755859375,4171.5,230.60000610351562
2018-12-07,154.36000061035156,514.7999877929688,1534.5999755859375,5927.0,162.77999877929688,252.1298065185547,270.5538024902344,829.2000122070312,4261.5,236.0
2018-12-10,153.36000061035156,509.1000061035156,1529.5999755859375,6007.0,159.32000732421875,248.8365020751953,260.533203125,813.7000122070312,4249.5,232.5
2018-12-11,154.0399932861328,516.7999877929688,1561.5999755859375,6104.0,162.5,249.8498992919922,267.9457092285156,826.7999877929688,4313.0,240.5
2018-12-12,159.0,516.5,1608.4000244140625,6094.0,163.10000610351562,249.72320556640625,280.02520751953125,838.9000244140625,4319.0,247.8000030517578
2018-12-13,159.02000427246094,514.2000122070312,1631.4000244140625,6102.0,160.47999572753906,251.55979919433594,280.71148681640625,850.9000244140625,4337.5,246.10000610351562
2018-12-14,158.44000244140625,512.7000122070312,1616.5999755859375,6130.0,160.67999267578125,244.33990478515625,277.4856872558594,843.5,4320.0,255.3000030517578
2018-12-17,152.83999633789062,508.6000061035156,1659.800048828125,6043.0,160.6999969482422,240.9832000732422,277.2112121582031,835.2999877929688,4230.0,250.0
2018-12-18,152.1999969482422,497.29998779296875,1632.199951171875,5985.0,157.86000061035156,245.9864959716797,278.37799072265625,758.7000122070312,4210.0,245.8000030517578
2018-12-19,151.4600067138672,502.5,1667.0,5968.0,159.4600067138672,244.4031982421875,281.6037902832031,777.4000244140625,4215.0,249.5
2018-12-20,147.83999633789062,492.3999938964844,1624.199951171875,5946.0,159.9600067138672,243.0731964111328,275.8385009765625,796.0,4204.0,245.89999389648438
2018-12-21,149.0,495.20001220703125,1650.0,5901.0,156.74000549316406,245.41650390625,277.9661865234375,786.4000244140625,4202.5,243.39999389648438
2018-12-24,146.36000061035156,498.8999938964844,1637.4000244140625,5961.0,154.5,240.66650390625,274.877685546875,778.5,4164.5,242.89999389648438
2018-12-27,146.0800018310547,485.8500061035156,1611.4000244140625,5720.0,151.52000427246094,240.09649658203125,277.5544128417969,748.7000122070312,4080.0,241.0
2018-12-28,150.13999938964844,502.70001220703125,1637.0,5854.0,154.5800018310547,243.32650756835938,280.5743103027344,768.0,4125.0,246.5
2018-12-31,150.52000427246094,495.95001220703125,1651.5999755859375,5873.0,152.89999389648438,240.79319763183594,284.8294982910156,764.2000122070312,4108.5,249.3000030517578
2019-01-02,150.67999267578125,507.29998779296875,1631.5999755859375,5903.0,154.94000244140625,242.62989807128906,277.76031494140625,773.5999755859375,4143.0,245.60000610351562
2019-01-03,150.25999450683594,508.70001220703125,1594.4000244140625,6010.0,156.05999755859375,252.50979614257812,270.485107421875,774.2000122070312,4121.5,243.60000610351562
2019-01-04,155.10000610351562,520.7999877929688,1669.0,6089.0,157.97999572753906,250.039794921875,283.3882141113281,783.2999877929688,4152.0,248.5
2019-01-07,155.4199981689453,520.7999877929688,1685.199951171875,6005.0,157.39999389648438,256.4997863769531,277.8288879394531,778.9000244140625,4105.0,251.1999969482422
2019-01-08,157.32000732421875,519.7999877929688,1679.800048828125,5898.0,155.60000610351562,263.59320068359375,291.6929016113281,784.0999755859375,4099.5,255.60000610351562
2019-01-09,156.82000732421875,522.9000244140625,1707.4000244140625,5910.0,152.8000030517578,268.27978515625,296.77178955078125,789.7999877929688,4096.0,266.5
2019-01-10,159.33999633789062,527.0,1616.5999755859375,5923.0,153.74000549316406,274.10650634765625,295.0559997558594,801.4000244140625,4092.0,266.3999938964844
2019-01-11,157.22000122070312,521.2000122070312,1611.4000244140625,5712.0,152.83999633789062,276.1332092285156,298.8994140625,801.5,4100.0,268.79998779296875
2019-01-14,159.1199951171875,520.7999877929688,1596.0,5509.0,149.1999969482422,276.1332092285156,296.2914123535156,786.5,4028.5,266.29998779296875
2019-01-15,159.10000610351562,522.7000122070312,1613.0,5557.0,148.63999938964844,276.2597961425781,304.0469970703125,797.7000122070312,4078.5,266.0
2019-01-16,161.39999389648438,516.0,1597.0,5496.0,148.1999969482422,279.1731872558594,304.0469970703125,800.4000244140625,3999.0,271.6000061035156
2019-01-17,160.3800048828125,511.0,1600.4000244140625,5510.0,148.32000732421875,277.5264892578125,296.497314453125,795.0999755859375,4022.0,271.5
2019-01-18,165.86000061035156,523.2999877929688,1628.5999755859375,5570.0,149.33999633789062,284.3664855957031,307.2041015625,804.7000122070312,4058.0,281.1000061035156
2019-01-21,164.9600067138672,522.0999755859375,1611.0,5640.0,149.16000366210938,279.5531921386719,308.8512878417969,797.2000122070312,4054.5,279.5
2019-01-22,163.25999450683594,512.5999755859375,1579.5999755859375,5556.0,148.16000366210938,279.1731872558594,305.4883117675781,799.0999755859375,4021.5,279.20001220703125
2019-01-23,162.86000061035156,508.5,1563.0,5569.0,149.25999450683594,283.22650146484375,299.7229919433594,804.0999755859375,4032.0,275.1000061035156
2019-01-24,162.66000366210938,511.8999938964844,1569.0,5480.0,144.0399932861328,282.21319580078125,299.5857849121094,803.7000122070312,4005.5,274.8999938964844
2019-01-25,164.10000610351562,506.8999938964844,1609.4000244140625,5371.0,137.0,284.8731994628906,298.1445007324219,796.4000244140625,3975.5,274.79998779296875
2019-01-28,160.0800018310547,494.8999938964844,1619.199951171875,5325.0,135.44000244140625,279.9331970214844,294.50689697265625,788.9000244140625,3941.0,273.1000061035156
2019-01-29,161.3000030517578,503.0,1629.800048828125,5364.0,135.0800018310547,279.8064880371094,299.0367126464844,807.2000122070312,4027.0,278.29998779296875
2019-01-30,161.83999633789062,511.3999938964844,1672.199951171875,5464.0,136.6999969482422,282.71978759765625,304.1156005859375,823.5999755859375,4065.5,280.6000061035156
2019-01-31,158.17999267578125,520.0999755859375,1690.199951171875,5532.0,138.5800018310547,282.59320068359375,303.4978942871094,825.2000122070312,3984.5,274.0
2019-02-01,158.6199951171875,521.5,1720.4000244140625,5581.0,138.83999633789062,281.1997985839844,308.8512878417969,833.5999755859375,4065.0,276.0
2019-02-04,158.39999389648438,520.0999755859375,1715.0,5568.0,138.10000610351562,280.5664978027344,308.1650085449219,830.7000122070312,4103.5,277.1000061035156
2019-02-05,160.52000427246094,547.0,1735.0,5709.0,141.05999755859375,285.8865051269531,313.9988098144531,847.2999877929688,4225.5,279.1000061035156
2019-02-06,161.5800018310547,554.0,1726.0,5690.0,142.39999389648438,290.95318603515625,312.14569091796875,843.9000244140625,4170.0,283.3999938964844
2019-02-07,156.4199981689453,547.2999877929688,1703.0,5652.0,139.3800048828125,288.5465087890625,309.81219482421875,844.9000244140625,4173.0,280.79998779296875
2019-02-08,155.94000244140625,544.0,1703.0,5696.0,138.67999267578125,283.98651123046875,309.400390625,842.2000122070312,4176.5,275.0
2019-02-11,156.83999633789062,544.2999877929688,1725.0,5681.0,141.10000610351562,284.9997863769531,313.79290771484375,844.0,4205.5,281.79998779296875
2019-02-12,158.05999755859375,545.2000122070312,1730.800048828125,5724.0,139.63999938964844,283.09979248046875,313.5184020996094,845.2999877929688,4256.5,283.6000061035156
2019-02-13,158.02000427246094,551.2000122070312,1771.800048828125,5721.0,139.36000061035156,277.6531982421875,323.1271057128906,842.7999877929688,4260.5,284.70001220703125
2019-02-14,156.9600067138672,540.9000244140625,1772.0,6149.0,139.63999938964844,276.0065002441406,325.597900390625,849.5999755859375,4250.5,284.79998779296875
2019-02-15,159.5,543.5,1792.800048828125,6241.0,141.1999969482422,283.98651123046875,333.3534851074219,842.2000122070312,4249.0,282.29998779296875
2019-02-18,158.1199951171875,538.0,1799.5999755859375,6156.0,142.13999938964844,282.84649658203125,333.55938720703125,842.2999877929688,4257.0,282.79998779296875
2019-02-19,159.0,536.7999877929688,1795.800048828125,6093.0,141.5,287.0264892578125,334.5202941894531,845.2999877929688,4209.0,281.79998779296875
2019-02-20,160.8800048828125,539.4000244140625,1823.5999755859375,6143.0,142.3800048828125,288.039794921875,339.1874084472656,847.7000122070312,4236.0,278.20001220703125
2019-02-21,160.77999877929688,538.9000244140625,1787.4000244140625,6096.0,141.1999969482422,286.3931884765625,336.8537902832031,855.0,4255.5,281.8999938964844
2019-02-22,156.13999938964844,537.0999755859375,1827.4000244140625,6159.0,141.8000030517578,282.21319580078125,336.9224853515625,861.5999755859375,4190.0,281.70001220703125
2019-02-25,159.22000122070312,537.0,1812.5999755859375,6290.0,139.60000610351562,282.97320556640625,335.481201171875,857.7999877929688,4156.5,279.3999938964844
2019-02-26,164.89999389648438,533.0,1808.0,6271.0,136.60000610351562,289.3064880371094,334.9320983886719,858.7999877929688,4117.0,291.6000061035156
2019-02-27,166.89999389648438,534.0,1802.4000244140625,6283.0,133.60000610351562,290.1932067871094,337.2655944824219,852.7000122070312,3988.0,288.79998779296875
2019-02-28,164.16000366210938,534.4000244140625,1746.0,6139.0,134.27999877929688,286.2665100097656,327.7255859375,847.9000244140625,4008.0,288.0
2019-03-01,162.5,533.0,1741.0,6186.0,134.24000549316406,290.4465026855469,310.56719970703125,849.2999877929688,3983.0,293.29998779296875
2019-03-04,163.74000549316406,536.0999755859375,1744.5999755859375,6212.0,131.36000061035156,290.3197937011719,307.2041015625,848.5999755859375,3999.5,291.6000061035156
2019-03-05,164.55999755859375,538.2999877929688,1757.4000244140625,6297.0,133.97999572753906,293.73980712890625,313.3125,850.0,4072.5,292.1000061035156
2019-03-06,165.32000732421875,538.0,1779.0,6306.0,133.9600067138672,294.2464904785156,308.8512878417969,846.2999877929688,4046.0,295.0
2019-03-07,162.27999877929688,540.7000122070312,1725.5999755859375,6258.0,135.6199951171875,296.77978515625,308.8512878417969,867.0999755859375,4121.0,292.20001220703125
2019-03-08,158.77999877929688,534.2999877929688,1727.199951171875,6271.0,136.8000030517578,289.4331970214844,302.605712890625,873.4000244140625,4161.0,285.20001220703125
2019-03-11,161.0,535.5999755859375,1744.199951171875,6315.0,138.9600067138672,288.16650390625,303.8410949707031,875.2000122070312,4112.5,283.3999938964844
2019-03-12,162.86000061035156,536.5999755859375,1746.0,6283.0,139.39999389648438,289.1798095703125,304.45880126953125,881.4000244140625,4138.5,285.79998779296875
2019-03-13,163.89999389648438,547.7999877929688,1755.800048828125,6293.0,139.39999389648438,290.5732116699219,305.1451110839844,873.7999877929688,4139.0,285.20001220703125
2019-03-14,164.97999572753906,549.9000244140625,1730.4000244140625,6309.0,140.16000366210938,289.1798095703125,308.37091064453125,873.5,4193.0,283.6000061035156
2019-03-15,165.94000244140625,544.5,1718.5999755859375,6274.0,143.55999755859375,290.5732116699219,308.0277099609375,876.2999877929688,4253.5,283.3999938964844
2019-03-18,166.22000122070312,554.0,1768.4000244140625,6350.0,144.16000366210938,298.1731872558594,311.73388671875,885.4000244140625,4266.0,275.5
2019-03-19,168.60000610351562,558.5,1781.0,6368.0,145.5800018310547,300.0732116699219,315.3028869628906,883.5999755859375,4257.5,274.0
2019-03-20,164.44000244140625,556.2000122070312,1767.5999755859375,6401.0,145.5399932861328,297.033203125,316.1950988769531,884.5999755859375,4292.0,273.20001220703125
2019-03-21,160.5800018310547,563.7999877929688,1796.199951171875,6525.0,146.75999450683594,295.3865051269531,317.4305114746094,886.4000244140625,4399.5,268.20001220703125
2019-03-22,155.44000244140625,552.0999755859375,1760.199951171875,6351.0,144.25999450683594,295.3865051269531,310.2239990234375,886.2999877929688,4329.5,263.20001220703125
2019-03-25,155.5399932861328,548.2000122070312,1772.5999755859375,6376.0,141.67999267578125,294.8797912597656,307.135498046875,880.0,4329.5,260.1000061035156
2019-03-26,153.3000030517578,550.5999755859375,1787.5999755859375,6412.0,142.33999633789062,289.6864929199219,305.96868896484375,889.2000122070312,4350.5,259.3999938964844
2019-03-27,155.5399932861328,545.7999877929688,1795.800048828125,6356.0,140.8000030517578,289.0531921386719,306.03729248046875,884.2000122070312,4347.5,260.0
2019-03-28,153.0800018310547,550.5999755859375,1818.0,6496.0,138.75999450683594,290.0664978027344,308.714111328125,855.0999755859375,4400.5,257.1000061035156
2019-03-29,154.67999267578125,558.5,1848.5999755859375,6135.0,139.8000030517578,293.9931945800781,309.9494934082031,850.7999877929688,4395.0,262.1000061035156
2019-04-01,158.32000732421875,559.2000122070312,1902.4000244140625,6169.0,141.8800048828125,295.1332092285156,314.7538146972656,842.7999877929688,4355.0,262.0
2019-04-02,160.0,563.7999877929688,1907.0,6265.0,142.1999969482422,295.1332092285156,311.2535095214844,845.9000244140625,4393.0,259.6000061035156
2019-04-03,164.0,560.2999877929688,1915.5999755859375,6165.0,143.67999267578125,299.6932067871094,312.2829895019531,842.5,4384.5,265.0
2019-04-04,164.66000366210938,559.5999755859375,1902.199951171875,6118.0,144.4600067138672,299.1864929199219,310.2239990234375,840.0999755859375,4399.5,264.3999938964844
2019-04-05,162.75999450683594,568.5999755859375,1932.5999755859375,6145.0,141.33999633789062,300.0732116699219,318.0481872558594,834.7999877929688,4402.0,263.0
2019-04-08,162.1199951171875,578.2000122070312,1944.199951171875,6186.0,140.55999755859375,301.46649169921875,312.5574951171875,832.5999755859375,4413.0,260.3999938964844
2019-04-09,161.44000244140625,574.0,1939.199951171875,6151.0,140.52000427246094,296.273193359375,308.43951416015625,832.0,4418.5,257.6000061035156
2019-04-10,161.13999938964844,576.2000122070312,1943.4000244140625,6120.0,139.83999633789062,306.9132080078125,305.0765075683594,834.0,4394.0,257.0
2019-04-11,163.67999267578125,572.5999755859375,1923.199951171875,6018.0,138.10000610351562,314.5132141113281,301.9880065917969,825.5,4393.0,261.3999938964844
2019-04-12,165.9600067138672,570.5999755859375,1935.0,5988.0,140.5399932861328,312.9931945800781,306.03729248046875,817.2999877929688,4364.0,265.79998779296875
2019-04-15,167.67999267578125,569.9000244140625,1902.800048828125,5994.0,142.5,315.77978515625,305.7627868652344,820.4000244140625,4346.0,268.79998779296875
2019-04-16,167.39999389648438,568.0999755859375,1909.5999755859375,6015.0,142.60000610351562,316.2864990234375,309.2630920410156,819.0999755859375,4372.0,267.20001220703125
2019-04-17,168.9199981689453,572.0,1861.0,5914.0,143.72000122070312,317.0465087890625,311.2535095214844,819.7000122070312,4378.0,265.3999938964844
2019-04-18,169.39999389648438,567.7000122070312,1869.4000244140625,5815.0,142.55999755859375,316.793212890625,311.52801513671875,818.7000122070312,4503.5,260.20001220703125
2019-04-23,166.5800018310547,582.5,1871.4000244140625,5915.0,141.6199951171875,320.46649169921875,314.0675048828125,819.0999755859375,4527.5,259.0
2019-04-24,166.3800048828125,570.2000122070312,1843.199951171875,5908.0,139.86000061035156,318.6932067871094,316.4696960449219,829.0,4533.0,263.6000061035156
2019-04-25,160.39999389648438,569.2999877929688,1830.800048828125,5889.0,139.6199951171875,314.6398010253906,318.1169128417969,831.2000122070312,4553.0,258.0
2019-04-26,161.0399932861328,556.0999755859375,1831.800048828125,5795.0,141.9199981689453,316.66650390625,314.3420104980469,836.5,4587.0,252.8000030517578
2019-04-29,164.6999969482422,552.5,1830.0,5840.0,143.36000061035156,314.5132141113281,316.67559814453125,834.0,4610.0,251.0
2019-04-30,164.27999877929688,559.0,1809.4000244140625,5726.0,142.0,316.4132080078125,313.8616027832031,836.0999755859375,4657.5,251.1999969482422
2019-05-01,163.5399932861328,552.0,1798.0,5644.0,141.13999938964844,317.6798095703125,314.2734069824219,827.2000122070312,4630.0,251.8000030517578
2019-05-02,164.5399932861328,547.5,1762.5999755859375,5688.0,141.0399932861328,314.3865051269531,316.1950988769531,823.2000122070312,4589.5,248.8000030517578
2019-05-03,163.67999267578125,548.0999755859375,1778.4000244140625,5741.0,140.05999755859375,313.3731994628906,320.58770751953125,829.0999755859375,4603.0,251.60000610351562
2019-05-07,159.4199981689453,533.2000122070312,1764.800048828125,5763.0,140.0,312.8664855957031,313.1752014160156,834.5,4593.0,248.0
2019-05-08,159.55999755859375,538.2999877929688,1764.199951171875,5835.0,140.10000610351562,308.4331970214844,313.79290771484375,824.0,4629.0,250.1999969482422
2019-05-09,156.86000061035156,525.5,1733.5999755859375,5826.0,138.5,304.7597961425781,313.5870056152344,825.0,4611.0,243.39999389648438
2019-05-10,157.52000427246094,524.2000122070312,1743.0,5692.0,139.0,306.6597900390625,315.23419189453125,835.5,4609.5,242.8000030517578
2019-05-13,155.10000610351562,526.2999877929688,1713.199951171875,5676.0,131.77999877929688,301.21319580078125,308.0964050292969,849.5999755859375,4649.5,239.39999389648438
2019-05-14,157.63999938964844,534.5999755859375,1747.4000244140625,5803.0,126.83999633789062,306.533203125,311.45941162109375,850.2999877929688,4640.5,243.39999389648438
2019-05-15,160.0,539.4000244140625,1750.0,5821.0,126.0,308.6864929199219,314.3420104980469,842.7999877929688,4690.0,247.0
2019-05-16,160.67999267578125,549.7000122070312,1789.4000244140625,5880.0,124.86000061035156,303.7464904785156,320.72491455078125,814.5,4775.0,242.0
2019-05-17,158.74000549316406,556.0,1794.800048828125,5875.0,124.27999877929688,303.23980712890625,321.5484924316406,818.0999755859375,4796.5,238.60000610351562
2019-05-20,156.36000061035156,557.2000122070312,1791.5999755859375,5824.0,126.4000015258789,297.2864990234375,322.9898986816406,817.7999877929688,4787.5,231.60000610351562
2019-05-21,157.0,560.0999755859375,1790.0,5868.0,126.0199966430664,300.0732116699219,315.0282897949219,815.2000122070312,4751.0,235.1999969482422
2019-05-22,152.82000732421875,560.5,1786.800048828125,5938.0,125.66000366210938,294.7532043457031,315.5087890625,813.5999755859375,4857.0,223.39999389648438
2019-05-23,149.5,544.0999755859375,1757.4000244140625,6013.0,123.31999969482422,291.0798034667969,305.4195861816406,806.0,4839.0,227.1999969482422
2019-05-24,149.25999450683594,544.5,1800.0,6089.0,126.0999984741211,293.8664855957031,304.8019104003906,816.5999755859375,4883.5,228.8000030517578
2019-05-28,150.66000366210938,545.5,1834.0,5938.0,127.12000274658203,301.71978759765625,299.9975891113281,812.0999755859375,4859.5,232.1999969482422
2019-05-29,150.75999450683594,541.2999877929688,1800.0,5878.0,129.3000030517578,286.0132141113281,296.497314453125,815.7999877929688,4840.0,230.0
2019-05-30,150.89999389648438,541.2999877929688,1810.0,5862.0,129.94000244140625,288.16650390625,298.6935119628906,778.0,4887.0,233.60000610351562
2019-05-31,149.33999633789062,540.0999755859375,1784.5999755859375,5833.0,129.4199981689453,286.773193359375,295.1246032714844,792.7999877929688,4837.0,237.60000610351562
2019-06-03,149.47999572753906,544.0,1798.0,5944.0,129.9600067138672,285.1264953613281,297.66400146484375,794.2000122070312,4855.0,235.0
2019-06-04,154.10000610351562,544.5999755859375,1800.5999755859375,5987.0,133.67999267578125,289.8132019042969,301.6448059082031,783.0,4814.5,239.0
2019-06-05,152.5,537.5999755859375,1794.4000244140625,5959.0,133.10000610351562,288.6731872558594,303.0174865722656,800.7000122070312,4858.0,239.60000610351562
2019-06-06,151.24000549316406,543.5,1804.4000244140625,6045.0,127.9800033569336,290.1932067871094,306.79229736328125,815.2999877929688,4880.0,239.1999969482422
2019-06-07,151.05999755859375,551.7999877929688,1824.199951171875,6028.0,129.89999389648438,290.5732116699219,312.07708740234375,822.9000244140625,4914.0,240.39999389648438
2019-06-10,153.0800018310547,555.5,1852.0,6104.0,130.39999389648438,291.8398132324219,308.9200134277344,816.9000244140625,4899.0,242.8000030517578
2019-06-11,152.22000122070312,557.0,1894.199951171875,6137.0,130.17999267578125,288.16650390625,309.5376892089844,816.0999755859375,4918.0,240.60000610351562
2019-06-12,150.47999572753906,540.7999877929688,1908.5999755859375,6198.0,129.33999633789062,288.16650390625,306.6549987792969,822.7999877929688,4972.5,239.0
2019-06-13,149.52000427246094,539.0,1929.0,6194.0,129.0399932861328,290.6997985839844,307.8218078613281,818.5,4947.0,242.8000030517578
2019-06-14,149.0,538.9000244140625,1910.0,6215.0,128.02000427246094,284.23980712890625,306.03729248046875,833.4000244140625,4973.5,238.39999389648438
2019-06-17,150.74000549316406,536.0,1917.199951171875,6250.0,127.45999908447266,287.533203125,311.2535095214844,829.2000122070312,4967.0,238.1999969482422
2019-06-18,151.60000610351562,545.9000244140625,1965.199951171875,6410.0,129.17999267578125,298.2998046875,317.0187072753906,840.9000244140625,4983.5,241.0
2019-06-19,153.22000122070312,541.5999755859375,1924.199951171875,6450.0,127.19999694824219,297.66650390625,311.73388671875,834.2000122070312,4927.0,243.0
2019-06-20,150.47999572753906,549.2999877929688,1963.0,6486.0,128.33999633789062,299.6932067871094,313.3125,842.5,4913.0,246.0
2019-06-21,148.6999969482422,556.2000122070312,1965.0,6378.0,126.9000015258789,299.8197937011719,302.6742858886719,847.0999755859375,4908.5,245.39999389648438
2019-06-24,148.4600067138672,550.2999877929688,1975.5999755859375,6438.0,126.23999786376953,292.97979736328125,304.3901062011719,845.9000244140625,4951.5,241.60000610351562
2019-06-25,146.89999389648438,551.0,1990.199951171875,6442.0,124.23999786376953,289.0531921386719,299.9975891113281,839.0999755859375,4936.0,242.1999969482422
2019-06-26,149.3000030517578,554.5,2006.5,6365.0,125.76000213623047,283.98651123046875,291.7615051269531,830.2000122070312,4891.5,243.0
2019-06-27,150.0,550.7000122070312,2010.0,6409.0,128.66000366210938,287.7864990234375,289.7025146484375,833.0999755859375,4862.5,246.60000610351562
2019-06-28,149.8000030517578,548.5999755859375,2015.0,6438.0,129.32000732421875,287.1531982421875,288.39849853515625,835.7999877929688,4894.5,242.0
2019-07-01,152.52000427246094,557.9000244140625,2032.5,6469.0,127.94000244140625,293.10650634765625,294.2323913574219,839.0999755859375,4908.5,245.0
2019-07-02,153.77999877929688,555.9000244140625,2049.0,6532.0,128.75999450683594,293.48651123046875,294.3695983886719,862.7000122070312,5016.0,242.8000030517578
2019-07-03,154.97999572753906,546.2999877929688,2044.5,6602.0,131.4199981689453,296.1465148925781,299.79168701171875,867.0,5083.0,249.39999389648438
2019-07-04,155.9600067138672,545.9000244140625,2011.0,6578.0,132.9199981689453,297.539794921875,299.448486328125,865.0,5062.0,249.0
2019-07-05,157.22000122070312,542.5,1955.5999755859375,6527.0,134.63999938964844,300.5798034667969,296.4285888671875,854.0999755859375,5045.0,242.1999969482422
2019-07-08,156.9199981689453,545.9000244140625,1992.4000244140625,6437.0,133.77999877929688,297.2864990234375,292.7911071777344,849.7000122070312,5061.0,240.0
2019-07-09,156.44000244140625,546.4000244140625,1975.0,6476.0,133.82000732421875,295.8931884765625,293.4088134765625,854.2999877929688,5038.0,238.1999969482422
2019-07-10,156.47999572753906,545.7000122070312,1997.0,6489.0,132.5,300.3265075683594,290.1830139160156,853.9000244140625,5022.0,239.0
2019-07-11,157.94000244140625,545.7999877929688,1979.5999755859375,6382.0,132.5,305.6465148925781,289.4966125488281,840.5,4998.5,238.0
2019-07-12,157.1999969482422,546.0,1988.0,6324.0,131.74000549316406,306.6597900390625,290.59478759765625,838.5,5003.0,238.8000030517578
2019-07-15,156.77999877929688,542.0999755859375,2006.5,6331.0,130.1999969482422,304.2532043457031,292.5165100097656,837.9000244140625,5025.0,232.39999389648438
2019-07-16,158.0800018310547,543.5999755859375,2030.0,6411.0,128.0800018310547,302.60650634765625,297.114990234375,830.0,5091.0,230.0
2019-07-17,155.77999877929688,528.0,2034.0,6442.0,126.08000183105469,302.09979248046875,298.5563049316406,830.0,5079.0,227.8000030517578
2019-07-18,156.32000732421875,515.7000122070312,1997.199951171875,6402.0,126.9000015258789,299.8197937011719,293.75189208984375,832.0,5065.0,224.60000610351562
2019-07-19,155.6199951171875,517.7000122070312,2028.5,6390.0,129.33999633789062,301.84649658203125,296.2226867675781,834.7999877929688,5011.0,224.1999969482422
2019-07-22,156.60000610351562,523.0,2030.5,6380.0,128.33999633789062,297.9197998046875,297.4580993652344,833.5,5030.0,220.8000030517578
2019-07-23,160.10000610351562,527.2999877929688,2042.5,6464.0,130.8000030517578,291.2065124511719,301.027099609375,842.0,5042.0,218.8000030517578
2019-07-24,159.9199981689453,523.5,1960.800048828125,6359.0,131.75999450683594,288.7998046875,299.86029052734375,840.7000122070312,4998.0,221.0
2019-07-25,159.5399932861328,523.5999755859375,1958.0,6850.0,132.0,287.406494140625,297.8699035644531,840.2999877929688,4896.0,220.1999969482422
2019-07-26,160.0800018310547,523.0,1955.0,6905.0,146.0,286.2665100097656,298.0072021484375,846.4000244140625,4899.0,222.60000610351562
2019-07-29,160.82000732421875,527.0,1993.800048828125,7180.0,152.24000549316406,287.1531982421875,304.3901062011719,856.5999755859375,5013.0,216.0
2019-07-30,157.72000122070312,543.2000122070312,1997.4000244140625,7128.0,151.24000549316406,282.71978759765625,305.8313903808594,851.9000244140625,5039.0,206.0
2019-07-31,154.0800018310547,545.7000122070312,1984.199951171875,7061.0,150.0800018310547,282.84649658203125,295.8109130859375,844.2999877929688,4955.5,206.0
2019-08-01,155.8800048828125,538.7000122070312,1936.199951171875,7200.0,151.66000366210938,283.7331848144531,294.1636962890625,856.0,5007.0,208.0
2019-08-02,153.16000366210938,526.9000244140625,1844.0,7240.0,150.36000061035156,279.5531921386719,284.2804870605469,856.5999755859375,4939.5,203.8000030517578
2019-08-05,147.3000030517578,515.5999755859375,1804.4000244140625,7099.0,147.6999969482422,274.9931945800781,279.6820068359375,842.0,4868.0,196.89999389648438
2019-08-06,147.24000549316406,507.0,1778.800048828125,7076.0,146.3800048828125,272.2065124511719,260.464599609375,831.0,4826.0,194.3000030517578
2019-08-07,147.5399932861328,505.6000061035156,1760.0,7122.0,147.1999969482422,274.6131896972656,250.5126953125,843.0999755859375,4863.0,194.1999969482422
2019-08-08,145.9199981689453,502.8999938964844,1835.0,7227.0,150.5399932861328,278.2864990234375,265.47491455078125,846.7000122070312,4867.0,197.6999969482422
2019-08-09,143.75999450683594,502.8999938964844,1802.0,7351.0,149.0800018310547,276.3865051269531,267.4652099609375,849.7999877929688,4874.5,198.3000030517578
2019-08-12,141.47999572753906,500.79998779296875,1797.4000244140625,7330.0,148.32000732421875,274.6131896972656,258.131103515625,847.4000244140625,4927.5,195.1999969482422
2019-08-13,141.10000610351562,506.8999938964844,1816.0,7342.0,149.67999267578125,271.1932067871094,258.268310546875,837.0999755859375,4907.0,201.8000030517578
2019-08-14,138.75999450683594,498.0,1782.800048828125,7269.0,149.02000427246094,271.4465026855469,258.0624084472656,842.7999877929688,4967.0,220.60000610351562
2019-08-15,137.1999969482422,489.70001220703125,1772.5999755859375,7230.0,148.24000549316406,269.926513671875,258.61151123046875,851.0,4976.5,212.1999969482422
2019-08-16,139.82000732421875,490.20001220703125,1755.199951171875,7256.0,150.83999633789062,273.72650146484375,258.7488098144531,857.7000122070312,5011.0,219.39999389648438
2019-08-19,140.60000610351562,500.1000061035156,1781.4000244140625,7281.0,150.32000732421875,278.2864990234375,261.7685852050781,867.9000244140625,5091.0,226.0
2019-08-20,138.47999572753906,493.3500061035156,1734.800048828125,7269.0,148.25999450683594,273.21978759765625,263.89630126953125,850.2999877929688,5070.0,212.0
2019-08-21,139.17999267578125,498.8500061035156,1713.800048828125,7412.0,150.94000244140625,271.4465026855469,269.1123962402344,856.5,5117.0,218.0
2019-08-22,139.32000732421875,494.45001220703125,1698.5999755859375,7324.0,150.55999755859375,270.4331970214844,261.2882080078125,847.7999877929688,5025.0,215.60000610351562
2019-08-23,138.0399932861328,488.0,1680.4000244140625,7313.0,150.33999633789062,269.293212890625,257.3760986328125,853.0,5010.0,212.60000610351562
2019-08-27,136.67999267578125,488.04998779296875,1672.5999755859375,7240.0,151.27999877929688,270.6864929199219,256.89569091796875,854.0999755859375,5095.0,213.0
2019-08-28,136.16000366210938,498.75,1712.0,7266.0,152.77999877929688,277.1465148925781,255.66029357910156,854.5999755859375,5136.0,208.1999969482422
2019-08-29,137.5399932861328,502.8999938964844,1730.0,7365.0,155.86000061035156,277.1465148925781,258.8174133300781,853.7999877929688,5150.0,212.60000610351562
2019-08-30,136.60000610351562,500.20001220703125,1773.0,7318.0,155.24000549316406,277.6531982421875,264.65130615234375,858.5,5196.0,215.60000610351562
2019-09-02,137.5399932861328,503.79998779296875,1765.5999755859375,7533.0,156.66000366210938,283.98651123046875,265.5434875488281,860.9000244140625,5271.0,218.60000610351562
2019-09-03,137.32000732421875,502.8999938964844,1764.5999755859375,7430.0,157.89999389648438,284.9997863769531,262.5235900878906,869.0999755859375,5324.0,218.39999389648438
2019-09-04,137.36000061035156,507.0,1806.4000244140625,7391.0,156.9600067138672,288.16650390625,263.89630126953125,866.7000122070312,5307.0,220.60000610351562
2019-09-05,139.82000732421875,507.0,1750.5999755859375,7191.0,153.72000122070312,290.4465026855469,266.3670959472656,845.2999877929688,5179.0,222.60000610351562
2019-09-06,140.10000610351562,501.0,1759.4000244140625,7255.0,155.75999450683594,294.4997863769531,270.07330322265625,841.0,5190.0,224.0
2019-09-09,140.77999877929688,504.79998779296875,1758.4000244140625,7004.0,155.52000427246094,292.09320068359375,269.8674011230469,820.0,5063.0,225.0
2019-09-10,147.67999267578125,512.7000122070312,1775.0,6847.0,157.72000122070312,293.10650634765625,279.4761047363281,816.4000244140625,4953.5,229.1999969482422
2019-09-11,148.6999969482422,512.0999755859375,1777.0,6917.0,159.0,296.77978515625,285.5158996582031,826.0999755859375,4962.5,235.39999389648438
2019-09-12,148.6999969482422,504.0,1803.800048828125,6904.0,160.97999572753906,298.8064880371094,284.55499267578125,831.9000244140625,5003.0,232.0
2019-09-13,150.11300659179688,504.0069885253906,1836.4000244140625,6847.68798828125,161.4199981689453,304.5065002441406,285.4472961425781,828.5,4910.5,239.1999969482422
2019-09-16,153.47999572753906,524.5999755859375,1824.199951171875,6793.0,159.05999755859375,300.83319091796875,276.4562072753906,832.9000244140625,4849.5,234.0
2019-09-17,149.1999969482422,517.0,1794.5999755859375,6891.0,157.10000610351562,297.033203125,277.9661865234375,843.5,4937.5,231.39999389648438
2019-09-18,148.0,515.0999755859375,1795.5999755859375,6947.0,156.1999969482422,298.2998046875,275.5639953613281,846.5999755859375,4929.0,229.1999969482422
2019-09-19,150.47999572753906,516.9000244140625,1792.5999755859375,7127.0,160.39999389648438,299.5664978027344,277.8976135253906,851.2000122070312,4920.0,228.1999969482422
2019-09-20,151.5399932861328,521.0,1788.800048828125,7167.0,159.52000427246094,305.8998107910156,272.0636901855469,851.5,4795.0,229.0
2019-09-23,149.25999450683594,518.9000244140625,1761.199951171875,7170.0,159.9600067138672,304.5065002441406,265.9552917480469,860.2999877929688,4867.5,224.0
2019-09-24,147.0399932861328,511.1000061035156,1710.800048828125,7245.0,160.05999755859375,303.4931945800781,266.09259033203125,867.9000244140625,4904.5,220.0
2019-09-25,148.1199951171875,508.70001220703125,1733.0,7328.0,160.5399932861328,301.3398132324219,267.9457092285156,863.2999877929688,4861.5,220.39999389648438
2019-09-26,149.13999938964844,514.2999877929688,1734.5999755859375,7379.0,162.86000061035156,305.1398010253906,269.5928955078125,887.0,4903.0,218.8000030517578
2019-09-27,150.9199981689453,519.2999877929688,1754.800048828125,7383.0,162.1999969482422,309.6997985839844,271.7892150878906,883.0,4917.5,221.60000610351562
2019-09-30,150.39999389648438,515.7999877929688,1732.4000244140625,7261.0,162.0,305.2665100097656,271.9263916015625,881.9000244140625,4890.0,222.0
2019-10-01,149.63999938964844,514.2000122070312,1736.0,7136.0,159.39999389648438,303.3664855957031,266.09259033203125,883.0999755859375,4892.0,221.0
2019-10-02,144.32000732421875,492.0,1665.0,6899.0,155.72000122070312,303.9997863769531,253.94439697265625,864.2999877929688,4785.5,217.39999389648438
2019-10-03,142.05999755859375,484.8999938964844,1659.5999755859375,6940.0,155.24000549316406,299.3132019042969,247.76739501953125,858.5999755859375,4784.0,216.8000030517578
2019-10-04,142.94000244140625,494.8999938964844,1683.199951171875,6998.0,157.86000061035156,300.45318603515625,250.5126953125,870.0999755859375,4801.5,216.39999389648438
2019-10-07,144.33999633789062,502.29998779296875,1686.199951171875,7043.0,160.74000549316406,300.1997985839844,251.1990966796875,879.5999755859375,4843.0,211.1999969482422
2019-10-08,143.94000244140625,501.6000061035156,1671.4000244140625,7009.0,160.8800048828125,291.0798034667969,249.2772979736328,880.5,4836.5,206.60000610351562
2019-10-09,145.0,506.29998779296875,1664.0,7091.0,160.94000244140625,287.9132080078125,251.06179809570312,879.2000122070312,4840.0,208.60000610351562
2019-10-10,149.1999969482422,502.0,1696.5999755859375,7052.0,162.82000732421875,288.039794921875,251.88540649414062,870.7999877929688,4779.5,207.1999969482422
2019-10-11,160.47999572753906,493.54998779296875,1720.4000244140625,6916.0,161.3000030517578,306.7864990234375,255.04249572753906,891.5999755859375,4647.0,223.60000610351562
2019-10-14,157.60000610351562,492.75,1675.0,6979.0,161.0,302.85980224609375,258.19970703125,883.7999877929688,4645.0,225.8000030517578
2019-10-15,164.0399932861328,490.20001220703125,1642.199951171875,6885.0,161.82000732421875,309.3197937011719,256.0721130371094,893.5,4568.5,226.39999389648438
2019-10-16,164.25999450683594,486.20001220703125,1622.5999755859375,6815.0,160.63999938964844,308.1798095703125,254.56210327148438,895.2999877929688,4608.5,228.60000610351562
2019-10-17,164.0,488.25,1606.0,6821.0,160.44000244140625,307.293212890625,250.37550354003906,899.0,4652.5,230.0
2019-10-18,165.0,485.04998779296875,1600.0,6772.0,160.47999572753906,309.0664978027344,244.19839477539062,900.0,4626.0,230.1999969482422
2019-10-21,165.6199951171875,490.0,1603.4000244140625,6729.0,159.8000030517578,310.96649169921875,242.41400146484375,897.5,4558.0,230.60000610351562
2019-10-22,165.3000030517578,499.1499938964844,1618.4000244140625,6803.0,160.02000427246094,309.5732116699219,248.72830200195312,910.7000122070312,4585.5,227.39999389648438
2019-10-23,165.77999877929688,506.3999938964844,1639.5999755859375,6919.0,162.74000549316406,306.6597900390625,249.3459930419922,922.2000122070312,4565.5,227.0
2019-10-24,166.39999389648438,510.0,1645.0,7303.0,161.1999969482422,305.5198059082031,240.9040069580078,925.7999877929688,4631.5,226.39999389648438
2019-10-25,170.36000061035156,512.0,1657.199951171875,7383.0,160.60000610351562,303.4931945800781,244.61019897460938,903.9000244140625,4631.5,226.0
2019-10-28,170.5,512.0,1678.4000244140625,7438.0,160.16000366210938,303.7464904785156,247.56149291992188,900.5999755859375,4557.5,226.1999969482422
2019-10-29,171.72000122070312,492.54998779296875,1677.5999755859375,7387.0,158.1999969482422,302.47979736328125,245.50250244140625,894.5,4595.5,227.39999389648438
2019-10-30,168.4199981689453,500.6000061035156,1653.0,7580.0,157.5399932861328,298.5531921386719,244.47300720214844,901.9000244140625,4652.0,225.0
2019-10-31,167.8000030517578,489.29998779296875,1634.800048828125,7501.0,157.39999389648438,297.9197998046875,243.3061981201172,901.2999877929688,4622.5,225.39999389648438
2019-11-01,167.17999267578125,497.1000061035156,1673.4000244140625,7465.0,158.5,301.3398132324219,248.65960693359375,900.4000244140625,4612.0,225.60000610351562
2019-11-04,168.13999938964844,511.1000061035156,1722.800048828125,7482.0,160.27999877929688,303.4931945800781,252.64039611816406,897.0,4595.0,226.8000030517578
2019-11-05,169.16000366210938,516.4000244140625,1764.5999755859375,7363.0,161.97999572753906,301.97320556640625,263.89630126953125,891.0,4605.5,225.1999969482422
2019-11-06,168.32000732421875,514.0999755859375,1763.0,7337.0,162.44000244140625,300.5798034667969,266.4356994628906,897.7999877929688,4689.5,225.0
2019-11-07,170.0399932861328,513.9000244140625,1751.800048828125,7287.0,163.4199981689453,306.6597900390625,267.5339050292969,886.2999877929688,4654.5,233.0
2019-11-08,166.44000244140625,508.6000061035156,1726.800048828125,7277.0,162.24000549316406,301.3398132324219,266.572998046875,889.9000244140625,4675.0,230.8000030517578
2019-11-11,171.63999938964844,506.70001220703125,1692.4000244140625,7248.0,160.27999877929688,301.08648681640625,253.80709838867188,886.7999877929688,4613.0,235.8000030517578
2019-11-12,172.75999450683594,511.8999938964844,1696.4000244140625,7275.0,165.24000549316406,296.1465148925781,255.3170928955078,887.4000244140625,4597.0,229.39999389648438
2019-11-13,170.8800048828125,510.79998779296875,1676.800048828125,7387.0,165.0399932861328,293.8664855957031,252.5717010498047,891.7000122070312,4625.5,229.39999389648438
2019-11-14,170.10000610351562,506.29998779296875,1674.5999755859375,7316.0,159.5800018310547,292.47320556640625,250.37550354003906,893.9000244140625,4603.0,229.0
2019-11-15,170.74000549316406,508.8999938964844,1690.0,7248.0,154.60000610351562,296.1465148925781,251.61090087890625,895.0999755859375,4568.0,228.1999969482422
2019-11-18,170.32000732421875,501.79998779296875,1686.199951171875,7383.0,152.1199951171875,298.0465087890625,250.0323028564453,906.7999877929688,4567.0,226.60000610351562
2019-11-19,170.4199981689453,501.8999938964844,1704.199951171875,7312.0,153.24000549316406,297.793212890625,250.2382049560547,898.7999877929688,4557.5,227.1999969482422
2019-11-20,169.1999969482422,497.1000061035156,1690.5999755859375,7254.0,152.4199981689453,294.6264953613281,247.08099365234375,893.0999755859375,4526.5,224.8000030517578
2019-11-21,168.17999267578125,497.25,1670.199951171875,7336.0,152.0399932861328,291.0798034667969,245.36520385742188,888.0999755859375,4495.0,216.1999969482422
2019-11-22,169.25999450683594,499.0,1710.199951171875,7418.0,156.5800018310547,294.6264953613281,251.61090087890625,898.5,4516.5,216.60000610351562
2019-11-25,172.0,500.29998779296875,1720.199951171875,7536.0,156.89999389648438,295.8931884765625,254.63070678710938,910.4000244140625,4518.5,223.60000610351562
2019-11-26,171.74000549316406,493.1000061035156,1734.0,7560.0,157.39999389648438,294.8797912597656,254.28759765625,909.9000244140625,4560.5,223.0
2019-11-27,174.4199981689453,489.3500061035156,1726.800048828125,7529.0,160.44000244140625,297.033203125,245.6396942138672,922.5,4562.5,227.39999389648438
2019-11-28,174.22000122070312,486.1000061035156,1744.4000244140625,7500.0,154.16000366210938,300.7065124511719,246.60060119628906,896.0,4571.5,227.0
2019-11-29,171.5399932861328,480.20001220703125,1710.0,7458.0,153.36000061035156,290.5732116699219,244.19839477539062,889.7000122070312,4578.0,220.8000030517578
2019-12-02,169.17999267578125,481.75,1718.800048828125,7422.0,148.3800048828125,293.2331848144531,239.0509033203125,878.7999877929688,4542.0,221.0
2019-12-03,166.33999633789062,470.04998779296875,1674.4000244140625,7334.0,145.8000030517578,286.6465148925781,237.54100036621094,878.0,4524.5,218.60000610351562
2019-12-04,167.16000366210938,472.3500061035156,1689.0,7313.0,146.0800018310547,286.3931884765625,240.8354034423828,878.2999877929688,4520.5,222.1999969482422
2019-12-05,167.16000366210938,465.3500061035156,1661.5999755859375,7229.0,144.25999450683594,287.533203125,241.2471923828125,882.7000122070312,4475.0,224.8000030517578
2019-12-06,169.39999389648438,473.1000061035156,1703.800048828125,7258.0,144.3800048828125,294.2464904785156,246.2574005126953,892.5999755859375,4551.0,230.0
2019-12-09,171.67999267578125,471.25,1715.199951171875,7222.0,143.86000061035156,307.926513671875,248.79690551757812,890.7999877929688,4544.5,230.60000610351562
2019-12-10,170.13999938964844,469.29998779296875,1710.5999755859375,7246.0,142.74000549316406,304.3797912597656,240.56089782714844,890.7000122070312,4548.5,230.60000610351562
2019-12-11,168.67999267578125,463.25,1729.0,7306.0,143.5800018310547,303.61981201171875,241.38450622558594,897.0,4524.5,230.39999389648438
2019-12-12,171.86000061035156,469.3500061035156,1743.5999755859375,7275.0,144.33999633789062,306.27978515625,241.72760009765625,888.0,4529.5,240.39999389648438
2019-12-13,182.47999572753906,462.45001220703125,1738.199951171875,7217.0,146.24000549316406,318.3132019042969,235.55059814453125,928.0999755859375,4545.0,254.39999389648438
2019-12-16,192.4600067138672,468.0,1778.4000244140625,7394.0,148.32000732421875,327.9397888183594,241.93350219726562,933.0,4630.5,270.3999938964844
2019-12-17,187.36000061035156,478.8500061035156,1795.800048828125,7450.0,149.27999877929688,320.84649658203125,236.78599548339844,949.2000122070312,4299.0,264.79998779296875
2019-12-18,185.1199951171875,479.29998779296875,1797.5999755859375,7480.0,150.5,318.8197937011719,239.66859436035156,949.2999877929688,4278.5,267.20001220703125
2019-12-19,183.3800048828125,483.6499938964844,1799.4000244140625,7634.0,151.1999969482422,319.3265075683594,238.77639770507812,952.7000122070312,4336.0,267.0
2019-12-20,178.4199981689453,485.04998779296875,1794.0,7808.0,150.67999267578125,319.0732116699219,238.77639770507812,962.0,4367.0,263.0
2019-12-23,179.4600067138672,489.04998779296875,1802.199951171875,7746.0,150.4199981689453,320.46649169921875,241.72760009765625,965.7000122070312,4429.0,267.6000061035156
2019-12-24,180.0,487.70001220703125,1791.4000244140625,7714.0,150.39999389648438,320.97320556640625,239.5312957763672,959.2000122070312,4389.5,268.0
2019-12-27,181.5,483.95001220703125,1810.800048828125,7745.0,151.0,324.2665100097656,240.69810485839844,961.2999877929688,4416.0,268.6000061035156
2019-12-30,180.24000549316406,478.5,1790.199951171875,7654.0,148.6199951171875,323.6332092285156,236.031005859375,953.5,4373.0,263.3999938964844
2019-12-31,179.63999938964844,471.6000061035156,1776.800048828125,7607.0,146.75999450683594,323.2532043457031,234.45249938964844,944.2999877929688,4350.5,261.3999938964844
2020-01-02,185.1999969482422,480.8500061035156,1790.4000244140625,7660.0,147.8000030517578,324.0132141113281,233.76609802246094,950.4000244140625,4347.0,268.0
2020-01-03,183.3000030517578,494.04998779296875,1796.4000244140625,7700.0,147.94000244140625,323.1264953613281,232.59930419921875,950.7999877929688,4357.0,263.3999938964844
2020-01-06,180.97999572753906,504.1000061035156,1775.199951171875,7623.0,147.0800018310547,321.7331848144531,232.32479858398438,946.2999877929688,4324.5,259.0
2020-01-07,183.13999938964844,498.79998779296875,1784.800048828125,7645.0,146.66000366210938,322.3664855957031,229.30490112304688,942.5999755859375,4287.5,255.60000610351562
2020-01-08,182.0399932861328,494.29998779296875,1808.0,7626.0,147.5,317.9331970214844,228.41270446777344,939.9000244140625,4240.0,255.0
2020-01-09,182.86000061035156,492.04998779296875,1771.199951171875,7681.0,151.9600067138672,320.84649658203125,235.2073974609375,936.5,4281.0,260.6000061035156
2020-01-10,181.0,495.25,1782.0,7645.0,151.63999938964844,315.906494140625,234.24659729003906,935.0,4304.5,261.0
2020-01-13,181.67999267578125,497.1000061035156,1804.5999755859375,7650.0,151.6199951171875,314.8931884765625,231.8444061279297,941.2999877929688,4343.0,263.6000061035156
2020-01-14,181.0,495.8999938964844,1806.800048828125,7691.0,156.5399932861328,316.793212890625,231.1580047607422,938.5,4319.5,262.0
2020-01-15,178.5,495.20001220703125,1801.4000244140625,7836.0,157.9600067138672,313.6264953613281,232.25619506835938,956.5999755859375,4352.0,259.3999938964844
2020-01-16,176.8000030517578,497.8500061035156,1810.0,7707.0,155.67999267578125,310.33319091796875,232.46209716796875,960.2999877929688,4354.0,261.0
2020-01-17,175.24000549316406,496.3999938964844,1851.5999755859375,7878.0,154.3800048828125,314.8931884765625,231.91299438476562,976.7000122070312,4400.0,261.79998779296875
2020-01-20,175.0,493.5,1841.199951171875,7837.0,155.0,311.85321044921875,228.0009002685547,987.4000244140625,4400.5,262.0
2020-01-21,174.39999389648438,490.3500061035156,1816.199951171875,7824.0,154.89999389648438,309.8265075683594,227.8636016845703,987.2999877929688,4413.0,259.79998779296875
2020-01-22,174.75999450683594,480.5,1825.4000244140625,7701.0,152.6999969482422,306.406494140625,222.71609497070312,995.0999755859375,4387.0,260.3999938964844
2020-01-23,171.5,482.1499938964844,1776.5999755859375,7657.0,154.1999969482422,307.7998046875,223.88290405273438,994.2000122070312,4368.5,259.20001220703125
2020-01-24,173.44000244140625,486.1000061035156,1779.0,7659.0,156.5,315.273193359375,225.80459594726562,1014.4000244140625,4474.0,259.20001220703125
2020-01-27,170.67999267578125,476.95001220703125,1703.800048828125,7500.0,154.3000030517578,310.71319580078125,218.46080017089844,1006.4000244140625,4428.5,255.39999389648438
2020-01-28,172.02000427246094,481.75,1723.4000244140625,7651.0,156.66000366210938,311.59979248046875,223.40240478515625,1018.7999877929688,4500.5,258.3999938964844
2020-01-29,172.02000427246094,477.8999938964844,1721.0,7694.0,155.6199951171875,311.72650146484375,231.0894012451172,1021.7999877929688,4438.0,257.0
2020-01-30,171.5,467.1000061035156,1691.199951171875,7515.0,150.39999389648438,314.0065002441406,231.29530334472656,1016.4000244140625,4527.5,270.0
2020-01-31,168.0,456.70001220703125,1659.800048828125,7424.0,149.3000030517578,312.73980712890625,229.922607421875,1005.7999877929688,4533.5,265.79998779296875
2020-02-03,169.67999267578125,452.70001220703125,1656.0,7456.0,150.82000732421875,315.273193359375,231.7071075439453,1009.0,4580.0,262.3999938964844
2020-02-04,172.0,471.54998779296875,1702.199951171875,7535.0,151.24000549316406,317.0465087890625,235.2073974609375,1009.7999877929688,4593.5,268.3999938964844
2020-02-05,172.9600067138672,484.29998779296875,1720.199951171875,7663.0,146.97999572753906,314.5132141113281,235.61920166015625,1021.0,4636.0,267.3999938964844
2020-02-06,176.72000122070312,475.0,1720.800048828125,7741.0,151.02000427246094,322.23980712890625,238.02139282226562,1028.0,4695.5,268.6000061035156
2020-02-07,177.16000366210938,470.0,1673.5999755859375,7685.0,153.0399932861328,322.7464904785156,235.75650024414062,1022.7999877929688,4696.0,267.0
2020-02-10,176.89999389648438,464.6000061035156,1657.0,7710.0,150.0,325.27978515625,237.47230529785156,1024.199951171875,4685.5,273.0
2020-02-11,179.02000427246094,469.70001220703125,1672.4000244140625,7688.0,150.32000732421875,321.47979736328125,239.18820190429688,1030.0,4688.0,278.0
2020-02-12,179.33999633789062,474.6000061035156,1706.5999755859375,7615.0,152.63999938964844,325.0264892578125,239.87449645996094,1028.199951171875,4661.5,277.0
2020-02-13,176.32000732421875,459.95001220703125,1694.5999755859375,7626.0,151.75999450683594,319.3265075683594,229.0303955078125,1019.4000244140625,4612.0,282.3999938964844
2020-02-14,175.9199981689453,456.8500061035156,1675.199951171875,7300.0,150.0399932861328,324.0132141113281,232.39340209960938,1040.0,4605.5,293.3999938964844
2020-02-17,177.6999969482422,461.0,1691.5999755859375,7377.0,151.1199951171875,326.039794921875,234.38380432128906,1044.800048828125,4630.0,292.6000061035156
2020-02-18,175.0800018310547,457.5,1667.5999755859375,7521.0,155.3000030517578,324.8998107910156,231.6385040283203,1053.800048828125,4633.0,287.6000061035156
2020-02-19,176.74000549316406,462.79998779296875,1691.5999755859375,7615.0,155.8000030517578,325.0264892578125,227.2458953857422,1067.4000244140625,4625.0,286.0
2020-02-20,181.32000732421875,466.20001220703125,1677.199951171875,7574.0,155.0,322.8731994628906,228.0695037841797,1057.0,4596.0,280.6000061035156
2020-02-21,179.6199951171875,453.54998779296875,1661.5999755859375,7690.0,154.8800048828125,323.8865051269531,221.54930114746094,1063.800048828125,4593.0,278.6000061035156
2020-02-24,170.02000427246094,438.25,1569.800048828125,7446.0,150.67999267578125,315.77978515625,215.6468048095703,1044.5999755859375,4483.0,271.20001220703125
2020-02-25,165.86000061035156,428.70001220703125,1544.4000244140625,7299.0,147.0399932861328,307.7998046875,209.12660217285156,1034.5999755859375,4392.5,267.0
2020-02-26,165.94000244140625,428.3999938964844,1558.199951171875,7410.0,146.3000030517578,305.773193359375,211.59750366210938,1048.199951171875,4386.5,264.20001220703125
2020-02-27,154.44000244140625,414.1499938964844,1489.800048828125,7142.0,141.05999755859375,292.59979248046875,206.10679626464844,1039.800048828125,4321.0,253.8000030517578
2020-02-28,148.74000549316406,396.1499938964844,1418.4000244140625,6794.0,134.36000061035156,289.4331970214844,212.7642059326172,982.7999877929688,4170.0,246.1999969482422
2020-03-02,143.3000030517578,411.25,1449.0,7010.0,133.55999755859375,289.0531921386719,211.32290649414062,1006.2000122070312,4320.0,242.8000030517578
2020-03-03,139.55999755859375,414.95001220703125,1462.800048828125,7172.0,133.52000427246094,297.793212890625,218.18629455566406,1013.4000244140625,4382.5,243.39999389648438
2020-03-04,138.5399932861328,422.6499938964844,1499.5999755859375,7455.0,139.5800018310547,305.0132141113281,208.4403076171875,1050.0,4459.5,245.8000030517578
2020-03-05,134.67999267578125,416.70001220703125,1406.0,7502.0,140.86000061035156,305.1398010253906,201.50830078125,1054.199951171875,4482.0,238.39999389648438
2020-03-06,130.94000244140625,395.20001220703125,1332.199951171875,7242.0,136.6199951171875,304.7597961425781,201.85150146484375,1015.2000122070312,4352.0,227.8000030517578
2020-03-09,118.0999984741211,318.20001220703125,1111.4000244140625,7003.0,124.23999786376953,304.6332092285156,194.98809814453125,977.2999877929688,4167.5,216.0
2020-03-10,116.83999633789062,328.8999938964844,1129.0,6945.0,121.81999969482422,306.6597900390625,191.2819061279297,933.2000122070312,4078.0,220.8000030517578
2020-03-11,117.94000244140625,317.1499938964844,1125.199951171875,6955.0,117.4800033569336,293.9931945800781,184.48719787597656,925.2000122070312,4073.5,264.6000061035156
2020-03-12,97.5199966430664,275.0,939.7999877929688,6314.0,103.94000244140625,267.5198059082031,154.83740234375,835.5999755859375,3851.5,237.0
2020-03-13,102.37999725341797,276.29998779296875,1054.0,6316.0,105.05999755859375,278.793212890625,164.720703125,860.4000244140625,3854.5,238.8000030517578
2020-03-16,89.05999755859375,259.3500061035156,1041.199951171875,6221.0,98.0199966430664,274.2331848144531,147.5623016357422,863.7999877929688,3726.0,236.1999969482422
2020-03-17,87.76000213623047,259.6499938964844,1124.5999755859375,6721.0,107.72000122070312,286.1398010253906,133.32080078125,948.5,4092.5,225.1999969482422
2020-03-18,83.19999694824219,233.6999969482422,1072.5999755859375,6698.0,107.37999725341797,289.559814453125,118.87339782714844,947.7999877929688,4103.0,216.0
2020-03-19,83.73999786376953,240.75,1075.4000244140625,6905.0,116.0,286.3931884765625,125.35929870605469,914.7999877929688,4341.0,189.60000610351562
2020-03-20,89.0199966430664,251.6999969482422,1109.5999755859375,6891.0,112.5199966430664,276.6398010253906,123.33460235595703,877.4000244140625,4138.5,201.1999969482422
2020-03-23,84.69999694824219,256.8999938964844,1105.800048828125,6831.0,110.19999694824219,268.7864990234375,115.33879852294922,799.7000122070312,3932.5,197.3000030517578
2020-03-24,96.0199966430664,312.3500061035156,1288.4000244140625,6960.0,111.23999786376953,274.6131896972656,120.14309692382812,841.2999877929688,3997.5,209.39999389648438
2020-03-25,105.77999877929688,339.3999938964844,1316.0,6918.0,117.0999984741211,280.5664978027344,136.23770141601562,905.0999755859375,3977.5,218.0
2020-03-26,107.9800033569336,337.0,1275.4000244140625,6882.0,123.5999984741211,296.6531982421875,139.05169677734375,941.7000122070312,4023.5,224.8000030517578
2020-03-27,97.37000274658203,305.5,1187.5999755859375,6805.0,116.08000183105469,294.6264953613281,125.15339660644531,937.0,3931.5,217.8000030517578
2020-03-30,94.0,323.6000061035156,1218.199951171875,7103.0,114.33999633789062,295.2597961425781,110.25990295410156,954.0999755859375,4016.0,208.1999969482422
2020-03-31,94.11000061035156,344.20001220703125,1252.0,7216.0,113.0,289.8132019042969,116.88300323486328,946.5999755859375,4075.5,216.60000610351562
2020-04-01,82.86000061035156,333.70001220703125,1210.800048828125,7102.0,109.5999984741211,282.97320556640625,104.66619873046875,911.5999755859375,3994.0,211.60000610351562
2020-04-02,81.62000274658203,353.3500061035156,1259.0,6980.0,110.30000305175781,277.1465148925781,95.50370025634766,871.0,4043.0,221.8000030517578
2020-04-03,80.23999786376953,337.29998779296875,1241.199951171875,7144.0,111.0199966430664,283.60650634765625,86.34110260009766,841.7999877929688,4037.0,210.1999969482422
2020-04-06,86.55999755859375,335.8500061035156,1278.800048828125,7184.0,116.55999755859375,280.6932067871094,102.16110229492188,866.0,4136.0,225.8000030517578
2020-04-07,94.79000091552734,341.0,1326.5999755859375,7000.0,115.68000030517578,283.98651123046875,115.20149993896484,856.5999755859375,4163.0,239.39999389648438
2020-04-08,92.6500015258789,335.3500061035156,1276.800048828125,6971.0,110.83999633789062,282.3398132324219,111.94139862060547,872.2000122070312,4091.0,239.0
2020-04-09,97.58000183105469,335.75,1314.0,7121.0,113.0199966430664,293.8664855957031,120.17749786376953,908.2000122070312,4124.0,243.60000610351562
2020-04-14,93.55000305175781,321.1000061035156,1312.5999755859375,7606.0,111.9800033569336,297.793212890625,115.13289642333984,897.7999877929688,4197.0,248.1999969482422
2020-04-15,87.0,299.70001220703125,1248.199951171875,7615.0,108.0,294.6264953613281,106.3821029663086,887.7999877929688,4136.0,231.0
2020-04-16,87.08000183105469,291.95001220703125,1265.0,7818.0,107.16000366210938,298.6798095703125,106.07319641113281,898.0,4130.0,240.0
2020-04-17,90.70999908447266,303.54998779296875,1315.800048828125,7970.0,108.87999725341797,301.59320068359375,114.78970336914062,904.2000122070312,4115.0,237.1999969482422
2020-04-20,91.01000213623047,302.29998779296875,1310.4000244140625,8120.0,111.0,298.0465087890625,112.35320281982422,908.0,4303.0,241.1999969482422
2020-04-21,86.51000213623047,293.1499938964844,1226.0,8150.0,105.86000061035156,295.7665100097656,105.48989868164062,895.4000244140625,4200.0,240.0
2020-04-22,87.69999694824219,310.75,1263.4000244140625,8145.0,107.22000122070312,304.1264953613281,107.27429962158203,939.5999755859375,4243.0,239.0
2020-04-23,90.5999984741211,317.6000061035156,1304.0,8187.0,107.72000122070312,297.2864990234375,108.99019622802734,935.0,4167.0,242.0
2020-04-24,88.61000061035156,308.6000061035156,1287.199951171875,8204.0,109.31999969482422,299.059814453125,106.45069885253906,939.2000122070312,4092.0,246.39999389648438
2020-04-27,91.05999755859375,314.0,1316.800048828125,8290.0,110.80000305175781,298.0465087890625,105.6270980834961,942.5999755859375,4102.0,251.39999389648438
2020-04-28,97.76000213623047,322.1000061035156,1333.5999755859375,8188.0,113.04000091552734,299.1864929199219,109.64219665527344,947.2000122070312,4071.0,256.6000061035156
2020-04-29,110.18000030517578,333.5,1402.0,8207.0,118.9000015258789,304.6332092285156,122.71690368652344,944.4000244140625,4104.0,265.3999938964844
2020-04-30,105.9000015258789,313.1000061035156,1336.199951171875,8322.0,112.13999938964844,297.793212890625,113.24549865722656,933.7999877929688,4102.0,259.6000061035156
2020-05-01,102.73999786376953,298.8500061035156,1290.199951171875,8202.0,110.37999725341797,299.3132019042969,107.4458999633789,930.0,4099.0,251.39999389648438
2020-05-04,99.68000030517578,300.6000061035156,1284.800048828125,8361.0,109.66000366210938,296.1465148925781,99.99919891357422,939.0,4054.0,253.1999969482422
2020-05-05,103.4000015258789,318.8999938964844,1320.0,8512.0,112.4800033569336,296.6531982421875,102.95040130615234,943.2000122070312,4028.0,253.8000030517578
2020-05-06,100.86000061035156,313.70001220703125,1337.4000244140625,8830.0,112.58000183105469,297.033203125,100.78839874267578,939.0,4018.0,253.60000610351562
2020-05-07,105.41999816894531,315.8999938964844,1376.5999755859375,8559.0,112.91999816894531,300.5798034667969,98.52349853515625,921.2000122070312,4083.0,259.20001220703125
2020-05-11,102.5999984741211,313.8500061035156,1350.800048828125,8707.0,113.0,301.59320068359375,96.97930145263672,925.5999755859375,4173.0,256.3999938964844
2020-05-12,102.0,313.25,1354.0,8856.0,122.87999725341797,312.48651123046875,95.743896484375,942.4000244140625,4229.0,252.60000610351562
2020-05-13,98.01000213623047,301.6499938964844,1344.199951171875,9004.0,121.4800033569336,314.3865051269531,88.50299835205078,942.7999877929688,4214.0,249.0
2020-05-14,97.13999938964844,296.45001220703125,1355.199951171875,8765.0,119.5199966430664,302.47979736328125,84.76249694824219,906.2000122070312,4109.0,242.60000610351562
2020-05-15,97.44999694824219,296.5,1413.199951171875,8671.0,120.9800033569336,303.9997863769531,85.68900299072266,916.7999877929688,4131.0,242.39999389648438
2020-05-18,105.19999694824219,320.79998779296875,1535.5999755859375,8790.0,126.0,306.406494140625,93.4103012084961,933.4000244140625,4230.0,245.8000030517578
2020-05-19,104.72000122070312,314.1499938964844,1542.0,8676.0,127.05999755859375,300.83319091796875,91.83180236816406,913.7999877929688,4119.0,245.8000030517578
2020-05-20,106.72000122070312,318.54998779296875,1560.0,8882.0,126.68000030517578,296.906494140625,93.92510223388672,918.2000122070312,4167.0,236.60000610351562
2020-05-21,103.91999816894531,311.8999938964844,1544.4000244140625,8961.0,128.8000030517578,287.6597900390625,97.21949768066406,909.0,4124.0,242.60000610351562
2020-05-22,103.13999938964844,310.0,1550.0,8996.0,130.0,287.9132080078125,96.29290008544922,880.5999755859375,4115.0,243.39999389648438
2020-05-26,110.77999877929688,309.95001220703125,1548.199951171875,8672.0,128.8800048828125,284.1131896972656,108.029296875,892.0,4122.0,245.1999969482422
2020-05-27,119.83999633789062,319.45001220703125,1571.800048828125,8329.0,131.3800048828125,289.3064880371094,118.77050018310547,902.0,4200.0,255.0
2020-05-28,122.62000274658203,313.95001220703125,1589.800048828125,8698.0,134.13999938964844,296.5264892578125,109.47059631347656,927.2000122070312,4330.0,258.0
2020-05-29,115.23999786376953,305.75,1581.199951171875,8580.0,133.02000427246094,289.1798095703125,93.20439910888672,926.0,4332.0,250.60000610351562
2020-06-01,120.77999877929688,311.0,1593.0,8704.0,135.32000732421875,293.73980712890625,98.31759643554688,929.2000122070312,4316.0,250.1999969482422
2020-06-02,119.5,328.6000061035156,1657.5999755859375,8542.0,134.97999572753906,290.1932067871094,103.08769989013672,938.2000122070312,4308.0,247.8000030517578
2020-06-03,125.31999969482422,339.29998779296875,1680.0,8596.0,136.5800018310547,290.95318603515625,112.62779998779297,961.2000122070312,4399.0,261.20001220703125
2020-06-04,123.5199966430664,336.20001220703125,1669.0,8530.0,137.16000366210938,292.72650146484375,111.1864013671875,943.7999877929688,4400.0,263.0
2020-06-05,131.39999389648438,362.25,1722.0,8427.0,138.9600067138672,288.4197998046875,122.13349914550781,918.5999755859375,4409.0,262.3999938964844
2020-06-08,131.8000030517578,365.75,1727.199951171875,8200.0,141.1199951171875,289.6864929199219,136.71820068359375,939.7999877929688,4394.0,263.79998779296875
2020-06-09,125.27999877929688,353.04998779296875,1712.0,8244.0,138.94000244140625,282.97320556640625,126.97219848632812,926.0,4334.0,261.79998779296875
2020-06-10,124.0,344.45001220703125,1718.800048828125,8404.0,136.25999450683594,287.533203125,121.24130249023438,933.4000244140625,4378.0,261.6000061035156
2020-06-11,115.0,320.8999938964844,1649.199951171875,8276.0,125.94000244140625,288.4197998046875,110.36280059814453,905.7999877929688,4336.0,259.0
2020-06-12,117.05999755859375,323.04998779296875,1667.4000244140625,8201.0,126.0999984741211,286.5198059082031,112.38749694824219,916.2000122070312,4304.0,260.3999938964844
2020-06-15,116.0999984741211,316.0,1613.0,8281.0,124.45999908447266,281.3265075683594,111.1177978515625,915.0,4290.0,261.3999938964844
2020-06-16,122.68000030517578,321.6499938964844,1648.4000244140625,8511.0,129.1199951171875,286.0132141113281,115.37310028076172,933.5999755859375,4418.0,265.3999938964844
2020-06-17,119.37999725341797,316.75,1648.0,8590.0,129.10000610351562,287.533203125,113.96610260009766,951.2000122070312,4502.0,265.79998779296875
2020-06-18,118.63999938964844,314.8500061035156,1621.800048828125,8400.0,127.0199966430664,286.773193359375,115.13289642333984,949.4000244140625,4507.0,266.3999938964844
2020-06-19,116.55999755859375,321.45001220703125,1613.199951171875,8489.0,127.76000213623047,288.039794921875,114.68679809570312,973.4000244140625,4632.0,272.3999938964844
2020-06-22,115.30000305175781,315.45001220703125,1629.0,8470.0,126.77999877929688,295.2597961425781,109.57360076904297,973.0,4540.0,272.0
2020-06-23,116.9000015258789,321.45001220703125,1673.199951171875,8525.0,129.13999938964844,292.21978759765625,109.05879974365234,980.0,4542.0,268.20001220703125
2020-06-24,111.86000061035156,307.3500061035156,1622.4000244140625,8344.0,125.04000091552734,287.9132080078125,103.01899719238281,960.7999877929688,4480.0,260.20001220703125
2020-06-25,112.62000274658203,308.6000061035156,1640.800048828125,8449.0,127.05999755859375,286.773193359375,101.3718032836914,973.2000122070312,4464.0,258.79998779296875
2020-06-26,110.9800033569336,304.6000061035156,1639.0,8456.0,125.23999786376953,292.21978759765625,97.80290222167969,966.4000244140625,4519.0,260.0
2020-06-29,114.5,314.8999938964844,1649.199951171875,8548.0,127.80000305175781,293.9931945800781,99.38150024414062,977.7999877929688,4443.0,258.0
2020-06-30,114.41999816894531,307.20001220703125,1654.4000244140625,8421.0,128.86000061035156,288.926513671875,97.94020080566406,989.2000122070312,4355.0,260.79998779296875
2020-07-01,113.54000091552734,309.3500061035156,1627.800048828125,8451.0,127.83999633789062,282.84649658203125,98.00879669189453,991.0,4338.0,265.6000061035156
2020-07-02,117.9000015258789,313.25,1662.4000244140625,8594.0,129.47999572753906,280.9465026855469,100.37660217285156,939.2000122070312,4421.0,264.20001220703125
2020-07-03,115.72000122070312,307.54998779296875,1636.4000244140625,8459.0,129.63999938964844,280.5664978027344,90.3218002319336,922.2000122070312,4318.0,267.79998779296875
2020-07-06,117.30000305175781,312.75,1665.199951171875,8660.0,130.24000549316406,277.273193359375,96.3958969116211,917.2000122070312,4352.0,268.6000061035156
2020-07-07,114.95999908447266,308.3500061035156,1649.4000244140625,8537.0,127.0199966430664,276.3865051269531,95.2291030883789,893.0,4262.0,270.3999938964844
2020-07-08,114.4000015258789,303.45001220703125,1682.199951171875,8579.0,125.27999877929688,272.33319091796875,98.76380157470703,899.2000122070312,4249.0,263.79998779296875
2020-07-09,111.95999908447266,290.0,1660.5999755859375,8480.0,122.63999938964844,268.0264892578125,87.9540023803711,850.0,4215.0,259.20001220703125
2020-07-10,117.76000213623047,290.79998779296875,1664.800048828125,8505.0,123.41999816894531,272.0798034667969,91.52290344238281,871.0,4193.0,261.0
2020-07-13,119.55999755859375,296.6499938964844,1704.5999755859375,8568.0,124.72000122070312,272.33319091796875,91.90039825439453,870.0,4283.0,262.6000061035156
2020-07-14,119.36000061035156,304.5,1717.5999755859375,8549.0,126.9000015258789,269.926513671875,88.60600280761719,879.0,4306.0,261.6000061035156
2020-07-15,120.30000305175781,310.25,1760.4000244140625,8996.0,127.5,271.5732116699219,93.4103012084961,871.2000122070312,4348.0,262.6000061035156
2020-07-16,118.58000183105469,312.45001220703125,1749.4000244140625,8844.0,127.45999908447266,273.47320556640625,91.86609649658203,877.4000244140625,4311.0,264.0
2020-07-17,116.4000015258789,309.29998779296875,1799.4000244140625,9187.0,129.8000030517578,271.8265075683594,90.73359680175781,891.5999755859375,4376.0,262.79998779296875
2020-07-20,116.22000122070312,303.20001220703125,1798.0,9320.0,129.27999877929688,271.1932067871094,90.87090301513672,896.2000122070312,4339.0,262.0
2020-07-21,116.63999938964844,315.95001220703125,1751.0,9048.0,130.33999633789062,274.6131896972656,98.00879669189453,903.0,4351.0,252.39999389648438
2020-07-22,117.41999816894531,303.8500061035156,1735.199951171875,8801.0,129.97999572753906,271.6997985839844,96.60179901123047,902.7999877929688,4330.0,250.0
2020-07-23,116.45999908447266,299.79998779296875,1741.800048828125,8751.0,128.8000030517578,273.59979248046875,93.20439910888672,905.5999755859375,4671.0,254.0
2020-07-24,113.5999984741211,298.1000061035156,1709.800048828125,8652.0,122.16000366210938,279.5531921386719,92.00330352783203,903.0,4678.0,249.8000030517578
2020-07-27,111.0,294.3999938964844,1748.199951171875,8648.0,120.9800033569336,278.66650390625,89.22370147705078,900.2000122070312,4700.0,242.39999389648438
2020-07-28,111.86000061035156,293.75,1719.5999755859375,8700.0,120.66000366210938,276.1332092285156,90.11589813232422,915.7999877929688,4689.0,248.1999969482422
2020-07-29,105.0199966430664,293.79998779296875,1714.800048828125,8615.0,123.0999984741211,280.6932067871094,86.85579681396484,919.2000122070312,4758.0,245.8000030517578
2020-07-30,100.77999877929688,283.3500061035156,1672.5999755859375,8751.0,118.58000183105469,276.1332092285156,84.1791000366211,895.7999877929688,4653.0,243.60000610351562
2020-07-31,100.55999755859375,275.1499938964844,1655.0,8530.0,115.55999755859375,274.9931945800781,79.47769927978516,900.4000244140625,4573.0,240.60000610351562
2020-08-03,103.81999969482422,281.04998779296875,1697.199951171875,8767.0,117.0199966430664,277.6531982421875,79.06590270996094,918.7999877929688,4664.0,244.39999389648438
2020-08-04,105.30000305175781,299.25,1703.800048828125,8550.0,117.77999877929688,281.7065124511719,84.1791000366211,923.0,4667.0,246.60000610351562
2020-08-05,107.33999633789062,306.6499938964844,1783.800048828125,8500.0,117.19999694824219,280.8197937011719,88.70890045166016,907.4000244140625,4663.0,254.0
2020-08-06,105.83999633789062,295.25,1779.199951171875,8419.0,116.0,281.9598083496094,86.85579681396484,898.0,4577.0,250.39999389648438
2020-08-07,104.5999984741211,287.25,1764.0,8470.0,116.73999786376953,283.35321044921875,86.68419647216797,904.0,4539.0,253.39999389648438
2020-08-10,106.63999938964844,295.3999938964844,1784.0,8380.0,116.62000274658203,285.5065002441406,91.17970275878906,901.7999877929688,4520.0,257.20001220703125
2020-08-11,111.76000213623047,307.54998779296875,1810.5999755859375,8450.0,118.77999877929688,284.61981201171875,93.92510223388672,887.7999877929688,4485.0,261.79998779296875
2020-08-12,111.5,311.29998779296875,1848.4000244140625,8699.0,119.80000305175781,292.47320556640625,93.13580322265625,924.2000122070312,4589.0,257.6000061035156
2020-08-13,108.08000183105469,301.20001220703125,1825.0,8542.0,120.23999786376953,289.9397888183594,91.86609649658203,904.2000122070312,4583.0,245.0
2020-08-14,109.19999694824219,292.6499938964844,1816.0,8381.0,118.68000030517578,288.7998046875,88.22850036621094,891.7999877929688,4541.0,231.1999969482422
2020-08-17,107.94000244140625,288.54998779296875,1841.199951171875,8579.0,117.72000122070312,289.9397888183594,88.2970962524414,889.5999755859375,4550.0,237.1999969482422
2020-08-18,108.12000274658203,283.3500061035156,1794.199951171875,8492.0,117.19999694824219,289.1798095703125,87.50779724121094,871.2000122070312,4509.0,239.0
2020-08-19,110.19999694824219,283.70001220703125,1789.0,8608.0,118.37999725341797,288.4197998046875,90.01300048828125,873.0,4561.0,239.8000030517578
2020-08-20,107.58000183105469,276.75,1730.0,8549.0,115.36000061035156,284.9997863769531,87.85099792480469,874.5999755859375,4541.0,235.39999389648438
2020-08-21,108.0,273.3500061035156,1723.5999755859375,8437.0,114.26000213623047,288.16650390625,88.64029693603516,876.5999755859375,4509.0,235.60000610351562
2020-08-24,110.4000015258789,282.0,1745.199951171875,8611.0,116.95999908447266,287.533203125,89.7384033203125,887.5999755859375,4581.0,239.1999969482422
2020-08-25,109.13999938964844,274.70001220703125,1713.800048828125,8627.0,115.41999816894531,284.1131896972656,88.26280212402344,873.4000244140625,4548.0,231.0
2020-08-26,110.4000015258789,270.75,1729.800048828125,8599.0,114.23999786376953,282.84649658203125,86.82150268554688,860.0,4546.0,229.0
2020-08-27,110.54000091552734,267.25,1702.800048828125,8417.0,113.68000030517578,281.0732116699219,85.79199981689453,852.7999877929688,4565.0,226.0
2020-08-28,111.95999908447266,264.20001220703125,1712.800048828125,8340.0,111.44000244140625,277.0198059082031,82.73780059814453,843.2000122070312,4460.0,223.0
2020-09-01,105.9000015258789,259.70001220703125,1751.5999755859375,8197.0,107.16000366210938,271.8265075683594,70.93280029296875,833.5999755859375,4426.0,220.39999389648438
2020-09-02,103.5,258.0,1740.199951171875,8292.0,108.54000091552734,274.8664855957031,74.67330169677734,863.5999755859375,4533.0,220.60000610351562
2020-09-03,105.55999755859375,259.75,1639.0,8121.0,107.69999694824219,272.58648681640625,74.9135971069336,852.7999877929688,4517.0,228.60000610351562
2020-09-04,106.87999725341797,257.5,1655.4000244140625,7970.0,105.26000213623047,273.34649658203125,74.63899993896484,833.4000244140625,4426.0,228.0
2020-09-07,106.94000244140625,266.6499938964844,1698.5999755859375,8280.0,107.45999908447266,275.2464904785156,77.3843994140625,862.2000122070312,4518.0,233.1999969482422
2020-09-08,104.27999877929688,258.5,1690.199951171875,8348.0,107.19999694824219,279.1731872558594,75.11949920654297,851.4000244140625,4568.0,233.39999389648438
2020-09-09,104.87999725341797,262.25,1719.5999755859375,8386.0,109.5,283.22650146484375,72.30549621582031,859.2000122070312,4743.0,234.1999969482422
2020-09-10,105.04000091552734,262.25,1707.0,8335.0,109.41999816894531,278.66650390625,71.48190307617188,850.0,4784.0,234.8000030517578
2020-09-11,102.62000274658203,262.04998779296875,1743.5999755859375,8429.0,110.22000122070312,279.6798095703125,72.06529998779297,854.2000122070312,4832.0,235.1999969482422
2020-09-14,103.62000274658203,257.1000061035156,1753.4000244140625,8400.0,109.62000274658203,275.3731994628906,72.16819763183594,849.4000244140625,4803.0,235.0
2020-09-15,102.63999938964844,259.0,1785.800048828125,8605.0,109.16000366210938,278.4132080078125,69.76599884033203,857.4000244140625,4852.0,236.39999389648438
2020-09-16,102.95999908447266,255.89999389648438,1799.0,8542.0,109.36000061035156,273.34649658203125,66.0083999633789,852.4000244140625,4803.0,238.0
2020-09-17,100.54000091552734,252.14999389648438,1759.0,8648.0,107.33999633789062,272.58648681640625,65.1676025390625,841.2000122070312,4820.0,234.39999389648438
2020-09-18,97.41999816894531,245.75,1768.0,8746.0,107.66000366210938,278.1597900390625,61.82170104980469,848.2000122070312,4740.0,234.8000030517578
2020-09-21,92.16000366210938,236.0500030517578,1705.199951171875,8612.0,103.26000213623047,285.6332092285156,55.147098541259766,835.2000122070312,4660.0,226.0
2020-09-22,91.97000122070312,242.0,1702.199951171875,8580.0,103.9800033569336,286.1398010253906,55.147098541259766,836.4000244140625,4735.0,228.0
2020-09-23,92.9000015258789,239.1999969482422,1711.800048828125,8812.0,104.41999816894531,283.47979736328125,55.729801177978516,850.0,4779.0,229.0
2020-09-24,92.87000274658203,232.39999389648438,1713.199951171875,8559.0,103.83999633789062,277.5264892578125,51.509498596191406,838.2000122070312,4728.0,222.1999969482422
2020-09-25,91.55000305175781,233.3000030517578,1702.800048828125,8576.0,103.80000305175781,273.59979248046875,53.105201721191406,854.5999755859375,4763.0,222.8000030517578
2020-09-28,98.0,234.4499969482422,1694.800048828125,8509.0,103.9800033569336,276.1332092285156,51.21780014038086,851.4000244140625,4811.0,226.60000610351562
2020-09-29,97.25,229.3000030517578,1669.5999755859375,8539.0,103.05999755859375,272.33319091796875,48.18080139160156,885.0,4805.0,226.39999389648438
2020-09-30,97.61000061035156,225.1999969482422,1653.800048828125,8457.0,102.68000030517578,269.16650390625,44.61180114746094,889.7999877929688,4776.0,223.60000610351562
2020-10-01,98.0,218.1999969482422,1645.5999755859375,8479.0,101.69999694824219,266.8865051269531,40.082000732421875,910.0,4805.0,225.0
2020-10-02,97.70999908447266,214.39999389648438,1654.5999755859375,8431.0,102.81999969482422,265.9997863769531,38.9838981628418,926.5999755859375,4842.0,225.8000030517578
2020-10-05,99.44999694824219,217.8000030517578,1652.5999755859375,8409.0,107.68000030517578,269.293212890625,42.346900939941406,921.0,4840.0,230.1999969482422
2020-10-06,104.18000030517578,220.35000610351562,1629.199951171875,8317.0,110.36000061035156,271.0664978027344,51.47520065307617,919.7999877929688,4794.0,230.60000610351562
2020-10-07,104.5,215.85000610351562,1661.5999755859375,8295.0,109.16000366210938,269.293212890625,53.757198333740234,932.0,4800.0,226.8000030517578
2020-10-08,107.0999984741211,220.85000610351562,1646.4000244140625,8371.0,111.22000122070312,273.21978759765625,67.03790283203125,941.5999755859375,4813.0,232.0
2020-10-09,107.27999877929688,222.10000610351562,1666.5999755859375,8424.0,111.16000366210938,278.1597900390625,76.59510040283203,935.0,4847.0,229.0
2020-10-12,105.83999633789062,217.75,1646.800048828125,8470.0,111.83999633789062,277.5264892578125,66.86630249023438,942.7999877929688,4851.0,228.1999969482422
2020-10-13,102.0999984741211,213.14999389648438,1650.0,8456.0,112.0,281.7065124511719,62.83399963378906,937.5999755859375,4874.0,226.1999969482422
2020-10-14,101.54000091552734,212.64999389648438,1650.0,8190.0,109.76000213623047,280.5664978027344,61.770198822021484,941.2000122070312,4892.0,227.1999969482422
2020-10-15,100.12000274658203,206.4499969482422,1630.800048828125,8120.0,108.9000015258789,272.2065124511719,66.95210266113281,930.0,4825.0,225.60000610351562
2020-10-16,101.80000305175781,209.39999389648438,1636.4000244140625,8217.0,109.36000061035156,271.4465026855469,76.14900207519531,944.2000122070312,4866.0,226.0
2020-10-19,103.36000061035156,207.75,1614.0,8109.0,109.16000366210938,268.1531982421875,75.49700164794922,937.2000122070312,4802.0,223.8000030517578
2020-10-20,104.31999969482422,205.9499969482422,1613.4000244140625,8066.0,110.37999725341797,271.0664978027344,77.89910125732422,937.7999877929688,4836.0,226.1999969482422
2020-10-21,102.72000122070312,199.9600067138672,1610.5999755859375,7920.0,106.55999755859375,269.7998046875,77.07550048828125,932.4000244140625,4703.0,227.39999389648438
2020-10-22,104.27999877929688,201.39999389648438,1603.4000244140625,7955.0,108.76000213623047,266.8865051269531,77.86479949951172,934.7999877929688,4721.0,226.39999389648438
2020-10-23,111.54000091552734,205.5,1608.800048828125,7943.0,112.5999984741211,271.1932067871094,83.62999725341797,945.0,4694.0,232.0
2020-10-26,110.5199966430664,200.0,1580.0,8077.0,109.73999786376953,268.9132080078125,77.59030151367188,945.5999755859375,4646.0,232.39999389648438
2020-10-27,106.5999984741211,195.74000549316406,1554.5999755859375,8056.0,106.0199966430664,264.98651123046875,75.15380096435547,943.0,4689.0,227.1999969482422
2020-10-28,103.80000305175781,193.44000244140625,1492.199951171875,7880.0,103.05999755859375,258.1465148925781,84.54000091552734,920.2000122070312,4541.0,220.0
2020-10-29,104.66000366210938,193.4600067138672,1490.5999755859375,7876.0,103.5,257.1332092285156,72.4000015258789,924.7999877929688,4463.0,213.8000030517578
2020-10-30,106.55999755859375,196.60000610351562,1490.199951171875,7766.0,103.0,260.2998046875,71.31999969482422,919.0,4404.0,213.60000610351562
2020-11-02,107.04000091552734,205.1999969482422,1507.4000244140625,7774.0,106.0,266.5065002441406,76.55999755859375,924.2000122070312,4479.0,208.8000030517578
2020-11-03,113.36000061035156,209.9499969482422,1534.0,7963.0,106.16000366210938,265.8731994628906,84.0,941.0,4553.0,212.39999389648438
2020-11-04,110.37999725341797,208.75,1539.4000244140625,8511.0,106.37999725341797,268.533203125,83.9000015258789,950.5999755859375,4663.0,215.0
2020-11-05,110.16000366210938,200.64999389648438,1555.199951171875,8529.0,106.0999984741211,269.16650390625,74.5199966430664,950.2000122070312,4668.0,217.8000030517578
2020-11-06,110.94000244140625,199.86000061035156,1585.0,8473.0,105.04000091552734,275.8797912597656,69.55999755859375,935.0,4689.0,216.1999969482422
2020-11-09,128.5399932861328,229.9499969482422,1631.199951171875,8301.0,112.0999984741211,277.273193359375,100.0,940.7999877929688,4718.0,227.60000610351562
2020-11-10,134.39999389648438,241.6999969482422,1664.199951171875,8530.0,116.68000030517578,276.8931884765625,107.0,944.2000122070312,4681.0,228.60000610351562
2020-11-11,135.52000427246094,243.0500030517578,1664.0,8785.0,117.0999984741211,282.59320068359375,98.41999816894531,960.7999877929688,4783.0,245.1999969482422
2020-11-12,132.36000061035156,237.8000030517578,1635.0,8660.0,118.26000213623047,282.84649658203125,90.0,953.5999755859375,4797.0,249.8000030517578
2020-11-13,134.16000366210938,236.89999389648438,1630.5999755859375,8633.0,119.5199966430664,284.61981201171875,93.69999694824219,953.5999755859375,4749.0,258.79998779296875
2020-11-16,138.77999877929688,250.75,1666.800048828125,8543.0,127.77999877929688,286.8998107910156,103.0,945.4000244140625,4642.0,260.3999938964844
2020-11-17,138.39999389648438,251.6999969482422,1641.800048828125,8291.0,122.54000091552734,289.559814453125,102.69999694824219,936.2000122070312,4565.0,259.0
2020-11-18,141.60000610351562,251.9499969482422,1653.4000244140625,8180.0,123.0,295.3865051269531,102.5999984741211,942.0,4522.0,260.6000061035156
2020-11-19,138.94000244140625,243.75,1621.4000244140625,8125.0,121.66000366210938,299.059814453125,98.55999755859375,933.0,4463.0,261.6000061035156
2020-11-20,137.75999450683594,244.39999389648438,1645.5999755859375,8317.0,123.18000030517578,294.7532043457031,99.44000244140625,930.0,4456.0,260.6000061035156
2020-11-23,140.1999969482422,253.4499969482422,1682.5999755859375,8000.0,121.9800033569336,288.5465087890625,107.0,919.0,4367.0,267.3999938964844
2020-11-24,150.1999969482422,274.79998779296875,1780.800048828125,8000.0,125.31999969482422,287.6597900390625,115.75,911.7999877929688,4340.0,270.6000061035156
2020-11-25,143.39999389648438,267.54998779296875,1755.5999755859375,7800.0,124.36000061035156,289.8132019042969,110.9000015258789,908.7999877929688,4560.0,264.79998779296875
2020-11-26,141.10000610351562,263.5,1728.199951171875,7748.0,125.68000030517578,288.4197998046875,108.30000305175781,881.4000244140625,4582.0,259.0
2020-11-27,139.5,262.8999938964844,1737.800048828125,7770.0,124.9000015258789,288.5465087890625,107.6500015258789,873.7999877929688,4586.0,258.6000061035156
2020-11-30,134.55999755859375,247.64999389648438,1698.5999755859375,7805.0,123.68000030517578,287.533203125,105.69999694824219,848.4000244140625,4571.0,255.39999389648438
2020-12-01,143.24000549316406,255.0500030517578,1757.0,7800.0,125.44000244140625,289.9397888183594,112.0999984741211,855.0,4434.0,262.79998779296875
2020-12-02,146.94000244140625,267.1499938964844,1856.199951171875,7937.0,127.05999755859375,284.3664855957031,116.75,863.5999755859375,4399.0,260.20001220703125
2020-12-03,148.55999755859375,266.5,1897.800048828125,7729.0,127.16000366210938,289.559814453125,134.89999389648438,858.0,4283.0,269.79998779296875
2020-12-04,148.6199951171875,276.95001220703125,1930.4000244140625,7958.0,130.16000366210938,286.8998107910156,130.25,853.0,4326.0,278.6000061035156
2020-12-07,146.25999450683594,273.79998779296875,1933.800048828125,8071.0,132.22000122070312,284.7464904785156,130.85000610351562,860.0,4335.0,265.0
2020-12-08,146.36000061035156,272.6000061035156,1926.199951171875,8134.0,130.75999450683594,284.3664855957031,126.25,872.2000122070312,4354.0,268.3999938964844
2020-12-09,145.89999389648438,272.6000061035156,1916.800048828125,8012.0,132.63999938964844,286.8998107910156,129.64999389648438,899.4000244140625,4352.0,266.6000061035156
2020-12-10,141.75999450683594,284.75,1977.5999755859375,8103.0,133.74000549316406,292.09320068359375,127.0,890.0,4395.0,261.0
2020-12-11,136.05999755859375,275.25,1989.0,8160.0,130.97999572753906,283.47979736328125,117.0,874.7999877929688,4420.0,267.20001220703125
2020-12-14,142.36000061035156,269.75,1940.4000244140625,7692.0,131.16000366210938,286.6465148925781,118.75,880.7999877929688,4363.0,269.3999938964844
2020-12-15,144.6999969482422,270.75,1952.199951171875,7505.0,130.0,283.47979736328125,115.30000305175781,867.4000244140625,4302.0,270.20001220703125
2020-12-16,144.1999969482422,272.6000061035156,1955.5999755859375,7645.0,130.77999877929688,293.35980224609375,114.80000305175781,877.4000244140625,4381.0,275.0
2020-12-17,145.5399932861328,269.3500061035156,1975.0,7542.0,125.4800033569336,291.71319580078125,112.44999694824219,875.5999755859375,4330.0,272.6000061035156
2020-12-18,145.0,271.3500061035156,1973.0,7508.0,125.9800033569336,287.0264892578125,113.94999694824219,867.5999755859375,4348.0,275.6000061035156
2020-12-21,141.25999450683594,258.04998779296875,1970.199951171875,7440.0,121.95999908447266,278.9197998046875,110.25,850.0,4293.0,263.3999938964844
2020-12-22,145.97999572753906,258.54998779296875,1960.0,7328.0,121.77999877929688,279.0465087890625,112.6500015258789,852.4000244140625,4342.0,267.6000061035156
2020-12-23,151.82000732421875,265.75,1966.0,7224.0,123.0,286.5198059082031,115.5999984741211,859.0,4311.0,271.3999938964844
2020-12-24,154.60000610351562,263.0,1964.4000244140625,7223.0,123.23999786376953,295.0065002441406,115.75,857.2000122070312,4310.0,275.0
2020-12-29,149.27999877929688,262.3500061035156,1973.800048828125,7462.0,123.4000015258789,296.273193359375,112.8499984741211,883.0,4461.0,278.0
2020-12-30,148.8800048828125,259.3999938964844,1959.5999755859375,7401.0,122.44000244140625,298.0465087890625,112.05000305175781,871.7999877929688,4481.0,273.0
2020-12-31,146.67999267578125,254.8000030517578,1925.0,7324.0,120.94000244140625,293.10650634765625,111.25,865.0,4392.0,270.20001220703125
2021-01-04,143.52000427246094,254.5,2035.0,7422.0,123.63999938964844,300.1997985839844,103.19999694824219,882.5999755859375,4461.0,271.20001220703125
2021-01-05,143.1999969482422,272.5,2063.5,7439.0,124.41999816894531,301.71978759765625,107.75,868.7999877929688,4436.0,272.20001220703125
2021-01-06,155.0399932861328,289.79998779296875,2179.5,7512.0,129.5399932861328,310.58648681640625,111.05000305175781,882.4000244140625,4467.0,278.20001220703125
2021-01-07,156.1199951171875,295.0,2201.5,7475.0,131.16000366210938,311.59979248046875,111.0999984741211,879.7999877929688,4447.0,284.6000061035156
2021-01-08,152.9199981689453,298.70001220703125,2221.5,7471.0,128.44000244140625,311.21978759765625,107.30000305175781,880.0,4450.0,281.0
2021-01-11,151.1999969482422,298.79998779296875,2164.5,7556.0,128.3000030517578,309.5732116699219,105.75,877.5999755859375,4416.0,277.79998779296875
2021-01-12,154.24000549316406,305.0,2157.5,7405.0,125.69999694824219,305.2665100097656,107.75,856.0,4321.0,281.20001220703125
2021-01-13,152.36000061035156,303.8999938964844,2128.0,7529.0,127.5199966430664,306.6597900390625,105.5999984741211,874.4000244140625,4352.0,281.0
2021-01-14,152.86000061035156,309.25,2208.0,7559.0,128.94000244140625,305.773193359375,106.6500015258789,872.4000244140625,4354.0,285.6000061035156
2021-01-15,148.8000030517578,302.45001220703125,2135.0,7592.0,127.22000122070312,306.0264892578125,105.9000015258789,875.4000244140625,4394.0,284.79998779296875
2021-01-18,151.32000732421875,300.3500061035156,2116.0,7662.0,126.37999725341797,307.6731872558594,104.25,872.5999755859375,4362.0,284.20001220703125
2021-01-19,146.86000061035156,301.25,2111.0,7722.0,127.0,306.6597900390625,104.6500015258789,878.7999877929688,4381.0,281.79998779296875
2021-01-20,146.32000732421875,302.8500061035156,2169.5,7645.0,127.13999938964844,306.9132080078125,107.4000015258789,873.5999755859375,4353.0,280.0
2021-01-21,144.8000030517578,293.3500061035156,2137.0,7650.0,127.91999816894531,306.6597900390625,103.30000305175781,868.7999877929688,4353.0,279.6000061035156
2021-01-22,143.05999755859375,290.0,2113.0,7777.0,127.33999633789062,306.406494140625,102.94999694824219,875.7999877929688,4378.0,280.20001220703125
2021-01-25,137.1199951171875,280.6499938964844,2092.0,7897.0,128.39999389648438,308.8132019042969,98.0,888.0,4465.0,272.79998779296875
2021-01-26,139.44000244140625,282.3500061035156,2108.5,7952.0,129.16000366210938,308.3064880371094,96.31999969482422,882.2000122070312,4423.0,274.0
2021-01-27,134.32000732421875,282.3500061035156,2058.0,7779.0,128.17999267578125,310.2065124511719,95.16000366210938,876.4000244140625,4377.0,273.3999938964844
2021-01-28,136.5800018310547,276.5,2062.5,7649.0,126.58000183105469,308.4331970214844,96.94000244140625,862.0,4323.0,274.3999938964844
2021-01-29,133.5399932861328,271.5,2011.5,7491.0,124.83999633789062,303.23980712890625,91.69999694824219,850.0,4240.0,269.20001220703125
2021-02-01,134.83999633789062,267.1000061035156,2048.0,7388.0,126.4000015258789,308.3064880371094,94.0999984741211,863.7999877929688,4275.0,268.6000061035156
2021-02-02,140.17999267578125,255.0,2035.5,7380.0,127.37999725341797,310.0798034667969,94.76000213623047,867.5999755859375,4297.0,269.79998779296875
2021-02-03,141.8000030517578,258.29998779296875,2038.5,7300.0,134.86000061035156,312.10650634765625,91.87999725341797,871.4000244140625,4336.0,270.3999938964844
2021-02-04,145.77999877929688,254.9499969482422,2035.0,7383.0,135.82000732421875,309.8265075683594,93.9000015258789,872.2000122070312,4067.0,267.3999938964844
2021-02-05,147.22000122070312,252.0500030517578,2044.5,7275.0,134.0800018310547,312.10650634765625,93.9000015258789,851.4000244140625,3980.0,271.20001220703125
2021-02-08,147.47999572753906,261.95001220703125,2093.0,7289.0,132.39999389648438,308.8132019042969,93.0,847.7999877929688,3955.0,273.0
2021-02-09,147.6999969482422,259.70001220703125,2081.5,7312.0,132.1999969482422,311.72650146484375,91.58000183105469,855.0,3950.0,272.0
2021-02-10,147.67999267578125,259.1000061035156,2107.5,7247.0,132.9600067138672,312.6131896972656,92.80000305175781,855.0,3938.0,268.79998779296875
2021-02-11,145.9600067138672,257.79998779296875,2105.5,7246.0,133.52000427246094,309.6997985839844,92.5999984741211,853.7999877929688,3903.0,271.0
2021-02-12,145.89999389648438,261.79998779296875,2117.5,7471.0,133.9199981689453,304.7597961425781,92.86000061035156,856.4000244140625,3961.0,270.20001220703125
2021-02-15,153.9600067138672,278.8999938964844,2228.0,7422.0,135.60000610351562,244.35000610351562,96.08000183105469,865.4000244140625,3983.0,277.20001220703125
2021-02-16,155.55999755859375,278.20001220703125,2260.5,7334.0,133.63999938964844,242.25,99.94000244140625,848.5999755859375,4006.0,276.79998779296875
2021-02-17,154.36000061035156,280.6000061035156,2244.5,7421.0,132.6999969482422,237.64999389648438,102.30000305175781,864.5999755859375,3980.0,272.3999938964844
2021-02-18,147.5,269.3999938964844,2235.0,7454.0,130.27999877929688,231.0,93.33999633789062,855.0,3969.0,267.0
2021-02-19,153.63999938964844,272.3500061035156,2277.5,7226.0,131.16000366210938,227.60000610351562,98.66000366210938,844.5999755859375,3905.0,263.20001220703125
2021-02-22,154.25999450683594,279.95001220703125,2285.5,7196.0,130.4199981689453,223.10000610351562,105.44999694824219,826.4000244140625,3829.0,268.0
2021-02-23,159.17999267578125,283.5,2293.5,7136.0,129.94000244140625,224.5,106.6500015258789,836.7999877929688,3920.0,272.3999938964844
2021-02-24,164.5800018310547,298.79998779296875,2324.0,7120.0,125.5,227.8000030517578,111.9000015258789,828.5999755859375,3839.0,273.3999938964844
2021-02-25,162.5399932861328,304.54998779296875,2350.0,7010.0,124.69999694824219,227.1999969482422,112.05000305175781,825.0,3821.0,276.79998779296875
2021-02-26,159.60000610351562,291.75,2269.5,6945.0,122.0199966430664,224.8000030517578,107.69999694824219,806.4000244140625,3733.0,275.3999938964844
2021-03-01,161.33999633789062,297.54998779296875,2313.0,6980.0,123.63999938964844,222.60000610351562,111.4000015258789,823.2000122070312,3774.0,282.3999938964844
2021-03-02,162.22000122070312,296.6000061035156,2357.0,6880.0,124.16000366210938,222.39999389648438,110.1500015258789,828.2000122070312,3812.0,280.0
2021-03-03,170.33999633789062,304.8999938964844,2354.0,6794.0,125.23999786376953,221.8000030517578,114.44999694824219,810.2000122070312,3812.0,284.3999938964844
2021-03-04,166.66000366210938,313.1000061035156,2216.5,6857.0,125.72000122070312,219.3000030517578,114.3499984741211,829.2000122070312,3854.0,292.6000061035156
2021-03-05,171.5800018310547,318.79998779296875,2194.5,6858.0,124.55999755859375,224.0,108.55000305175781,828.0,3891.0,292.0
2021-03-08,177.9199981689453,318.6499938964844,2255.0,7005.0,126.05999755859375,219.8000030517578,116.5,831.5999755859375,3890.0,298.3999938964844
2021-03-09,175.77999877929688,315.25,2200.0,7131.0,127.68000030517578,221.1999969482422,113.8499984741211,834.2000122070312,3917.0,291.79998779296875
2021-03-10,174.0,315.0,2134.0,7192.0,129.32000732421875,222.1999969482422,113.0,841.5999755859375,3940.0,285.79998779296875
2021-03-11,174.25999450683594,319.6499938964844,2174.0,7011.0,131.77999877929688,220.0,113.80000305175781,838.4000244140625,3916.0,288.3999938964844
2021-03-12,180.60000610351562,323.45001220703125,2179.5,6951.0,132.82000732421875,223.8000030517578,114.8499984741211,838.4000244140625,3950.0,290.0
2021-03-15,180.27999877929688,316.1499938964844,2134.5,6978.0,133.05999755859375,222.3000030517578,118.0,844.7999877929688,3973.0,294.20001220703125
2021-03-16,183.02000427246094,311.25,2124.5,7232.0,134.52000427246094,226.3000030517578,122.8499984741211,850.4000244140625,4014.0,296.3999938964844
2021-03-17,181.32000732421875,313.79998779296875,2074.5,7138.0,136.9199981689453,225.6999969482422,127.19999694824219,831.4000244140625,4025.0,294.3999938964844
2021-03-18,183.8000030517578,311.95001220703125,2103.0,7128.0,136.1199951171875,226.10000610351562,124.55000305175781,829.0,4004.0,297.79998779296875
2021-03-19,182.60000610351562,306.70001220703125,2060.5,7110.0,133.94000244140625,228.6999969482422,117.0,842.0,3952.0,298.0
2021-03-22,180.9600067138672,307.25,2053.0,7344.0,132.66000366210938,229.60000610351562,111.9000015258789,846.4000244140625,4022.0,298.20001220703125
2021-03-23,181.0800018310547,295.75,2046.5,7215.0,134.10000610351562,229.39999389648438,105.30000305175781,861.0,4074.0,299.20001220703125
2021-03-24,184.22000122070312,301.54998779296875,2057.5,7130.0,133.9199981689453,229.0,108.0,862.2000122070312,4056.0,303.20001220703125
2021-03-25,182.0399932861328,293.70001220703125,2023.0,7210.0,134.6999969482422,227.6999969482422,106.05000305175781,873.0,4060.0,300.3999938964844
2021-03-26,182.9600067138672,302.6499938964844,2090.5,7271.0,135.3800048828125,228.60000610351562,106.19999694824219,860.0,4044.0,301.0
2021-03-29,180.3800048828125,300.5,2078.0,7394.0,132.47999572753906,228.3000030517578,106.05000305175781,870.0,4098.0,301.20001220703125
2021-03-30,189.13999938964844,301.5,2105.5,7289.0,134.0800018310547,229.89999389648438,108.55000305175781,857.0,4062.0,300.20001220703125
2021-03-31,185.9199981689453,294.6499938964844,2094.5,7247.0,131.8800048828125,228.85000610351562,105.30000305175781,864.0,4056.0,295.20001220703125
2021-04-01,184.0,289.79998779296875,2068.0,7172.0,133.66000366210938,227.9499969482422,108.91999816894531,863.5,4022.0,298.6000061035156
2021-04-06,185.5800018310547,299.8500061035156,2118.0,7183.0,134.6199951171875,228.39999389648438,111.76000213623047,874.4000244140625,4088.5,303.20001220703125
2021-04-07,187.36000061035156,305.45001220703125,2163.0,7099.0,136.63999938964844,231.35000610351562,111.87999725341797,888.0,4133.5,308.79998779296875
2021-04-08,187.97999572753906,298.45001220703125,2169.0,7243.0,136.4600067138672,235.85000610351562,111.12000274658203,903.5,4166.0,308.20001220703125
2021-04-09,185.6999969482422,295.0,2150.0,7287.0,134.63999938964844,234.39999389648438,111.87999725341797,900.5,4131.0,306.3999938964844
2021-04-12,188.0800018310547,298.3999938964844,2118.0,7225.0,134.82000732421875,232.0,108.22000122070312,899.4000244140625,4135.5,304.0
2021-04-13,186.82000732421875,298.25,2137.5,7167.0,134.0800018310547,232.10000610351562,107.69999694824219,893.2999877929688,4138.0,306.6000061035156
2021-04-14,187.5800018310547,308.3500061035156,2208.0,7271.0,134.1199951171875,227.39999389648438,107.73999786376953,888.0999755859375,4119.0,310.3999938964844
2021-04-15,184.63999938964844,303.5,2241.5,7400.0,133.33999633789062,224.4499969482422,107.0,898.0999755859375,4165.5,310.3999938964844
2021-04-16,189.17999267578125,302.95001220703125,2239.5,7380.0,135.17999267578125,231.85000610351562,104.55999755859375,902.2999877929688,4164.0,314.3999938964844
2021-04-19,187.67999267578125,300.8500061035156,2217.5,7418.0,135.27999877929688,234.5,105.18000030517578,907.5,4132.0,318.79998779296875
2021-04-20,181.8000030517578,291.75,2167.0,7494.0,131.47999572753906,227.0,99.27999877929688,911.2999877929688,4128.0,310.3999938964844
2021-04-21,180.74000549316406,295.70001220703125,2178.5,7620.0,132.83999633789062,227.1999969482422,99.87000274658203,904.0999755859375,4139.5,312.20001220703125
2021-04-22,182.32000732421875,295.0,2186.5,7673.0,134.10000610351562,225.9499969482422,102.81999969482422,915.0,4131.5,320.0
2021-04-23,181.97999572753906,292.1000061035156,2212.5,7564.0,133.5800018310547,222.5500030517578,101.76000213623047,903.5,4113.5,320.0
2021-04-26,186.0800018310547,296.54998779296875,2247.5,7530.0,134.33999633789062,222.39999389648438,107.81999969482422,900.0,4086.0,319.3999938964844
2021-04-27,186.5,295.29998779296875,2209.0,7561.0,135.0399932861328,221.4499969482422,102.94000244140625,900.5999755859375,4052.5,322.79998779296875
2021-04-28,188.9600067138672,304.5,2216.5,7507.0,135.13999938964844,219.6999969482422,102.76000213623047,897.7000122070312,4077.5,320.79998779296875
2021-04-29,188.72000122070312,302.0,2208.5,7398.0,135.47999572753906,219.89999389648438,102.0199966430664,892.0,4213.0,317.0
2021-04-30,175.5,303.0,2184.5,7715.0,136.8000030517578,221.0,104.62000274658203,910.5999755859375,4231.5,312.0
2021-05-04,170.89999389648438,310.1499938964844,2196.5,7629.0,137.82000732421875,222.0500030517578,101.22000122070312,915.2999877929688,4204.0,312.20001220703125
2021-05-05,176.75999450683594,318.5,2306.0,7674.0,140.5399932861328,224.6999969482422,101.76000213623047,910.0999755859375,4221.5,314.20001220703125
2021-05-06,177.10000610351562,314.5,2314.0,7680.0,142.02000427246094,225.89999389648438,103.4000015258789,933.7999877929688,4304.5,317.0
2021-05-07,181.5399932861328,313.54998779296875,2337.5,7735.0,141.82000732421875,227.5,106.73999786376953,931.7000122070312,4273.0,318.0
2021-05-10,185.4600067138672,315.70001220703125,2375.5,7717.0,142.4199981689453,230.0,109.68000030517578,930.0,4278.5,319.20001220703125
2021-05-11,180.0,304.6000061035156,2329.5,7632.0,138.89999389648438,223.6999969482422,104.33999633789062,914.2999877929688,4220.5,310.3999938964844
2021-05-12,181.4600067138672,315.29998779296875,2344.5,7786.0,140.13999938964844,227.35000610351562,104.86000061035156,919.7000122070312,4244.5,311.0
2021-05-13,178.1999969482422,308.3999938964844,2251.5,7852.0,139.4600067138672,227.39999389648438,104.30000305175781,924.0,4276.5,309.79998779296875
2021-05-14,180.6999969482422,313.6499938964844,2222.5,7864.0,140.72000122070312,230.9499969482422,107.63999938964844,936.0999755859375,4294.0,313.0
2021-05-17,179.22000122070312,315.3999938964844,2246.0,7895.0,141.6999969482422,232.25,102.9800033569336,931.0999755859375,4310.5,309.0
2021-05-18,180.25999450683594,316.79998779296875,2240.5,7930.0,129.0800018310547,231.8000030517578,102.94000244140625,929.5,4279.0,308.0
2021-05-19,178.0800018310547,308.3500061035156,2138.0,7954.0,126.4000015258789,231.8000030517578,103.36000061035156,930.5999755859375,4281.5,307.6000061035156
2021-05-20,178.8800048828125,310.29998779296875,2125.5,8131.0,127.87999725341797,226.4499969482422,103.26000213623047,950.9000244140625,4296.5,308.20001220703125
2021-05-21,179.02000427246094,312.20001220703125,2116.5,8135.0,127.4800033569336,225.6999969482422,105.19999694824219,945.4000244140625,4277.5,308.3999938964844
2021-05-24,179.67999267578125,316.3999938964844,2102.5,8150.0,129.3800048828125,226.60000610351562,105.72000122070312,950.2999877929688,4270.5,307.6000061035156
2021-05-25,179.63999938964844,310.04998779296875,2069.0,8083.0,127.9000015258789,225.35000610351562,105.41999816894531,947.0,4306.5,306.6000061035156
2021-05-26,179.25999450683594,310.70001220703125,2081.5,8020.0,126.9800033569336,225.1999969482422,103.04000091552734,956.0999755859375,4303.5,311.79998779296875
2021-05-27,183.6999969482422,306.54998779296875,2135.0,8100.0,128.3800048828125,224.0,107.05999755859375,943.2999877929688,4190.0,310.0
2021-05-28,183.10000610351562,306.1499938964844,2123.0,8046.0,128.3000030517578,223.25,107.0199966430664,939.2000122070312,4226.5,310.79998779296875
2021-06-01,185.5800018310547,314.75,2199.0,7957.0,128.25999450683594,224.9499969482422,108.94000244140625,950.0999755859375,4240.0,310.0
2021-06-02,186.44000244140625,321.75,2193.0,7932.0,127.72000122070312,225.5,112.30000305175781,960.5999755859375,4250.0,315.3999938964844
2021-06-03,186.33999633789062,324.1000061035156,2150.5,7948.0,127.58000183105469,225.6999969482422,109.68000030517578,921.2999877929688,4268.0,309.20001220703125
2021-06-04,183.9600067138672,319.45001220703125,2170.0,8055.0,127.94000244140625,225.0,107.31999969482422,914.2999877929688,4273.0,305.20001220703125
2021-06-07,186.97999572753906,319.20001220703125,2145.0,8005.0,129.13999938964844,225.60000610351562,110.12000274658203,916.0,4266.0,305.79998779296875
2021-06-08,185.16000366210938,323.20001220703125,2176.0,7935.0,128.5800018310547,226.25,111.4000015258789,914.7000122070312,4277.0,306.20001220703125
2021-06-09,180.5,324.75,2131.0,8130.0,128.24000549316406,226.5500030517578,112.55999755859375,913.0,4276.0,301.20001220703125
2021-06-10,179.05999755859375,323.3500061035156,2134.0,8282.0,129.8000030517578,228.0,111.04000091552734,914.0,4280.5,301.20001220703125
2021-06-11,180.39999389648438,324.29998779296875,2163.0,8340.0,129.83999633789062,231.60000610351562,111.94000244140625,918.5999755859375,4273.5,303.0
2021-06-14,179.39999389648438,330.3999938964844,2152.0,8348.0,130.0,231.75,107.36000061035156,920.0,4295.0,305.79998779296875
2021-06-15,179.22000122070312,332.70001220703125,2131.0,8343.0,132.0,231.0,108.0,927.0,4337.5,303.6000061035156
2021-06-16,177.1199951171875,328.95001220703125,2129.0,8404.0,130.16000366210938,230.14999389648438,110.0,931.4000244140625,4347.0,305.0
2021-06-17,178.82000732421875,324.04998779296875,2059.5,8383.0,130.3000030517578,231.14999389648438,111.91999816894531,929.5999755859375,4352.0,305.0
2021-06-18,171.86000061035156,315.3999938964844,2014.0,8384.0,127.68000030517578,221.75,107.5199966430664,924.9000244140625,4307.0,303.20001220703125
2021-06-21,172.94000244140625,316.8500061035156,2038.5,8408.0,129.4600067138672,225.60000610351562,109.26000213623047,926.9000244140625,4304.5,303.3999938964844
2021-06-22,172.5399932861328,322.70001220703125,2064.5,8350.0,130.24000549316406,224.1999969482422,108.19999694824219,930.2000122070312,4314.5,306.20001220703125
2021-06-23,172.8000030517578,324.20001220703125,2082.5,8322.0,130.66000366210938,223.0,109.44000244140625,918.9000244140625,4261.5,310.79998779296875
2021-06-24,174.39999389648438,324.29998779296875,2115.0,8415.0,125.30000305175781,223.35000610351562,107.77999877929688,923.9000244140625,4248.5,305.79998779296875
2021-06-25,174.83999633789062,325.5,2160.0,8499.0,123.0,224.5,106.5,923.2000122070312,4259.0,306.0
2021-06-28,171.52000427246094,315.1499938964844,2144.0,8666.0,120.55999755859375,223.9499969482422,100.5,925.5,4284.0,305.0
2021-06-29,173.1999969482422,316.0,2152.0,8674.0,121.0999984741211,222.85000610351562,98.58000183105469,923.7999877929688,4274.5,309.20001220703125
2021-06-30,171.1199951171875,315.0,2130.0,8683.0,121.33999633789062,222.9499969482422,98.91999816894531,920.7999877929688,4230.5,306.6000061035156
2021-07-01,175.3000030517578,324.5,2143.0,8742.0,121.69999694824219,223.10000610351562,100.86000061035156,925.5,4261.0,306.79998779296875
2021-07-02,172.36000061035156,321.3999938964844,2152.0,8779.0,121.86000061035156,224.60000610351562,102.58000183105469,923.9000244140625,4270.0,306.0
2021-07-05,177.6999969482422,324.25,2182.5,8678.0,122.16000366210938,231.5,104.9800033569336,924.0,4264.5,310.6000061035156
2021-07-06,171.52000427246094,310.79998779296875,2133.5,8721.0,119.27999877929688,234.25,103.66000366210938,930.0,4292.0,311.0
2021-07-07,172.5,307.70001220703125,2201.5,8658.0,119.08000183105469,237.4499969482422,100.87999725341797,941.0,4360.0,311.0
2021-07-08,167.63999938964844,307.70001220703125,2168.0,8589.0,117.86000061035156,234.25,100.72000122070312,935.5999755859375,4297.0,310.6000061035156
2021-07-09,173.36000061035156,310.8999938964844,2262.0,8648.0,118.63999938964844,237.6999969482422,101.0,939.5999755859375,4295.0,312.6000061035156
2021-07-12,172.72000122070312,309.1499938964844,2256.5,8762.0,119.66000366210938,236.0,95.73999786376953,945.0999755859375,4307.5,311.20001220703125
2021-07-13,170.0,305.8999938964844,2246.5,8759.0,119.31999969482422,236.9499969482422,93.61000061035156,942.5999755859375,4340.5,311.0
2021-07-14,170.6999969482422,304.75,2249.5,8669.0,117.4800033569336,235.64999389648438,92.76000213623047,931.0999755859375,4305.0,314.0
2021-07-15,169.1199951171875,296.04998779296875,2252.5,8346.0,115.30000305175781,232.9499969482422,91.13999938964844,927.7999877929688,4286.5,306.20001220703125
2021-07-16,165.4199981689453,292.25,2218.0,8340.0,116.5999984741211,234.89999389648438,93.05999755859375,943.0,4358.0,304.3999938964844
2021-07-19,159.32000732421875,278.45001220703125,2147.0,8307.0,113.0,231.1999969482422,87.0,931.0,4346.0,293.79998779296875
2021-07-20,161.66000366210938,280.1499938964844,2188.0,8456.0,113.33999633789062,229.64999389648438,90.0199966430664,922.0,4321.5,288.79998779296875
2021-07-21,167.1999969482422,289.45001220703125,2247.5,8459.0,115.0999984741211,231.3000030517578,97.0,921.5,4303.0,297.20001220703125
2021-07-22,165.32000732421875,284.0,2229.0,8459.0,116.04000091552734,231.8000030517578,95.27999877929688,918.5,4050.5,299.79998779296875
2021-07-23,167.1199951171875,284.1000061035156,2258.0,8480.0,118.83999633789062,234.3000030517578,95.62999725341797,929.5,4144.0,306.3999938964844
2021-07-26,169.44000244140625,292.25,2328.0,8292.0,117.5999984741211,232.39999389648438,97.0199966430664,928.0999755859375,4031.0,306.3999938964844
2021-07-27,169.3800048828125,291.3999938964844,2316.5,8253.0,116.73999786376953,234.39999389648438,98.2699966430664,931.0,4051.5,305.79998779296875
2021-07-28,172.75999450683594,291.79998779296875,2323.5,8266.0,115.33999633789062,233.14999389648438,101.69999694824219,929.9000244140625,4049.5,305.79998779296875
2021-07-29,176.22000122070312,295.6499938964844,2370.0,8277.0,116.4000015258789,,102.18000030517578,927.0,4107.0,307.3999938964844
2021-07-30,174.5,289.20001220703125,2324.0,8268.0,116.18000030517578,233.0,99.70999908447266,924.0999755859375,4151.0,303.0
2021-08-02,175.89999389648438,289.75,2349.0,8274.0,116.80000305175781,233.60000610351562,103.4800033569336,928.0999755859375,4133.0,305.3999938964844
2021-08-03,176.36000061035156,306.1000061035156,2365.0,8297.0,117.69999694824219,235.39999389648438,103.13999938964844,927.9000244140625,4155.5,309.3999938964844
2021-08-04,178.83999633789062,303.0,2370.0,8270.0,116.91999816894531,233.35000610351562,104.54000091552734,927.2999877929688,4124.5,308.6000061035156
2021-08-05,179.72000122070312,305.75,2280.0,8342.0,117.45999908447266,231.85000610351562,110.68000030517578,934.0,4100.0,310.0
2021-08-06,182.66000366210938,307.45001220703125,2282.0,8157.0,118.66000366210938,233.14999389648438,112.41999816894531,941.4000244140625,4092.0,308.20001220703125
2021-08-09,184.3800048828125,305.45001220703125,2291.0,8195.0,119.37999725341797,233.64999389648438,109.08000183105469,945.0999755859375,4124.5,308.0
2021-08-10,185.3800048828125,308.8999938964844,2311.0,8149.0,119.27999877929688,234.5,110.0199966430664,951.5,4107.0,308.3999938964844
2021-08-11,186.5,311.70001220703125,2321.5,8180.0,119.9800033569336,238.89999389648438,111.5999984741211,947.7999877929688,4136.5,314.0
2021-08-12,184.25999450683594,306.95001220703125,2288.5,8299.0,120.5999984741211,241.1999969482422,109.55999755859375,950.5,4130.0,318.0
2021-08-13,185.10000610351562,305.3500061035156,2322.5,8426.0,120.30000305175781,242.9499969482422,111.18000030517578,955.5,4159.0,317.3999938964844
2021-08-16,182.9199981689453,298.0,2280.5,8477.0,119.5,242.10000610351562,109.69999694824219,956.9000244140625,4130.0,317.79998779296875
2021-08-17,182.22000122070312,302.45001220703125,2358.0,8585.0,120.4000015258789,245.25,111.45999908447266,962.7000122070312,4163.5,319.0
2021-08-18,182.39999389648438,302.6499938964844,2218.0,8732.0,121.68000030517578,245.3000030517578,113.0,968.7999877929688,4101.5,296.6000061035156
2021-08-19,178.89999389648438,287.75,2163.5,8736.0,121.22000122070312,244.0,111.22000122070312,978.2999877929688,4108.0,288.20001220703125
2021-08-20,179.32000732421875,287.8500061035156,2183.5,8731.0,122.68000030517578,246.5,110.16000366210938,979.0,4135.5,289.6000061035156
2021-08-23,180.60000610351562,295.0,2207.5,8624.0,122.31999969482422,251.5,113.73999786376953,968.0,4115.5,283.0
2021-08-24,181.82000732421875,298.8500061035156,2236.0,8530.0,122.4000015258789,251.0500030517578,118.27999877929688,963.5999755859375,4082.5,282.79998779296875
2021-08-25,185.13999938964844,298.3500061035156,2266.5,8553.0,122.9800033569336,251.5500030517578,116.4800033569336,950.5,4040.0,280.6000061035156
2021-08-26,184.5399932861328,296.54998779296875,2232.0,8580.0,122.5,253.0,116.05999755859375,943.5999755859375,4062.5,283.3999938964844
2021-08-27,185.8000030517578,302.5,2280.0,8565.0,122.73999786376953,254.85000610351562,116.73999786376953,937.9000244140625,4045.0,283.20001220703125
2021-08-31,184.89999389648438,296.95001220703125,2257.5,8514.0,121.95999908447266,255.14999389648438,114.86000061035156,941.2999877929688,4046.0,286.0
2021-09-01,183.97999572753906,294.25,2231.0,8516.0,122.26000213623047,256.0,114.94000244140625,946.2999877929688,4044.0,289.0
2021-09-02,185.47999572753906,299.8999938964844,2107.0,8614.0,121.26000213623047,256.6000061035156,114.23999786376953,944.0,3961.0,289.6000061035156
2021-09-03,184.6999969482422,296.6000061035156,2119.0,8509.0,120.81999969482422,255.6999969482422,111.69999694824219,941.5,3978.0,292.6000061035156
2021-09-06,185.60000610351562,298.45001220703125,2118.0,8645.0,121.5999984741211,257.3999938964844,112.04000091552734,936.4000244140625,4002.0,296.6000061035156
2021-09-07,185.3800048828125,298.3999938964844,2111.5,8470.0,122.27999877929688,258.3999938964844,110.87999725341797,930.5,3989.0,293.0
2021-09-08,182.4199981689453,298.25,2084.0,8314.0,121.83999633789062,257.0,111.26000213623047,948.0999755859375,4022.5,288.3999938964844
2021-09-09,181.74000549316406,294.70001220703125,2049.5,8204.0,118.87999725341797,254.64999389648438,111.0199966430664,943.0,3965.5,285.0
2021-09-10,180.25999450683594,295.6499938964844,2071.5,8173.0,116.76000213623047,254.39999389648438,109.18000030517578,935.9000244140625,3959.0,282.79998779296875
2021-09-13,184.13999938964844,302.29998779296875,2080.5,8098.0,117.72000122070312,256.20001220703125,111.89199829101562,959.7000122070312,3998.758056640625,283.0
2021-09-14,180.94000244140625,300.0,2026.0,8130.0,116.05999755859375,255.8000030517578,109.16000366210938,966.2999877929688,4007.5,279.20001220703125
2021-09-15,179.86000061035156,309.25,2036.5,8125.0,114.66000366210938,254.6999969482422,105.5,959.7000122070312,3969.0,275.3999938964844
2021-09-16,182.6999969482422,305.95001220703125,1968.199951171875,8141.0,115.0,257.1499938964844,109.05999755859375,967.0,3946.0,277.3999938964844
2021-09-17,182.72000122070312,304.6499938964844,1873.800048828125,8063.0,114.31999969482422,255.9499969482422,111.0,965.2000122070312,3918.0,278.20001220703125
2021-09-20,174.9199981689453,303.70001220703125,1843.800048828125,8559.0,114.13999938964844,254.4499969482422,115.69999694824219,956.7000122070312,3988.0,275.20001220703125
2021-09-21,175.02000427246094,308.79998779296875,1851.800048828125,8710.0,114.04000091552734,257.20001220703125,119.58000183105469,957.7000122070312,4013.0,274.0
2021-09-22,181.22000122070312,316.75,1891.5999755859375,8617.0,115.4000015258789,261.6499938964844,122.18000030517578,947.0,4019.5,276.79998779296875
2021-09-23,183.9600067138672,317.75,1891.800048828125,8668.0,114.33999633789062,259.54998779296875,126.94000244140625,934.9000244140625,3991.0,276.79998779296875
2021-09-24,183.74000549316406,320.20001220703125,1867.800048828125,8845.0,113.80000305175781,257.5,132.5,919.4000244140625,3990.0,273.0
2021-09-27,187.77999877929688,,1877.4000244140625,8567.0,115.87999725341797,257.8999938964844,147.47999572753906,908.9000244140625,3965.0,276.20001220703125
2021-09-28,186.32000732421875,336.6000061035156,1846.800048828125,8474.0,114.9800033569336,256.3500061035156,142.66000366210938,895.2999877929688,4012.5,272.20001220703125
2021-09-29,187.77999877929688,338.29998779296875,1861.800048828125,8833.0,115.5,256.5,144.60000610351562,898.2999877929688,4063.5,272.6000061035156
2021-09-30,189.60000610351562,340.29998779296875,1888.199951171875,8958.0,113.30000305175781,253.3000030517578,140.13999938964844,884.5999755859375,4005.0,271.0
2021-10-01,187.8800048828125,337.95001220703125,1843.5999755859375,8773.0,112.19999694824219,247.9499969482422,142.8800048828125,895.2000122070312,3973.0,272.79998779296875
2021-10-04,187.27999877929688,344.45001220703125,1848.5999755859375,8826.0,113.77999877929688,251.64999389648438,142.13999938964844,902.9000244140625,3948.5,275.0
2021-10-05,194.60000610351562,350.6499938964844,1861.0,8856.0,114.66000366210938,253.0,144.0399932861328,910.4000244140625,3918.5,276.0
2021-10-06,191.89999389648438,341.54998779296875,1835.199951171875,8778.0,111.62000274658203,268.04998779296875,140.5,903.5999755859375,3878.0,268.6000061035156
2021-10-07,193.74000549316406,344.79998779296875,1900.5999755859375,8877.0,112.44000244140625,273.1499938964844,141.22000122070312,896.4000244140625,3874.0,270.20001220703125
2021-10-08,195.16000366210938,353.54998779296875,1913.0,8889.0,112.0999984741211,275.6000061035156,143.6999969482422,890.0,3866.5,267.6000061035156
2021-10-11,197.67999267578125,360.29998779296875,1974.4000244140625,9003.0,111.76000213623047,270.3500061035156,145.47999572753906,886.9000244140625,3865.0,265.20001220703125
2021-10-12,197.4600067138672,358.20001220703125,1950.0,8896.0,111.0199966430664,270.1000061035156,143.89999389648438,889.9000244140625,3851.5,265.20001220703125
2021-10-13,192.9199981689453,354.95001220703125,1921.0,8855.0,110.13999938964844,269.3500061035156,143.32000732421875,902.0,3865.5,268.20001220703125
2021-10-14,194.39999389648438,357.70001220703125,1992.0,8814.0,111.12000274658203,266.0,143.44000244140625,901.4000244140625,3880.0,266.3999938964844
2021-10-15,197.82000732421875,363.6000061035156,1989.199951171875,8795.0,110.44000244140625,267.8999938964844,144.55999755859375,897.2000122070312,3853.5,267.0
2021-10-18,199.4600067138672,361.45001220703125,1987.5999755859375,8699.0,109.44000244140625,269.5,142.63999938964844,905.9000244140625,3838.5,264.0
2021-10-19,199.52000427246094,361.95001220703125,2008.5,8739.0,109.4000015258789,274.25,139.44000244140625,903.7999877929688,3787.0,262.6000061035156
2021-10-20,198.44000244140625,363.1000061035156,2003.0,8768.0,112.0,272.1499938964844,138.27999877929688,913.9000244140625,3819.0,261.3999938964844
2021-10-21,196.89999389648438,356.20001220703125,1928.4000244140625,8863.0,110.87999725341797,270.70001220703125,138.0,907.5,3863.5,257.6000061035156
2021-10-22,198.86000061035156,355.0,1941.0,8996.0,110.81999969482422,270.75,135.10000610351562,912.2000122070312,3893.0,257.20001220703125
2021-10-25,200.60000610351562,360.6499938964844,1996.0,8942.0,110.72000122070312,273.70001220703125,132.5399932861328,911.5,3879.5,259.3999938964844
2021-10-26,202.8000030517578,359.20001220703125,1979.800048828125,9003.0,112.55999755859375,273.8999938964844,134.9600067138672,922.7999877929688,3918.0,261.79998779296875
2021-10-27,199.4600067138672,357.6000061035156,1954.199951171875,8994.0,112.0199966430664,271.54998779296875,133.9199981689453,936.7000122070312,3893.0,258.3999938964844
2021-10-28,199.27999877929688,352.04998779296875,1957.199951171875,9060.0,108.9800033569336,269.6000061035156,132.02000427246094,945.2999877929688,3900.0,256.79998779296875
2021-10-29,202.25,350.20001220703125,1935.0,9094.0,108.04000091552734,269.8999938964844,131.83999633789062,935.4000244140625,3912.0,254.0
2021-11-01,200.85000610351562,357.0,1924.0,9138.0,109.36000061035156,271.95001220703125,133.4199981689453,947.0,3929.5,258.79998779296875
2021-11-02,198.4600067138672,344.95001220703125,1867.199951171875,9427.0,108.45999908447266,272.0,132.89999389648438,948.2999877929688,3959.0,255.60000610351562
2021-11-03,199.52000427246094,334.8500061035156,1881.5999755859375,9340.0,106.94000244140625,273.54998779296875,132.60000610351562,947.0999755859375,3944.5,250.0
2021-11-04,191.5,339.5,1897.199951171875,9443.0,110.16000366210938,275.6000061035156,135.0800018310547,955.7000122070312,3900.0,247.0
2021-11-05,192.3800048828125,345.3999938964844,1908.5999755859375,9309.0,111.36000061035156,275.3500061035156,142.94000244140625,950.0,3900.0,248.0
2021-11-08,192.44000244140625,345.25,1922.5999755859375,9331.0,110.95999908447266,274.8500061035156,141.75999450683594,951.2000122070312,3880.0,249.0
2021-11-09,190.0,344.45001220703125,1894.4000244140625,9289.0,111.77999877929688,278.5,146.86000061035156,942.5999755859375,3907.5,248.0
2021-11-10,192.75999450683594,347.79998779296875,1901.0,9384.0,112.26000213623047,284.95001220703125,147.1999969482422,964.7000122070312,3918.0,249.39999389648438
2021-11-11,196.60000610351562,345.1499938964844,1975.0,9444.0,114.0199966430664,283.70001220703125,145.39999389648438,968.7999877929688,3919.0,249.8000030517578
2021-11-12,195.3000030517578,340.8999938964844,1960.800048828125,8801.0,113.55999755859375,285.0,143.27999877929688,977.7999877929688,3915.5,246.0
2021-11-15,196.0,341.54998779296875,1923.4000244140625,8968.0,112.5,285.8999938964844,144.0,981.5999755859375,3907.5,250.1999969482422
2021-11-16,195.77999877929688,344.54998779296875,1898.800048828125,8602.0,117.91999816894531,280.6499938964844,143.9199981689453,974.4000244140625,3874.5,247.39999389648438
2021-11-17,195.6999969482422,342.0,1890.0,8590.0,114.18000030517578,277.8500061035156,140.44000244140625,975.0,3855.5,243.39999389648438
2021-11-18,195.33999633789062,336.45001220703125,1868.4000244140625,8381.0,115.04000091552734,279.3500061035156,141.47999572753906,986.5,3823.0,244.0
2021-11-19,190.9600067138672,326.54998779296875,1884.199951171875,8479.0,113.62000274658203,278.8500061035156,136.0,983.5,3849.0,245.0
2021-11-22,194.74000549316406,334.3999938964844,1942.800048828125,8443.0,117.23999786376953,280.8999938964844,135.82000732421875,985.0,3858.0,243.0
2021-11-23,193.77999877929688,339.3999938964844,2001.0,8480.0,115.9800033569336,279.79998779296875,135.86000061035156,992.4000244140625,3902.5,245.1999969482422
2021-11-24,193.36000061035156,344.5,2016.0,8471.0,117.77999877929688,280.5,135.02000427246094,998.2999877929688,3908.5,243.1999969482422
2021-11-25,195.5,344.75,2010.0,8508.0,114.0999984741211,280.3500061035156,137.5399932861328,1007.0,3974.0,242.8000030517578
2021-11-26,181.66000366210938,317.6499938964844,1962.0,8411.0,109.62000274658203,279.1499938964844,121.55999755859375,1002.2000122070312,3951.5,235.60000610351562
2021-11-29,183.27999877929688,327.70001220703125,2019.0,8367.0,110.12000274658203,279.0,122.5,1001.2000122070312,3921.0,237.60000610351562
2021-11-30,184.22000122070312,325.45001220703125,2066.5,8276.0,109.33999633789062,276.75,122.5,1006.5999755859375,3859.0,233.8000030517578
2021-12-01,189.67999267578125,,2074.5,8314.0,111.05999755859375,278.1499938964844,126.13999938964844,1007.0,3854.5,242.0
2021-12-02,187.24000549316406,336.6000061035156,2099.0,8231.0,110.05999755859375,277.8500061035156,125.44000244140625,985.7999877929688,3872.0,239.60000610351562
2021-12-03,186.66000366210938,340.8500061035156,2041.5,8191.0,110.37999725341797,280.1000061035156,124.9000015258789,1002.4000244140625,3879.0,238.60000610351562
2021-12-06,187.05999755859375,346.5,2058.5,8363.0,112.87999725341797,280.6499938964844,129.6999969482422,1024.800048828125,3927.0,245.0
2021-12-07,186.72000122070312,350.8999938964844,2173.5,8223.0,111.87999725341797,284.29998779296875,131.8000030517578,1028.0,3953.0,247.0
2021-12-08,185.89999389648438,348.70001220703125,2149.0,8284.0,113.0999984741211,282.75,128.63999938964844,1038.0,3953.5,247.1999969482422
2021-12-09,182.83999633789062,343.54998779296875,2132.5,8362.0,113.19999694824219,283.0,124.30000305175781,1049.0,3982.0,252.8000030517578
2021-12-10,182.5,342.6000061035156,2128.0,8193.0,113.19999694824219,284.3999938964844,122.80000305175781,1050.800048828125,4015.5,247.39999389648438
2021-12-13,178.13999938964844,335.0,2126.0,8248.0,112.45999908447266,285.3500061035156,116.94000244140625,1051.0,4021.5,242.1999969482422
2021-12-14,180.0800018310547,337.6499938964844,2168.0,8228.0,114.22000122070312,284.75,117.13999938964844,1055.4000244140625,4021.5,241.60000610351562
2021-12-15,176.47999572753906,330.8999938964844,2130.0,8288.0,111.27999877929688,282.20001220703125,113.0199966430664,1059.0,3969.5,246.0
2021-12-16,182.13999938964844,338.95001220703125,2173.5,8468.0,111.68000030517578,282.3999938964844,113.37999725341797,1043.800048828125,3982.5,247.60000610351562
2021-12-17,180.83999633789062,333.75,2179.5,8513.0,114.26000213623047,284.3999938964844,114.30000305175781,1073.800048828125,3982.0,251.8000030517578
2021-12-20,178.60000610351562,323.29998779296875,2146.0,8491.0,111.5,287.6000061035156,110.4800033569336,1074.800048828125,3981.5,248.39999389648438
2021-12-21,184.25999450683594,331.75,2195.5,8608.0,113.26000213623047,288.5,114.55999755859375,1084.800048828125,3940.5,252.39999389648438
2021-12-22,185.83999633789062,334.70001220703125,2184.5,8615.0,112.54000091552734,287.54998779296875,118.33999633789062,1085.5999755859375,3926.0,255.60000610351562
2021-12-23,187.39999389648438,337.95001220703125,2206.5,8596.0,112.83999633789062,288.3500061035156,120.83999633789062,1084.4000244140625,3953.0,263.0
2021-12-24,187.44000244140625,337.8500061035156,2179.0,8611.0,112.54000091552734,287.8999938964844,121.62000274658203,1082.0,3952.5,263.0
2021-12-29,188.5,336.0,2207.5,8656.0,112.63999938964844,291.04998779296875,121.87999725341797,1090.0,3971.0,266.6000061035156
2021-12-30,188.05999755859375,333.0,2202.0,8673.0,112.37999725341797,291.25,123.08000183105469,1079.0,3966.5,265.20001220703125
2021-12-31,187.0,330.5,2199.5,8678.0,112.26000213623047,289.8999938964844,122.87999725341797,1059.800048828125,3945.5,262.0
