Date,AMZN,META,GOOG,BA,TSLA,AAPL,WMT,NFLX,XOM,JNJ
2012-01-03,8.951499938964844,,16.573129653930664,74.22000122070312,1.871999979019165,14.686785697937012,20.110000610351562,10.319999694824219,86.0,65.87999725341797
2012-01-04,8.875499725341797,,16.644611358642578,74.33000183105469,1.8473329544067383,14.765713691711426,19.90333366394043,11.492856979370117,86.0199966430664,65.4800033569336
2012-01-05,8.880499839782715,,16.413726806640625,73.52999877929688,1.8079999685287476,14.929642677307129,19.80666732788086,11.328571319580078,85.76000213623047,65.4000015258789
2012-01-06,9.130499839782715,,16.189817428588867,73.9800033569336,1.7940000295639038,15.085714340209961,19.666667938232422,12.327142715454102,85.12000274658203,64.83000183105469
2012-01-09,8.928000450134277,,15.503389358520508,74.52999877929688,1.8166669607162476,15.061785697937012,19.726667404174805,14.025713920593262,85.5,64.93000030517578
2012-01-10,8.967000007629395,,15.520325660705566,75.0,1.841333031654358,15.115714073181152,19.68000030517578,13.6899995803833,85.72000122070312,65.19999694824219
2012-01-11,8.944999694824219,,15.59056282043457,74.73999786376953,1.8819999694824219,15.091071128845215,19.799999237060547,13.164285659790039,85.08000183105469,65.12999725341797
2012-01-12,8.796500205993652,,15.682218551635742,75.51000213623047,1.8833329677581787,15.049642562866211,19.833332061767578,13.164285659790039,84.73999786376953,65.2300033569336
2012-01-13,8.920999526977539,,15.56640338897705,74.5999984741211,1.519333004951477,14.993213653564453,19.84666633605957,13.482856750488281,84.87999725341797,65.26000213623047
2012-01-17,9.083000183105469,,15.655817985534668,75.23999786376953,1.773332953453064,15.16785717010498,19.950000762939453,13.531429290771484,85.69000244140625,65.12000274658203
2012-01-18,9.472000122070312,,15.763664245605469,75.05999755859375,1.7873330116271973,15.325357437133789,20.003332138061523,14.077142715454102,86.44999694824219,65.27999877929688
2012-01-19,9.72249984741211,,15.92954158782959,75.55999755859375,1.784000039100647,15.276785850524902,20.203332901000977,14.779999732971191,87.02999877929688,65.19000244140625
2012-01-20,9.546500205993652,,14.595044136047363,75.5199966430664,1.773332953453064,15.010713577270508,20.336666107177734,14.319999694824219,87.48999786376953,65.2699966430664
2012-01-23,9.304499626159668,,14.583337783813477,75.51000213623047,1.7846670150756836,15.264642715454102,20.303333282470703,13.422857284545898,87.47000122070312,65.0
2012-01-24,9.350000381469727,,14.469017028808594,75.36000061035156,1.8279999494552612,15.014642715454102,20.463333129882812,13.238571166992188,87.18000030517578,65.0
2012-01-25,9.390000343322754,,14.18408489227295,75.81999969482422,1.8646670579910278,15.952142715454102,20.489999771118164,13.577142715454102,87.22000122070312,65.22000122070312
2012-01-26,9.666000366210938,,14.149463653564453,75.30999755859375,1.929332971572876,15.879643440246582,20.323333740234375,16.572856903076172,86.7699966430664,65.69999694824219
2012-01-27,9.768500328063965,,14.445355415344238,74.55000305175781,1.9553329944610596,15.974286079406738,20.23666763305664,17.68428611755371,85.83000183105469,65.55999755859375
2012-01-30,9.607500076293945,,14.38831901550293,74.16000366210938,1.9713330268859863,16.17892837524414,20.433332443237305,17.91857147216797,85.48999786376953,65.70999908447266
2012-01-31,9.722000122070312,,14.448593139648438,74.18000030517578,1.937999963760376,16.3028564453125,20.453332901000977,17.171428680419922,83.73999786376953,65.91000366210938
2012-02-01,8.972999572753906,,14.46652603149414,75.37000274658203,1.972000002861023,16.292499542236328,20.726667404174805,17.567142486572266,83.97000122070312,65.69000244140625
2012-02-02,9.086000442504883,,14.573125839233398,75.22000122070312,2.016666889190674,16.25428581237793,20.64666748046875,17.71428680419922,83.52999877929688,65.58999633789062
2012-02-03,9.383999824523926,,14.852579116821289,76.33999633789062,2.076667070388794,16.417142868041992,20.676666259765625,18.06142807006836,84.91999816894531,65.63999938964844
2012-02-06,9.156999588012695,,15.170388221740723,75.45999908447266,2.119999885559082,16.570356369018555,20.626667022705078,18.46428680419922,85.75,65.19000244140625
2012-02-07,9.209500312805176,,15.112604141235352,75.19999694824219,2.1066670417785645,16.743928909301758,20.56333351135254,18.268571853637695,86.33999633789062,65.26000213623047
2012-02-08,9.27400016784668,,15.189316749572754,75.45999908447266,2.128667116165161,17.0242862701416,20.540000915527344,17.71428680419922,85.31999969482422,65.23999786376953
2012-02-09,9.24899959564209,,15.229415893554688,75.9000015258789,2.171999931335449,17.61321449279785,20.65333366394043,17.834285736083984,84.87999725341797,64.88999938964844
2012-02-10,9.277000427246094,,15.091184616088867,74.94999694824219,2.0733330249786377,17.622142791748047,20.633333206176758,17.704286575317383,83.80000305175781,64.5999984741211
2012-02-13,9.579500198364258,,15.247846603393555,74.8499984741211,2.0993330478668213,17.950000762939453,20.59666633605957,16.899999618530273,84.41999816894531,64.68000030517578
2012-02-14,9.5649995803833,,15.187074661254883,75.55999755859375,2.2113330364227295,18.19499969482422,20.739999771118164,17.58142852783203,84.66999816894531,64.61000061035156
2012-02-15,9.22350025177002,,15.082467079162598,75.20999908447266,2.240000009536743,17.773929595947266,20.586666107177734,17.437143325805664,84.12000274658203,64.6500015258789
2012-02-16,8.996500015258789,,15.106377601623535,75.2699966430664,2.2786669731140137,17.936071395874023,20.68000030517578,17.415714263916016,85.41000366210938,64.91999816894531
2012-02-17,9.125,,15.059553146362305,75.3499984741211,2.3313329219818115,17.932857513427734,20.82666778564453,17.407142639160156,85.62000274658203,64.98999786376953
2012-02-21,9.11299991607666,,15.292678833007812,75.72000122070312,2.299999952316284,18.387500762939453,20.023332595825195,16.77142906188965,86.56999969482422,65.04000091552734
2012-02-22,9.029000282287598,,15.141744613647461,76.05999755859375,2.2813329696655273,18.322856903076172,19.53333282470703,16.05714225769043,86.91999816894531,65.0
2012-02-23,8.944499969482422,,15.096165657043457,75.8499984741211,2.302000045776367,18.4424991607666,19.51333236694336,16.141429901123047,87.0199966430664,65.0999984741211
2012-02-24,8.956500053405762,,15.19056224822998,76.05999755859375,2.25,18.657499313354492,19.59666633605957,15.95285701751709,87.33999633789062,64.45999908447266
2012-02-27,8.92650032043457,,15.175867080688477,75.20999908447266,2.2413330078125,18.777143478393555,19.48666763305664,15.630000114440918,87.2300033569336,64.44999694824219
2012-02-28,9.1899995803833,,15.402018547058105,75.16000366210938,2.253999948501587,19.12178611755371,19.643333435058594,16.18857192993164,87.13999938964844,65.18000030517578
2012-02-29,8.98449993133545,,15.39853286743164,74.94999694824219,2.2273330688476562,19.37285614013672,19.69333267211914,15.818571090698242,86.5,65.08000183105469
2012-03-01,9.001999855041504,,15.5018949508667,75.08000183105469,2.2939999103546143,19.445356369018555,19.606666564941406,16.10714340209961,86.83000183105469,64.83000183105469
2012-03-02,8.96500015258789,,15.473252296447754,74.9000015258789,2.2693328857421875,19.470714569091797,19.670000076293945,16.44285774230957,86.33000183105469,64.7699966430664
2012-03-05,9.012999534606934,,15.298906326293945,74.12999725341797,2.251332998275757,19.04142951965332,19.799999237060547,15.829999923706055,87.01000213623047,64.91000366210938
2012-03-06,9.054499626159668,,15.067523002624512,72.55999755859375,2.2073330879211426,18.937856674194336,19.656667709350586,15.304286003112793,85.86000061035156,64.3499984741211
2012-03-07,9.18850040435791,,15.113350868225098,73.5199966430664,2.2079999446868896,18.953214645385742,19.953332901000977,15.027142524719238,85.83000183105469,64.30000305175781
2012-03-08,9.381999969482422,,15.121820449829102,74.16999816894531,2.204667091369629,19.356786727905273,19.92333221435547,15.438570976257324,84.83000183105469,64.8499984741211
2012-03-09,9.215999603271484,,14.950213432312012,73.29000091552734,2.315999984741211,19.47035789489746,20.02666664123535,15.59000015258789,84.30000305175781,64.73999786376953
2012-03-12,9.169500350952148,,15.07225513458252,73.5999984741211,2.4006669521331787,19.71428680419922,20.226667404174805,15.171428680419922,85.55000305175781,65.0999984741211
2012-03-13,9.229499816894531,,15.386825561523438,74.30999755859375,2.4059998989105225,20.28928565979004,20.333332061767578,15.192856788635254,86.86000061035156,65.33000183105469
2012-03-14,9.11299991607666,,15.342244148254395,75.2300033569336,2.3526670932769775,21.056428909301758,20.360000610351562,15.035714149475098,86.0199966430664,65.08000183105469
2012-03-15,9.221500396728516,,15.470264434814453,75.43000030517578,2.3333330154418945,20.912857055664062,20.40999984741211,15.738571166992188,86.08999633789062,65.06999969482422
2012-03-16,9.2524995803833,,15.567648887634277,75.19999694824219,2.3546669483184814,20.9132137298584,20.280000686645508,15.708571434020996,86.44000244140625,65.12000274658203
2012-03-19,9.276000022888184,,15.790313720703125,75.4000015258789,2.3320000171661377,21.467857360839844,20.246667861938477,16.332857131958008,86.98999786376953,65.20999908447266
2012-03-20,9.616499900817871,,15.778109550476074,75.13999938964844,2.330667018890381,21.641429901123047,20.200000762939453,16.431428909301758,86.5999984741211,64.95999908447266
2012-03-21,9.58650016784668,,15.939753532409668,75.01000213623047,2.3433330059051514,21.51785659790039,20.18666648864746,17.157142639160156,86.01000213623047,64.76000213623047
2012-03-22,9.619999885559082,,16.0909366607666,73.91999816894531,2.293333053588867,21.405000686645508,20.21666717529297,16.961429595947266,85.33000183105469,64.45999908447266
2012-03-23,9.751999855041504,,16.0047607421875,73.97000122070312,2.2720000743865967,21.287500381469727,20.25,17.170000076293945,85.55000305175781,64.55000305175781
2012-03-26,10.143500328063965,,16.172630310058594,75.18000030517578,2.493333101272583,21.6778564453125,20.399999618530273,17.427143096923828,87.02999877929688,65.16999816894531
2012-03-27,10.272000312805176,,16.115097045898438,74.80999755859375,2.5293331146240234,21.945714950561523,20.363332748413086,17.238571166992188,86.62000274658203,65.4000015258789
2012-03-28,10.057999610900879,,16.332780838012695,74.33000183105469,2.5233330726623535,22.057857513427734,20.39666748046875,16.972856521606445,85.86000061035156,65.62000274658203
2012-03-29,10.230500221252441,,16.149717330932617,74.08000183105469,2.4886670112609863,21.78071403503418,20.273332595825195,16.435714721679688,86.08000183105469,65.54000091552734
2012-03-30,10.125499725341797,,15.971136093139648,74.37000274658203,2.4826669692993164,21.412500381469727,20.399999618530273,16.43428611755371,86.7300033569336,65.95999908447266
2012-04-02,9.90250015258789,,16.112606048583984,75.16999816894531,2.438667058944702,22.093929290771484,20.453332901000977,16.281429290771484,87.06999969482422,66.20999908447266
2012-04-03,9.982999801635742,,16.00550651550293,74.6500015258789,2.5339999198913574,22.4757137298584,20.21666717529297,16.137142181396484,85.83000183105469,65.87999725341797
2012-04-04,9.69950008392334,,15.81945514678955,73.66999816894531,2.3333330154418945,22.296785354614258,20.086666107177734,15.751428604125977,84.9800033569336,65.38999938964844
2012-04-05,9.719499588012695,,15.748969078063965,73.58999633789062,2.2986669540405273,22.63142967224121,20.22333335876465,15.785714149475098,84.81999969482422,65.33999633789062
2012-04-09,9.593500137329102,,15.712106704711914,72.43000030517578,2.2100000381469727,22.72249984741211,20.043333053588867,15.239999771118164,83.87999725341797,64.91999816894531
2012-04-10,9.348999977111816,,15.6129789352417,70.5999984741211,2.1640000343322754,22.444286346435547,19.976667404174805,14.5600004196167,82.16999816894531,64.19999694824219
2012-04-11,9.398500442504883,,15.839629173278809,71.7699966430664,2.2060000896453857,22.364286422729492,19.933332443237305,14.258570671081543,82.69999694824219,64.12999725341797
2012-04-12,9.534500122070312,,16.214473724365234,73.5,2.22933292388916,22.241785049438477,20.046667098999023,14.894286155700684,83.5999984741211,64.1500015258789
2012-04-13,9.42300033569336,,15.556690216064453,72.91999816894531,2.239332914352417,21.6153564453125,19.92333221435547,14.881428718566895,82.94999694824219,63.540000915527344
2012-04-16,9.274999618530273,,15.095170021057129,72.68000030517578,2.1500000953674316,20.718929290771484,20.19333267211914,14.449999809265137,84.01000213623047,63.97999954223633
2012-04-17,9.419500350952148,,15.182342529296875,74.08999633789062,2.1493330001831055,21.774999618530273,20.623332977294922,15.28857135772705,85.44999694824219,64.22000122070312
2012-04-18,9.553500175476074,,15.129541397094727,73.70999908447266,2.177333116531372,21.726428985595703,20.68666648864746,15.279999732971191,85.75,63.2599983215332
2012-04-19,9.555000305175781,,14.926551818847656,73.0999984741211,2.2106668949127197,20.979999542236328,20.583332061767578,15.29857063293457,85.27999877929688,63.029998779296875
2012-04-20,9.49899959564209,,14.845853805541992,73.55000305175781,2.2106668949127197,20.463571548461914,20.816667556762695,15.158571243286133,85.30000305175781,63.709999084472656
2012-04-23,9.411999702453613,,14.884209632873535,72.86000061035156,2.129333019256592,20.417856216430664,19.84666633605957,14.54857063293457,85.69000244140625,63.369998931884766
2012-04-24,9.516500473022461,,14.975618362426758,73.20999908447266,2.121332883834839,20.010000228881836,19.25666618347168,12.525713920593262,86.30999755859375,63.77000045776367
2012-04-25,9.720999717712402,,15.186079025268555,77.08000183105469,2.194000005722046,21.78571319580078,19.1200008392334,12.335714340209961,86.8499984741211,64.43000030517578
2012-04-26,9.799500465393066,,15.329292297363281,76.98999786376953,2.2326669692993164,21.703571319580078,19.649999618530273,12.152856826782227,86.06999969482422,64.75
2012-04-27,11.342499732971191,,15.31708812713623,77.2699966430664,2.2226669788360596,21.53571319580078,19.676666259765625,11.962857246398926,86.08000183105469,64.83999633789062
2012-04-30,11.595000267028809,,15.064783096313477,76.80000305175781,2.208667039871216,20.856428146362305,19.636667251586914,11.44857120513916,86.33999633789062,65.0999984741211
2012-05-01,11.501999855041504,,15.054323196411133,77.25,2.252000093460083,20.79035758972168,19.690000534057617,11.622857093811035,87.04000091552734,65.22000122070312
2012-05-02,11.512499809265137,,15.124809265136719,77.26000213623047,2.262666940689087,20.9278564453125,19.670000076293945,11.747142791748047,86.19999694824219,65.33000183105469
2012-05-03,11.47249984741211,,15.218457221984863,76.83000183105469,2.1640000343322754,20.779285430908203,19.663333892822266,10.852856636047363,85.6500015258789,65.33999633789062
2012-05-04,11.19950008392334,,14.868518829345703,75.83999633789062,2.121999979019165,20.1875,19.566667556762695,10.44857120513916,84.56999969482422,64.73999786376953
2012-05-07,11.258000373840332,,15.132031440734863,75.95999908447266,2.1646668910980225,20.338571548461914,19.729999542236328,10.492856979370117,84.4800033569336,64.80000305175781
2012-05-08,11.194999694824219,,15.262541770935059,75.4000015258789,2.012666940689087,20.292142868041992,19.683332443237305,10.398571014404297,84.0199966430664,64.9800033569336
2012-05-09,11.14900016784668,,15.171881675720215,74.05000305175781,2.003999948501587,20.327856063842773,19.676666259765625,10.621429443359375,83.30999755859375,64.27999877929688
2012-05-10,11.334500312805176,,15.284211158752441,73.80000305175781,2.1973330974578857,20.375713348388672,19.729999542236328,10.34571361541748,82.83999633789062,64.56999969482422
2012-05-11,11.383999824523926,,15.074248313903809,73.55999755859375,2.1500000953674316,20.239643096923828,19.80666732788086,11.054286003112793,83.0999984741211,64.33999633789062
2012-05-14,11.146499633789062,,15.04361343383789,73.12000274658203,2.003999948501587,19.93642807006836,19.690000534057617,10.994285583496094,82.12000274658203,63.93000030517578
2012-05-15,11.219499588012695,,15.220699310302734,72.58000183105469,1.9620000123977661,19.756071090698242,19.78333282470703,11.068571090698242,81.79000091552734,63.61000061035156
2012-05-16,11.20300006866455,,15.664534568786621,72.3499984741211,1.9453330039978027,19.502857208251953,19.729999542236328,10.600000381469727,82.16999816894531,63.709999084472656
2012-05-17,10.918000221252441,,15.518083572387695,69.7300033569336,1.9046670198440552,18.932857513427734,20.559999465942383,10.281429290771484,81.91000366210938,63.54999923706055
2012-05-18,10.692500114440918,38.22999954223633,14.953948974609375,69.1500015258789,1.8373329639434814,18.942142486572266,20.809999465942383,9.994285583496094,81.47000122070312,63.349998474121094
2012-05-21,10.905500411987305,34.029998779296875,15.295418739318848,71.77999877929688,1.9179999828338623,20.045713424682617,21.01333236694336,10.248571395874023,82.04000091552734,63.470001220703125
2012-05-22,10.766500473022461,31.0,14.963912010192871,71.4800033569336,2.053333044052124,19.891786575317383,21.24333381652832,9.672857284545898,81.94999694824219,63.52000045776367
2012-05-23,10.86400032043457,32.0,15.17960262298584,71.56999969482422,2.068000078201294,20.37714385986328,21.52666664123535,10.272856712341309,82.04000091552734,63.27000045776367
2012-05-24,10.76200008392334,33.029998779296875,15.035144805908203,71.38999938964844,2.018666982650757,20.190000534057617,21.690000534057617,10.03857135772705,82.61000061035156,63.099998474121094
2012-05-25,10.644499778747559,31.90999984741211,14.733027458190918,70.0,1.987333059310913,20.081785202026367,21.770000457763672,10.031429290771484,82.08000183105469,62.5099983215332
2012-05-29,10.737500190734863,28.84000015258789,14.803014755249023,70.4000015258789,2.1126670837402344,20.438213348388672,21.893333435058594,9.920000076293945,81.93000030517578,62.59000015258789
2012-05-30,10.46150016784668,28.190000534057617,14.650835037231445,69.38999938964844,2.0273330211639404,20.684642791748047,21.81333351135254,9.619999885559082,79.79000091552734,62.209999084472656
2012-05-31,10.645500183105469,29.600000381469727,14.467272758483887,69.61000061035156,1.9666670560836792,20.633214950561523,21.940000534057617,9.062856674194336,78.62999725341797,62.43000030517578
2012-06-01,10.41100025177002,27.719999313354492,14.221195220947266,67.23999786376953,1.8766670227050781,20.035356521606445,21.850000381469727,8.992856979370117,77.91999816894531,61.779998779296875
2012-06-04,10.728500366210938,26.899999618530273,14.410735130310059,67.5,1.858667016029358,20.153213500976562,21.996667861938477,9.285714149475098,77.83000183105469,62.34000015258789
2012-06-05,10.660499572753906,25.8700008392334,14.206998825073242,67.58000183105469,1.8606669902801514,20.101070404052734,21.833332061767578,9.261428833007812,77.5999984741211,62.209999084472656
2012-06-06,10.881999969482422,26.809999465942383,14.460049629211426,69.0199966430664,1.9479999542236328,20.409286499023438,21.976667404174805,9.411429405212402,80.18000030517578,62.79999923706055
2012-06-07,10.9399995803833,26.309999465942383,14.401768684387207,69.94999694824219,1.9286669492721558,20.41857147216797,21.956666946411133,9.234286308288574,80.69000244140625,62.79999923706055
2012-06-08,10.923999786376953,27.100000381469727,14.457060813903809,69.94000244140625,2.0053329467773438,20.7257137298584,22.739999771118164,9.377142906188965,80.83999633789062,62.97999954223633
2012-06-11,10.824999809265137,27.010000228881836,14.15942668914795,70.11000061035156,1.9413330554962158,20.398929595947266,22.510000228881836,9.0,80.2699966430664,62.119998931884766
2012-06-12,10.821000099182129,27.399999618530273,14.07474422454834,72.58000183105469,1.9773329496383667,20.5771427154541,22.573333740234375,9.002857208251953,81.26000213623047,63.08000183105469
2012-06-13,10.736499786376953,27.270000457763672,13.974868774414062,72.05999755859375,1.9846669435501099,20.43428611755371,22.356666564941406,8.975713729858398,80.62999725341797,64.44999694824219
2012-06-14,10.72249984741211,28.290000915527344,13.92405891418457,71.8499984741211,1.9593329429626465,20.411785125732422,22.543333053588867,8.95142936706543,82.12999725341797,65.44999694824219
2012-06-15,10.917499542236328,30.010000228881836,14.060049057006836,71.98999786376953,1.99399995803833,20.504642486572266,22.583332061767578,9.398571014404297,83.22000122070312,66.01000213623047
2012-06-18,11.133000373840332,31.40999984741211,14.217958450317383,71.9000015258789,2.122667074203491,20.920713424682617,22.706666946411133,9.532856941223145,83.11000061035156,66.30000305175781
2012-06-19,11.201499938964844,31.90999984741211,14.48396110534668,72.91999816894531,2.1393330097198486,20.97892951965332,22.60333251953125,9.975713729858398,84.4800033569336,66.72000122070312
2012-06-20,11.151000022888184,31.600000381469727,14.383835792541504,73.01000213623047,2.252000093460083,20.919286727905273,22.84000015258789,9.737142562866211,84.97000122070312,67.0
2012-06-21,11.028499603271484,31.84000015258789,14.077484130859375,71.37000274658203,2.1459999084472656,20.631071090698242,22.566667556762695,9.40571403503418,82.11000061035156,66.38999938964844
2012-06-22,11.107999801635742,33.04999923706055,14.233649253845215,71.95999908447266,2.25266695022583,20.78928565979004,22.433332443237305,9.694286346435547,82.11000061035156,66.62999725341797
2012-06-25,11.003499984741211,32.060001373291016,13.965154647827148,71.05000305175781,2.2073330879211426,20.3846435546875,22.726667404174805,9.575714111328125,81.23999786376953,66.5
2012-06-26,11.280500411987305,33.099998474121094,14.064284324645996,70.93000030517578,2.107332944869995,20.429643630981445,22.860000610351562,9.54285717010498,82.4000015258789,66.41999816894531
2012-06-27,11.281000137329102,32.22999954223633,14.179351806640625,71.87000274658203,2.130666971206665,20.51785659790039,22.863332748413086,9.498571395874023,83.19999694824219,66.83999633789062
2012-06-28,11.065500259399414,31.360000610351562,14.055068016052246,71.58000183105469,2.0940001010894775,20.323213577270508,22.766666412353516,9.622857093811035,83.0999984741211,66.94000244140625
2012-06-29,11.417499542236328,31.100000381469727,14.447596549987793,74.30000305175781,2.0859999656677246,20.85714340209961,23.239999771118164,9.784285545349121,85.56999969482422,67.55999755859375
2012-07-02,11.465999603271484,30.770000457763672,14.457559585571289,73.18000030517578,2.0266671180725098,21.161428451538086,23.116666793823242,9.692856788635254,85.33999633789062,68.0
2012-07-03,11.476499557495117,31.200000762939453,14.64087200164795,74.2699966430664,2.0439999103546143,21.407499313354492,23.583332061767578,10.291428565979004,86.27999877929688,68.04000091552734
2012-07-05,11.352999687194824,31.469999313354492,14.842367172241211,74.44000244140625,2.0820000171661377,21.783571243286133,23.69333267211914,11.674285888671875,85.56999969482422,67.77999877929688
2012-07-06,11.2524995803833,31.729999542236328,14.594795227050781,73.69000244140625,2.065999984741211,21.63857078552246,23.786666870117188,11.69857120513916,84.80000305175781,67.63999938964844
2012-07-09,11.2524995803833,32.16999816894531,14.595541954040527,74.02999877929688,2.0993330478668213,21.92464256286621,23.920000076293945,11.855713844299316,83.6500015258789,67.77999877929688
2012-07-10,10.975000381469727,31.469999313354492,14.488195419311523,73.22000122070312,2.0846669673919678,21.721786499023438,24.036666870117188,11.46142864227295,83.11000061035156,67.87999725341797
2012-07-11,10.918499946594238,30.969999313354492,14.226426124572754,71.5199966430664,2.1006669998168945,21.5867862701416,24.086666107177734,11.662857055664062,84.37999725341797,67.9000015258789
2012-07-12,10.767999649047852,30.809999465942383,14.208742141723633,71.70999908447266,2.180000066757202,21.389286041259766,24.10333251953125,12.138570785522461,84.12000274658203,67.70999908447266
2012-07-13,10.919500350952148,30.719999313354492,14.359177589416504,73.51000213623047,2.2833330631256104,21.60607147216797,24.393333435058594,12.128570556640625,85.47000122070312,68.61000061035156
2012-07-16,10.80049991607666,28.25,14.319328308105469,72.97000122070312,2.3973329067230225,21.675357818603516,24.32666778564453,11.854286193847656,85.05000305175781,68.44999694824219
2012-07-17,10.846500396728516,28.09000015258789,14.364409446716309,73.11000061035156,2.2233328819274902,21.676429748535156,24.366666793823242,11.682856559753418,85.7300033569336,69.0
2012-07-18,10.873499870300293,29.110000610351562,14.464781761169434,73.88999938964844,2.1433329582214355,21.652143478393555,24.28333282470703,11.609999656677246,86.20999908447266,69.37000274658203
2012-07-19,11.308500289916992,29.0,14.771134376525879,74.86000061035156,2.1513330936431885,21.940000534057617,23.843332290649414,11.874285697937012,86.20999908447266,69.52999877929688
2012-07-20,11.41450023651123,28.760000228881836,15.213476181030273,73.88999938964844,2.119333028793335,21.582143783569336,24.083332061767578,11.688570976257324,85.94999694824219,68.62999725341797
2012-07-23,11.30049991607666,28.75,15.33028793334961,72.91000366210938,2.0439999103546143,21.565357208251953,23.950000762939453,11.420000076293945,85.20999908447266,68.11000061035156
2012-07-24,11.152000427246094,28.450000762939453,15.132530212402344,72.02999877929688,1.9893330335617065,21.461429595947266,24.046667098999023,11.484286308288574,84.58000183105469,67.3499984741211
2012-07-25,10.852499961853027,29.34000015258789,15.142990112304688,74.02999877929688,1.9299999475479126,20.534643173217773,24.02666664123535,8.611429214477539,85.23999786376953,67.52999877929688
2012-07-26,11.000499725341797,26.850000381469727,15.276739120483398,74.91000366210938,1.8753329515457153,20.531429290771484,24.55666732788086,8.144286155700684,86.5199966430664,68.73999786376953
2012-07-27,11.866000175476074,23.709999084472656,15.814723014831543,75.51000213623047,1.9673329591751099,20.898571014404297,24.84000015258789,8.417142868041992,87.44999694824219,69.5199966430664
2012-07-30,11.804499626159668,23.149999618530273,15.7484712600708,74.86000061035156,1.8233330249786377,21.25107192993164,24.99333381652832,8.25,87.55999755859375,69.44999694824219
2012-07-31,11.664999961853027,21.709999084472656,15.765157699584961,73.91000366210938,1.8279999494552612,21.812856674194336,24.809999465942383,8.121429443359375,86.8499984741211,69.22000122070312
2012-08-01,11.604499816894531,20.8799991607666,15.7579345703125,72.7699966430664,1.75,21.671785354614258,24.540000915527344,7.785714149475098,86.91000366210938,69.37999725341797
2012-08-02,11.540499687194824,20.040000915527344,15.660052299499512,71.98999786376953,1.7400000095367432,21.706785202026367,24.683332443237305,7.695713996887207,85.87999725341797,68.44999694824219
2012-08-03,11.748499870300293,21.09000015258789,15.97337818145752,72.80999755859375,1.8179999589920044,21.989286422729492,24.850000381469727,7.7014288902282715,87.55000305175781,69.12000274658203
2012-08-06,11.69950008392334,21.920000076293945,16.010488510131836,72.88999938964844,1.8846670389175415,22.233928680419922,24.760000228881836,8.1128568649292,87.44999694824219,68.83999633789062
2012-08-07,11.82800006866455,20.719999313354492,15.953701972961426,74.45999908447266,2.016666889190674,22.175357818603516,24.663333892822266,8.271429061889648,87.91999816894531,68.29000091552734
2012-08-08,11.718999862670898,20.719999313354492,15.995794296264648,74.5999984741211,1.9393329620361328,22.13785743713379,24.770000457763672,8.257143020629883,88.27999877929688,68.3499984741211
2012-08-09,11.70300006866455,21.010000228881836,15.998783111572266,74.27999877929688,1.9606670141220093,22.168928146362305,24.616666793823242,8.272856712341309,88.19999694824219,68.31999969482422
2012-08-10,11.637499809265137,21.809999465942383,15.99006462097168,74.20999908447266,1.996000051498413,22.203571319580078,24.559999465942383,8.557143211364746,88.44000244140625,68.63999938964844
2012-08-13,11.621999740600586,21.600000381469727,16.438634872436523,74.19000244140625,2.078000068664551,22.5,24.46666717529297,8.558570861816406,88.13999938964844,68.45999908447266
2012-08-14,11.659500122070312,20.3799991607666,16.654075622558594,73.80999755859375,1.9613330364227295,22.56035614013672,24.670000076293945,8.822856903076172,88.19999694824219,68.63999938964844
2012-08-15,11.871000289916992,21.200000762939453,16.62618064880371,73.06999969482422,1.9600000381469727,22.52964210510254,24.816667556762695,9.037142753601074,88.0,68.3499984741211
2012-08-16,12.077500343322754,19.8700008392334,16.75893211364746,73.63999938964844,2.0199999809265137,22.726428985595703,24.049999237060547,9.187143325805664,88.66999816894531,68.19999694824219
2012-08-17,12.058500289916992,19.049999237060547,16.865285873413086,73.91000366210938,2.000667095184326,23.146785736083984,23.996667861938477,9.098570823669434,88.4000015258789,67.80000305175781
2012-08-20,12.017499923706055,20.010000228881836,16.8254337310791,73.83000183105469,1.9673329591751099,23.75535774230957,24.100000381469727,9.177143096923828,87.94999694824219,67.69999694824219
2012-08-21,11.97249984741211,19.15999984741211,16.675247192382812,73.2699966430664,1.9406670331954956,23.430713653564453,23.809999465942383,9.371429443359375,87.45999908447266,67.77999877929688
2012-08-22,12.154999732971191,19.440000534057617,16.866281509399414,72.80000305175781,1.9966670274734497,23.888214111328125,23.92333221435547,9.342857360839844,87.7300033569336,67.75
2012-08-23,12.0600004196167,19.440000534057617,16.8568172454834,70.36000061035156,2.0486669540405273,23.66535758972168,23.85333251953125,9.149999618530273,87.30999755859375,67.73999786376953
2012-08-24,12.286999702453613,19.40999984741211,16.902395248413086,71.08999633789062,1.9666670560836792,23.68642807006836,24.036666870117188,9.022856712341309,88.05000305175781,67.5999984741211
2012-08-27,12.196000099182129,19.149999618530273,16.66802406311035,71.37999725341797,1.8880000114440918,24.13142967224121,24.166667938232422,8.912857055664062,87.73999786376953,67.48999786376953
2012-08-28,12.305500030517578,19.34000015258789,16.868024826049805,71.5199966430664,1.9126670360565186,24.100000381469727,24.136667251586914,8.992856979370117,88.0999984741211,67.51000213623047
2012-08-29,12.355999946594238,19.100000381469727,17.13602066040039,71.44000244140625,1.8940000534057617,24.052499771118164,24.25666618347168,9.062856674194336,87.9000015258789,67.37000274658203
2012-08-30,12.310999870300293,19.09000015258789,16.978361129760742,70.81999969482422,1.8940000534057617,23.70964241027832,24.083332061767578,8.640000343322754,87.19999694824219,67.20999908447266
2012-08-31,12.41349983215332,18.059999465942383,17.06329345703125,71.4000015258789,1.901332974433899,23.75857162475586,24.200000762939453,8.531429290771484,87.30000305175781,67.43000030517578
2012-09-04,12.394000053405762,17.729999542236328,16.962421417236328,70.87000274658203,1.8760000467300415,24.10607147216797,24.503332138061523,7.989999771118164,87.12000274658203,67.26000213623047
2012-09-05,12.310999870300293,18.579999923706055,16.954450607299805,71.91999816894531,1.8626669645309448,23.936786651611328,24.516666412353516,7.851428985595703,87.33000183105469,67.2699966430664
2012-09-06,12.569000244140625,18.959999084472656,17.419706344604492,72.81999969482422,1.9033329486846924,24.15250015258789,24.93666648864746,8.092857360839844,88.98999786376953,67.83999633789062
2012-09-07,12.956999778747559,18.979999542236328,17.587827682495117,72.88999938964844,1.9566669464111328,24.301429748535156,24.606666564941406,8.09428596496582,89.91999816894531,67.87999725341797
2012-09-10,12.854499816894531,18.809999465942383,17.453828811645508,71.08000183105469,1.824666976928711,23.669286727905273,24.503332138061523,7.9885711669921875,89.4800033569336,68.18000030517578
2012-09-11,12.783499717712402,19.43000030517578,17.240129470825195,71.2699966430664,1.8533329963684082,23.592500686645508,24.68666648864746,8.165714263916016,89.62000274658203,68.19999694824219
2012-09-12,12.781499862670898,20.93000030517578,17.207502365112305,70.95999908447266,1.8853329420089722,23.921070098876953,24.690000534057617,8.172857284545898,89.55000305175781,68.1500015258789
2012-09-13,13.01200008392334,20.709999084472656,17.585086822509766,71.58000183105469,1.9653329849243164,24.39214324951172,25.046667098999023,8.285714149475098,91.2300033569336,68.98999786376953
2012-09-14,13.06350040435791,22.0,17.67574691772461,71.27999877929688,2.0260000228881836,24.68857192993164,24.833332061767578,8.645713806152344,92.30000305175781,68.47000122070312
2012-09-17,12.899999618530273,21.520000457763672,17.68321990966797,69.91999816894531,2.169332981109619,24.992143630981445,24.663333892822266,8.145713806152344,91.91000366210938,68.25
2012-09-18,12.9375,21.8700008392334,17.889944076538086,70.44999694824219,2.0893330574035645,25.068214416503906,24.649999618530273,8.008570671081543,91.6500015258789,68.55000305175781
2012-09-19,13.083999633789062,23.290000915527344,18.119583129882812,69.9000015258789,2.069999933242798,25.075000762939453,24.790000915527344,8.148571014404297,90.56999969482422,68.5999984741211
2012-09-20,13.040499687194824,22.59000015258789,18.135025024414062,69.8499984741211,2.059999942779541,24.953571319580078,24.916667938232422,8.39142894744873,91.5199966430664,68.9000015258789
2012-09-21,12.873499870300293,22.860000610351562,18.281227111816406,69.97000122070312,2.001332998275757,25.00321388244629,24.816667556762695,8.255714416503906,91.91999816894531,69.05999755859375
2012-09-24,12.739999771118164,20.790000915527344,18.664541244506836,70.02999877929688,2.0439999103546143,24.671070098876953,24.913333892822266,8.055713653564453,91.87999725341797,69.0
2012-09-25,12.623000144958496,20.280000686645508,18.659061431884766,69.37999725341797,1.843999981880188,24.05500030517578,24.753332138061523,7.685713768005371,91.73999786376953,69.31999969482422
2012-09-26,12.483499526977539,20.6200008392334,18.766159057617188,70.25,1.8359999656677246,23.75642967224121,24.729999542236328,7.87571382522583,91.2300033569336,69.0
2012-09-27,12.829500198364258,20.31999969482422,18.841875076293945,70.0999984741211,1.8993330001831055,24.332857131958008,24.65999984741211,7.935713768005371,91.80000305175781,69.01000213623047
2012-09-28,12.715999603271484,21.65999984741211,18.792062759399414,69.5999984741211,1.9520000219345093,23.825000762939453,24.600000381469727,7.7771430015563965,91.44999694824219,68.91000366210938
2012-10-01,12.600500106811523,21.989999771118164,18.9733829498291,70.01000213623047,1.944000005722046,23.54964256286621,24.683332443237305,8.007143020629883,91.80000305175781,69.12999725341797
2012-10-02,12.529999732971191,22.270000457763672,18.854080200195312,69.52999877929688,1.9866670370101929,23.618213653564453,24.583332061767578,8.065713882446289,91.72000122070312,68.95999908447266
2012-10-03,12.795999526977539,21.829999923706055,18.991315841674805,69.86000061035156,1.9533330202102661,23.980356216430664,24.733333587646484,8.9399995803833,91.69999694824219,69.0
2012-10-04,13.023500442504883,21.950000762939453,19.129547119140625,69.94000244140625,1.9600000381469727,23.814285278320312,24.906667709350586,9.524286270141602,92.22000122070312,69.2699966430664
2012-10-05,12.92549991607666,20.90999984741211,19.119585037231445,70.88999938964844,1.9259999990463257,23.306785583496094,25.043333053588867,9.508570671081543,92.55000305175781,69.6500015258789
2012-10-08,12.95300006866455,20.399999618530273,18.87525177001953,70.56999969482422,1.9500000476837158,22.791786193847656,25.083332061767578,10.502857208251953,92.68000030517578,69.44000244140625
2012-10-09,12.54800033569336,20.229999542236328,18.532785415649414,70.63999938964844,1.891332983970642,22.70892906188965,24.713333129882812,9.361429214477539,92.12999725341797,68.41000366210938
2012-10-10,12.249500274658203,19.639999389648438,18.544490814208984,70.33999633789062,1.8933329582214355,22.8896427154541,25.139999389648438,9.35714340209961,91.02999877929688,68.22000122070312
2012-10-11,12.211000442504883,19.75,18.71684455871582,70.83000183105469,1.8880000114440918,22.43214225769043,25.003332138061523,9.425713539123535,91.16999816894531,67.97000122070312
2012-10-12,12.118000030517578,19.520000457763672,18.549222946166992,71.8499984741211,1.8426669836044312,22.489643096923828,25.270000457763672,9.1899995803833,91.02999877929688,67.97000122070312
2012-10-15,12.208999633789062,19.520000457763672,18.455324172973633,72.25,1.8220000267028809,22.670000076293945,25.71666717529297,9.251428604125977,91.51000213623047,68.5999984741211
2012-10-16,12.196999549865723,19.479999542236328,18.547977447509766,73.4800033569336,1.8706669807434082,23.206785202026367,25.636667251586914,9.435713768005371,92.37999725341797,69.55000305175781
2012-10-17,12.374500274658203,19.8799991607666,18.81671905517578,73.62999725341797,1.9213329553604126,23.021785736083984,25.676666259765625,9.78857135772705,93.38999938964844,71.0
2012-10-18,12.242500305175781,18.979999542236328,17.310117721557617,74.26000213623047,1.869333028793335,22.59428596496582,25.520000457763672,9.622857093811035,93.4800033569336,72.5199966430664
2012-10-19,12.0,19.0,16.98110008239746,74.01000213623047,1.8493330478668213,21.780000686645508,25.206666946411133,9.282856941223145,92.1500015258789,71.86000061035156
2012-10-22,11.689000129699707,19.31999969482422,16.903392791748047,73.69999694824219,1.8566670417785645,22.64392852783203,25.21666717529297,9.697142601013184,92.19000244140625,71.77999877929688
2012-10-23,11.715499877929688,19.5,16.945234298706055,72.81999969482422,1.8926670551300049,21.90571403503418,24.920000076293945,9.74571418762207,90.18000030517578,70.88999938964844
2012-10-24,11.424500465393066,23.229999542236328,16.86927032470703,72.70999908447266,1.8279999494552612,22.02964210510254,24.940000534057617,8.588570594787598,89.87999725341797,70.73999786376953
2012-10-25,11.145999908447266,22.559999465942383,16.880727767944336,71.54000091552734,1.8346669673919678,21.769285202026367,25.106666564941406,8.787142753601074,90.43000030517578,71.13999938964844
2012-10-26,11.911999702453613,21.940000534057617,16.81572151184082,71.11000061035156,1.8253329992294312,21.571428298950195,25.036666870117188,9.9399995803833,90.62000274658203,70.9000015258789
2012-10-31,11.644499778747559,21.110000610351562,16.94399070739746,70.44000244140625,1.8753329515457153,21.261428833007812,25.00666618347168,11.319999694824219,91.16999816894531,70.81999969482422
2012-11-01,11.607000350952148,21.209999084472656,17.125558853149414,70.79000091552734,1.9500000476837158,21.30500030517578,24.483333587646484,11.098570823669434,91.5999984741211,71.5
2012-11-02,11.621000289916992,21.18000030517578,17.133777618408203,70.05000305175781,1.9279999732971191,20.600000381469727,24.25666618347168,10.985713958740234,90.2699966430664,70.9000015258789
2012-11-05,11.716500282287598,21.25,17.01024055480957,70.41000366210938,2.0999999046325684,20.87928581237793,24.3799991607666,11.177143096923828,90.62999725341797,70.79000091552734
2012-11-06,11.878000259399414,21.170000076293945,16.97935676574707,72.0199966430664,2.076667070388794,20.816070556640625,24.586666107177734,10.90999984741211,91.61000061035156,71.01000213623047
2012-11-07,11.602999687194824,20.469999313354492,16.615720748901367,70.11000061035156,2.1026670932769775,19.928571701049805,24.3700008392334,11.097143173217773,88.18000030517578,70.33999633789062
2012-11-08,11.367500305175781,19.989999771118164,16.246355056762695,70.9800033569336,2.0873329639434814,19.20535659790039,24.15999984741211,10.852856636047363,87.06999969482422,69.6500015258789
2012-11-09,11.315500259399414,19.209999084472656,16.513851165771484,73.25,2.0213329792022705,19.537857055664062,24.10333251953125,11.128570556640625,87.20999908447266,69.87000274658203
2012-11-12,11.32349967956543,20.06999969482422,16.58533477783203,73.69000244140625,2.0713329315185547,19.38678550720215,24.15999984741211,11.170000076293945,87.31999969482422,69.68000030517578
2012-11-13,11.329999923706055,19.860000610351562,16.414724349975586,73.36000061035156,2.107332944869995,19.389286041259766,23.93666648864746,11.372857093811035,86.47000122070312,69.51000213623047
2012-11-14,11.147500038146973,22.360000610351562,16.252830505371094,71.29000091552734,2.0920000076293945,19.174285888671875,23.770000457763672,11.397143363952637,86.06999969482422,69.2699966430664
2012-11-15,11.029999732971191,22.170000076293945,16.121074676513672,71.04000091552734,2.0546669960021973,18.77214241027832,22.906667709350586,11.640000343322754,86.13999938964844,69.06999969482422
2012-11-16,11.261500358581543,23.559999465942383,16.119081497192383,70.7699966430664,2.122667074203491,18.845714569091797,22.676666259765625,11.557143211364746,86.44999694824219,69.19000244140625
2012-11-19,11.48550033569336,22.920000076293945,16.642868041992188,71.95999908447266,2.194667100906372,20.20464324951172,23.00666618347168,11.622857093811035,87.66999816894531,69.25
2012-11-20,11.689000129699707,23.100000381469727,16.686704635620117,72.54000091552734,2.200000047683716,20.032499313354492,23.0,11.771429061889648,87.5,69.66999816894531
2012-11-21,11.90149974822998,24.31999969482422,16.58458709716797,73.1500015258789,2.1646668910980225,20.060714721679688,22.963333129882812,11.85714340209961,88.01000213623047,69.58999633789062
2012-11-23,11.994000434875488,24.0,16.636890411376953,73.73999786376953,2.1419999599456787,20.41071319580078,23.399999618530273,11.850000381469727,89.08999633789062,69.55999755859375
2012-11-26,12.180999755859375,25.940000534057617,16.46702766418457,74.2699966430664,2.1513330936431885,21.054643630981445,23.303333282470703,11.722857475280762,88.62000274658203,69.08999633789062
2012-11-27,12.170000076293945,26.149999618530273,16.705135345458984,74.48999786376953,2.1433329582214355,20.885000228881836,23.166667938232422,11.868571281433105,87.3499984741211,68.80999755859375
2012-11-28,12.355500221252441,26.360000610351562,17.027925491333008,74.08999633789062,2.2153329849243164,20.819286346435547,23.520000457763672,11.747142791748047,88.0999984741211,69.29000091552734
2012-11-29,12.56350040435791,27.31999969482422,17.23265838623047,74.12000274658203,2.246000051498413,21.04857063293457,23.610000610351562,11.625714302062988,88.12000274658203,69.22000122070312
2012-11-30,12.602499961853027,28.0,17.394052505493164,74.27999877929688,2.254667043685913,20.902856826782227,24.00666618347168,11.672857284545898,88.13999938964844,69.7300033569336
2012-12-03,12.516500473022461,27.040000915527344,17.316343307495117,74.0199966430664,2.308000087738037,20.93535614013672,23.780000686645508,10.85714340209961,87.61000061035156,69.6500015258789
2012-12-04,12.624500274658203,27.459999084472656,17.211238861083984,74.05000305175781,2.259999990463257,20.566070556640625,24.040000915527344,12.378570556640625,87.19000244140625,69.86000061035156
2012-12-05,12.697999954223633,27.709999084472656,17.131288528442383,73.87000274658203,2.24733304977417,19.24250030517578,23.883333206176758,11.90999984741211,87.7300033569336,69.97000122070312
2012-12-06,12.668499946594238,26.969999313354492,17.213729858398438,73.9800033569336,2.259999990463257,19.544286727905273,23.863332748413086,12.3100004196167,88.0,70.05000305175781
2012-12-07,12.66349983215332,27.489999771118164,17.04137420654297,74.63999938964844,2.2780001163482666,19.04464340209961,24.09666633605957,12.282856941223145,88.5999984741211,70.44999694824219
2012-12-10,12.388500213623047,27.84000015258789,17.07151222229004,75.52999877929688,2.3046669960021973,18.922143936157227,24.049999237060547,12.114286422729492,88.41000366210938,70.5999984741211
2012-12-11,12.534500122070312,27.979999542236328,17.35694122314453,75.81999969482422,2.3519999980926514,19.335357666015625,23.6299991607666,12.29714298248291,88.98999786376953,71.0999984741211
2012-12-12,12.588000297546387,27.579999923706055,17.373878479003906,75.47000122070312,2.3506669998168945,19.25,22.979999542236328,12.96142864227295,89.44999694824219,70.95999908447266
2012-12-13,12.5625,28.239999771118164,17.50189971923828,74.31999969482422,2.2406671047210693,18.917499542236328,23.01333236694336,13.222857475280762,88.58000183105469,70.75
2012-12-14,12.459500312805176,26.809999465942383,17.48346710205078,74.0199966430664,2.253999948501587,18.206785202026367,22.916667938232422,13.328571319580078,88.08000183105469,70.69000244140625
2012-12-17,12.692999839782715,26.75,17.952211380004883,74.6500015258789,2.293333053588867,18.52964210510254,23.066667556762695,13.528571128845215,88.87000274658203,70.94000244140625
2012-12-18,13.020000457763672,27.709999084472656,17.959434509277344,75.5199966430664,2.305999994277954,19.06785774230957,23.166667938232422,13.662857055664062,89.55999755859375,70.94999694824219
2012-12-19,12.899499893188477,27.40999984741211,17.935522079467773,75.51000213623047,2.307332992553711,18.796785354614258,22.84000015258789,13.425713539123535,88.44000244140625,70.62999725341797
2012-12-20,13.074999809265137,27.360000610351562,17.99156379699707,76.19999694824219,2.295332908630371,18.633214950561523,23.0,13.35714340209961,88.88999938964844,70.75
2012-12-21,12.845999717712402,26.260000228881836,17.82394027709961,76.16999816894531,2.266666889190674,18.547500610351562,22.883333206176758,13.04857063293457,87.2300033569336,70.2699966430664
2012-12-24,12.930999755859375,26.93000030517578,17.6712646484375,75.97000122070312,2.2853329181671143,18.577499389648438,22.856666564941406,12.890000343322754,86.91999816894531,70.0199966430664
2012-12-26,12.431500434875488,26.510000228881836,17.65557289123535,76.0199966430664,2.239332914352417,18.321428298950195,22.663333892822266,12.949999809265137,87.06999969482422,70.16999816894531
2012-12-27,12.415499687194824,26.049999237060547,17.591312408447266,75.83000183105469,2.246000051498413,18.395000457763672,22.729999542236328,12.928570747375488,86.86000061035156,70.08999633789062
2012-12-28,12.258999824523926,25.90999984741211,17.434900283813477,74.69000244140625,2.2146670818328857,18.199642181396484,22.536666870117188,12.761428833007812,85.0999984741211,69.4800033569336
2012-12-31,12.543499946594238,26.6200008392334,17.61846160888672,75.36000061035156,2.257999897003174,19.006071090698242,22.74333381652832,13.227143287658691,86.55000305175781,70.0999984741211
2013-01-02,12.865500450134277,28.0,18.013729095458984,77.06999969482422,2.357332944869995,19.608213424682617,23.079999923706055,13.144286155700684,88.70999908447266,70.83999633789062
2013-01-03,12.923999786376953,27.770000457763672,18.02419090270996,77.47000122070312,2.318000078201294,19.360713958740234,22.933332443237305,13.79857063293457,88.55000305175781,70.73999786376953
2013-01-04,12.957500457763672,28.760000228881836,18.380355834960938,77.69000244140625,2.293333053588867,18.821428298950195,23.020000457763672,13.71142864227295,88.95999908447266,71.55000305175781
2013-01-07,13.42300033569336,29.420000076293945,18.30015754699707,76.12999725341797,2.2893331050872803,18.71071434020996,22.799999237060547,14.171428680419922,87.93000030517578,71.4000015258789
2013-01-08,13.319000244140625,29.059999465942383,18.264041900634766,74.12999725341797,2.245332956314087,18.761070251464844,22.863332748413086,13.880000114440918,88.4800033569336,71.41000366210938
2013-01-09,13.317500114440918,30.59000015258789,18.384092330932617,76.76000213623047,2.2426669597625732,18.467857360839844,22.856666564941406,13.70142936706543,88.13999938964844,71.7300033569336
2013-01-10,13.267000198364258,31.299999237060547,18.467777252197266,77.08999633789062,2.23533296585083,18.696786880493164,22.786666870117188,14.0,89.0999984741211,72.19000244140625
2013-01-11,13.397000312805176,31.719999313354492,18.430667877197266,75.16000366210938,2.194000005722046,18.582143783569336,22.876667022705078,14.470000267028809,89.61000061035156,72.3499984741211
2013-01-14,13.636500358581543,30.950000762939453,18.013729095458984,76.55000305175781,2.2173330783843994,17.91964340209961,22.766666412353516,14.778571128845215,89.58000183105469,72.55999755859375
2013-01-15,13.595000267028809,30.100000381469727,18.055572509765625,76.94000244140625,2.259999990463257,17.354286193847656,22.99333381652832,14.527142524719238,89.52999877929688,72.37000274658203
2013-01-16,13.446499824523926,29.850000381469727,17.8129825592041,74.33999633789062,2.2733330726623535,18.074642181396484,23.06999969482422,13.925713539123535,89.47000122070312,72.58000183105469
2013-01-17,13.52400016784668,30.139999389648438,17.716594696044922,75.26000213623047,2.2920000553131104,17.952856063842773,22.950000762939453,13.95714282989502,90.19999694824219,72.9000015258789
2013-01-18,13.605999946594238,29.65999984741211,17.546979904174805,75.04000091552734,2.301332950592041,17.85714340209961,23.066667556762695,14.167142868041992,90.80000305175781,73.2300033569336
2013-01-22,13.509499549865723,30.729999542236328,17.506132125854492,74.16000366210938,2.3459999561309814,18.02750015258789,23.19333267211914,13.972857475280762,90.91999816894531,72.69000244140625
2013-01-23,13.405500411987305,30.81999969482422,18.46827507019043,74.29000091552734,2.4000000953674316,18.357500076293945,23.163333892822266,14.751428604125977,90.69999694824219,72.8499984741211
2013-01-24,13.67300033569336,31.079999923706055,18.784839630126953,75.31999969482422,2.4660000801086426,16.08928680419922,23.26333236694336,20.979999542236328,91.3499984741211,73.0999984741211
2013-01-25,14.19950008392334,31.540000915527344,18.771390914916992,75.02999877929688,2.4653329849243164,15.710000038146973,23.0,24.222856521606445,91.7300033569336,73.91999816894531
2013-01-28,13.802000045776367,32.470001220703125,18.698165893554688,74.0,2.5353329181671143,16.065357208251953,23.116666793823242,23.158571243286133,91.11000061035156,73.62000274658203
2013-01-29,13.017499923706055,30.790000915527344,18.771638870239258,73.6500015258789,2.5299999713897705,16.366785049438477,23.296667098999023,24.15999984741211,91.76000213623047,74.41000366210938
2013-01-30,13.637999534606934,31.239999771118164,18.775375366210938,74.58999633789062,2.501332998275757,16.315357208251953,23.25,23.957143783569336,90.66999816894531,74.08999633789062
2013-01-31,13.274999618530273,30.979999542236328,18.821701049804688,73.87000274658203,2.500667095184326,16.267499923706055,23.316667556762695,23.605714797973633,89.97000122070312,73.91999816894531
2013-02-01,13.25,29.729999542236328,19.31759262084961,74.87000274658203,2.553333044052124,16.200714111328125,23.496667861938477,23.542856216430664,90.04000091552734,74.18000030517578
2013-02-04,12.99899959564209,28.110000610351562,18.904640197753906,75.20999908447266,2.5160000324249268,15.79714298248291,23.209999084472656,24.96285629272461,89.1500015258789,74.11000061035156
2013-02-05,13.344499588012695,28.639999389648438,19.07201385498047,75.88999938964844,2.5420000553131104,16.351428985595703,23.59000015258789,24.912857055664062,89.73999786376953,74.66000366210938
2013-02-06,13.111000061035156,29.049999237060547,19.182350158691406,76.29000091552734,2.611332893371582,16.33392906188965,23.770000457763672,26.34428596496582,89.79000091552734,75.38999938964844
2013-02-07,13.011500358581543,28.649999618530273,19.27649688720703,77.43000030517578,2.631999969482422,16.722143173217773,23.74333381652832,25.994285583496094,88.25,75.05999755859375
2013-02-08,13.09749984741211,28.549999237060547,19.560930252075195,76.55999755859375,2.615999937057495,16.963571548461914,23.82666778564453,25.85285758972168,88.61000061035156,75.4800033569336
2013-02-11,12.86050033569336,28.260000228881836,19.487455368041992,75.87000274658203,2.561332941055298,17.140356063842773,23.799999237060547,25.412857055664062,88.27999877929688,75.41000366210938
2013-02-12,12.9350004196167,27.3700008392334,19.444616317749023,75.98999786376953,2.5260000228881836,16.71071434020996,23.799999237060547,25.421428680419922,88.45999908447266,75.80000305175781
2013-02-13,13.47350025177002,27.90999984741211,19.498414993286133,74.77999877929688,2.563333034515381,16.67892837524414,23.796667098999023,26.610000610351562,88.66999816894531,75.66000366210938
2013-02-14,13.461999893188477,28.5,19.621952056884766,74.93000030517578,2.551332950592041,16.663928985595703,23.606666564941406,26.77142906188965,88.5199966430664,75.80999755859375
2013-02-15,13.254500389099121,28.31999969482422,19.748228073120117,75.02999877929688,2.4693329334259033,16.43428611755371,23.100000381469727,27.072856903076172,88.36000061035156,76.16000366210938
2013-02-19,13.487500190734863,28.93000030517578,20.09592628479004,74.6500015258789,2.618666887283325,16.428213119506836,22.920000076293945,28.064285278320312,89.31999969482422,76.95999908447266
2013-02-20,13.320500373840332,28.459999084472656,19.737518310546875,74.77999877929688,2.569333076477051,16.030357360839844,23.06999969482422,26.731428146362305,88.97000122070312,76.6500015258789
2013-02-21,13.29699993133545,27.280000686645508,19.813982009887695,76.01000213623047,2.3440001010894775,15.930713653564453,23.420000076293945,26.735713958740234,88.58999633789062,76.87000274658203
2013-02-22,13.270999908447266,27.1299991607666,19.918092727661133,76.66000366210938,2.4073328971862793,16.100357055664062,23.46666717529297,25.694286346435547,89.19999694824219,76.25
2013-02-25,12.993499755859375,27.270000457763672,19.69542694091797,75.02999877929688,2.2920000553131104,15.814286231994629,23.479999542236328,25.617143630981445,87.69999694824219,75.56999969482422
2013-02-26,12.968000411987305,27.389999389648438,19.679485321044922,75.6500015258789,2.295332908630371,16.034643173217773,23.703332901000977,26.29857063293457,88.51000213623047,75.75
2013-02-27,13.162500381469727,26.8700008392334,19.919836044311523,77.36000061035156,2.3399999141693115,15.8774995803833,23.886667251586914,26.33142852783203,89.52999877929688,76.31999969482422
2013-02-28,13.213500022888184,27.25,19.955202102661133,76.9000015258789,2.322000026702881,15.764286041259766,23.593332290649414,26.86857032775879,89.55000305175781,76.11000061035156
2013-03-01,13.286999702453613,27.780000686645508,20.079486846923828,77.27999877929688,2.309999942779541,15.373929023742676,23.913333892822266,27.0528564453125,89.43000030517578,76.69999694824219
2013-03-04,13.655500411987305,27.719999313354492,20.46080780029297,77.08999633789062,2.371999979019165,15.001786231994629,24.420000076293945,25.887142181396484,88.94999694824219,77.19999694824219
2013-03-05,13.779500007629395,27.520000457763672,20.88671112060547,78.66000366210938,2.4433329105377197,15.397856712341309,24.573333740234375,25.961429595947266,89.61000061035156,77.66000366210938
2013-03-06,13.689499855041504,27.450000762939453,20.706886291503906,79.08000183105469,2.512666940689087,15.202142715454102,24.459999084472656,26.134286880493164,89.55999755859375,77.38999938964844
2013-03-07,13.694000244140625,28.579999923706055,20.737272262573242,81.05000305175781,2.5486669540405273,15.377857208251953,24.440000534057617,25.937143325805664,88.70999908447266,77.75
2013-03-08,13.709500312805176,27.959999084472656,20.710372924804688,81.2300033569336,2.564666986465454,15.418571472167969,24.343332290649414,26.385713577270508,88.97000122070312,78.19000244140625
2013-03-11,13.562000274658203,28.139999389648438,20.792564392089844,82.94000244140625,2.6066670417785645,15.638214111328125,24.32666778564453,25.7785701751709,89.16000366210938,78.44000244140625
2013-03-12,13.706500053405762,27.829999923706055,20.612987518310547,84.16000366210938,2.6080000400543213,15.301071166992188,24.53333282470703,26.015714645385742,89.16000366210938,78.55999755859375
2013-03-13,13.755000114440918,27.079999923706055,20.555702209472656,84.75,2.5986669063568115,15.298213958740234,24.549999237060547,27.479999542236328,89.26000213623047,78.55000305175781
2013-03-14,13.286999702453613,27.040000915527344,20.461803436279297,84.62000274658203,2.456666946411133,15.446429252624512,24.406667709350586,26.90999984741211,89.83000183105469,79.0999984741211
2013-03-15,13.090999603271484,26.649999618530273,20.28148078918457,86.43000030517578,2.3526670932769775,15.845000267028809,24.166667938232422,26.407142639160156,89.37000274658203,79.19000244140625
2013-03-18,12.894499778747559,26.489999771118164,20.11933708190918,85.18000030517578,2.3433330059051514,16.275714874267578,24.083332061767578,26.51285743713379,88.7699966430664,78.80999755859375
2013-03-19,12.820500373840332,26.549999237060547,20.207258224487305,85.51000213623047,2.3386669158935547,16.231786727905273,24.149999618530273,25.90999984741211,88.58000183105469,78.86000061035156
2013-03-20,12.86400032043457,25.860000610351562,20.29169273376465,85.37000274658203,2.396667003631592,16.145713806152344,24.329999923706055,26.149999618530273,88.62999725341797,79.44999694824219
2013-03-21,12.669500350952148,25.739999771118164,20.205764770507812,84.33000183105469,2.4006669521331787,16.168928146362305,24.376667022705078,25.998571395874023,88.16999816894531,79.01000213623047
2013-03-22,12.887499809265137,25.729999542236328,20.18210220336914,84.81999969482422,2.441333055496216,16.49678611755371,24.760000228881836,25.899999618530273,89.29000091552734,79.73999786376953
2013-03-25,12.800999641418457,25.1299991607666,20.165414810180664,84.8499984741211,2.502000093460083,16.556428909301758,24.950000762939453,25.8271427154541,89.0199966430664,79.68000030517578
2013-03-26,13.01550006866455,25.209999084472656,20.234655380249023,86.62000274658203,2.5239999294281006,16.46928596496582,24.92333221435547,27.229999542236328,90.12999725341797,80.8499984741211
2013-03-27,13.265000343322754,26.09000015258789,19.991567611694336,86.19999694824219,2.5439999103546143,16.145713806152344,24.926666259765625,27.177143096923828,90.58000183105469,81.2699966430664
2013-03-28,13.32450008392334,25.579999923706055,19.780607223510742,85.8499984741211,2.5260000228881836,15.809286117553711,24.94333267211914,27.040000915527344,90.11000061035156,81.52999877929688
2013-04-01,13.080499649047852,25.530000686645508,19.954954147338867,85.25,2.9286670684814453,15.318214416503906,25.143333435058594,26.06142807006836,90.7699966430664,81.93000030517578
2013-04-02,13.166000366210938,25.420000076293945,20.250097274780273,84.08999633789062,2.9560000896453857,15.349642753601074,25.34000015258789,25.24142837524414,90.58000183105469,82.69000244140625
2013-04-03,12.951499938964844,26.25,20.079736709594727,84.36000061035156,2.740000009536743,15.428214073181152,25.333332061767578,24.248571395874023,89.93000030517578,82.06999969482422
2013-04-04,12.954000473022461,27.06999969482422,19.80252456665039,84.94999694824219,2.8006670475006104,15.275713920593262,25.399999618530273,23.812856674194336,89.7699966430664,82.41000366210938
2013-04-05,12.77400016784668,27.389999389648438,19.50314712524414,86.16999816894531,2.757999897003174,15.114286422729492,25.463333129882812,23.522857666015625,89.01000213623047,82.04000091552734
2013-04-08,12.947500228881836,26.850000381469727,19.298912048339844,86.75,2.7886669635772705,15.221785545349121,25.76333236694336,23.294286727905273,88.5999984741211,81.11000061035156
2013-04-09,13.057000160217285,26.59000015258789,19.36865234375,87.20999908447266,2.700000047683716,15.249285697937012,26.040000915527344,24.194286346435547,88.7699966430664,81.5199966430664
2013-04-10,13.238499641418457,27.56999969482422,19.68073272705078,87.81999969482422,2.7906670570373535,15.560357093811035,25.790000915527344,23.724285125732422,88.68000030517578,82.0199966430664
2013-04-11,13.492500305175781,28.020000457763672,19.685962677001953,88.52999877929688,2.9059998989105225,15.511786460876465,25.93000030517578,24.715713500976562,89.22000122070312,82.31999969482422
2013-04-12,13.643500328063965,27.399999618530273,19.677494049072266,88.88999938964844,2.9166669845581055,15.350000381469727,26.18666648864746,24.742856979370117,88.98999786376953,82.73999786376953
2013-04-15,13.38599967956543,26.520000457763672,19.475252151489258,86.7699966430664,2.886667013168335,14.994643211364746,26.156667709350586,25.21428680419922,86.48999786376953,81.70999908447266
2013-04-16,13.616999626159668,26.920000076293945,19.760183334350586,86.88999938964844,3.0393331050872803,15.222857475280762,26.226667404174805,25.121429443359375,86.61000061035156,83.44000244140625
2013-04-17,13.369999885559082,26.6299991607666,19.490943908691406,86.69000244140625,3.0299999713897705,14.385713577270508,26.170000076293945,24.194286346435547,86.08000183105469,83.9000015258789
2013-04-18,12.970999717712402,25.690000534057617,19.076248168945312,86.12000274658203,3.131333112716675,14.001786231994629,25.719999313354492,23.402856826782227,86.62000274658203,83.18000030517578
2013-04-19,13.015999794006348,25.729999542236328,19.922077178955078,87.95999908447266,3.188667058944702,13.947500228881836,26.09666633605957,23.338571548461914,87.44999694824219,84.48999786376953
2013-04-22,13.177499771118164,25.969999313354492,19.928054809570312,86.94000244140625,3.3459999561309814,14.238213539123535,25.989999771118164,24.90999984741211,88.08999633789062,84.83000183105469
2013-04-23,13.444999694824219,25.979999542236328,20.12207794189453,88.18000030517578,3.4006669521331787,14.504643440246582,26.363332748413086,30.998571395874023,89.30000305175781,85.44999694824219
2013-04-24,13.439000129699707,26.110000610351562,20.26030921936035,90.83000183105469,3.361999988555908,14.480713844299316,26.010000228881836,30.959999084472656,89.43000030517578,84.38999938964844
2013-04-25,13.734999656677246,26.139999389648438,20.15196418762207,91.66999816894531,3.4666669368743896,14.585000038146973,26.21666717529297,30.53571319580078,88.06999969482422,85.22000122070312
2013-04-26,12.740500450134277,26.850000381469727,19.960681915283203,92.8499984741211,3.413332939147949,14.899999618530273,26.34666633605957,30.792856216430664,88.0,85.12000274658203
2013-04-29,12.487000465393066,26.979999542236328,20.400035858154297,91.9000015258789,3.6626670360565186,15.361429214477539,26.1299991607666,30.715713500976562,88.20999908447266,85.58000183105469
2013-04-30,12.690500259399414,27.770000457763672,20.53727149963379,91.41000366210938,3.5993330478668213,15.813570976257324,25.906667709350586,30.867143630981445,88.98999786376953,85.2300033569336
2013-05-01,12.411499977111816,27.43000030517578,20.434158325195312,91.18000030517578,3.552000045776367,15.688928604125977,26.020000457763672,30.415714263916016,87.51000213623047,84.2300033569336
2013-05-02,12.6274995803833,28.969999313354492,20.66280174255371,92.20999908447266,3.607332944869995,15.911429405212402,26.15333366394043,30.641429901123047,88.62999725341797,85.16000366210938
2013-05-03,12.90250015258789,28.309999465942383,21.06404685974121,93.73999786376953,3.636667013168335,16.070714950561523,26.416667938232422,30.492856979370117,90.0199966430664,85.75
2013-05-06,12.78600025177002,27.56999969482422,21.45831871032715,94.19000244140625,3.9666669368743896,16.453929901123047,26.27666664123535,30.09857177734375,90.58000183105469,84.68000030517578
2013-05-07,12.886500358581543,26.889999389648438,21.35072135925293,94.79000091552734,3.700666904449463,16.380714416503906,26.27666664123535,29.46428680419922,91.1500015258789,85.52999877929688
2013-05-08,12.934000015258789,27.1200008392334,21.759191513061523,94.04000091552734,3.7193329334259033,16.56571388244629,26.083332061767578,29.801429748535156,91.69999694824219,85.45999908447266
2013-05-09,13.008000373840332,27.040000915527344,21.705642700195312,94.61000061035156,4.626667022705078,16.313213348388672,26.133333206176758,30.915714263916016,91.02999877929688,85.1500015258789
2013-05-10,13.181500434875488,26.68000030517578,21.923574447631836,94.23999786376953,5.117332935333252,16.177499771118164,26.296667098999023,31.09857177734375,90.13999938964844,85.76000213623047
2013-05-13,13.225500106811523,26.81999969482422,21.856327056884766,94.76000213623047,5.853332996368408,16.240713119506836,26.166667938232422,32.76856994628906,90.0999984741211,85.8499984741211
2013-05-14,13.416500091552734,27.06999969482422,22.094684600830078,96.11000061035156,5.549333095550537,15.852143287658691,26.260000228881836,33.424285888671875,91.11000061035156,86.97000122070312
2013-05-15,13.32800006866455,26.600000381469727,22.81174659729004,97.0199966430664,5.656000137329102,15.316070556640625,26.6200008392334,34.771427154541016,91.23999786376953,87.63999938964844
2013-05-16,13.206000328063965,26.1299991607666,22.512367248535156,96.58000183105469,6.150000095367432,15.520713806152344,26.166667938232422,33.861427307128906,90.69999694824219,87.44999694824219
2013-05-17,13.494999885559082,26.25,22.644622802734375,98.91999816894531,6.099999904632568,15.473570823669434,25.956666946411133,34.14285659790039,91.76000213623047,88.08999633789062
2013-05-20,13.381500244140625,25.760000228881836,22.628433227539062,98.72000122070312,5.995999813079834,15.818928718566895,25.799999237060547,34.22142791748047,92.5199966430664,88.01000213623047
2013-05-21,13.442999839782715,25.65999984741211,22.58957862854004,98.75,5.8393330574035645,15.702142715454102,25.796667098999023,33.869998931884766,92.80000305175781,88.58999633789062
2013-05-22,13.14799976348877,25.15999984741211,22.152467727661133,97.93000030517578,5.815999984741211,15.762499809265137,25.676666259765625,32.65142822265625,92.19000244140625,88.45999908447266
2013-05-23,13.09000015258789,25.059999465942383,21.987335205078125,99.75,6.182000160217285,15.790714263916016,25.44333267211914,32.31142807006836,91.79000091552734,87.20999908447266
2013-05-24,13.086999893188477,24.309999465942383,21.7514705657959,100.0,6.4720001220703125,15.898214340209961,25.770000457763672,32.67714309692383,91.52999877929688,86.81999969482422
2013-05-28,13.364500045776367,24.100000381469727,21.949478149414062,100.11000061035156,7.355332851409912,15.765713691711426,25.773332595825195,30.59857177734375,92.37999725341797,87.61000061035156
2013-05-29,13.27649974822998,23.31999969482422,21.62668800354004,99.08999633789062,6.975333213806152,15.891071319580078,25.40999984741211,30.76285743713379,92.08000183105469,85.6500015258789
2013-05-30,13.341500282287598,24.549999237060547,21.68770980834961,100.54000091552734,6.99666690826416,16.127857208251953,25.209999084472656,31.808570861816406,92.08999633789062,85.98999786376953
2013-05-31,13.460000038146973,24.350000381469727,21.69916534423828,99.0199966430664,6.517333030700684,16.061786651611328,24.946666717529297,32.32143020629883,90.47000122070312,84.18000030517578
2013-06-03,13.343999862670898,23.850000381469727,21.609750747680664,100.73999786376953,6.172667026519775,16.097143173217773,25.229999542236328,31.709999084472656,91.45999908447266,84.70999908447266
2013-06-04,13.28499984741211,23.520000457763672,21.39729881286621,99.61000061035156,6.322667121887207,16.046785354614258,25.31333351135254,32.18714141845703,90.79000091552734,84.0999984741211
2013-06-05,13.358499526977539,22.899999618530273,21.412242889404297,98.48999786376953,6.357999801635742,15.896785736083984,25.083332061767578,31.9228572845459,89.6500015258789,83.68000030517578
2013-06-06,13.391500473022461,22.969999313354492,21.535280227661133,99.76000213623047,6.489999771118164,15.659285545349121,25.209999084472656,31.105714797973633,90.2300033569336,84.45999908447266
2013-06-07,13.843500137329102,23.290000915527344,21.911121368408203,102.48999786376953,6.802667140960693,15.778928756713867,25.44333267211914,31.459999084472656,91.44999694824219,84.91000366210938
2013-06-10,14.053500175476074,24.329999923706055,22.172391891479492,102.23999786376953,6.670000076293945,15.674642562866211,25.25,31.56142807006836,91.12000274658203,85.13999938964844
2013-06-11,13.73900032043457,24.030000686645508,21.913114547729492,101.75,6.297999858856201,15.628570556640625,25.083332061767578,30.637142181396484,90.45999908447266,84.69000244140625
2013-06-12,13.583499908447266,23.770000457763672,21.718095779418945,100.87999725341797,6.51533317565918,15.435357093811035,24.946666717529297,29.662857055664062,89.73999786376953,83.73999786376953
2013-06-13,13.78950023651123,23.729999542236328,21.84312629699707,102.16000366210938,6.545332908630371,15.569999694824219,25.0,30.770000457763672,91.33000183105469,84.91000366210938
2013-06-14,13.69950008392334,23.6299991607666,21.794309616088867,101.83000183105469,6.686666965484619,15.358928680419922,24.956666946411133,30.56999969482422,90.58000183105469,84.91000366210938
2013-06-17,13.902999877929688,24.020000457763672,22.07351303100586,103.02999877929688,6.813333034515381,15.428570747375488,24.983333587646484,32.74714279174805,91.51000213623047,85.62999725341797
2013-06-18,14.088000297546387,24.209999084472656,22.431421279907227,104.08000183105469,6.892666816711426,15.420356750488281,25.24333381652832,32.689998626708984,91.93000030517578,86.36000061035156
2013-06-19,13.907999992370605,24.309999465942383,22.43291664123535,102.25,6.97866678237915,15.10714340209961,24.81999969482422,33.18714141845703,91.0,84.86000061035156
2013-06-20,13.67199993133545,23.899999618530273,22.035903930664062,99.63999938964844,6.710000038146973,14.8871431350708,24.343332290649414,31.931428909301758,89.05000305175781,82.62000274658203
2013-06-21,13.668000221252441,24.530000686645508,21.941009521484375,99.9800033569336,6.636666774749756,14.76785659790039,24.503332138061523,30.985713958740234,89.4800033569336,83.19999694824219
2013-06-24,13.530500411987305,23.940000534057617,21.663549423217773,97.8499984741211,6.765999794006348,14.376428604125977,24.733333587646484,30.799999237060547,88.4800033569336,84.61000061035156
2013-06-25,13.604499816894531,24.25,21.574134826660156,98.66999816894531,6.826666831970215,14.379643440246582,24.790000915527344,30.41428565979004,89.11000061035156,85.3499984741211
2013-06-26,13.878499984741211,24.15999984741211,21.759689331054688,100.75,7.047999858856201,14.21678638458252,25.003332138061523,30.299999237060547,89.80000305175781,86.98999786376953
2013-06-27,13.8774995803833,24.65999984741211,21.84486961364746,103.1500015258789,7.283332824707031,14.063570976257324,25.086666107177734,30.709999084472656,90.04000091552734,86.70999908447266
2013-06-28,13.884499549865723,24.8799991607666,21.927061080932617,102.44000244140625,7.157332897186279,14.161786079406738,24.829999923706055,30.15571403503418,90.3499984741211,85.86000061035156
2013-07-01,14.104999542236328,24.809999465942383,22.114110946655273,103.23999786376953,7.811999797821045,14.614999771118164,24.863332748413086,32.040000915527344,90.30000305175781,86.62999725341797
2013-07-02,14.18649959564209,24.40999984741211,21.97538185119629,101.47000122070312,7.8546671867370605,14.946070671081543,24.90333366394043,31.637142181396484,90.63999938964844,86.56999969482422
2013-07-03,14.201499938964844,24.520000457763672,22.07799530029297,102.88999938964844,7.682666778564453,15.028571128845215,24.920000076293945,31.558570861816406,90.69000244140625,86.77999877929688
2013-07-05,14.293999671936035,24.3700008392334,22.25383758544922,104.19999694824219,8.005999565124512,14.907856941223145,25.06999969482422,32.157142639160156,91.56999969482422,87.87000274658203
2013-07-08,14.529500007629395,24.709999084472656,22.542753219604492,104.37000274658203,8.107333183288574,14.823213577270508,25.56999969482422,33.29999923706055,92.25,88.58999633789062
2013-07-09,14.576499938964844,25.479999542236328,22.546489715576172,104.68000030517578,8.229999542236328,15.083929061889648,25.676666259765625,35.34000015258789,93.33999633789062,88.87999725341797
2013-07-10,14.616499900817871,25.799999237060547,22.565170288085938,105.5,8.15133285522461,15.026070594787598,25.59000015258789,34.83142852783203,92.81999969482422,89.23999786376953
2013-07-11,14.982999801635742,25.809999465942383,22.920089721679688,106.87999725341797,8.37399959564209,15.260356903076172,25.876667022705078,34.88142776489258,93.2699966430664,89.66999816894531
2013-07-12,15.3774995803833,25.90999984741211,22.988832473754883,101.87000274658203,8.65999984741211,15.232500076293945,25.876667022705078,36.75143051147461,93.4000015258789,89.98999786376953
2013-07-15,15.328499794006348,26.280000686645508,23.03092384338379,105.66000366210938,8.484000205993652,15.265713691711426,25.676666259765625,36.854286193847656,93.25,90.4000015258789
2013-07-16,15.343500137329102,26.31999969482422,22.904399871826172,104.2300033569336,7.269999980926514,15.364286422729492,25.790000915527344,37.211429595947266,93.30000305175781,90.4000015258789
2013-07-17,15.434499740600586,26.649999618530273,22.87799835205078,104.79000091552734,8.016667366027832,15.368213653564453,25.733333587646484,38.27428436279297,93.45999908447266,90.12999725341797
2013-07-18,15.205499649047852,26.18000030517578,22.681982040405273,107.62999725341797,7.935332775115967,15.420000076293945,25.780000686645508,38.058570861816406,94.37999725341797,90.16999816894531
2013-07-19,15.261500358581543,25.8799991607666,22.331296920776367,106.95999908447266,7.97866678237915,15.176786422729492,26.02666664123535,37.797142028808594,95.16999816894531,92.2300033569336
2013-07-22,15.173999786376953,26.049999237060547,22.682479858398438,106.86000061035156,8.161999702453613,15.225357055664062,25.956666946411133,37.422855377197266,94.83000183105469,92.27999877929688
2013-07-23,15.053000450134277,26.1299991607666,22.5106258392334,107.79000091552734,8.182666778564453,14.963929176330566,26.183332443237305,35.75143051147461,95.19999694824219,92.41999816894531
2013-07-24,14.946999549865723,26.510000228881836,22.488208770751953,106.94999694824219,8.113332748413086,15.732500076293945,26.07666778564453,34.47142791748047,94.98999786376953,92.36000061035156
2013-07-25,15.170000076293945,34.36000061035156,22.109628677368164,106.69999694824219,8.271332740783691,15.660714149475098,26.003332138061523,35.24856948852539,94.97000122070312,92.56999969482422
2013-07-26,15.600500106811523,34.0099983215332,22.051097869873047,105.5999984741211,8.62600040435791,15.749643325805664,26.0,35.18714141845703,94.79000091552734,92.83000183105469
2013-07-29,15.305000305175781,35.43000030517578,21.974384307861328,104.80999755859375,8.974666595458984,15.992500305175781,25.996667861938477,34.994285583496094,94.02999877929688,93.20999908447266
2013-07-30,15.120499610900879,37.630001068115234,22.18982696533203,105.7300033569336,8.78266716003418,16.190000534057617,25.963333129882812,34.82285690307617,93.80999755859375,93.16999816894531
2013-07-31,15.060999870300293,36.79999923706055,22.110872268676758,105.0999984741211,8.95199966430664,16.161785125732422,25.979999542236328,34.92571258544922,93.75,93.5
2013-08-01,15.278499603271484,37.4900016784668,22.521085739135742,106.69999694824219,9.036666870117188,16.309999465942383,26.073333740234375,35.58856964111328,92.7300033569336,93.7699966430664
2013-08-02,15.21049976348877,38.04999923706055,22.57961654663086,107.9000015258789,9.199999809265137,16.519285202026367,26.25,35.16857147216797,91.94999694824219,94.38999938964844
2013-08-05,15.049500465393066,39.189998626708984,22.540512084960938,107.5,9.645333290100098,16.766071319580078,26.25666618347168,36.262855529785156,91.58999633789062,93.80000305175781
2013-08-06,15.037500381469727,38.54999923706055,22.330549240112305,107.04000091552734,9.476667404174805,16.616071701049805,25.956666946411133,36.55714416503906,91.47000122070312,93.80999755859375
2013-08-07,14.845499992370605,38.869998931884766,22.183101654052734,106.41999816894531,8.9486665725708,16.606428146362305,25.790000915527344,35.6014289855957,91.33999633789062,93.66000366210938
2013-08-08,14.786999702453613,38.540000915527344,22.233165740966797,105.83999633789062,10.232000350952148,16.464643478393555,25.75,35.771427154541016,91.77999877929688,93.33999633789062
2013-08-09,14.86299991607666,38.5,22.177125930786133,105.33000183105469,10.199999809265137,16.230356216430664,25.633333206176758,36.10714340209961,90.72000122070312,92.36000061035156
2013-08-12,14.834500312805176,38.220001220703125,22.055082321166992,104.23999786376953,9.825332641601562,16.691429138183594,25.69333267211914,36.657142639160156,89.88999938964844,92.0
2013-08-13,14.69849967956543,37.02000045776367,21.9489803314209,106.2300033569336,9.695332527160645,17.484643936157227,25.6200008392334,37.02714157104492,89.4000015258789,93.01000213623047
2013-08-14,14.567000389099121,36.650001525878906,21.664047241210938,104.16000366210938,9.290666580200195,17.803571701049805,25.46666717529297,37.40142822265625,88.94999694824219,90.69999694824219
2013-08-15,14.32349967956543,36.560001373291016,21.411245346069336,102.7300033569336,9.311332702636719,17.782499313354492,24.803333282470703,36.2014274597168,88.16000366210938,89.55000305175781
2013-08-16,14.241000175476074,37.08000183105469,21.34275245666504,103.47000122070312,9.466667175292969,17.940357208251953,24.703332901000977,36.98143005371094,87.91000366210938,89.37000274658203
2013-08-19,14.278499603271484,37.810001373291016,21.560436248779297,104.72000122070312,9.65999984741211,18.13357162475586,24.52666664123535,37.111427307128906,86.91999816894531,90.44999694824219
2013-08-20,14.354499816894531,38.40999984741211,21.55470848083496,104.62999725341797,9.972000122070312,17.895357131958008,24.40999984741211,39.04142761230469,86.83000183105469,89.7300033569336
2013-08-21,14.228500366210938,38.31999969482422,21.6520938873291,103.91000366210938,9.857333183288574,17.941429138183594,24.516666412353516,38.62428665161133,86.41999816894531,88.80000305175781
2013-08-22,14.486499786376953,38.54999923706055,21.761184692382812,105.13999938964844,10.473333358764648,17.96285629272461,24.48666763305664,38.53571319580078,86.9800033569336,88.26000213623047
2013-08-23,14.500499725341797,40.54999923706055,21.674009323120117,105.4800033569336,10.78933334350586,17.893571853637695,24.479999542236328,39.76571273803711,87.5199966430664,88.41000366210938
2013-08-26,14.310500144958496,41.34000015258789,21.578866958618164,105.52999877929688,10.947999954223633,17.963214874267578,24.343332290649414,40.388572692871094,87.08999633789062,87.52999877929688
2013-08-27,14.046500205993652,39.63999938964844,21.17438316345215,103.20999908447266,11.133999824523926,17.449642181396484,24.286666870117188,39.43428421020508,86.81999969482422,86.16999816894531
2013-08-28,14.079000473022461,40.54999923706055,21.134532928466797,103.2699966430664,11.096667289733887,17.532142639160156,24.126667022705078,40.47999954223633,88.83999633789062,86.52999877929688
2013-08-29,14.199000358581543,41.279998779296875,21.305889129638672,104.93000030517578,11.070667266845703,17.560714721679688,24.143333435058594,41.121429443359375,87.2699966430664,86.56999969482422
2013-08-30,14.048999786376953,41.290000915527344,21.09343719482422,103.91999816894531,11.266667366027832,17.400714874267578,24.32666778564453,40.558570861816406,87.16000366210938,86.41000366210938
2013-09-03,14.4399995803833,41.869998931884766,21.42917823791504,105.01000213623047,11.262666702270508,17.44928550720215,24.226667404174805,41.28571319580078,87.1500015258789,86.41999816894531
2013-09-04,14.682000160217285,41.779998779296875,21.70937728881836,106.37000274658203,11.374667167663574,17.81035614013672,24.303333282470703,41.77571487426758,87.76000213623047,86.9000015258789
2013-09-05,14.704999923706055,42.65999984741211,21.90688705444336,106.6500015258789,11.328666687011719,17.688213348388672,24.22333335876465,42.1585693359375,87.3499984741211,87.04000091552734
2013-09-06,14.793000221252441,43.95000076293945,21.907386779785156,106.06999969482422,11.131333351135254,17.79357147216797,24.196666717529297,41.6485710144043,87.25,87.16000366210938
2013-09-09,14.98550033569336,44.040000915527344,22.118345260620117,107.19000244140625,10.713333129882812,18.077499389648438,24.503332138061523,42.021427154541016,88.04000091552734,87.55999755859375
2013-09-10,15.017999649047852,43.599998474121094,22.133787155151367,108.16999816894531,11.091333389282227,17.665714263916016,24.65333366394043,44.72285842895508,87.81999969482422,88.52999877929688
2013-09-11,14.982000350952148,45.040000915527344,22.32108497619629,109.2300033569336,10.90133285522461,16.703929901123047,24.683332443237305,44.0428581237793,88.83999633789062,89.2300033569336
2013-09-12,14.942999839782715,44.75,22.243127822875977,109.80000305175781,10.995332717895508,16.881786346435547,24.636667251586914,43.058570861816406,87.9800033569336,89.01000213623047
2013-09-13,14.895999908447266,44.310001373291016,22.143749237060547,111.33000183105469,11.03600025177002,16.60357093811035,24.786666870117188,43.66428756713867,88.4000015258789,88.56999969482422
2013-09-16,14.803000450134277,42.5099983215332,22.111122131347656,115.66999816894531,11.10533332824707,16.075714111328125,24.926666259765625,43.165714263916016,88.66999816894531,89.02999877929688
2013-09-17,15.208499908447266,45.06999969482422,22.070026397705078,117.11000061035156,11.081999778747559,16.261428833007812,25.049999237060547,42.7928581237793,88.94000244140625,89.05999755859375
2013-09-18,15.601499557495117,45.22999954223633,22.498668670654297,118.4000015258789,11.08133316040039,16.595714569091797,25.47333335876465,43.8457145690918,89.58000183105469,89.91000366210938
2013-09-19,15.602999687194824,45.97999954223633,22.375879287719727,119.04000091552734,11.861332893371582,16.867856979370117,25.40333366394043,43.64285659790039,89.27999877929688,90.06999969482422
2013-09-20,15.817000389099121,47.4900016784668,22.493438720703125,116.62999725341797,12.22599983215332,16.693214416503906,25.27666664123535,44.832855224609375,88.66000366210938,89.68000030517578
2013-09-23,15.57450008392334,47.189998626708984,22.079740524291992,117.51000213623047,12.074000358581543,17.522857666015625,25.47333335876465,43.1485710144043,87.75,89.08999633789062
2013-09-24,15.706500053405762,48.45000076293945,22.088207244873047,119.0,12.155332565307617,17.467857360839844,25.25,43.78428649902344,87.36000061035156,88.22000122070312
2013-09-25,15.632499694824219,49.459999084472656,21.848854064941406,118.51000213623047,12.349332809448242,17.197500228881836,24.883333206176758,43.87714385986328,87.13999938964844,87.08000183105469
2013-09-26,15.906000137329102,50.38999938964844,21.87226676940918,119.37999725341797,12.576000213623047,17.364999771118164,24.873332977294922,44.78714370727539,87.06999969482422,87.06999969482422
2013-09-27,15.80049991607666,51.2400016784668,21.82793426513672,118.73999786376953,12.726667404174805,17.241071701049805,24.786666870117188,44.628570556640625,86.9000015258789,86.7300033569336
2013-09-30,15.631999969482422,50.22999954223633,21.815977096557617,117.5,12.891332626342773,17.02678680419922,24.65333366394043,44.172855377197266,86.04000091552734,86.69000244140625
2013-10-01,16.047500610351562,50.41999816894531,22.092193603515625,117.75,12.866666793823242,17.427143096923828,24.530000686645508,46.37428665161133,86.0,87.47000122070312
2013-10-02,16.02549934387207,50.279998779296875,22.116851806640625,117.83999633789062,12.063332557678223,17.484285354614258,24.573333740234375,47.24714279174805,86.08000183105469,87.29000091552734
2013-10-03,15.73799991607666,49.18000030517578,21.82046127319336,115.23999786376953,11.553999900817871,17.2646427154541,24.386667251586914,45.959999084472656,85.5,86.58000183105469
2013-10-04,15.95199966430664,51.040000915527344,21.727310180664062,117.19999694824219,12.065333366394043,17.25107192993164,24.266666412353516,46.75143051147461,86.31999969482422,87.30999755859375
2013-10-07,15.501500129699707,50.52000045776367,21.56267738342285,116.69000244140625,12.204667091369629,17.41964340209961,23.956666946411133,45.4514274597168,85.9000015258789,86.58999633789062
2013-10-08,15.161499977111816,47.13999938964844,21.262054443359375,115.44000244140625,11.648667335510254,17.176429748535156,24.299999237060547,43.18857192993164,85.51000213623047,85.61000061035156
2013-10-09,14.911499977111816,46.77000045776367,21.316600799560547,114.47000122070312,11.251999855041504,17.37821388244629,24.333332061767578,41.20428466796875,85.16000366210938,85.95999908447266
2013-10-10,15.258500099182129,49.04999923706055,21.62494468688965,118.9000015258789,11.528667449951172,17.48714256286621,24.93000030517578,43.42714309692383,86.04000091552734,87.77999877929688
2013-10-11,15.544500350952148,49.11000061035156,21.71834373474121,117.9800033569336,11.91333293914795,17.600357055664062,24.940000534057617,42.978572845458984,86.94999694824219,89.44999694824219
2013-10-14,15.53499984741211,49.5099983215332,21.820959091186523,119.45999908447266,11.981332778930664,17.715713500976562,24.893333435058594,46.33714294433594,87.5999984741211,89.80000305175781
2013-10-15,15.319999694824219,49.5,21.96790885925293,118.18000030517578,12.262666702270508,17.809999465942383,24.790000915527344,45.95571517944336,86.79000091552734,89.93000030517578
2013-10-16,15.524499893188477,51.13999938964844,22.366912841796875,120.33999633789062,12.237333297729492,17.896785736083984,25.200000762939453,46.12571334838867,87.30999755859375,91.11000061035156
2013-10-17,15.53849983215332,52.209999084472656,22.136775970458984,122.29000091552734,12.186667442321777,18.01785659790039,25.260000228881836,47.157142639160156,87.4800033569336,91.97000122070312
2013-10-18,16.446500778198242,54.220001220703125,25.190828323364258,122.5199966430664,12.226667404174805,18.17464256286621,25.23666763305664,47.64285659790039,87.55000305175781,91.62999725341797
2013-10-21,16.32200050354004,53.849998474121094,24.98883628845215,121.47000122070312,11.506667137145996,18.6200008392334,25.049999237060547,50.71285629272461,87.2300033569336,91.19999694824219
2013-10-22,16.62700080871582,52.68000030517578,25.080989837646484,122.4800033569336,11.435999870300293,18.56678581237793,25.440000534057617,46.07428741455078,87.9800033569336,92.36000061035156
2013-10-23,16.33799934387207,51.900001525878906,25.688961029052734,129.02000427246094,10.966667175292969,18.748571395874023,25.299999237060547,47.17714309692383,87.61000061035156,92.0999984741211
2013-10-24,16.61050033569336,52.45000076293945,25.54300880432129,128.97999572753906,11.543333053588867,18.99678611755371,25.47333335876465,47.317142486572266,88.41999816894531,92.3499984741211
2013-10-25,18.16950035095215,51.95000076293945,25.28522491455078,131.19000244140625,11.310667037963867,18.784286499023438,25.360000610351562,46.861427307128906,87.97000122070312,92.08999633789062
2013-10-28,17.908000946044922,50.22999954223633,25.280242919921875,129.8800048828125,10.857333183288574,18.924285888671875,25.713333129882812,44.85714340209961,88.2300033569336,92.38999938964844
2013-10-29,18.135000228881836,49.400001525878906,25.809261322021484,129.66000366210938,10.964667320251465,18.452856063842773,25.68666648864746,46.75714111328125,88.93000030517578,93.13999938964844
2013-10-30,18.054000854492188,49.0099983215332,25.664304733276367,129.67999267578125,10.614666938781738,18.746429443359375,25.636667251586914,45.448570251464844,88.80999755859375,92.79000091552734
2013-10-31,18.201499938964844,50.209999084472656,25.668289184570312,130.5,10.662667274475098,18.667856216430664,25.583332061767578,46.06856918334961,89.62000274658203,92.61000061035156
2013-11-01,17.950000762939453,49.75,25.58011817932129,133.02999877929688,10.811332702636719,18.572500228881836,25.690000534057617,47.038570404052734,89.81999969482422,93.37000274658203
2013-11-04,17.937000274658203,48.220001220703125,25.556955337524414,132.7899932861328,11.680000305175781,18.8125,25.77666664123535,48.228572845458984,92.0999984741211,93.02999877929688
2013-11-05,17.944499969482422,50.11000061035156,25.44263458251953,133.57000732421875,11.787332534790039,18.766071319580078,25.80666732788086,48.78571319580078,91.98999786376953,92.80999755859375
2013-11-06,17.80900001525879,49.119998931884766,25.473270416259766,133.08999633789062,10.077333450317383,18.604286193847656,26.053333282470703,47.9471435546875,93.22000122070312,93.04000091552734
2013-11-07,17.17799949645996,47.560001373291016,25.104652404785156,131.50999450683594,9.317999839782715,18.303213119506836,25.836666107177734,46.69428634643555,91.95999908447266,92.69000244140625
2013-11-08,17.515499114990234,47.529998779296875,25.305896759033203,133.49000549316406,9.196666717529297,18.591428756713867,25.98666763305664,47.842857360839844,92.7300033569336,94.05000305175781
2013-11-11,17.7189998626709,46.20000076293945,25.1704044342041,132.52999877929688,9.646666526794434,18.537500381469727,26.336666107177734,48.272857666015625,92.95999908447266,94.29000091552734
2013-11-12,17.476499557495117,46.61000061035156,25.200044631958008,132.3300018310547,9.186667442321777,18.571786880493164,26.23666763305664,47.67571258544922,92.66999816894531,93.55999755859375
2013-11-13,17.81100082397461,48.709999084472656,25.715362548828125,133.1699981689453,9.24666690826416,18.593929290771484,26.299999237060547,47.89714431762695,92.58999633789062,93.33999633789062
2013-11-14,18.3700008392334,48.9900016784668,25.78410530090332,135.08999633789062,9.173333168029785,18.862857818603516,26.360000610351562,48.93857192993164,93.22000122070312,93.91999816894531
2013-11-15,18.458499908447266,49.0099983215332,25.742511749267578,136.0800018310547,9.029999732971191,18.749643325805664,26.406667709350586,49.96571350097656,95.2699966430664,94.38999938964844
2013-11-18,18.30900001525879,45.83000183105469,25.692447662353516,138.36000061035156,8.10533332824707,18.522499084472656,26.406667709350586,48.82428741455078,95.44999694824219,94.30000305175781
2013-11-19,18.246999740600586,46.36000061035156,25.534290313720703,136.97999572753906,8.406000137329102,18.555356979370117,26.416667938232422,48.18428421020508,95.41999816894531,94.86000061035156
2013-11-20,18.12849998474121,46.43000030517578,25.462310791015625,132.4499969482422,8.074000358581543,18.39285659790039,26.299999237060547,48.50285720825195,94.68000030517578,95.1500015258789
2013-11-21,18.445999145507812,46.70000076293945,25.755212783813477,132.92999267578125,8.140000343322754,18.61214256286621,26.286666870117188,49.78571319580078,94.69000244140625,95.19999694824219
2013-11-22,18.61549949645996,46.22999954223633,25.700916290283203,135.97000122070312,8.092000007629395,18.564285278320312,26.60333251953125,49.69285583496094,95.01000213623047,95.25
2013-11-25,18.832000732421875,44.81999969482422,26.05060577392578,133.0,8.055999755859375,18.704999923706055,26.809999465942383,50.03428649902344,95.08999633789062,95.62999725341797
2013-11-26,19.068500518798828,45.88999938964844,26.361440658569336,134.77999877929688,8.033332824707031,19.049999237060547,26.893333435058594,50.74285888671875,94.2699966430664,95.05999755859375
2013-11-27,19.335500717163086,46.4900016784668,26.47850227355957,134.72000122070312,8.462667465209961,19.498571395874023,26.976667404174805,51.78428649902344,93.80000305175781,94.9800033569336
2013-11-29,19.680999755859375,47.0099983215332,26.390830993652344,134.25,8.485333442687988,19.859643936157227,27.003332138061523,52.25714111328125,93.4800033569336,94.66000366210938
2013-12-02,19.614999771118164,47.060001373291016,26.26355743408203,134.16000366210938,8.277999877929688,19.686786651611328,27.036666870117188,51.98857116699219,93.5199966430664,94.27999877929688
2013-12-03,19.232999801635742,46.72999954223633,26.233171463012695,132.0,9.646666526794434,20.2257137298584,27.06999969482422,51.84857177734375,94.38999938964844,93.97000122070312
2013-12-04,19.29800033569336,48.619998931884766,26.355712890625,131.5,9.263333320617676,20.178571701049805,26.739999771118164,50.895713806152344,94.66999816894531,93.62999725341797
2013-12-05,19.22450065612793,48.34000015258789,26.33479118347168,132.72999572753906,9.36533260345459,20.282142639160156,26.479999542236328,51.15142822265625,94.12999725341797,92.97000122070312
2013-12-06,19.34749984741211,47.939998626708984,26.64687156677246,135.17999267578125,9.157333374023438,20.000713348388672,26.64666748046875,50.63428497314453,95.6500015258789,94.44000244140625
2013-12-09,19.24449920654297,48.84000015258789,26.852848052978516,134.67999267578125,9.4399995803833,20.229642868041992,26.649999618530273,50.810001373291016,95.83999633789062,94.44000244140625
2013-12-10,19.388999938964844,50.25,27.015239715576172,133.6999969482422,9.47933292388916,20.198213577270508,26.360000610351562,51.871429443359375,95.70999908447266,94.13999938964844
2013-12-11,19.109500885009766,49.380001068115234,26.83167839050293,132.55999755859375,9.3100004196167,20.04857063293457,26.363332748413086,51.99714279174805,94.26000213623047,93.11000061035156
2013-12-12,19.0625,51.83000183105469,26.649112701416016,132.9600067138672,9.83133316040039,20.019285202026367,26.166667938232422,53.332855224609375,95.36000061035156,91.16000366210938
2013-12-13,19.211999893188477,53.31999969482422,26.420719146728516,133.8300018310547,9.84333324432373,19.801071166992188,26.02666664123535,52.709999084472656,95.30999755859375,91.3499984741211
2013-12-16,19.44849967956543,53.810001373291016,26.72433090209961,134.72000122070312,9.862667083740234,19.91071319580078,25.913333892822266,52.33000183105469,97.22000122070312,91.37000274658203
2013-12-17,19.38249969482422,54.86000061035156,26.646621704101562,135.8800048828125,10.163999557495117,19.82107162475586,25.75,53.5528564453125,96.75,90.66000366210938
2013-12-18,19.79800033569336,55.56999969482422,27.01748275756836,135.49000549316406,9.86533260345459,19.67035675048828,25.979999542236328,53.74856948852539,99.54000091552734,92.63999938964844
2013-12-19,19.75950050354004,55.04999923706055,27.054094314575195,135.1699981689453,9.381333351135254,19.44499969482422,25.746667861938477,53.81999969482422,99.43000030517578,91.9800033569336
2013-12-20,20.110000610351562,55.119998931884766,27.412750244140625,136.6699981689453,9.549332618713379,19.60785675048828,25.809999465942383,53.667144775390625,98.68000030517578,92.08999633789062
2013-12-23,20.145999908447266,57.77000045776367,27.77339744567871,136.39999389648438,9.569999694824219,20.3603572845459,25.956666946411133,54.36857223510742,98.51000213623047,92.02999877929688
2013-12-24,19.959999084472656,57.959999084472656,27.692203521728516,136.8300018310547,10.093999862670898,20.273929595947266,26.003332138061523,54.05571365356445,99.22000122070312,92.05999755859375
2013-12-26,20.219499588012695,57.72999954223633,27.832178115844727,138.27000427246094,10.366666793823242,20.139286041259766,26.1299991607666,53.84714126586914,100.9000015258789,92.54000091552734
2013-12-27,19.90399932861328,55.439998626708984,27.8555908203125,136.89999389648438,10.074666976928711,20.00321388244629,26.156667709350586,52.5,101.51000213623047,92.3499984741211
2013-12-30,19.668500900268555,53.709999084472656,27.632925033569336,135.9199981689453,10.162667274475098,19.804285049438477,26.209999084472656,52.42714309692383,100.30999755859375,92.30000305175781
2013-12-31,19.93950080871582,54.650001525878906,27.913124084472656,136.49000549316406,10.028667449951172,20.036428451538086,26.229999542236328,52.5957145690918,101.19999694824219,91.58999633789062
2014-01-02,19.898500442504883,54.709999084472656,27.724082946777344,136.6699981689453,10.006667137145996,19.754642486572266,26.303333282470703,51.83142852783203,99.75,91.02999877929688
2014-01-03,19.82200050354004,54.560001373291016,27.521841049194336,137.6199951171875,9.970666885375977,19.320714950561523,26.21666717529297,51.871429443359375,99.51000213623047,91.8499984741211
2014-01-06,19.681499481201172,57.20000076293945,27.828691482543945,138.41000366210938,9.800000190734863,19.426071166992188,26.06999969482422,51.36714172363281,99.66000366210938,92.33000183105469
2014-01-07,19.901500701904297,57.91999816894531,28.36517906188965,140.50999450683594,9.957332611083984,19.28714370727539,26.149999618530273,48.5,101.06999969482422,94.29000091552734
2014-01-08,20.09600067138672,58.22999954223633,28.424209594726562,140.82000732421875,10.085332870483398,19.409286499023438,25.94333267211914,48.71285629272461,100.73999786376953,94.16000366210938
2014-01-09,20.050500869750977,57.220001220703125,28.150484085083008,142.1300048828125,9.835332870483398,19.161428451538086,26.030000686645508,48.150001525878906,99.76000213623047,94.7300033569336
2014-01-10,19.882999420166016,57.939998626708984,28.148990631103516,141.89999389648438,9.714667320251465,19.033571243286133,26.01333236694336,47.448570251464844,100.5199966430664,94.73999786376953
2014-01-13,19.548999786376953,55.90999984741211,27.969663619995117,140.6999969482422,9.28933334350586,19.133214950561523,25.829999923706055,48.11571502685547,98.55000305175781,94.5
2014-01-14,19.87700080871582,57.7400016784668,28.627695083618164,140.00999450683594,10.751333236694336,19.51392936706543,25.98666763305664,48.279998779296875,99.12000274658203,94.72000122070312
2014-01-15,19.793500900268555,57.599998474121094,28.60826873779297,140.6199951171875,10.942000389099121,19.90571403503418,25.886667251586914,47.1971435546875,98.77999877929688,94.80000305175781
2014-01-16,19.790000915527344,57.189998626708984,28.79755973815918,140.2100067138672,11.39799976348877,19.79464340209961,25.586666107177734,47.38285827636719,98.94000244140625,94.63999938964844
2014-01-17,19.980499267578125,56.29999923706055,28.655841827392578,140.4600067138672,11.333999633789062,19.309642791748047,25.39666748046875,47.1485710144043,99.16000366210938,95.05999755859375
2014-01-21,20.352500915527344,58.5099983215332,28.983861923217773,141.6699981689453,11.778667449951172,19.609643936157227,25.280000686645508,46.95857238769531,98.5,94.02999877929688
2014-01-22,20.226999282836914,57.5099983215332,29.016738891601562,144.3699951171875,11.904000282287598,19.696786880493164,25.116666793823242,47.67571258544922,97.87999725341797,94.31999969482422
2014-01-23,19.993499755859375,56.630001068115234,28.894197463989258,141.30999755859375,12.100000381469727,19.863571166992188,24.98666763305664,55.531429290771484,96.97000122070312,92.73999786376953
2014-01-24,19.3799991607666,54.45000076293945,27.990833282470703,136.64999389648438,11.640000343322754,19.502500534057617,24.80666732788086,55.1542854309082,94.8499984741211,90.61000061035156
2014-01-27,19.31399917602539,53.54999923706055,27.427942276000977,137.36000061035156,11.307999610900879,19.66071319580078,24.71666717529297,54.461429595947266,94.91999816894531,89.94000244140625
2014-01-28,19.721500396728516,55.13999938964844,27.970409393310547,137.08999633789062,11.892000198364258,18.08928680419922,24.889999389648438,58.11000061035156,95.6500015258789,90.0999984741211
2014-01-29,19.209999084472656,53.529998779296875,27.56966209411621,129.77999877929688,11.682000160217285,17.883928298950195,24.700000762939453,57.202857971191406,95.11000061035156,88.9000015258789
2014-01-30,20.15049934387207,61.08000183105469,28.27875328063965,126.52999877929688,12.189332962036133,17.849285125732422,24.916667938232422,57.810001373291016,93.98999786376953,89.5
2014-01-31,17.934499740600586,62.56999969482422,29.413999557495117,125.26000213623047,12.093999862670898,17.878570556640625,24.893333435058594,58.47571563720703,92.16000366210938,88.47000122070312
2014-02-03,17.3075008392334,61.47999954223633,28.229936599731445,123.08000183105469,11.807332992553711,17.911785125732422,24.219999313354492,57.76856994628906,90.05000305175781,86.77999877929688
2014-02-04,17.397499084472656,62.75,28.347745895385742,122.04000091552734,11.915332794189453,18.171070098876953,24.24333381652832,57.987144470214844,90.0199966430664,86.62000274658203
2014-02-05,17.322500228881836,62.189998626708984,28.47327423095703,121.4000015258789,11.628000259399414,18.306785583496094,24.290000915527344,57.77428436279297,89.58000183105469,87.27999877929688
2014-02-06,17.72949981689453,62.15999984741211,28.890710830688477,122.66999816894531,11.892000198364258,18.30392837524414,24.273332595825195,58.272857666015625,89.80000305175781,88.75
2014-02-07,18.054000854492188,64.31999969482422,29.326078414916992,127.0199966430664,12.435333251953125,18.559999465942383,24.583332061767578,61.42571258544922,90.58000183105469,90.04000091552734
2014-02-10,18.043500900268555,63.54999923706055,29.2137508392334,127.16000366210938,13.104000091552734,18.892499923706055,24.586666107177734,61.49142837524414,89.5199966430664,91.06999969482422
2014-02-11,18.089500427246094,64.8499984741211,29.643388748168945,130.16000366210938,13.107999801635742,19.141429901123047,24.933332443237305,61.99856948852539,90.83999633789062,92.97000122070312
2014-02-12,17.462499618530273,64.44999694824219,29.55646514892578,128.1300048828125,13.021332740783691,19.139999389648438,24.98666763305664,61.27571487426758,91.08000183105469,92.41999816894531
2014-02-13,17.860000610351562,67.33000183105469,29.885482788085938,129.5,13.308667182922363,19.44392967224121,25.1200008392334,62.36428451538086,91.43000030517578,92.55999755859375
2014-02-14,17.86750030517578,67.08999633789062,29.95771026611328,130.16000366210938,13.215332984924316,19.428213119506836,25.26333236694336,62.21571350097656,94.11000061035156,92.76000213623047
2014-02-18,17.6825008392334,67.30000305175781,30.15895652770996,130.6300048828125,13.579999923706055,19.499643325805664,25.110000610351562,62.407142639160156,94.06999969482422,92.16999816894531
2014-02-19,17.368999481201172,68.05999755859375,29.94625473022461,128.38999938964844,12.909333229064941,19.19178581237793,24.950000762939453,61.17571258544922,93.94999694824219,91.63999938964844
2014-02-20,17.489999771118164,69.62999725341797,29.990339279174805,129.55999755859375,13.998000144958496,18.969642639160156,24.50666618347168,62.13571548461914,95.37000274658203,92.37999725341797
2014-02-21,17.33799934387207,68.58999633789062,29.98236846923828,128.27999877929688,13.973333358764648,18.758928298950195,24.373332977294922,61.74714279174805,95.02999877929688,91.5199966430664
2014-02-24,17.589000701904297,70.77999877929688,30.199554443359375,129.58999633789062,14.510000228881836,18.8410701751709,24.450000762939453,63.85714340209961,96.44000244140625,91.11000061035156
2014-02-25,17.916000366210938,69.8499984741211,30.386104583740234,126.77999877929688,16.53333282470703,18.645000457763672,24.450000762939453,64.71857452392578,96.30999755859375,91.11000061035156
2014-02-26,17.989999771118164,69.26000213623047,30.39034080505371,126.61000061035156,16.866666793823242,18.47678565979004,24.926666259765625,64.11285400390625,95.79000091552734,91.11000061035156
2014-02-27,18.006500244140625,68.94000244140625,30.36642837524414,128.55999755859375,16.836000442504883,18.84535789489746,24.85333251953125,64.60428619384766,95.83999633789062,91.36000061035156
2014-02-28,18.104999542236328,68.45999908447266,30.277761459350586,128.9199981689453,16.320667266845703,18.794286727905273,24.899999618530273,63.66143035888672,96.2699966430664,92.12000274658203
2014-03-03,17.98900032043457,67.41000366210938,29.954971313476562,128.22000122070312,16.70400047302246,18.84857177734375,24.706666946411133,63.65571212768555,95.5,91.55999755859375
2014-03-04,18.19499969482422,68.80000305175781,30.25933074951172,130.22999572753906,16.98933219909668,18.972856521606445,25.043333053588867,64.99714660644531,96.5199966430664,93.33999633789062
2014-03-05,18.618499755859375,71.56999969482422,30.3427677154541,128.7899932861328,16.8439998626709,19.01285743713379,24.933332443237305,64.78571319580078,93.80000305175781,92.58999633789062
2014-03-06,18.607999801635742,70.83999633789062,30.376392364501953,128.86000061035156,16.862667083740234,18.95535659790039,24.959999084472656,64.35857391357422,93.76000213623047,92.88999938964844
2014-03-07,18.60300064086914,69.80000305175781,30.2563419342041,128.5399932861328,16.413999557495117,18.944286346435547,24.860000610351562,64.0528564453125,94.98999786376953,93.31999969482422
2014-03-10,18.526500701904297,72.02999877929688,30.1761417388916,126.88999938964844,15.922666549682617,18.961429595947266,24.809999465942383,62.849998474121094,95.5,93.44999694824219
2014-03-11,18.44099998474121,70.0999984741211,29.887723922729492,125.66999816894531,15.62733268737793,19.14607048034668,24.97333335876465,62.49714279174805,94.01000213623047,93.48999786376953
2014-03-12,18.531999588012695,70.87999725341797,30.069791793823242,124.43000030517578,16.099332809448242,19.164642333984375,25.176666259765625,62.36857223510742,94.20999908447266,93.5999984741211
2014-03-13,18.57550048828125,68.83000183105469,29.615493774414062,121.88999938964844,15.852666854858398,18.951786041259766,24.976667404174805,61.43714141845703,93.63999938964844,93.0
2014-03-14,18.687000274658203,67.72000122070312,29.210512161254883,123.11000061035156,15.39799976348877,18.738929748535156,24.760000228881836,60.64142990112305,93.47000122070312,92.80999755859375
2014-03-17,18.75200080871582,68.73999786376953,29.69120979309082,125.41999816894531,15.59866714477539,18.812143325805664,24.893333435058594,60.388572692871094,94.31999969482422,93.93000030517578
2014-03-18,18.938499450683594,69.19000244140625,30.168420791625977,124.04000091552734,16.002666473388672,18.97857093811035,24.92333221435547,60.03571319580078,94.70999908447266,93.94000244140625
2014-03-19,18.661500930786133,68.23999786376953,29.869293212890625,122.23999786376953,15.72266674041748,18.97357177734375,24.793333053588867,60.012855529785156,93.7300033569336,93.58999633789062
2014-03-20,18.44849967956543,66.97000122070312,29.817237854003906,123.7300033569336,15.660667419433594,18.882143020629883,25.126667022705078,60.61000061035156,94.58000183105469,94.12000274658203
2014-03-21,18.0310001373291,67.23999786376953,29.46555519104004,122.58000183105469,15.259332656860352,19.031070709228516,25.366666793823242,57.99856948852539,94.30999755859375,95.93000030517578
2014-03-24,17.592500686645508,64.0999984741211,28.840150833129883,123.41999816894531,14.678000450134277,19.256786346435547,25.586666107177734,54.128570556640625,94.63999938964844,95.19999694824219
2014-03-25,17.73550033569336,64.88999938964844,28.859825134277344,124.0199966430664,14.696000099182129,19.46392822265625,25.623332977294922,52.977142333984375,94.91000366210938,97.37999725341797
2014-03-26,17.170499801635742,60.38999938964844,28.193574905395508,123.52999877929688,14.197333335876465,19.277856826782227,25.40999984741211,53.182857513427734,94.69999694824219,97.05000305175781
2014-03-27,16.923500061035156,60.970001220703125,27.846546173095703,123.20999908447266,13.821332931518555,19.19499969482422,25.3799991607666,52.02571487426758,96.23999786376953,97.27999877929688
2014-03-28,16.914499282836914,60.0099983215332,27.92283821105957,124.45999908447266,14.157999992370605,19.17357063293457,25.336666107177734,51.26714324951172,97.69999694824219,97.44000244140625
2014-03-31,16.818500518798828,60.2400016784668,27.77225112915039,125.48999786376953,13.896666526794434,19.169286727905273,25.476667404174805,50.290000915527344,97.68000030517578,98.2300033569336
2014-04-01,17.149499893188477,62.619998931884766,28.28035545349121,128.2100067138672,14.464667320251465,19.344642639160156,25.59000015258789,52.09857177734375,97.7300033569336,97.94000244140625
2014-04-02,17.097999572753906,62.720001220703125,28.27237892150879,128.30999755859375,15.352666854858398,19.376785278320312,25.726667404174805,51.84000015258789,97.94999694824219,98.2300033569336
2014-04-03,16.680999755859375,59.4900016784668,28.40900230407715,128.77999877929688,15.026666641235352,19.24250030517578,25.81999969482422,50.66999816894531,97.93000030517578,98.26000213623047
2014-04-04,16.149999618530273,56.75,27.082645416259766,127.37999725341797,14.148667335510254,18.99357032775879,25.770000457763672,48.18714141845703,97.36000061035156,98.41999816894531
2014-04-07,15.887999534606934,56.95000076293945,26.83382797241211,125.58999633789062,13.834667205810547,18.695356369018555,25.770000457763672,48.28571319580078,96.77999877929688,97.88999938964844
2014-04-08,16.353500366210938,58.189998626708984,27.669034957885742,124.1500015258789,14.36400032043457,18.694286346435547,26.059999465942383,49.8414306640625,97.44999694824219,98.05999755859375
2014-04-09,16.590499877929688,62.40999984741211,28.129770278930664,126.87999725341797,14.461999893188477,18.940000534057617,25.989999771118164,50.432857513427734,97.33000183105469,98.94999694824219
2014-04-10,15.855500221252441,59.15999984741211,26.97344398498535,123.63999938964844,13.612667083740234,18.695714950561523,25.6299991607666,47.81856918334961,96.77999877929688,96.54000091552734
2014-04-11,15.58650016784668,58.529998779296875,26.457361221313477,122.06999969482422,13.585332870483398,18.5575008392334,25.5,46.672855377197266,96.72000122070312,96.87000274658203
2014-04-14,15.795499801635742,58.88999938964844,26.553098678588867,123.25,13.206000328063965,18.63142967224121,25.793333053588867,47.36857223510742,97.86000061035156,97.13999938964844
2014-04-15,15.803999900817871,59.09000015258789,26.74856185913086,124.2699966430664,12.927332878112793,18.498571395874023,25.626667022705078,46.61000061035156,98.68000030517578,99.19999694824219
2014-04-16,16.18400001525879,59.720001220703125,27.750810623168945,126.04000091552734,13.27400016784668,18.53607177734375,25.739999771118164,47.34428787231445,99.94000244140625,98.75
2014-04-17,16.245500564575195,58.939998626708984,26.73160743713379,127.91999816894531,13.208000183105469,18.74785614013672,25.886667251586914,49.39142990112305,100.41999816894531,98.95999908447266
2014-04-21,16.543500900268555,61.2400016784668,26.358631134033203,127.81999969482422,13.625332832336426,18.97035789489746,25.866666793823242,49.78428649902344,100.93000030517578,100.0
2014-04-22,16.465999603271484,63.029998779296875,26.667285919189453,127.55000305175781,14.576000213623047,18.989286422729492,25.85333251953125,53.271427154541016,100.37000274658203,100.18000030517578
2014-04-23,16.229000091552734,61.36000061035156,26.27486228942871,130.6300048828125,13.866000175476074,18.741071701049805,26.01333236694336,50.5,100.5,100.22000122070312
2014-04-24,16.857500076293945,60.869998931884766,26.186105728149414,129.86000061035156,13.857333183288574,20.27750015258789,26.10333251953125,49.15285873413086,100.01000213623047,99.95999908447266
2014-04-25,15.191499710083008,57.709999084472656,25.73833465576172,128.66000366210938,13.323332786560059,20.426429748535156,26.206666946411133,46.01142883300781,100.41000366210938,99.79000091552734
2014-04-28,14.829000473022461,56.13999938964844,25.78670310974121,127.04000091552734,13.234000205993652,21.217500686645508,26.586666107177734,44.887142181396484,101.16999816894531,101.33999633789062
2014-04-29,15.019000053405762,58.150001525878906,26.31275749206543,128.3699951171875,13.79466724395752,21.15464210510254,26.55666732788086,45.69571304321289,101.44999694824219,101.02999877929688
2014-04-30,15.206500053405762,59.779998779296875,26.260900497436523,129.02000427246094,13.859333038330078,21.074642181396484,26.56999969482422,46.005714416503906,102.41000366210938,101.29000091552734
2014-05-01,15.394499778747559,61.150001525878906,26.49475860595703,128.4600067138672,13.84866714477539,21.124286651611328,26.566667556762695,48.07428741455078,101.41000366210938,100.52999877929688
2014-05-02,15.400500297546387,60.459999084472656,26.32422637939453,129.94000244140625,14.060667037963867,21.163570404052734,26.373332977294922,48.66428756713867,102.01000213623047,99.30999755859375
2014-05-05,15.5024995803833,61.220001220703125,26.3182430267334,131.9600067138672,14.440667152404785,21.46285629272461,26.206666946411133,49.1971435546875,102.91000366210938,100.0
2014-05-06,14.869000434875488,58.529998779296875,25.686477661132812,130.8300018310547,13.8186674118042,21.22892951965332,26.003332138061523,46.59857177734375,102.66999816894531,99.51000213623047
2014-05-07,14.635499954223633,57.38999938964844,25.428186416625977,130.35000610351562,13.423333168029785,21.15464210510254,25.98666763305664,45.79142761230469,103.11000061035156,100.91000366210938
2014-05-08,14.416000366210938,56.7599983215332,25.480045318603516,130.57000732421875,11.906000137329102,20.999643325805664,26.229999542236328,45.9514274597168,102.31999969482422,100.5
2014-05-09,14.612000465393066,57.2400016784668,25.86548614501953,131.10000610351562,12.150667190551758,20.91214370727539,26.399999618530273,46.93571472167969,101.94999694824219,100.91000366210938
2014-05-12,15.142999649047852,59.83000183105469,26.42345428466797,132.60000610351562,12.311332702636719,21.172500610351562,26.383333206176758,49.349998474121094,102.2300033569336,100.5199966430664
2014-05-13,15.232000350952148,59.83000183105469,26.581520080566406,133.4499969482422,12.677332878112793,21.205713272094727,26.3799991607666,49.5914306640625,102.36000061035156,101.0199966430664
2014-05-14,14.880999565124512,59.22999954223633,26.26040267944336,132.99000549316406,12.708000183105469,21.20964241027832,26.246667861938477,50.26856994628906,102.29000091552734,100.87000274658203
2014-05-15,14.759499549865723,57.91999816894531,25.927814483642578,131.2100067138672,12.572667121887207,21.029285430908203,25.610000610351562,49.16999816894531,100.77999877929688,100.69000244140625
2014-05-16,14.885000228881836,58.02000045776367,25.96022605895996,130.80999755859375,12.77066707611084,21.339643478393555,25.670000076293945,49.98285675048828,100.73999786376953,100.58000183105469
2014-05-19,14.838000297546387,59.209999084472656,26.3705997467041,131.35000610351562,13.072667121887207,21.592500686645508,25.536666870117188,52.07143020629883,100.87000274658203,100.63999938964844
2014-05-20,15.059499740600586,58.560001373291016,26.41597557067871,129.5800018310547,13.020000457763672,21.596786499023438,25.229999542236328,53.0957145690918,100.66999816894531,100.25
2014-05-21,15.250499725341797,60.4900016784668,26.873220443725586,130.9600067138672,13.296667098999023,21.653928756713867,25.219999313354492,55.79999923706055,102.02999877929688,101.13999938964844
2014-05-22,15.245499610900879,60.52000045776367,27.178382873535156,131.83999633789062,13.658666610717773,21.688213348388672,25.1299991607666,55.97142791748047,101.5,100.95999908447266
2014-05-23,15.612000465393066,61.349998474121094,27.559335708618164,132.41000366210938,13.819999694824219,21.93321418762207,25.203332901000977,57.478572845458984,101.31999969482422,100.9800033569336
2014-05-27,15.541000366210938,63.47999954223633,28.220022201538086,134.1699981689453,14.104000091552734,22.343929290771484,25.196666717529297,56.97285842895508,101.36000061035156,100.80999755859375
2014-05-28,15.508000373840332,63.5099983215332,28.00710678100586,134.3300018310547,14.015999794006348,22.28607177734375,25.176666259765625,57.31999969482422,101.05999755859375,100.30000305175781
2014-05-29,15.689000129699707,63.83000183105469,27.927326202392578,135.13999938964844,14.015999794006348,22.692142486572266,25.32666778564453,59.31428527832031,101.2699966430664,100.76000213623047
2014-05-30,15.6274995803833,63.29999923706055,27.9178524017334,135.25,13.851332664489746,22.60714340209961,25.59000015258789,59.689998626708984,100.52999877929688,101.45999908447266
2014-06-02,15.442000389099121,63.08000183105469,27.62066650390625,135.89999389648438,13.646666526794434,22.451786041259766,25.586666107177734,60.29428482055664,99.94000244140625,102.16999816894531
2014-06-03,15.35949993133545,62.869998931884766,27.17239761352539,135.8800048828125,13.662667274475098,22.769285202026367,25.56999969482422,59.65285873413086,100.38999938964844,102.45999908447266
2014-06-04,15.33899974822998,63.34000015258789,27.158437728881836,135.3300018310547,13.599332809448242,23.029285430908203,25.709999084472656,60.45857238769531,100.04000091552734,102.68000030517578
2014-06-05,16.178499221801758,63.189998626708984,27.619171142578125,136.82000732421875,13.793333053588867,23.11964225769043,25.773332595825195,61.19285583496094,100.55000305175781,103.22000122070312
2014-06-06,16.48349952697754,62.5,27.740339279174805,138.25,13.878000259399414,23.05607032775879,25.73666763305664,61.4471435546875,101.5999984741211,103.18000030517578
2014-06-09,16.375,62.880001068115234,28.02904510498047,137.9600067138672,13.687333106994629,23.424999237060547,25.670000076293945,60.441429138183594,101.5199966430664,103.22000122070312
2014-06-10,16.620500564575195,65.7699966430664,27.950761795043945,137.25,13.486666679382324,23.5625,25.540000915527344,61.18428421020508,101.45999908447266,104.0999984741211
2014-06-11,16.760000228881836,65.77999877929688,27.865495681762695,134.10000610351562,13.631333351135254,23.46500015258789,25.386667251586914,61.42856979370117,101.94999694824219,103.31999969482422
2014-06-12,16.295499801635742,64.29000091552734,27.492021560668945,132.19000244140625,13.567999839782715,23.072500228881836,25.24333381652832,60.349998474121094,101.66000366210938,102.52999877929688
2014-06-13,16.313499450683594,64.5,27.51246452331543,132.2899932861328,13.761333465576172,22.81999969482422,25.093332290649414,61.1014289855957,102.6500015258789,102.52999877929688
2014-06-16,16.381000518798828,64.19000244140625,27.139488220214844,132.5399932861328,14.973999977111816,23.049999237060547,25.113332748413086,61.46571350097656,102.91999816894531,102.44999694824219
2014-06-17,16.2810001373291,64.4000015258789,27.076162338256836,132.4499969482422,15.444666862487793,23.020000457763672,24.996667861938477,63.378570556640625,102.41999816894531,101.93000030517578
2014-06-18,16.7189998626709,65.5999984741211,27.592744827270508,132.47999572753906,15.141332626342773,23.045000076293945,25.233333587646484,64.0971450805664,102.7300033569336,102.80999755859375
2014-06-19,16.350000381469727,64.33999633789062,27.669034957885742,132.82000732421875,15.185999870300293,22.96500015258789,25.290000915527344,63.05571365356445,102.62999725341797,103.80999755859375
2014-06-20,16.209999084472656,64.5,27.74183464050293,132.10000610351562,15.305999755859375,22.727500915527344,25.226667404174805,62.88285827636719,103.83000183105469,105.2699966430664
2014-06-23,16.36199951171875,65.37000274658203,28.17015838623047,130.85000610351562,15.814666748046875,22.707500457763672,25.26333236694336,62.788570404052734,104.37999725341797,104.75
2014-06-24,16.20800018310547,65.72000122070312,28.153703689575195,129.14999389648438,15.5,22.56999969482422,25.323333740234375,62.33714294433594,102.7300033569336,104.58999633789062
2014-06-25,16.371999740600586,67.44000244140625,28.853282928466797,127.05999755859375,15.792667388916016,22.59000015258789,25.206666946411133,63.45857238769531,102.13999938964844,105.76000213623047
2014-06-26,16.284500122070312,67.12999725341797,28.721145629882812,128.02000427246094,15.706666946411133,22.725000381469727,24.969999313354492,62.801429748535156,102.02999877929688,105.6500015258789
2014-06-27,16.228500366210938,67.5999984741211,28.782976150512695,128.5399932861328,15.937333106994629,22.9950008392334,25.113332748413086,63.1542854309082,101.20999908447266,104.98999786376953
2014-06-30,16.23900032043457,67.29000091552734,28.685245513916016,127.2300033569336,16.003999710083008,23.232500076293945,25.023332595825195,62.94285583496094,100.68000030517578,104.62000274658203
2014-07-01,16.61949920654297,68.05999755859375,29.053733825683594,128.14999389648438,15.981332778930664,23.3799991607666,25.093332290649414,67.5857162475586,101.36000061035156,105.87000274658203
2014-07-02,16.642499923706055,66.44999694824219,29.037029266357422,127.62000274658203,15.295332908630371,23.3700008392334,25.206666946411133,66.67713928222656,101.56999969482422,105.86000061035156
2014-07-03,16.874500274658203,66.29000091552734,29.156450271606445,128.50999450683594,15.283332824707031,23.50749969482422,25.25,67.47856903076172,102.58999633789062,105.41999816894531
2014-07-07,16.677499771118164,65.29000091552734,29.03278923034668,129.08999633789062,14.843999862670898,23.99250030517578,25.356666564941406,65.8028564453125,102.6500015258789,106.47000122070312
2014-07-08,16.190500259399414,62.7599983215332,28.476318359375,126.79000091552734,14.604666709899902,23.837499618530273,25.549999237060547,63.57857131958008,102.83000183105469,105.72000122070312
2014-07-09,16.49850082397461,64.97000122070312,28.725135803222656,126.79000091552734,14.870667457580566,23.84749984741211,25.73666763305664,63.28571319580078,103.55000305175781,106.04000091552734
2014-07-10,16.395999908447266,64.87000274658203,28.476816177368164,126.79000091552734,14.630666732788086,23.760000228881836,25.68666648864746,62.650001525878906,102.56999969482422,105.80000305175781
2014-07-11,17.309999465942383,66.33999633789062,28.879711151123047,128.08999633789062,14.541999816894531,23.80500030517578,25.606666564941406,62.8514289855957,101.73999786376953,105.0999984741211
2014-07-14,17.766000747680664,67.9000015258789,29.16343116760254,129.52000427246094,15.113332748413086,24.112499237060547,25.516666412353516,64.65428924560547,102.68000030517578,105.37999725341797
2014-07-15,17.722000122070312,67.16999816894531,29.15894317626953,129.10000610351562,14.638667106628418,23.829999923706055,25.613332748413086,64.15571594238281,102.38999938964844,103.27999877929688
2014-07-16,17.795000076293945,67.66000366210938,29.053234100341797,127.41999816894531,14.477333068847656,23.69499969482422,25.6200008392334,63.49142837524414,103.7699966430664,102.22000122070312
2014-07-17,17.622499465942383,66.41000366210938,28.60795783996582,125.87999725341797,14.359999656677246,23.272499084472656,25.536666870117188,62.76571273803711,102.30999755859375,100.37000274658203
2014-07-18,17.933000564575195,68.41999816894531,29.672534942626953,127.63999938964844,14.668000221252441,23.607500076293945,25.696666717529297,63.452857971191406,102.7300033569336,101.80000305175781
2014-07-21,17.988000869750977,69.4000015258789,29.39280128479004,128.3000030517578,14.702667236328125,23.485000610351562,25.59000015258789,64.56428527832031,103.08000183105469,101.2699966430664
2014-07-22,18.04199981689453,69.2699966430664,29.655580520629883,129.74000549316406,14.638667106628418,23.68000030517578,25.546667098999023,61.584285736083984,103.54000091552734,102.47000122070312
2014-07-23,17.906999588012695,71.29000091552734,29.717411041259766,126.70999908447266,14.832667350769043,24.297500610351562,25.663333892822266,61.128570556640625,104.25,102.19000244140625
2014-07-24,17.930500030517578,74.9800033569336,29.586271286010742,124.4000015258789,14.902667045593262,24.25749969482422,25.450000762939453,60.76856994628906,104.27999877929688,102.19999694824219
2014-07-25,16.20050048828125,75.19000244140625,29.370363235473633,123.19999694824219,14.904666900634766,24.417499542236328,25.323333740234375,60.26571273803711,103.18000030517578,102.11000061035156
2014-07-28,16.02050018310547,74.91999816894531,29.449146270751953,123.05999755859375,14.98799991607666,24.7549991607666,25.23666763305664,60.665714263916016,104.37000274658203,102.11000061035156
2014-07-29,16.0,73.70999908447266,29.20033073425293,122.31999969482422,15.000666618347168,24.594999313354492,25.14666748046875,60.611427307128906,103.55000305175781,101.95999908447266
2014-07-30,16.125499725341797,74.68000030517578,29.29058265686035,122.29000091552734,15.261333465576172,24.537500381469727,24.926666259765625,62.051429748535156,103.25,102.30000305175781
2014-07-31,15.649499893188477,72.6500015258789,28.501747131347656,120.4800033569336,14.886667251586914,23.899999618530273,24.52666664123535,60.388572692871094,98.94000244140625,100.08999633789062
2014-08-01,15.352999687194824,72.36000061035156,28.22600555419922,120.37999725341797,15.5513334274292,24.032499313354492,24.51333236694336,60.771427154541016,98.80000305175781,99.9000015258789
2014-08-04,15.682499885559082,73.51000213623047,28.579036712646484,119.93000030517578,15.90133285522461,23.897499084472656,24.51333236694336,60.38571548461914,100.12999725341797,100.16000366210938
2014-08-05,15.616000175476074,72.69000244140625,28.1761417388916,121.2699966430664,15.899333000183105,23.780000686645508,24.446666717529297,60.407142639160156,98.19999694824219,99.81999969482422
2014-08-06,15.694499969482422,72.47000122070312,28.24116325378418,118.33999633789062,16.595333099365234,23.739999771118164,24.733333587646484,61.47142791748047,98.9800033569336,100.70999908447266
2014-08-07,15.572500228881836,73.16999816894531,28.09087562561035,119.83999633789062,16.826000213623047,23.6200008392334,24.649999618530273,64.23857116699219,98.2699966430664,99.93000030517578
2014-08-08,15.84000015258789,73.05999755859375,28.36063575744629,120.62999725341797,16.54199981689453,23.684999465942383,24.889999389648438,63.69285583496094,99.73999786376953,101.08000183105469
2014-08-11,15.916500091552734,73.44000244140625,28.31625747680664,120.80000305175781,17.288000106811523,23.997499465942383,24.786666870117188,64.5057144165039,98.7300033569336,101.16000366210938
2014-08-12,15.965999603271484,72.83000183105469,28.059463500976562,120.47000122070312,17.33066749572754,23.99250030517578,24.739999771118164,63.772857666015625,98.48999786376953,100.62999725341797
2014-08-13,16.31399917602539,73.7699966430664,28.66031265258789,121.9800033569336,17.354000091552734,24.309999465942383,24.676666259765625,64.50428771972656,99.08999633789062,101.73999786376953
2014-08-14,16.660499572753906,74.30000305175781,28.653831481933594,124.11000061035156,17.42533302307129,24.375,24.796667098999023,64.41000366210938,99.08999633789062,102.0199966430664
2014-08-15,16.681499481201172,73.62999725341797,28.595491409301758,123.16000366210938,17.46733283996582,24.4950008392334,24.633333206176758,65.58428955078125,99.02999877929688,101.16999816894531
2014-08-18,16.726499557495117,74.58999633789062,29.028303146362305,124.9800033569336,17.32933235168457,24.790000915527344,24.829999923706055,66.57142639160156,99.5199966430664,102.69999694824219
2014-08-19,16.756500244140625,75.29000091552734,29.262659072875977,125.58000183105469,17.117332458496094,25.13249969482422,24.959999084472656,66.87857055664062,99.48999786376953,102.95999908447266
2014-08-20,16.788999557495117,74.80999755859375,29.14448356628418,127.3499984741211,17.047332763671875,25.142499923706055,24.98666763305664,67.4557113647461,99.69999694824219,103.20999908447266
2014-08-21,16.64550018310547,74.56999969482422,29.08863639831543,127.5,16.95599937438965,25.145000457763672,25.183332443237305,67.43571472167969,99.27999877929688,104.19000244140625
2014-08-22,16.579500198364258,74.56999969482422,29.048248291015625,127.45999908447266,17.118667602539062,25.329999923706055,25.24333381652832,68.4557113647461,98.5,103.0999984741211
2014-08-25,16.701000213623047,75.0199966430664,28.930570602416992,128.3300018310547,17.503332138061523,25.385000228881836,25.229999542236328,68.70428466796875,98.75,103.2300033569336
2014-08-26,17.09149932861328,75.95999908447266,28.81389045715332,128.60000610351562,17.44933319091797,25.22249984741211,25.17333221435547,68.4800033569336,99.63999938964844,103.44000244140625
2014-08-27,17.159000396728516,74.62999725341797,28.471830368041992,128.1999969482422,17.549999237060547,25.532499313354492,25.28333282470703,67.81428527832031,99.52999877929688,103.22000122070312
2014-08-28,17.000999450683594,73.86000061035156,28.382076263427734,127.11000061035156,17.590667724609375,25.5625,25.299999237060547,67.88714599609375,99.56999969482422,102.94999694824219
2014-08-29,16.95199966430664,74.81999969482422,28.501747131347656,126.80000305175781,17.979999542236328,25.625,25.166667938232422,68.23428344726562,99.45999908447266,103.7300033569336
2014-09-02,17.118999481201172,76.68000030517578,28.787464141845703,125.4800033569336,18.941333770751953,25.825000762939453,25.25,68.0857162475586,98.48999786376953,103.36000061035156
2014-09-03,16.950000762939453,75.83000183105469,28.817880630493164,125.94000244140625,18.746000289916992,24.735000610351562,25.336666107177734,68.19857025146484,99.11000061035156,103.76000213623047
2014-09-04,17.297500610351562,75.94999694824219,29.01932716369629,125.45999908447266,19.069332122802734,24.530000686645508,25.520000457763672,67.52428436279297,98.36000061035156,103.83999633789062
2014-09-05,17.319000244140625,77.26000213623047,29.223766326904297,124.69000244140625,18.492666244506836,24.74250030517578,25.836666107177734,67.95428466796875,99.26000213623047,104.41999816894531
2014-09-08,17.117000579833984,77.88999938964844,29.4052677154541,127.9800033569336,18.80733299255371,24.59000015258789,25.510000228881836,68.47571563720703,97.7699966430664,104.05000305175781
2014-09-09,16.487499237060547,76.66999816894531,28.97096061706543,128.2100067138672,18.565332412719727,24.497499465942383,25.579999923706055,68.43000030517578,97.38999938964844,103.80000305175781
2014-09-10,16.566499710083008,77.43000030517578,29.07517433166504,128.22000122070312,18.739999771118164,25.25,25.503332138061523,69.19857025146484,96.80999755859375,104.98999786376953
2014-09-11,16.525999069213867,77.91999816894531,28.987913131713867,127.63999938964844,18.687332153320312,25.357500076293945,25.366666793823242,68.7942886352539,97.02999877929688,104.55000305175781
2014-09-12,16.559499740600586,77.4800033569336,28.702198028564453,126.94999694824219,18.613332748413086,25.415000915527344,25.25666618347168,68.07856750488281,95.77999877929688,104.58000183105469
2014-09-15,16.194499969482422,74.58000183105469,28.5765438079834,126.30999755859375,16.923999786376953,25.407499313354492,25.270000457763672,65.39286041259766,96.29000091552734,104.72000122070312
2014-09-16,16.38800048828125,76.08000183105469,28.91810417175293,127.31999969482422,17.382667541503906,25.21500015258789,25.440000534057617,65.27285766601562,97.43000030517578,105.87999725341797
2014-09-17,16.200000762939453,76.43000030517578,29.158445358276367,127.76000213623047,17.42533302307129,25.395000457763672,25.413333892822266,64.93285369873047,97.08000183105469,106.19000244140625
2014-09-18,16.25,77.0,29.382829666137695,128.5800018310547,17.58799934387207,25.447500228881836,25.406667709350586,65.57286071777344,96.61000061035156,107.3499984741211
2014-09-19,16.56599998474121,77.91000366210938,29.722396850585938,129.35000610351562,17.288000106811523,25.239999771118164,25.613332748413086,65.36000061035156,97.12000274658203,107.98999786376953
2014-09-22,16.225000381469727,76.80000305175781,29.288089752197266,128.61000061035156,16.66866683959961,25.264999389648438,25.43666648864746,63.25428771972656,96.54000091552734,107.87999725341797
2014-09-23,16.181499481201172,78.29000091552734,28.976943969726562,127.37999725341797,16.694000244140625,25.65999984741211,25.200000762939453,63.41428756713867,96.02999877929688,107.45999908447266
2014-09-24,16.410499572753906,78.54000091552734,29.31900405883789,128.5800018310547,16.80933380126953,25.4375,25.69333267211914,64.36571502685547,95.81999969482422,108.63999938964844
2014-09-25,16.096500396728516,77.22000122070312,28.674274444580078,127.13999938964844,16.463333129882812,24.467500686645508,25.373332977294922,63.355712890625,94.25,107.0999984741211
2014-09-26,16.160499572753906,78.79000091552734,28.7759952545166,128.69000244140625,16.440000534057617,25.1875,25.496667861938477,64.10713958740234,95.43000030517578,107.0999984741211
2014-09-29,16.090999603271484,79.0,28.739097595214844,128.77000427246094,16.35066795349121,25.02750015258789,25.360000610351562,64.22285461425781,94.43000030517578,106.54000091552734
2014-09-30,16.121999740600586,79.04000091552734,28.788959503173828,127.37999725341797,16.178667068481445,25.1875,25.489999771118164,64.45428466796875,94.05000305175781,106.58999633789062
2014-10-01,15.873000144958496,76.55000305175781,28.335704803466797,124.66999816894531,16.016000747680664,24.795000076293945,25.373332977294922,62.68571472167969,92.86000061035156,104.30000305175781
2014-10-02,15.920499801635742,77.08000183105469,28.42595672607422,124.16999816894531,16.761333465576172,24.975000381469727,25.40999984741211,64.2828598022461,93.30000305175781,103.8499984741211
2014-10-03,16.136999130249023,77.44000244140625,28.685245513916016,126.36000061035156,17.013999938964844,24.905000686645508,25.773332595825195,65.64856719970703,93.91999816894531,105.12999725341797
2014-10-06,16.110000610351562,77.55999755859375,28.788461685180664,126.26000213623047,17.374666213989258,24.905000686645508,25.78333282470703,66.21142578125,94.5199966430664,104.86000061035156
2014-10-07,15.848999977111816,76.29000091552734,28.10982322692871,123.31999969482422,17.30466651916504,24.6875,25.766666412353516,65.17857360839844,93.37000274658203,102.38999938964844
2014-10-08,16.135000228881836,77.5199966430664,28.5466251373291,124.9800033569336,17.28533363342285,25.200000762939453,26.079999923706055,66.69428253173828,94.61000061035156,104.91000366210938
2014-10-09,15.768500328063965,75.91000366210938,27.96721649169922,122.76000213623047,17.134000778198242,25.2549991607666,25.953332901000977,65.94571685791016,91.81999969482422,102.08000183105469
2014-10-10,15.569499969482422,72.91000366210938,27.149959564208984,121.5,15.793999671936035,25.1825008392334,26.09666633605957,64.58285522460938,91.5999984741211,101.2300033569336
2014-10-13,15.322500228881836,72.98999786376953,26.58750343322754,120.44999694824219,14.97266674041748,24.952499389648438,25.85333251953125,62.6542854309082,90.83999633789062,99.12000274658203
2014-10-14,15.415499687194824,73.58999633789062,26.82335662841797,122.29000091552734,15.137332916259766,24.6875,25.99333381652832,64.16000366210938,90.55000305175781,97.01000213623047
2014-10-15,15.298500061035156,73.20999908447266,26.428939819335938,120.19000244140625,15.313332557678223,24.385000228881836,25.066667556762695,64.08428955078125,90.22000122070312,98.20999908447266
2014-10-16,15.142999649047852,72.62999725341797,26.15369415283203,120.29000091552734,15.09000015258789,24.065000534057617,24.606666564941406,51.67142868041992,90.5999984741211,96.77999877929688
2014-10-17,15.182000160217285,75.94999694824219,25.488521575927734,123.23999786376953,15.165332794189453,24.417499542236328,24.700000762939453,51.012855529785156,91.20999908447266,98.69999694824219
2014-10-20,15.310500144958496,76.94999694824219,25.9706974029541,124.30999755859375,15.364666938781738,24.940000534057617,25.046667098999023,51.317142486572266,91.7699966430664,99.19999694824219
2014-10-21,15.766500473022461,78.69000244140625,26.25491714477539,127.12000274658203,15.689332962036133,25.61750030517578,25.34000015258789,52.28428649902344,93.6500015258789,100.36000061035156
2014-10-22,15.648500442504883,78.37000274658203,26.562572479248047,121.44999694824219,15.40666675567627,25.747499465942383,25.343332290649414,53.521427154541016,93.12999725341797,101.22000122070312
2014-10-23,15.659000396728516,80.04000091552734,27.124530792236328,122.02999877929688,15.685999870300293,26.207500457763672,25.416667938232422,54.720001220703125,94.11000061035156,102.62999725341797
2014-10-24,14.352999687194824,80.66999816894531,26.91510581970215,122.23999786376953,15.682666778564453,26.30500030517578,25.459999084472656,55.00285720825195,94.48999786376953,103.12999725341797
2014-10-27,14.498499870300293,80.27999877929688,26.96446990966797,122.12000274658203,14.777999877929688,26.27750015258789,25.530000686645508,54.20000076293945,93.70999908447266,104.06999969482422
2014-10-28,14.779500007629395,80.7699966430664,27.369855880737305,123.61000061035156,16.184667587280273,26.684999465942383,25.450000762939453,55.174285888671875,95.0999984741211,104.79000091552734
2014-10-29,14.706000328063965,75.86000061035156,27.39129638671875,123.08000183105469,15.873332977294922,26.834999084472656,25.463333129882812,54.014286041259766,94.58999633789062,105.55999755859375
2014-10-30,14.953499794006348,74.11000061035156,27.440162658691406,123.81999969482422,15.910667419433594,26.7450008392334,25.483333587646484,54.144287109375,94.44999694824219,107.04000091552734
2014-10-31,15.27299976348877,74.98999786376953,27.87746238708496,124.91000366210938,16.113332748413086,27.0,25.42333221435547,56.11000061035156,96.70999908447266,107.77999877929688
2014-11-03,15.28600025177002,73.87999725341797,27.68499183654785,126.02999877929688,16.172666549682617,27.350000381469727,25.426666259765625,55.487144470214844,95.26000213623047,107.45999908447266
2014-11-04,15.14050006866455,75.76000213623047,27.629642486572266,125.83999633789062,15.928667068481445,27.149999618530273,25.753332138061523,54.682857513427734,94.5199966430664,108.62000274658203
2014-11-05,14.826000213623047,74.83000183105469,27.221263885498047,124.22000122070312,15.39799976348877,27.21500015258789,25.899999618530273,54.34000015258789,95.06999969482422,108.81999969482422
2014-11-06,14.831999778747559,75.26000213623047,27.027795791625977,124.58000183105469,16.08133316040039,27.174999237060547,25.93666648864746,54.75714111328125,96.26000213623047,109.01000213623047
2014-11-07,14.993000030517578,75.5999984741211,26.976436614990234,124.44999694824219,16.01333236694336,27.252500534057617,26.25666618347168,54.880001068115234,96.58999633789062,108.19999694824219
2014-11-10,15.255499839782715,75.0,27.299549102783203,124.63999938964844,16.1286678314209,27.207500457763672,26.479999542236328,55.32428741455078,96.27999877929688,108.81999969482422
2014-11-11,15.600500106811523,74.61000061035156,27.439165115356445,125.36000061035156,16.738666534423828,27.424999237060547,26.336666107177734,54.650001525878906,96.41000366210938,108.91000366210938
2014-11-12,15.575499534606934,74.72000122070312,27.290573120117188,125.87000274658203,16.606666564941406,27.8125,26.399999618530273,54.83714294433594,95.37999725341797,108.75
2014-11-13,15.824000358581543,74.25,27.194337844848633,128.52999877929688,16.780000686645508,28.204999923706055,27.64666748046875,54.2014274597168,94.66000366210938,109.06999969482422
2014-11-14,16.391000747680664,74.87999725341797,27.145471572875977,128.86000061035156,17.245332717895508,28.545000076293945,27.65333366394043,55.1485710144043,95.08999633789062,108.16000366210938
2014-11-17,16.15250015258789,74.23999786376953,26.752052307128906,128.4199981689453,16.93199920654297,28.497499465942383,27.856666564941406,54.448570251464844,95.11000061035156,108.30000305175781
2014-11-18,16.24650001525879,74.33999633789062,26.678255081176758,130.66000366210938,17.18000030517578,28.86750030517578,27.93000030517578,54.432857513427734,94.87000274658203,108.83000183105469
2014-11-19,16.32699966430664,73.33000183105469,26.77598762512207,131.61000061035156,16.516000747680664,28.667499542236328,28.329999923706055,51.871429443359375,95.61000061035156,108.76000213623047
2014-11-20,16.527000427246094,73.5999984741211,26.66828155517578,131.6999969482422,16.58066749572754,29.077499389648438,28.19333267211914,52.5914306640625,95.81999969482422,108.18000030517578
2014-11-21,16.631500244140625,73.75,26.801416397094727,132.77999877929688,16.185333251953125,29.11750030517578,28.21666717529297,51.468570709228516,96.80999755859375,107.86000061035156
2014-11-24,16.781999588012695,74.01000213623047,26.889673233032227,134.61000061035156,16.447999954223633,29.657499313354492,28.46666717529297,50.924285888671875,95.72000122070312,106.87999725341797
2014-11-25,16.75200080871582,75.62999725341797,26.97992706298828,134.80999755859375,16.53933334350586,29.399999618530273,28.316667556762695,49.855712890625,94.77999877929688,106.69999694824219
2014-11-26,16.678499221801758,77.62000274658203,26.94452476501465,134.77999877929688,16.562667846679688,29.75,28.32666778564453,50.165714263916016,94.4800033569336,107.20999908447266
2014-11-28,16.93199920654297,77.69999694824219,27.017324447631836,134.36000061035156,16.301332473754883,29.732500076293945,29.18000030517578,49.512855529785156,90.54000091552734,108.25
2014-12-01,16.299999237060547,75.0999984741211,26.61692237854004,132.38999938964844,15.442667007446289,28.767499923706055,28.739999771118164,48.83000183105469,92.3499984741211,108.02999877929688
2014-12-02,16.315500259399414,75.45999908447266,26.614429473876953,132.27999877929688,15.428667068481445,28.657499313354492,28.799999237060547,50.33000183105469,94.19000244140625,108.51000213623047
2014-12-03,15.824999809265137,74.87999725341797,26.493263244628906,131.97000122070312,15.286666870117188,28.982500076293945,28.31333351135254,50.73143005371094,94.94999694824219,107.72000122070312
2014-12-04,15.846500396728516,75.23999786376953,26.791942596435547,131.32000732421875,15.218667030334473,28.872499465942383,28.253332138061523,50.08571243286133,94.37000274658203,107.55999755859375
2014-12-05,15.631500244140625,76.36000061035156,26.191091537475586,132.2100067138672,14.913999557495117,28.75,28.040000915527344,50.13142776489258,93.81999969482422,108.51000213623047
2014-12-08,15.331999778747559,76.5199966430664,26.276857376098633,130.27999877929688,14.290666580200195,28.100000381469727,28.07666778564453,48.49714279174805,91.69999694824219,108.5199966430664
2014-12-09,15.625,76.83999633789062,26.595481872558594,129.66000366210938,14.459333419799805,28.530000686645508,27.85333251953125,49.111427307128906,91.37999725341797,108.05000305175781
2014-12-10,15.291999816894531,76.18000030517578,26.23098373413086,124.63999938964844,13.989333152770996,27.987499237060547,27.65999984741211,47.7599983215332,88.66999816894531,106.23999786376953
2014-12-11,15.368000030517578,77.7300033569336,26.34467124938965,123.37000274658203,13.925333023071289,27.905000686645508,27.94333267211914,47.80428695678711,89.19999694824219,106.72000122070312
2014-12-12,15.366000175476074,77.83000183105469,25.861995697021484,120.7699966430664,13.800000190734863,27.4325008392334,27.93666648864746,47.78285598754883,86.5999984741211,104.43000030517578
2014-12-15,15.303500175476074,76.98999786376953,25.619661331176758,122.08000183105469,13.602666854858398,27.0575008392334,27.979999542236328,46.720001220703125,86.9000015258789,103.95999908447266
2014-12-16,14.753000259399414,74.69000244140625,24.70168113708496,124.25,13.187333106994629,26.6875,27.65333366394043,45.20571517944336,86.41000366210938,102.76000213623047
2014-12-17,14.944000244140625,76.11000061035156,25.17538070678711,125.05999755859375,13.721332550048828,27.352500915527344,28.07666778564453,47.66428756713867,89.0199966430664,104.06999969482422
2014-12-18,14.886500358581543,78.4000015258789,25.485031127929688,125.66999816894531,14.550666809082031,28.162500381469727,28.64666748046875,47.77428436279297,91.16000366210938,106.80999755859375
2014-12-19,14.994999885559082,79.87999725341797,25.74681282043457,126.2300033569336,14.619333267211914,27.94499969482422,28.386667251586914,48.58856964111328,93.63999938964844,105.55000305175781
2014-12-22,15.32699966430664,81.44999694824219,26.171646118164062,128.22000122070312,14.84000015258789,28.235000610351562,28.793333053588867,48.09714126586914,93.33000183105469,106.73999786376953
2014-12-23,15.314499855041504,80.61000061035156,26.456863403320312,130.02999877929688,14.731332778930664,28.135000228881836,28.886667251586914,48.06142807006836,94.58999633789062,104.27999877929688
2014-12-24,15.15149974822998,80.7699966430664,26.366111755371094,131.24000549316406,14.817333221435547,28.002500534057617,28.809999465942383,48.871429443359375,93.77999877929688,104.58999633789062
2014-12-26,15.454500198364258,80.77999877929688,26.62839126586914,131.6300048828125,15.187999725341797,28.497499465942383,28.969999313354492,48.57857131958008,93.20999908447266,105.05999755859375
2014-12-29,15.60200023651123,80.0199966430664,26.443897247314453,132.2899932861328,15.047332763671875,28.477500915527344,28.8799991607666,48.84714126586914,93.06999969482422,105.33000183105469
2014-12-30,15.515000343322754,79.22000122070312,26.44838523864746,131.8300018310547,14.815333366394043,28.1299991607666,28.93000030517578,49.03285598754883,93.0199966430664,105.36000061035156
2014-12-31,15.517499923706055,78.0199966430664,26.247936248779297,129.97999572753906,14.827333450317383,27.594999313354492,28.626667022705078,48.801429748535156,92.44999694824219,104.56999969482422
2015-01-02,15.425999641418457,78.44999694824219,26.16865348815918,129.9499969482422,14.620667457580566,27.332500457763672,28.633333206176758,49.84857177734375,92.83000183105469,104.5199966430664
2015-01-05,15.10949993133545,77.19000244140625,25.623151779174805,129.0500030517578,14.005999565124512,26.5625,28.549999237060547,47.31142807006836,90.29000091552734,103.79000091552734
2015-01-06,14.76449966430664,76.1500015258789,25.029281616210938,127.52999877929688,14.085332870483398,26.565000534057617,28.770000457763672,46.50143051147461,89.80999755859375,103.27999877929688
2015-01-07,14.920999526977539,76.1500015258789,24.986400604248047,129.50999450683594,14.063332557678223,26.9375,29.53333282470703,46.74285888671875,90.72000122070312,105.55999755859375
2015-01-08,15.02299976348877,78.18000030517578,25.065183639526367,131.8000030517578,14.041333198547363,27.97249984741211,30.156667709350586,47.779998779296875,92.2300033569336,106.38999938964844
2015-01-09,14.846500396728516,77.73999786376953,24.740575790405273,131.5399932861328,13.77733325958252,28.002500534057617,29.78333282470703,47.04142761230469,92.0999984741211,104.94000244140625
2015-01-12,14.570500373840332,76.72000122070312,24.560070037841797,130.8699951171875,13.480667114257812,27.3125,30.00666618347168,45.547142028808594,90.33000183105469,104.58000183105469
2015-01-13,14.737000465393066,76.44999694824219,24.741073608398438,131.1699981689453,13.616666793823242,27.55500030517578,29.770000457763672,46.255714416503906,90.0,104.76000213623047
2015-01-14,14.66349983215332,76.27999877929688,24.974931716918945,130.3800048828125,12.845999717712402,27.450000762939453,28.8700008392334,46.31999969482422,89.73999786376953,104.0
2015-01-15,14.34749984741211,74.05000305175781,25.02080535888672,130.13999938964844,12.791333198547363,26.704999923706055,29.126667022705078,46.25143051147461,88.95999908447266,102.48999786376953
2015-01-16,14.536999702453613,75.18000030517578,25.334444046020508,130.77999877929688,12.871333122253418,26.497499465942383,28.92333221435547,48.191429138183594,91.12000274658203,104.04000091552734
2015-01-20,14.472000122070312,76.23999786376953,25.275606155395508,131.22000122070312,12.795332908630371,27.18000030517578,28.89666748046875,49.82857131958008,91.08999633789062,101.29000091552734
2015-01-21,14.862500190734863,76.73999786376953,25.83108139038086,132.41000366210938,13.104666709899902,27.387500762939453,28.8799991607666,58.468570709228516,91.87000274658203,101.9000015258789
2015-01-22,15.515999794006348,77.6500015258789,26.64634132385254,135.63999938964844,13.441332817077637,28.100000381469727,29.433332443237305,61.20571517944336,92.87000274658203,103.76000213623047
2015-01-23,15.619500160217285,77.83000183105469,26.923580169677734,134.6199951171875,13.419333457946777,28.2450008392334,29.503332138061523,62.494285583496094,90.88999938964844,102.19999694824219
2015-01-26,15.482999801635742,77.5,26.68722915649414,134.07000732421875,13.770000457763672,28.274999618530273,29.543333053588867,63.79428482055664,91.76000213623047,102.26000213623047
2015-01-27,15.337499618530273,75.77999877929688,25.86050033569336,132.47999572753906,13.732000350952148,27.28499984741211,29.176666259765625,64.88143157958984,90.94999694824219,102.08999633789062
2015-01-28,15.195500373840332,76.23999786376953,25.4301815032959,139.63999938964844,13.291333198547363,28.827499389648438,28.940000534057617,63.20857238769531,87.94999694824219,101.4800033569336
2015-01-29,15.58899974822998,78.0,25.463090896606445,147.77999877929688,13.680000305175781,29.725000381469727,29.239999771118164,63.400001525878906,87.58000183105469,102.37999725341797
2015-01-30,17.726499557495117,75.91000366210938,26.65282440185547,145.3699951171875,13.573332786560059,29.290000915527344,28.32666778564453,63.11428451538086,87.41999816894531,100.13999938964844
2015-02-02,18.223499298095703,74.98999786376953,26.351652145385742,146.25999450683594,14.062666893005371,29.657499313354492,28.56999969482422,63.0099983215332,89.58000183105469,100.83000183105469
2015-02-03,18.177499771118164,75.4000015258789,26.38954734802246,147.33999633789062,14.557332992553711,29.662500381469727,28.729999542236328,65.27428436279297,92.25,102.45999908447266
2015-02-04,18.237499237060547,75.62999725341797,26.066434860229492,147.22000122070312,14.569999694824219,29.889999389648438,28.883333206176758,64.10143280029297,91.45999908447266,101.36000061035156
2015-02-05,18.694499969482422,75.61000061035156,26.306774139404297,148.60000610351562,14.732666969299316,29.985000610351562,29.093332290649414,64.12999725341797,92.36000061035156,102.45999908447266
2015-02-06,18.714000701904297,74.47000122070312,26.477306365966797,148.0,14.490667343139648,29.732500076293945,29.110000610351562,63.47999954223633,91.5,101.0999984741211
2015-02-09,18.527999877929688,74.44000244140625,26.31924057006836,147.5800018310547,14.498666763305664,29.93000030517578,28.636667251586914,63.29571533203125,91.55999755859375,99.77999877929688
2015-02-10,18.649999618530273,75.19000244140625,26.77349281311035,148.0399932861328,14.419333457946777,30.5049991607666,29.09666633605957,64.8499984741211,91.01000213623047,100.3499984741211
2015-02-11,18.756999969482422,76.51000213623047,26.725126266479492,147.9199981689453,14.186667442321777,31.219999313354492,28.780000686645508,64.98428344726562,90.5999984741211,100.37999725341797
2015-02-12,18.85849952697754,76.2300033569336,27.072172164916992,148.08999633789062,13.525333404541016,31.614999771118164,28.6299991607666,65.24714660644531,92.37000274658203,98.44000244140625
2015-02-13,19.09149932861328,75.73999786376953,27.375341415405273,149.72999572753906,13.584667205810547,31.770000457763672,28.60333251953125,66.5857162475586,93.37000274658203,99.62000274658203
2015-02-17,18.771499633789062,75.5999984741211,27.067686080932617,149.9199981689453,13.623332977294922,31.957500457763672,28.65333366394043,67.13714599609375,93.05000305175781,100.44000244140625
2015-02-18,18.668500900268555,76.70999908447266,26.911115646362305,151.1699981689453,13.630666732788086,32.18000030517578,28.76333236694336,67.86571502685547,91.01000213623047,99.95999908447266
2015-02-19,18.950000762939453,79.41999816894531,27.069181442260742,153.75,14.11400032043457,32.11249923706055,27.84000015258789,67.80000305175781,89.44000244140625,100.69999694824219
2015-02-20,19.183000564575195,79.9000015258789,26.87371826171875,158.30999755859375,14.473999977111816,32.375,28.100000381469727,68.31428527832031,89.91999816894531,100.26000213623047
2015-02-23,19.006999969482422,78.83999633789062,26.522682189941406,154.74000549316406,13.822667121887207,33.25,28.200000762939453,67.40571594238281,89.01000213623047,100.18000030517578
2015-02-24,18.929500579833984,78.44999694824219,26.731109619140625,154.3800048828125,13.607333183288574,33.04249954223633,28.190000534057617,67.83999633789062,89.41999816894531,100.69999694824219
2015-02-25,19.26849937438965,79.55999755859375,27.11904525756836,153.00999450683594,13.583999633789062,32.1974983215332,27.856666564941406,68.33285522460938,89.5999984741211,101.20999908447266
2015-02-26,19.239999771118164,80.41000366210938,27.697954177856445,151.72999572753906,13.812666893005371,32.60499954223633,27.933332443237305,69.00428771972656,88.6500015258789,102.80000305175781
2015-02-27,19.007999420166016,78.97000122070312,27.843555450439453,150.85000610351562,13.555999755859375,32.1150016784668,27.976667404174805,67.84428405761719,88.54000091552734,102.51000213623047
2015-03-02,19.283000946044922,79.75,28.488784790039062,153.8000030517578,13.155332565307617,32.272499084472656,27.98666763305664,68.60713958740234,88.04000091552734,103.22000122070312
2015-03-03,19.230499267578125,79.5999984741211,28.603469848632812,155.57000732421875,13.303999900817871,32.34000015258789,27.790000915527344,67.81571197509766,87.62000274658203,102.33999633789062
2015-03-04,19.13599967956543,80.9000015258789,28.59000587463379,154.35000610351562,13.496000289916992,32.1349983215332,27.52666664123535,67.11000061035156,87.18000030517578,101.6500015258789
2015-03-05,19.39150047302246,81.20999908447266,28.6877384185791,154.47000122070312,13.375332832336426,31.602500915527344,27.856666564941406,66.80714416503906,86.73999786376953,102.5199966430664
2015-03-06,19.004499435424805,80.01000213623047,28.306533813476562,153.1199951171875,12.925333023071289,31.649999618530273,27.530000686645508,64.87428283691406,85.62999725341797,100.11000061035156
2015-03-09,18.92799949645996,79.44000244140625,28.364625930786133,154.75,12.725333213806152,31.78499984741211,27.626667022705078,63.66143035888672,85.16000366210938,100.66000366210938
2015-03-10,18.475500106811523,77.55000305175781,27.67452049255371,152.4199981689453,12.687999725341797,31.127500534057617,27.356666564941406,62.15142822265625,84.26000213623047,99.52999877929688
2015-03-11,18.318500518798828,77.56999969482422,27.483543395996094,151.1699981689453,12.916000366210938,30.559999465942383,26.89666748046875,62.88428497314453,84.0199966430664,98.31999969482422
2015-03-12,18.711999893188477,78.93000030517578,27.699451446533203,152.0399932861328,12.73799991607666,31.112499237060547,27.299999237060547,64.04571533203125,84.22000122070312,99.83000183105469
2015-03-13,18.52899932861328,78.05000305175781,27.291072845458984,151.57000732421875,12.578666687011719,30.897499084472656,27.299999237060547,62.628570556640625,83.87000274658203,99.20999908447266
2015-03-16,18.667499542236328,78.06999969482422,27.649587631225586,153.6699981689453,13.046667098999023,31.237499237060547,27.76333236694336,60.281429290771484,84.76000213623047,101.05999755859375
2015-03-17,18.59600067138672,79.36000061035156,27.466590881347656,154.50999450683594,12.982000350952148,31.760000228881836,27.540000915527344,59.788570404052734,84.08000183105469,99.88999938964844
2015-03-18,18.756999969482422,80.91000366210938,27.898405075073242,155.72999572753906,13.380666732788086,32.11750030517578,27.510000228881836,60.44571304321289,86.06999969482422,101.45999908447266
2015-03-19,18.66200065612793,82.75,27.82311248779297,154.11000061035156,13.043333053588867,31.875,27.17333221435547,60.744285583496094,84.41000366210938,101.69000244140625
2015-03-20,18.92449951171875,83.80000305175781,27.941286087036133,154.5,13.20533275604248,31.475000381469727,27.746667861938477,61.18571472167969,84.54000091552734,102.4000015258789
2015-03-23,18.75550079345703,84.43000030517578,27.863998413085938,152.80999755859375,13.308667182922363,31.802499771118164,27.770000457763672,60.71428680419922,85.43000030517578,102.9800033569336
2015-03-24,18.704500198364258,85.30999755859375,28.431440353393555,151.64999389648438,13.447999954223633,31.672500610351562,27.683332443237305,62.611427307128906,84.5199966430664,101.95999908447266
2015-03-25,18.54800033569336,82.91999816894531,27.86275291442871,148.22999572753906,12.953332901000977,30.844999313354492,27.106666564941406,60.25,84.86000061035156,100.33999633789062
2015-03-26,18.36750030517578,83.01000213623047,27.682498931884766,148.1699981689453,12.694000244140625,31.059999465942383,27.296667098999023,59.75143051147461,84.31999969482422,100.13999938964844
2015-03-27,18.527999877929688,83.30000305175781,27.34193229675293,148.85000610351562,12.333333015441895,30.8125,27.116666793823242,59.25285720825195,83.58000183105469,100.33999633789062
2015-03-30,18.72949981689453,83.19999694824219,27.525928497314453,152.6999969482422,12.704667091369629,31.592500686645508,27.510000228881836,60.36714172363281,85.62999725341797,101.55000305175781
2015-03-31,18.604999542236328,82.22000122070312,27.324979782104492,150.0800018310547,12.584667205810547,31.107500076293945,27.416667938232422,59.52714157104492,85.0,100.5999984741211
2015-04-01,18.51300048828125,81.66999816894531,27.05372428894043,148.63999938964844,12.505999565124512,31.0625,26.90333366394043,59.01714324951172,84.45999908447266,99.1500015258789
2015-04-02,18.612499237060547,81.55999755859375,26.70318603515625,149.27999877929688,12.733332633972168,31.329999923706055,26.90999984741211,59.1542854309082,84.30000305175781,99.63999938964844
2015-04-06,18.851999282836914,82.44000244140625,26.764766693115234,150.92999267578125,13.539999961853027,31.837499618530273,26.996667861938477,60.33000183105469,85.12999725341797,99.16000366210938
2015-04-07,18.720500946044922,82.31999969482422,26.777481079101562,152.32000732421875,13.550000190734863,31.502500534057617,26.833332061767578,60.494285583496094,85.75,100.0999984741211
2015-04-08,19.059999465942383,82.27999877929688,27.0063533782959,153.36000061035156,13.844667434692383,31.399999618530273,27.010000228881836,63.04999923706055,84.05999755859375,100.16000366210938
2015-04-09,19.177000045776367,82.16999816894531,26.964967727661133,153.4199981689453,14.005999565124512,31.639999389648438,26.946666717529297,62.78571319580078,84.6500015258789,101.33000183105469
2015-04-10,19.13249969482422,82.04000091552734,26.926572799682617,154.3800048828125,14.0600004196167,31.774999618530273,26.883333206176758,64.93856811523438,85.55999755859375,102.05999755859375
2015-04-13,19.118000030517578,83.01000213623047,26.884687423706055,153.24000549316406,13.985333442687988,31.712499618530273,26.76333236694336,67.81143188476562,85.33999633789062,100.55000305175781
2015-04-14,19.25550079345703,83.5199966430664,26.446889877319336,153.2100067138672,13.830666542053223,31.575000762939453,26.71666717529297,68.38714599609375,86.62999725341797,100.5199966430664
2015-04-15,19.172500610351562,82.70999908447266,26.55359649658203,152.42999267578125,13.85533332824707,31.69499969482422,26.579999923706055,67.92285919189453,88.08000183105469,100.5999984741211
2015-04-16,19.302000045776367,82.30999755859375,26.61692237854004,151.97000122070312,13.779999732971191,31.542499542236328,26.413333892822266,80.29285430908203,87.7300033569336,99.79000091552734
2015-04-17,18.777999877929688,80.77999877929688,26.13075828552246,149.60000610351562,13.78600025177002,31.1875,25.959999084472656,81.6500015258789,86.93000030517578,99.58000183105469
2015-04-20,19.475500106811523,83.08999633789062,26.695707321166992,152.6699981689453,13.684666633605957,31.899999618530273,26.046667098999023,81.05571746826172,87.23999786376953,100.20999908447266
2015-04-21,19.55900001525879,83.62000274658203,26.62540054321289,153.3300018310547,13.96066665649414,31.727500915527344,26.010000228881836,80.06285858154297,86.87999725341797,100.30000305175781
2015-04-22,19.489999771118164,84.62999725341797,26.894411087036133,151.19000244140625,14.629332542419434,32.154998779296875,26.143333435058594,79.66857147216797,87.45999908447266,100.43000030517578
2015-04-23,19.499500274658203,82.41000366210938,27.275115966796875,149.8699951171875,14.573332786560059,32.41749954223633,26.393333435058594,79.86571502685547,87.54000091552734,100.45999908447266
2015-04-24,22.2549991607666,81.52999877929688,28.175643920898438,148.39999389648438,14.562000274658203,32.56999969482422,26.613332748413086,79.77143096923828,86.97000122070312,101.08000183105469
2015-04-27,21.92799949645996,81.91000366210938,27.76849937438965,147.8000030517578,15.436667442321777,33.162498474121094,26.456666946411133,80.86856842041016,87.01000213623047,100.58000183105469
2015-04-28,21.465499877929688,80.68000030517578,27.68400001525879,147.50999450683594,15.36533260345459,32.63999938964844,26.366666793823242,80.43714141845703,87.80000305175781,100.73999786376953
2015-04-29,21.4685001373291,80.47000122070312,27.45400047302246,146.14999389648438,15.49666690826416,32.15999984741211,25.959999084472656,80.40714263916016,87.87000274658203,100.38999938964844
2015-04-30,21.089000701904297,78.7699966430664,26.867000579833984,143.33999633789062,15.069999694824219,31.287500381469727,26.016666412353516,79.5,87.37000274658203,99.19999694824219
2015-05-01,21.14349937438965,78.98999786376953,26.895000457763672,144.6699981689453,15.0686674118042,32.23749923706055,26.200000762939453,79.57571411132812,88.8499984741211,100.12999725341797
2015-05-04,21.152000427246094,78.80999755859375,27.038999557495117,144.02000427246094,15.36733341217041,32.17499923706055,26.393333435058594,79.27143096923828,89.11000061035156,100.3499984741211
2015-05-05,21.059499740600586,77.55999755859375,26.540000915527344,142.91000366210938,15.529999732971191,31.450000762939453,26.043333053588867,80.79285430908203,88.61000061035156,99.5
2015-05-06,20.954999923706055,78.0999984741211,26.211000442504883,141.0399932861328,15.362000465393066,31.252500534057617,25.883333206176758,80.07714080810547,88.19000244140625,99.16999816894531
2015-05-07,21.3439998626709,78.43000030517578,26.53499984741211,141.49000549316406,15.786666870117188,31.315000534057617,26.010000228881836,80.74857330322266,87.5999984741211,99.66000366210938
2015-05-08,21.684499740600586,78.51000213623047,26.910999298095703,145.4600067138672,15.77400016784668,31.905000686645508,26.176666259765625,82.0857162475586,88.98999786376953,101.47000122070312
2015-05-11,21.642499923706055,78.01000213623047,26.78499984741211,145.88999938964844,15.965999603271484,31.579999923706055,26.03333282470703,84.27857208251953,86.77999877929688,101.02999877929688
2015-05-12,21.551000595092773,77.45999908447266,26.45199966430664,145.42999267578125,16.31599998474121,31.467500686645508,26.31999969482422,83.37714385986328,87.0199966430664,100.47000122070312
2015-05-13,21.3435001373291,78.44000244140625,26.481000900268555,145.6199951171875,16.211999893188477,31.502500534057617,26.053333282470703,82.87285614013672,86.55999755859375,100.55000305175781
2015-05-14,21.61400032043457,81.37000274658203,26.920000076293945,147.9600067138672,16.273332595825195,32.23749923706055,26.239999771118164,83.8357162475586,86.97000122070312,101.83000183105469
2015-05-15,21.299999237060547,80.41999816894531,26.6924991607666,146.8800048828125,16.589332580566406,32.192501068115234,26.413333892822266,87.60713958740234,87.3499984741211,102.30000305175781
2015-05-18,21.261999130249023,80.87999725341797,26.614999771118164,146.7100067138672,16.583332061767578,32.54750061035156,26.639999389648438,88.26714324951172,86.8499984741211,103.41999816894531
2015-05-19,21.085500717163086,80.62999725341797,26.868000030517578,147.0500030517578,16.47599983215332,32.51750183105469,25.476667404174805,88.06857299804688,86.98999786376953,103.95999908447266
2015-05-20,21.19300079345703,80.55000305175781,26.963499069213867,146.4199981689453,16.290000915527344,32.51499938964844,25.299999237060547,88.79000091552734,87.12999725341797,103.5999984741211
2015-05-21,21.581499099731445,80.4800033569336,27.125499725341797,147.35000610351562,16.374666213989258,32.84749984741211,25.3700008392334,89.00285339355469,87.20999908447266,102.41999816894531
2015-05-22,21.381500244140625,80.54000091552734,27.00550079345703,144.80999755859375,16.51533317565918,33.1349983215332,25.286666870117188,88.83856964111328,86.5199966430664,101.3499984741211
2015-05-26,21.273500442504883,79.33000183105469,26.615999221801758,142.8000030517578,16.497333526611328,32.404998779296875,24.96666717529297,87.99285888671875,85.3499984741211,100.81999969482422
2015-05-27,21.570999145507812,80.55000305175781,26.989500045776367,143.0,16.495332717895508,33.0099983215332,25.06333351135254,89.85713958740234,85.11000061035156,101.12999725341797
2015-05-28,21.328500747680664,80.1500015258789,26.98900032043457,142.3300018310547,16.76333236694336,32.94499969482422,24.946666717529297,89.50714111328125,85.11000061035156,101.1500015258789
2015-05-29,21.46150016784668,79.19000244140625,26.605499267578125,140.52000427246094,16.719999313354492,32.56999969482422,24.75666618347168,89.15142822265625,85.19999694824219,100.13999938964844
2015-06-01,21.54599952697754,80.29000091552734,26.699499130249023,141.25,16.6299991607666,32.6349983215332,24.90999984741211,89.00285339355469,85.12999725341797,100.04000091552734
2015-06-02,21.54949951171875,80.44000244140625,26.958999633789062,143.25,16.55666732788086,32.4900016784668,24.843332290649414,89.12999725341797,85.13999938964844,99.9800033569336
2015-06-03,21.829500198364258,82.44000244140625,27.015499114990234,143.80999755859375,16.599332809448242,32.529998779296875,24.963333129882812,88.8085708618164,84.94999694824219,100.08999633789062
2015-06-04,21.538999557495117,82.05000305175781,26.834999084472656,141.19000244140625,16.39466667175293,32.34000015258789,24.71666717529297,89.34857177734375,84.22000122070312,99.2300033569336
2015-06-05,21.34749984741211,82.13999938964844,26.666500091552734,140.72999572753906,16.609333038330078,32.162498474121094,24.35333251953125,90.45999908447266,84.27999877929688,98.58999633789062
2015-06-08,21.174999237060547,80.66999816894531,26.34149932861328,140.63999938964844,17.086000442504883,31.950000762939453,24.203332901000977,89.60428619384766,84.8499984741211,97.95999908447266
2015-06-09,21.27400016784668,80.66999816894531,26.33449935913086,140.10000610351562,17.066667556762695,31.854999542236328,24.156667709350586,92.44999694824219,84.58000183105469,98.20999908447266
2015-06-10,21.53849983215332,82.16000366210938,26.83449935913086,141.6199951171875,16.713333129882812,32.220001220703125,24.309999465942383,95.87142944335938,85.20999908447266,98.87999725341797
2015-06-11,21.648500442504883,81.83000183105469,26.730499267578125,142.9600067138672,16.76066780090332,32.147499084472656,24.31333351135254,95.09428405761719,85.08999633789062,99.23999786376953
2015-06-12,21.496000289916992,81.52999877929688,26.616500854492188,142.8000030517578,16.71266746520996,31.792499542236328,24.143333435058594,94.41857147216797,84.0199966430664,98.3499984741211
2015-06-15,21.183500289916992,80.70999908447266,26.360000610351562,142.2899932861328,16.691999435424805,31.729999542236328,23.976667404174805,93.43142700195312,83.72000122070312,97.48999786376953
2015-06-16,21.363000869750977,81.05999755859375,26.407499313354492,142.33999633789062,16.874666213989258,31.899999618530273,24.116666793823242,95.27285766601562,84.68000030517578,98.36000061035156
2015-06-17,21.390499114990234,81.79000091552734,26.46299934387207,143.42999267578125,17.360666275024414,31.825000762939453,24.24333381652832,94.27143096923828,84.7300033569336,98.7300033569336
2015-06-18,21.969499588012695,82.91000366210938,26.83650016784668,145.3800048828125,17.459333419799805,31.969999313354492,24.32666778564453,94.74285888671875,85.4800033569336,100.36000061035156
2015-06-19,21.746000289916992,82.51000213623047,26.83449935913086,145.1300048828125,17.500667572021484,31.649999618530273,24.246667861938477,93.87142944335938,85.20999908447266,99.86000061035156
2015-06-22,21.81450080871582,84.73999786376953,26.909500122070312,145.6999969482422,17.319332122802734,31.90250015258789,24.26333236694336,96.4142837524414,85.16999816894531,100.08999633789062
2015-06-23,22.29949951171875,87.87999725341797,27.02400016784668,144.42999267578125,17.844667434692383,31.75749969482422,24.190000534057617,97.31285858154297,85.06999969482422,99.77999877929688
2015-06-24,22.04199981689453,88.86000061035156,26.892000198364258,143.0,17.67799949645996,32.02750015258789,24.126667022705078,96.94428253173828,84.68000030517578,99.33000183105469
2015-06-25,22.0049991607666,87.9800033569336,26.761499404907227,142.4499969482422,17.91933250427246,31.875,23.953332901000977,94.89142608642578,83.93000030517578,99.12000274658203
2015-06-26,21.905000686645508,88.01000213623047,26.58449935913086,142.47999572753906,17.805999755859375,31.6875,24.040000915527344,93.08856964111328,83.86000061035156,99.63999938964844
2015-06-29,21.493000030517578,85.80000305175781,26.076000213623047,138.72999572753906,17.468000411987305,31.13249969482422,23.80666732788086,92.23143005371094,82.81999969482422,97.68000030517578
2015-06-30,21.704500198364258,85.7699966430664,26.02549934387207,138.72000122070312,17.884000778198242,31.357500076293945,23.643333435058594,93.84857177734375,83.19999694824219,97.45999908447266
2015-07-01,21.86949920654297,86.91000366210938,26.091999053955078,140.72999572753906,17.94333267211914,31.649999618530273,23.959999084472656,93.63571166992188,82.37000274658203,98.47000122070312
2015-07-02,21.885499954223633,87.29000091552734,26.170000076293945,140.2100067138672,18.667999267578125,31.610000610351562,23.953332901000977,94.0442886352539,83.13999938964844,98.44000244140625
2015-07-06,21.802000045776367,87.55000305175781,26.14299964904785,140.52000427246094,18.648000717163086,31.5,24.176666259765625,94.57142639160156,82.52999877929688,98.19999694824219
2015-07-07,21.836000442504883,87.22000122070312,26.250999450683594,143.14999389648438,17.858667373657227,31.422500610351562,24.59666633605957,94.0914306640625,82.87000274658203,98.91999816894531
2015-07-08,21.485000610351562,85.6500015258789,25.84149932861328,141.9199981689453,16.997333526611328,30.642499923706055,24.35333251953125,93.50714111328125,81.97000122070312,97.7699966430664
2015-07-09,21.719499588012695,85.87999725341797,26.034000396728516,142.8000030517578,17.19466781616211,30.017499923706055,24.260000228881836,95.72714233398438,81.5999984741211,98.4000015258789
2015-07-10,22.175500869750977,87.94999694824219,26.506500244140625,144.47999572753906,17.27666664123535,30.81999969482422,24.373332977294922,97.22856903076172,82.22000122070312,99.52999877929688
2015-07-13,22.778499603271484,90.0999984741211,27.327499389648438,146.6199951171875,17.477333068847656,31.415000915527344,24.626667022705078,101.08714294433594,82.41999816894531,100.2699966430664
2015-07-14,23.278499603271484,89.68000030517578,28.05500030517578,147.75,17.709999084472656,31.40250015258789,24.59666633605957,100.37142944335938,83.11000061035156,99.77999877929688
2015-07-15,23.059499740600586,89.76000213623047,28.01099967956543,146.88999938964844,17.542667388916016,31.704999923706055,24.549999237060547,98.12999725341797,82.76000213623047,100.41999816894531
2015-07-16,23.77400016784668,90.8499984741211,28.99250030517578,148.49000549316406,17.778667449951172,32.127498626708984,24.610000610351562,115.80999755859375,82.91000366210938,101.11000061035156
2015-07-17,24.15049934387207,94.97000122070312,33.64649963378906,146.83999633789062,18.310667037963867,32.404998779296875,24.463333129882812,114.7699966430664,82.61000061035156,100.08000183105469
2015-07-20,24.405000686645508,97.91000366210938,33.1510009765625,146.72000122070312,18.817333221435547,33.01750183105469,24.366666793823242,110.55000305175781,81.76000213623047,100.37000274658203
2015-07-21,24.399999618530273,98.38999938964844,33.1150016784668,145.0,17.784666061401367,32.6875,24.246667861938477,112.51000213623047,81.66000366210938,100.33999633789062
2015-07-22,24.41349983215332,97.04000091552734,33.10499954223633,146.47000122070312,17.857999801635742,31.30500030517578,24.386667251586914,111.5,81.79000091552734,100.18000030517578
2015-07-23,24.108999252319336,95.44000244140625,32.2140007019043,146.11000061035156,17.81333351135254,31.290000915527344,24.170000076293945,110.0999984741211,81.13999938964844,100.19999694824219
2015-07-24,26.47100067138672,96.94999694824219,31.17799949645996,144.05999755859375,17.694000244140625,31.125,23.860000610351562,109.33999633789062,79.94000244140625,99.1500015258789
2015-07-27,26.570499420166016,94.16999816894531,31.363000869750977,141.02999877929688,16.867332458496094,30.6924991607666,23.793333053588867,106.43000030517578,79.26000213623047,98.27999877929688
2015-07-28,26.30150032043457,95.29000091552734,31.399999618530273,141.80999755859375,17.654666900634766,30.844999313354492,24.03333282470703,106.9000015258789,82.4800033569336,99.0199966430664
2015-07-29,26.450000762939453,96.98999786376953,31.596500396728516,144.13999938964844,17.58799934387207,30.747499465942383,24.07666778564453,107.08000183105469,83.13999938964844,99.7300033569336
2015-07-30,26.83799934387207,95.20999908447266,31.629499435424805,143.00999450683594,17.785999298095703,30.592500686645508,24.053333282470703,111.55999755859375,83.01000213623047,99.83999633789062
2015-07-31,26.8075008392334,94.01000213623047,31.280500411987305,144.1699981689453,17.74333381652832,30.325000762939453,23.99333381652832,114.30999755859375,79.20999908447266,100.20999908447266
2015-08-03,26.75149917602539,94.13999938964844,31.56049919128418,143.69000244140625,17.332666397094727,29.610000610351562,24.059999465942383,112.55999755859375,78.05999755859375,100.0199966430664
2015-08-04,26.594999313354492,94.05999755859375,31.462499618530273,143.5399932861328,17.75200080871582,28.65999984741211,24.083332061767578,121.1500015258789,77.16999816894531,99.80000305175781
2015-08-05,26.850500106811523,96.44000244140625,32.18899917602539,144.9499969482422,18.0086669921875,28.850000381469727,24.503332138061523,123.70999908447266,77.16999816894531,100.5199966430664
2015-08-06,26.472999572753906,95.12000274658203,32.13399887084961,143.82000732421875,16.408666610717773,28.782499313354492,24.26333236694336,126.44999694824219,78.08999633789062,99.06999969482422
2015-08-07,26.131000518798828,94.30000305175781,31.764999389648438,142.4199981689453,16.167333602905273,28.8799991607666,23.75,123.5199966430664,76.83000183105469,98.8499984741211
2015-08-10,26.200000762939453,94.1500015258789,31.686500549316406,145.86000061035156,16.076000213623047,29.93000030517578,23.82666778564453,123.02999877929688,78.75,99.79000091552734
2015-08-11,26.37299919128418,93.62000274658203,33.03900146484375,144.0500030517578,15.824666976928711,28.372499465942383,23.976667404174805,122.73999786376953,77.48999786376953,99.01000213623047
2015-08-12,26.295499801635742,94.19000244140625,32.97800064086914,142.42999267578125,15.878000259399414,28.809999465942383,24.19333267211914,120.51000213623047,78.79000091552734,98.70999908447266
2015-08-13,26.482999801635742,93.43000030517578,32.8224983215332,144.80999755859375,16.167333602905273,28.787500381469727,24.036666870117188,123.7300033569336,78.6500015258789,98.4800033569336
2015-08-14,26.576000213623047,94.41999816894531,32.85599899291992,145.08999633789062,16.209999084472656,28.989999771118164,24.126667022705078,123.38999938964844,78.36000061035156,98.80999755859375
2015-08-17,26.76099967956543,93.93000030517578,33.04349899291992,144.44000244140625,16.999332427978516,29.290000915527344,23.969999313354492,125.36000061035156,78.7699966430664,99.87000274658203
2015-08-18,26.750999450683594,95.16999816894531,32.80649948120117,144.60000610351562,17.381332397460938,29.125,23.15999984741211,124.05000305175781,77.9000015258789,99.37000274658203
2015-08-19,26.645999908447266,95.30999755859375,33.04499816894531,142.72000122070312,17.016666412353516,28.752500534057617,22.856666564941406,122.05999755859375,76.2300033569336,99.30999755859375
2015-08-20,25.788999557495117,90.55999755859375,32.34149932861328,137.02000427246094,16.14533233642578,28.162500381469727,22.809999465942383,112.48999786376953,74.56999969482422,98.79000091552734
2015-08-21,24.723499298095703,86.05999755859375,30.624000549316406,131.7100067138672,15.38466739654541,26.440000534057617,22.18000030517578,103.95999908447266,72.12999725341797,95.55999755859375
2015-08-24,23.168500900268555,82.08999633789062,29.480499267578125,127.19000244140625,14.591333389282227,25.780000686645508,21.316667556762695,96.87999725341797,68.72000122070312,92.81999969482422
2015-08-25,23.318500518798828,83.0,29.10300064086914,125.48999786376953,14.66866683959961,25.934999465942383,21.03333282470703,101.5199966430664,68.70999908447266,90.7300033569336
2015-08-26,25.03849983215332,87.19000244140625,31.430999755859375,129.33999633789062,14.989333152770996,27.422500610351562,21.610000610351562,110.12999725341797,72.5,95.11000061035156
2015-08-27,25.918500900268555,89.7300033569336,31.88050079345703,131.8699951171875,16.19933319091797,28.229999542236328,22.02666664123535,117.66000366210938,74.8499984741211,96.22000122070312
2015-08-28,25.90049934387207,91.01000213623047,31.518999099731445,133.24000549316406,16.565332412719727,28.322500228881836,21.64666748046875,117.62999725341797,75.06999969482422,95.16999816894531
2015-08-31,25.644500732421875,89.43000030517578,30.912500381469727,130.67999267578125,16.604000091552734,28.190000534057617,21.57666778564453,115.02999877929688,75.23999786376953,93.9800033569336
2015-09-01,24.82699966430664,87.2300033569336,29.88949966430664,127.44000244140625,15.908666610717773,26.93000030517578,21.273332595825195,105.79000091552734,72.08000183105469,92.08999633789062
2015-09-02,25.52750015258789,89.88999938964844,30.716999053955078,130.6300048828125,16.512666702270508,28.084999084472656,21.479999542236328,105.44000244140625,73.2300033569336,93.3499984741211
2015-09-03,25.236000061035156,88.1500015258789,30.3125,131.02000427246094,16.3713321685791,27.592500686645508,21.6200008392334,101.05999755859375,73.79000091552734,92.63999938964844
2015-09-04,24.950000762939453,88.26000213623047,30.03499984741211,129.75999450683594,16.1286678314209,27.3174991607666,21.296667098999023,98.79000091552734,72.45999908447266,91.30999755859375
2015-09-08,25.87700080871582,89.52999877929688,30.732999801635742,133.82000732421875,16.544666290283203,28.077499389648438,22.126667022705078,94.94999694824219,73.5,93.94000244140625
2015-09-09,25.844499588012695,90.44000244140625,30.63599967956543,132.64999389648438,16.5939998626709,27.537500381469727,21.706666946411133,99.18000030517578,72.0,92.22000122070312
2015-09-10,26.11199951171875,91.9800033569336,31.0674991607666,133.5500030517578,16.565332412719727,28.142499923706055,21.373332977294922,99.4800033569336,72.5199966430664,92.72000122070312
2015-09-11,26.472000122070312,92.05000305175781,31.28849983215332,134.6699981689453,16.682666778564453,28.552499771118164,21.549999237060547,97.51000213623047,72.69000244140625,92.93000030517578
2015-09-14,26.069000244140625,92.30999755859375,31.16200065612793,134.42999267578125,16.87933349609375,28.827499389648438,21.426666259765625,95.69000244140625,72.48999786376953,93.31999969482422
2015-09-15,26.118499755859375,92.9000015258789,31.756999969482422,136.3000030517578,16.904666900634766,29.06999969482422,21.440000534057617,99.16000366210938,72.86000061035156,94.4000015258789
2015-09-16,26.36949920654297,93.44999694824219,31.798999786376953,137.1999969482422,17.483333587646484,29.102500915527344,21.56333351135254,104.08000183105469,74.30000305175781,94.61000061035156
2015-09-17,26.943500518798828,94.33999633789062,32.14500045776367,137.4499969482422,17.471332550048828,28.479999542236328,21.489999771118164,104.20999908447266,74.45999908447266,94.83999633789062
2015-09-18,27.01300048828125,94.4000015258789,31.462499618530273,136.08999633789062,17.374666213989258,28.362499237060547,21.113332748413086,102.62000274658203,72.68000030517578,93.38999938964844
2015-09-21,27.41950035095215,95.55000305175781,31.77199935913086,136.02000427246094,17.613332748413086,28.802499771118164,21.239999771118164,100.30000305175781,73.38999938964844,93.12999725341797
2015-09-22,26.920000076293945,92.95999908447266,31.13450050354004,133.99000549316406,17.395999908447266,28.350000381469727,21.196666717529297,98.47000122070312,72.73999786376953,93.23999786376953
2015-09-23,26.803499221801758,93.97000122070312,31.118000030517578,131.6699981689453,17.40399932861328,28.579999923706055,21.239999771118164,98.06999969482422,72.30000305175781,92.98999786376953
2015-09-24,26.6875,94.41000366210938,31.290000915527344,129.75,17.541332244873047,28.75,21.27666664123535,103.76000213623047,72.7300033569336,92.4800033569336
2015-09-25,26.212499618530273,92.7699966430664,30.598499298095703,131.00999450683594,17.12733268737793,28.677499771118164,21.260000228881836,102.23999786376953,73.2300033569336,91.0
2015-09-28,25.202999114990234,89.20999908447266,29.74449920654297,128.1300048828125,16.562000274658203,28.110000610351562,21.219999313354492,99.47000122070312,72.5999984741211,91.37000274658203
2015-09-29,24.803499221801758,86.66999816894531,29.74850082397461,128.75,16.44333267211914,27.264999389648438,21.260000228881836,98.3499984741211,72.97000122070312,93.04000091552734
2015-09-30,25.594499588012695,89.9000015258789,30.42099952697754,130.9499969482422,16.559999465942383,27.575000762939453,21.613332748413086,103.26000213623047,74.3499984741211,93.3499984741211
2015-10-01,26.035999298095703,90.94999694824219,30.56450080871582,130.61000061035156,15.991999626159668,27.395000457763672,21.42333221435547,105.9800033569336,74.05999755859375,93.16999816894531
2015-10-02,26.62700080871582,92.06999969482422,31.345500946044922,132.55999755859375,16.504667282104492,27.594999313354492,21.65999984741211,106.11000061035156,75.87999725341797,93.93000030517578
2015-10-05,27.18400001525879,94.01000213623047,32.07350158691406,134.02000427246094,16.40999984741211,27.69499969482422,21.956666946411133,111.25,76.80999755859375,94.76000213623047
2015-10-06,26.874000549316406,92.80000305175781,32.27199935913086,134.6300048828125,16.097333908081055,27.827499389648438,21.893333435058594,108.33000183105469,77.88999938964844,93.41999816894531
2015-10-07,27.097000122070312,92.4000015258789,32.11800003051758,137.02000427246094,15.46399974822998,27.69499969482422,22.1200008392334,108.0999984741211,79.19999694824219,94.9800033569336
2015-10-08,26.658000946044922,92.47000122070312,31.95800018310547,139.0399932861328,15.114666938781738,27.375,22.293333053588867,114.93000030517578,80.02999877929688,95.08000183105469
2015-10-09,26.989999771118164,93.23999786376953,32.18050003051758,139.6999969482422,14.712667465209961,28.030000686645508,22.229999542236328,113.33000183105469,79.26000213623047,95.37000274658203
2015-10-12,27.50950050354004,94.26000213623047,32.333499908447266,140.67999267578125,14.371999740600586,27.899999618530273,22.309999465942383,113.44999694824219,79.30000305175781,95.98999786376953
2015-10-13,27.44499969482422,94.12000274658203,32.6150016784668,140.2899932861328,14.616666793823242,27.947500228881836,22.24333381652832,109.7300033569336,79.16000366210938,95.44999694824219
2015-10-14,27.241500854492188,94.06999969482422,32.55799865722656,134.22000122070312,14.458666801452637,27.552499771118164,20.010000228881836,110.2300033569336,80.16000366210938,94.52999877929688
2015-10-15,28.121999740600586,95.95999908447266,33.08700180053711,137.38999938964844,14.753999710083008,27.96500015258789,19.77666664123535,101.08999633789062,81.4800033569336,97.1500015258789
2015-10-16,28.538000106811523,97.54000091552734,33.11000061035156,137.60000610351562,15.133999824523926,27.760000228881836,19.6299991607666,98.98999786376953,82.4800033569336,98.23999786376953
2015-10-19,28.657499313354492,98.47000122070312,33.30500030517578,138.4199981689453,15.206666946411133,27.9325008392334,19.616666793823242,101.69000244140625,80.98999786376953,97.94000244140625
2015-10-20,28.04400062561035,97.0,32.513999938964844,138.8800048828125,14.20199966430664,28.4424991607666,19.583332061767578,98.98999786376953,80.83000183105469,97.58999633789062
2015-10-21,27.78849983215332,97.11000061035156,32.13050079345703,141.19000244140625,14.005999565124512,28.440000534057617,19.546667098999023,97.95999908447266,80.20999908447266,97.62999725341797
2015-10-22,28.195499420166016,99.66999816894531,32.589500427246094,146.30999755859375,14.114666938781738,28.875,19.633333206176758,97.31999969482422,82.88999938964844,99.52999877929688
2015-10-23,29.951499938964844,102.19000244140625,35.099998474121094,146.6999969482422,13.939332962036133,29.770000457763672,19.433332443237305,100.04000091552734,82.9800033569336,100.30999755859375
2015-10-26,30.430500030517578,103.7699966430664,35.638999938964844,146.6999969482422,14.350666999816895,28.81999969482422,19.34000015258789,103.04000091552734,81.22000122070312,99.94000244140625
2015-10-27,30.550500869750977,103.69999694824219,35.42449951171875,148.4600067138672,14.023332595825195,28.637500762939453,19.15999984741211,103.06999969482422,81.08999633789062,100.19000244140625
2015-10-28,30.854999542236328,104.19999694824219,35.647499084472656,147.8800048828125,14.197333335876465,29.8174991607666,19.213333129882812,105.80000305175781,82.27999877929688,100.4800033569336
2015-10-29,31.327499389648438,104.87999725341797,35.84600067138672,147.17999267578125,14.108667373657227,30.13249969482422,19.31999969482422,105.12000274658203,82.2300033569336,101.37000274658203
2015-10-30,31.295000076293945,101.97000122070312,35.54050064086914,148.07000732421875,13.795332908630371,29.875,19.079999923706055,108.37999725341797,82.73999786376953,101.02999877929688
2015-11-02,31.417499542236328,103.30999755859375,36.05550003051758,148.39999389648438,14.252667427062988,30.295000076293945,19.203332901000977,107.63999938964844,85.27999877929688,102.16999816894531
2015-11-03,31.265499114990234,102.58000183105469,36.108001708984375,148.08999633789062,13.890000343322754,30.642499923706055,19.3700008392334,109.73999786376953,86.8499984741211,101.95999908447266
2015-11-04,32.04750061035156,103.94000244140625,36.40549850463867,148.19000244140625,15.442000389099121,30.5,19.456666946411133,114.05000305175781,85.9800033569336,101.94000244140625
2015-11-05,32.782501220703125,108.76000213623047,36.5625,147.97000122070312,15.451333045959473,30.229999542236328,19.536666870117188,113.5,84.80999755859375,102.33000183105469
2015-11-06,32.96849822998047,107.0999984741211,36.6879997253418,147.94000244140625,15.490667343139648,30.264999389648438,19.593332290649414,114.05999755859375,84.47000122070312,101.91999816894531
2015-11-09,32.77450180053711,106.48999786376953,36.24449920654297,145.97999572753906,15.022000312805176,30.142499923706055,19.496667861938477,109.86000061035156,81.94999694824219,100.83999633789062
2015-11-10,32.98400115966797,107.91000366210938,36.41600036621094,145.14999389648438,14.433333396911621,29.1924991607666,19.559999465942383,112.69999694824219,82.3499984741211,101.44999694824219
2015-11-11,33.662498474121094,109.01000213623047,36.77000045776367,144.99000549316406,14.60533332824707,29.02750015258789,19.19333267211914,112.86000061035156,81.62000274658203,101.86000061035156
2015-11-12,33.279998779296875,108.0199966430664,36.561500549316406,142.5399932861328,14.196000099182129,28.93000030517578,18.983333587646484,108.91999816894531,79.41000366210938,100.2699966430664
2015-11-13,32.11750030517578,103.94999694824219,35.849998474121094,142.58999633789062,13.812666893005371,28.084999084472656,18.80666732788086,103.6500015258789,78.0999984741211,99.87999725341797
2015-11-16,32.390499114990234,104.04000091552734,36.448001861572266,144.4199981689453,14.287332534790039,28.545000076293945,19.290000915527344,111.3499984741211,80.9000015258789,101.22000122070312
2015-11-17,32.165000915527344,105.12999725341797,36.26499938964844,146.0800018310547,14.266667366027832,28.422500610351562,19.97333335876465,117.0999984741211,79.95999908447266,101.5
2015-11-18,33.176998138427734,107.7699966430664,37.0,148.27999877929688,14.73799991607666,29.322500228881836,20.309999465942383,120.62999725341797,80.73999786376953,102.66999816894531
2015-11-19,33.063499450683594,106.26000213623047,36.920501708984375,149.24000549316406,14.786666870117188,29.69499969482422,20.233333587646484,120.22000122070312,80.30000305175781,102.48999786376953
2015-11-20,33.42250061035156,107.31999969482422,37.83000183105469,149.39999389648438,14.667332649230957,29.825000762939453,20.023332595825195,123.83999633789062,79.79000091552734,102.4800033569336
2015-11-23,33.949501037597656,106.94999694824219,37.79899978637695,148.33999633789062,14.516667366027832,29.4375,20.086666107177734,125.02999877929688,80.27999877929688,102.7699966430664
2015-11-24,33.557498931884766,105.73999786376953,37.41400146484375,148.64999389648438,14.550000190734863,29.719999313354492,19.97333335876465,123.30999755859375,81.87999725341797,102.04000091552734
2015-11-25,33.766998291015625,105.41000366210938,37.407501220703125,147.42999267578125,15.309332847595215,29.50749969482422,20.079999923706055,124.16000366210938,81.25,101.95999908447266
2015-11-27,33.66299819946289,105.44999694824219,37.51300048828125,146.9499969482422,15.440667152404785,29.452499389648438,19.963333129882812,125.44000244140625,81.2300033569336,102.37000274658203
2015-11-30,33.2400016784668,104.23999786376953,37.130001068115234,145.4499969482422,15.350666999816895,29.575000762939453,19.613332748413086,123.33000183105469,81.66000366210938,101.23999786376953
2015-12-01,33.952999114990234,107.12000274658203,38.35200119018555,147.74000549316406,15.812666893005371,29.334999084472656,19.663333892822266,125.37000274658203,81.88999938964844,102.36000061035156
2015-12-02,33.800498962402344,106.06999969482422,38.11899948120117,146.9600067138672,15.465999603271484,29.06999969482422,19.450000762939453,128.92999267578125,79.55000305175781,102.05000305175781
2015-12-03,33.3125,104.37999725341797,37.62699890136719,145.55999755859375,15.513999938964844,28.799999237060547,19.68000030517578,126.80999755859375,78.41000366210938,100.79000091552734
2015-12-04,33.63199996948242,106.18000030517578,38.34049987792969,148.5,15.358667373657227,29.75749969482422,19.886667251586914,130.92999267578125,78.86000061035156,102.94999694824219
2015-12-07,33.49150085449219,105.61000061035156,38.162498474121094,148.4499969482422,15.408666610717773,29.56999969482422,20.166667938232422,125.36000061035156,76.80000305175781,103.31999969482422
2015-12-08,33.86650085449219,106.48999786376953,38.118499755859375,144.99000549316406,15.114666938781738,29.5575008392334,19.8700008392334,126.9800033569336,74.62999725341797,102.41999816894531
2015-12-09,33.239498138427734,104.5999984741211,37.580501556396484,144.24000549316406,14.968000411987305,28.905000686645508,19.709999084472656,124.19999694824219,75.62999725341797,102.1500015258789
2015-12-10,33.11600112915039,105.41999816894531,37.472999572753906,146.41000366210938,15.137999534606934,29.042499542236328,19.85333251953125,122.91000366210938,75.69000244140625,102.63999938964844
2015-12-11,32.00749969482422,102.12000274658203,36.94350051879883,144.6199951171875,14.468000411987305,28.295000076293945,19.786666870117188,118.91000366210938,74.33999633789062,101.68000030517578
2015-12-14,32.89550018310547,104.66000366210938,37.38850021362305,143.0,14.571999549865723,28.1200008392334,20.1299991607666,120.66999816894531,76.02999877929688,102.1500015258789
2015-12-15,32.93199920654297,104.55000305175781,37.16999816894531,146.52999877929688,14.739333152770996,27.622499465942383,19.8799991607666,118.5999984741211,79.43000030517578,104.12999725341797
2015-12-16,33.78850173950195,106.79000091552734,37.90449905395508,148.11000061035156,15.633999824523926,27.834999084472656,20.100000381469727,122.63999938964844,79.1500015258789,105.25
2015-12-17,33.532501220703125,106.22000122070312,37.471500396728516,145.55999755859375,15.559332847595215,27.2450008392334,19.65999984741211,122.51000213623047,77.95999908447266,103.63999938964844
2015-12-18,33.207000732421875,104.04000091552734,36.96549987792969,139.5800018310547,15.36400032043457,26.50749969482422,19.616666793823242,118.0199966430664,77.27999877929688,101.94999694824219
2015-12-21,33.22549819946289,104.7699966430664,37.38850021362305,140.89999389648438,15.503999710083008,26.832500457763672,19.850000381469727,116.62999725341797,77.26000213623047,101.58000183105469
2015-12-22,33.157501220703125,105.51000213623047,37.5,142.3800048828125,15.329999923706055,26.8075008392334,20.18000030517578,116.23999786376953,77.6500015258789,102.70999908447266
2015-12-23,33.185001373291016,104.62999725341797,37.515499114990234,144.05999755859375,15.313332557678223,27.15250015258789,20.363332748413086,118.16000366210938,80.19000244140625,103.48999786376953
2015-12-24,33.13949966430664,105.0199966430664,37.41999816894531,143.52999877929688,15.371333122253418,27.00749969482422,20.27666664123535,117.33000183105469,79.33000183105469,103.72000122070312
2015-12-28,33.7599983215332,105.93000030517578,38.1254997253418,144.5399932861328,15.263333320617676,26.704999923706055,20.25,117.11000061035156,78.73999786376953,103.22000122070312
2015-12-29,34.69850158691406,107.26000213623047,38.83000183105469,147.35000610351562,15.812666893005371,27.184999465942383,20.536666870117188,119.12000274658203,79.16000366210938,104.02999877929688
2015-12-30,34.45349884033203,106.22000122070312,38.54999923706055,146.41000366210938,15.87266731262207,26.829999923706055,20.559999465942383,116.70999908447266,78.11000061035156,103.77999877929688
2015-12-31,33.794498443603516,104.66000366210938,37.944000244140625,144.58999633789062,16.000667572021484,26.315000534057617,20.433332443237305,114.37999725341797,77.94999694824219,102.72000122070312
2016-01-04,31.84950065612793,102.22000122070312,37.09199905395508,140.5,14.894000053405762,26.337499618530273,20.48666763305664,109.95999908447266,77.45999908447266,100.4800033569336
2016-01-05,31.68950080871582,102.7300033569336,37.12900161743164,141.07000732421875,14.895333290100098,25.677499771118164,20.97333335876465,107.66000366210938,78.12000274658203,100.9000015258789
2016-01-06,31.63249969482422,102.97000122070312,37.180999755859375,138.8300018310547,14.602666854858398,25.174999237060547,21.183332443237305,117.68000030517578,77.47000122070312,100.38999938964844
2016-01-07,30.39699935913086,97.91999816894531,36.31949996948242,133.00999450683594,14.376667022705078,24.112499237060547,21.676666259765625,114.55999755859375,76.2300033569336,99.22000122070312
2016-01-08,30.352500915527344,97.33000183105469,35.7234992980957,129.99000549316406,14.066666603088379,24.239999771118164,21.18000030517578,111.38999938964844,74.69000244140625,98.16000366210938
2016-01-11,30.886999130249023,97.51000213623047,35.80149841308594,130.2100067138672,13.856666564941406,24.63249969482422,21.406667709350586,114.97000122070312,73.69000244140625,97.56999969482422
2016-01-12,30.894500732421875,99.37000274658203,36.30350112915039,131.9199981689453,13.998000144958496,24.989999771118164,21.206666946411133,116.58000183105469,75.19999694824219,98.23999786376953
2016-01-13,29.090499877929688,95.44000244140625,35.02799987792969,128.1199951171875,13.354000091552734,24.34749984741211,20.639999389648438,106.55999755859375,75.6500015258789,97.0199966430664
2016-01-14,29.649999618530273,98.37000274658203,35.736000061035156,129.1999969482422,13.745332717895508,24.8799991607666,21.020000457763672,107.05999755859375,79.12000274658203,98.88999938964844
2016-01-15,28.509000778198242,94.97000122070312,34.72249984741211,125.62999725341797,13.666000366210938,24.282499313354492,20.643333435058594,104.04000091552734,77.58000183105469,97.0
2016-01-19,28.724000930786133,95.26000213623047,35.089500427246094,126.05999755859375,13.64799976348877,24.165000915527344,20.85333251953125,107.88999938964844,76.4000015258789,97.5
2016-01-20,28.588499069213867,94.3499984741211,34.92250061035156,122.13999938964844,13.24666690826416,24.197500228881836,20.280000686645508,107.73999786376953,73.18000030517578,95.75
2016-01-21,28.750999450683594,94.16000366210938,35.329498291015625,123.4000015258789,13.33133316040039,24.075000762939453,20.626667022705078,102.3499984741211,74.0999984741211,95.94000244140625
2016-01-22,29.819000244140625,97.94000244140625,36.26250076293945,124.61000061035156,13.50333309173584,25.354999542236328,20.89666748046875,100.72000122070312,76.56999969482422,96.75
2016-01-25,29.826499938964844,97.01000213623047,35.583499908447266,124.01000213623047,13.092000007629395,24.860000610351562,21.149999618530273,99.12000274658203,73.9800033569336,96.4000015258789
2016-01-26,30.0625,97.33999633789062,35.652000427246094,128.00999450683594,12.904000282287598,24.997499465942383,21.333332061767578,97.83000183105469,76.69999694824219,101.18000030517578
2016-01-27,29.167499542236328,94.44999694824219,34.9995002746582,116.58000183105469,12.538000106811523,23.354999542236328,21.316667556762695,91.1500015258789,75.29000091552734,102.16000366210938
2016-01-28,31.767499923706055,109.11000061035156,36.54800033569336,118.01000213623047,12.646666526794434,23.522499084472656,21.406667709350586,94.41000366210938,76.98999786376953,102.2699966430664
2016-01-29,29.350000381469727,112.20999908447266,37.147499084472656,120.12999725341797,12.74666690826416,24.334999084472656,22.1200008392334,91.83999633789062,77.8499984741211,104.44000244140625
2016-02-01,28.74049949645996,115.08999633789062,37.599998474121094,121.55999755859375,13.129332542419434,24.107500076293945,22.5,94.08999633789062,76.29000091552734,104.37000274658203
2016-02-02,27.604999542236328,114.61000061035156,38.23249816894531,117.5199966430664,12.185333251953125,23.6200008392334,22.286666870117188,91.48999786376953,74.58999633789062,103.41000366210938
2016-02-03,26.553499221801758,112.69000244140625,36.34749984741211,121.87000274658203,11.565333366394043,24.087499618530273,22.09000015258789,90.73999786376953,78.4800033569336,104.13999938964844
2016-02-04,26.812999725341797,110.48999786376953,35.4005012512207,123.61000061035156,11.688667297363281,24.149999618530273,22.139999389648438,89.70999908447266,79.83000183105469,103.9000015258789
2016-02-05,25.10650062561035,104.06999969482422,34.17850112915039,122.55999755859375,10.84000015258789,23.5049991607666,22.333332061767578,82.79000091552734,80.08000183105469,100.54000091552734
2016-02-08,24.405000686645508,99.75,34.137001037597656,119.47000122070312,9.866000175476074,23.752500534057617,22.299999237060547,83.31999969482422,81.16000366210938,102.0
2016-02-09,24.103500366210938,99.54000091552734,33.90549850463867,118.87999725341797,9.883333206176758,23.747499465942383,21.93666648864746,86.12999725341797,80.08000183105469,101.97000122070312
2016-02-10,24.52400016784668,101.0,34.20600128173828,116.36000061035156,9.57800006866455,23.5674991607666,21.93000030517578,88.44999694824219,79.3499984741211,101.7300033569336
2016-02-11,25.19099998474121,101.91000366210938,34.15549850463867,108.44000244140625,10.031332969665527,23.424999237060547,21.773332595825195,86.3499984741211,79.5999984741211,101.69999694824219
2016-02-12,25.354000091552734,102.01000213623047,34.119998931884766,108.62999725341797,10.06933307647705,23.497499465942383,22.059999465942383,87.4000015258789,81.02999877929688,101.81999969482422
2016-02-16,26.05500030517578,101.61000061035156,34.54999923706055,112.5999984741211,10.344667434692383,24.15999984741211,21.96666717529297,89.05000305175781,81.22000122070312,102.31999969482422
2016-02-17,26.704999923706055,105.19999694824219,35.41999816894531,116.33999633789062,11.245332717895508,24.530000686645508,22.036666870117188,94.76000213623047,82.0,102.5
2016-02-18,26.25,103.47000122070312,34.86750030517578,117.56999969482422,11.118000030517578,24.065000534057617,21.373332977294922,90.48999786376953,82.44999694824219,104.23999786376953
2016-02-19,26.7450008392334,104.56999969482422,35.045501708984375,115.16000366210938,11.10533332824707,24.010000228881836,21.553333282470703,89.2300033569336,82.5,104.16000366210938
2016-02-22,27.975000381469727,107.16000366210938,35.323001861572266,117.38999938964844,11.849332809448242,24.219999313354492,21.876667022705078,91.93000030517578,82.38999938964844,104.75
2016-02-23,27.64699935913086,105.45999908447266,34.79249954223633,116.9000015258789,11.814000129699707,23.672500610351562,22.15999984741211,89.12000274658203,81.2300033569336,104.08000183105469
2016-02-24,27.70199966430664,106.87999725341797,34.97800064086914,115.58999633789062,11.933333396911621,24.024999618530273,22.373332977294922,91.61000061035156,81.5199966430664,104.95999908447266
2016-02-25,27.75749969482422,108.06999969482422,35.287498474121094,116.81999969482422,12.495332717895508,24.190000534057617,22.68000030517578,94.52999877929688,82.01000213623047,106.37999725341797
2016-02-26,27.761499404907227,107.91999816894531,35.253501892089844,118.16000366210938,12.689332962036133,24.227500915527344,22.170000076293945,94.79000091552734,81.75,105.77999877929688
2016-02-29,27.625999450683594,106.91999816894531,34.88850021362305,118.18000030517578,12.795332908630371,24.172500610351562,22.113332748413086,93.41000366210938,80.1500015258789,105.20999908447266
2016-03-01,28.95199966430664,109.81999969482422,35.94049835205078,119.95999908447266,12.423333168029785,25.13249969482422,22.15333366394043,98.30000305175781,81.27999877929688,107.22000122070312
2016-03-02,29.010499954223633,109.94999694824219,35.942501068115234,119.6500015258789,12.555999755859375,25.1875,22.06999969482422,97.61000061035156,82.69999694824219,107.04000091552734
2016-03-03,28.874500274658203,109.58000183105469,35.62099838256836,119.61000061035156,13.049332618713379,25.375,22.046667098999023,97.93000030517578,82.4000015258789,106.6500015258789
2016-03-04,28.756999969482422,108.38999938964844,35.544498443603516,121.06999969482422,13.402667045593262,25.752500534057617,22.260000228881836,101.58000183105469,82.29000091552734,106.5
2016-03-07,28.139999389648438,105.7300033569336,34.757999420166016,122.9000015258789,13.685999870300293,25.467500686645508,22.6299991607666,95.48999786376953,84.45999908447266,106.73999786376953
2016-03-08,28.01300048828125,105.93000030517578,34.69850158691406,122.3499984741211,13.506667137145996,25.25749969482422,22.68000030517578,96.2300033569336,82.62999725341797,106.22000122070312
2016-03-09,27.973499298095703,107.51000213623047,35.262001037597656,122.86000061035156,13.914667129516602,25.280000686645508,22.510000228881836,98.0,82.4000015258789,106.83999633789062
2016-03-10,27.946500778198242,107.31999969482422,35.64099884033203,122.94000244140625,13.678667068481445,25.292499542236328,22.469999313354492,97.36000061035156,82.18000030517578,107.13999938964844
2016-03-11,28.480499267578125,109.41000366210938,36.340999603271484,124.62999725341797,13.833333015441895,25.565000534057617,22.389999389648438,97.66000366210938,82.19000244140625,107.70999908447266
2016-03-14,28.668500900268555,109.88999938964844,36.52450180053711,126.33999633789062,14.34333324432373,25.6299991607666,22.453332901000977,98.12999725341797,82.41000366210938,107.66000366210938
2016-03-15,28.85099983215332,110.66999816894531,36.416500091552734,126.36000061035156,14.555999755859375,26.145000457763672,22.696666717529297,97.86000061035156,82.81999969482422,107.76000213623047
2016-03-16,28.713499069213867,112.18000030517578,36.804500579833984,127.56999969482422,14.795332908630371,26.49250030517578,22.663333892822266,99.3499984741211,82.87000274658203,107.41000366210938
2016-03-17,27.972000122070312,111.0199966430664,36.888999938964844,130.6999969482422,15.092000007629395,26.450000762939453,22.483333587646484,99.72000122070312,84.0999984741211,106.73999786376953
2016-03-18,27.604000091552734,111.44999694824219,36.880001068115234,133.9600067138672,15.515999794006348,26.479999542236328,22.316667556762695,101.12000274658203,84.19999694824219,107.5
2016-03-21,27.698999404907227,111.8499984741211,37.10449981689453,135.86000061035156,15.887999534606934,26.477500915527344,22.656667709350586,101.05999755859375,83.62000274658203,107.27999877929688
2016-03-22,28.02400016784668,112.25,37.037498474121094,135.1199951171875,15.616000175476074,26.68000030517578,22.623332977294922,99.83999633789062,84.12000274658203,107.37999725341797
2016-03-23,28.48150062561035,112.54000091552734,36.90299987792969,132.86000061035156,14.838666915893555,26.532499313354492,22.48666763305664,99.58999633789062,83.75,108.5
2016-03-24,29.147499084472656,113.05000305175781,36.76499938964844,132.1199951171875,15.183333396911621,26.417499542236328,22.666667938232422,98.36000061035156,83.9800033569336,108.30999755859375
2016-03-28,28.993499755859375,113.69000244140625,36.67649841308594,131.2899932861328,15.350666999816895,26.297500610351562,22.706666946411133,101.20999908447266,84.22000122070312,108.2300033569336
2016-03-29,29.69300079345703,116.13999938964844,37.23849868774414,130.8800048828125,15.342000007629395,26.920000076293945,22.676666259765625,104.12999725341797,84.52999877929688,109.13999938964844
2016-03-30,29.934499740600586,114.69999694824219,37.5265007019043,128.5800018310547,15.12600040435791,27.389999389648438,22.933332443237305,102.19000244140625,84.5199966430664,108.9800033569336
2016-03-31,29.68199920654297,114.0999984741211,37.247501373291016,126.94000244140625,15.317999839782715,27.247499465942383,22.829999923706055,102.2300033569336,83.58999633789062,108.19999694824219
2016-04-01,29.924999237060547,116.05999755859375,37.49549865722656,126.95999908447266,15.839332580566406,27.497499465942383,23.020000457763672,105.69999694824219,82.95999908447266,109.19000244140625
2016-04-04,29.659500122070312,112.55000305175781,37.26449966430664,126.33999633789062,16.465999603271484,27.780000686645508,23.03333282470703,104.3499984741211,83.16000366210938,108.58999633789062
2016-04-05,29.30699920654297,112.22000122070312,36.88999938964844,127.02999877929688,17.031333923339844,27.452499389648438,22.8799991607666,104.94000244140625,82.20999908447266,108.94999694824219
2016-04-06,30.104000091552734,113.70999908447266,37.28450012207031,127.93000030517578,17.69466781616211,27.739999771118164,23.01333236694336,104.83000183105469,83.30999755859375,109.41999816894531
2016-04-07,29.571500778198242,113.63999938964844,37.013999938964844,127.0,17.14666748046875,27.135000228881836,22.739999771118164,104.44999694824219,82.37000274658203,109.2699966430664
2016-04-08,29.729999542236328,110.62999725341797,36.95750045776367,127.87999725341797,16.67133331298828,27.165000915527344,22.68666648864746,103.80999755859375,83.20999908447266,109.0999984741211
2016-04-11,29.796499252319336,108.98999786376953,36.80500030517578,127.91000366210938,16.661333084106445,27.2549991607666,22.46666717529297,102.68000030517578,83.31999969482422,108.97000122070312
2016-04-12,30.15850067138672,110.61000061035156,37.15449905395508,129.47000122070312,16.521333694458008,27.610000610351562,22.933332443237305,106.9800033569336,84.3499984741211,109.5999984741211
2016-04-13,30.740999221801758,110.51000213623047,37.58599853515625,131.13999938964844,16.968666076660156,28.010000228881836,23.049999237060547,109.6500015258789,84.83000183105469,109.87000274658203
2016-04-14,31.037500381469727,110.83999633789062,37.65999984741211,130.85000610351562,16.790666580200195,28.024999618530273,22.933332443237305,110.41999816894531,85.43000030517578,109.83999633789062
2016-04-15,31.29450035095215,109.63999938964844,37.95000076293945,131.1300048828125,16.96733283996582,27.462499618530273,23.020000457763672,111.51000213623047,84.97000122070312,110.18000030517578
2016-04-18,31.767499923706055,110.44999694824219,38.330501556396484,131.97000122070312,16.92533302307129,26.8700008392334,23.286666870117188,108.4000015258789,85.77999877929688,110.93000030517578
2016-04-19,31.395000457763672,112.29000091552734,37.69649887084961,132.67999267578125,16.4913330078125,26.727500915527344,23.25666618347168,94.33999633789062,86.20999908447266,112.68000030517578
2016-04-20,31.649499893188477,112.41999816894531,37.63349914550781,130.57000732421875,16.6646671295166,26.782499313354492,23.06999969482422,96.7699966430664,86.80000305175781,113.58000183105469
2016-04-21,31.549999237060547,113.44000244140625,37.957000732421875,130.74000549316406,16.55266761779785,26.49250030517578,22.823333740234375,94.9800033569336,86.79000091552734,113.56999969482422
2016-04-22,31.024999618530273,110.55999755859375,35.938499450683594,131.0500030517578,16.916667938232422,26.420000076293945,22.906667709350586,95.9000015258789,87.52999877929688,113.31999969482422
2016-04-25,31.309999465942383,110.0999984741211,36.157501220703125,130.75,16.788000106811523,26.270000457763672,23.156667709350586,93.55999755859375,87.33000183105469,113.51000213623047
2016-04-26,30.8439998626709,108.76000213623047,35.40700149536133,133.24000549316406,16.916000366210938,26.087499618530273,23.100000381469727,92.43000030517578,87.62999725341797,112.91000366210938
2016-04-27,30.328500747680664,108.88999938964844,35.29199981689453,137.0800018310547,16.764667510986328,24.454999923706055,23.139999389648438,91.04000091552734,88.45999908447266,112.7699966430664
2016-04-28,30.100000381469727,116.7300033569336,34.55099868774414,134.8000030517578,16.513999938964844,23.707500457763672,22.969999313354492,90.27999877929688,88.02999877929688,112.4800033569336
2016-04-29,32.97949981689453,117.58000183105469,34.6505012512207,134.8000030517578,16.05066680908203,23.434999465942383,22.290000915527344,90.02999877929688,88.4000015258789,112.08000183105469
2016-05-02,34.192501068115234,118.56999969482422,34.910499572753906,134.00999450683594,16.1200008392334,23.40999984741211,22.530000686645508,93.11000061035156,89.12999725341797,112.75
2016-05-03,33.566001892089844,117.43000030517578,34.61800003051758,132.49000549316406,15.48799991607666,23.795000076293945,22.333332061767578,91.54000091552734,88.11000061035156,112.69000244140625
2016-05-04,33.54499816894531,118.05999755859375,34.78499984741211,130.88999938964844,14.837332725524902,23.547500610351562,22.39666748046875,90.79000091552734,87.94000244140625,112.22000122070312
2016-05-05,32.954498291015625,117.80999755859375,35.07149887084961,132.0800018310547,14.10200023651123,23.309999465942383,22.40333366394043,89.37000274658203,88.04000091552734,112.87999725341797
2016-05-06,33.6974983215332,119.48999786376953,35.555999755859375,133.25999450683594,14.328666687011719,23.18000030517578,22.75,90.83999633789062,88.51000213623047,112.73999786376953
2016-05-09,33.98749923706055,119.23999786376953,35.64500045776367,132.10000610351562,13.928000450134277,23.197500228881836,22.983333587646484,90.54000091552734,88.56999969482422,113.72000122070312
2016-05-10,35.153499603271484,120.5,36.159000396728516,134.72000122070312,13.912667274475098,23.354999542236328,22.93000030517578,92.88999938964844,89.98999786376953,114.66999816894531
2016-05-11,35.6614990234375,119.5199966430664,35.76449966430664,133.0,13.93066692352295,23.127500534057617,22.136667251586914,90.0199966430664,88.80999755859375,114.37000274658203
2016-05-12,35.89649963378906,120.27999877929688,35.66550064086914,134.4199981689453,13.8186674118042,22.584999084472656,22.28333282470703,87.73999786376953,89.66999816894531,114.2300033569336
2016-05-13,35.49599838256836,119.80999755859375,35.541500091552734,132.1199951171875,13.840666770935059,22.6299991607666,21.64666748046875,87.87999725341797,88.66000366210938,113.55999755859375
2016-05-16,35.53300094604492,118.66999816894531,35.824501037597656,134.13999938964844,13.88599967956543,23.469999313354492,22.00666618347168,89.12000274658203,89.56999969482422,114.44000244140625
2016-05-17,34.76350021362305,117.3499984741211,35.311500549316406,132.55999755859375,13.644000053405762,23.372499465942383,21.700000762939453,88.62999725341797,89.52999877929688,113.83000183105469
2016-05-18,34.872501373291016,117.6500015258789,35.33150100708008,130.99000549316406,14.07800006866455,23.639999389648438,21.049999237060547,90.5,89.3499984741211,113.58999633789062
2016-05-19,34.92599868774414,116.80999755859375,35.01599884033203,128.0800018310547,14.347332954406738,23.549999237060547,23.066667556762695,89.55000305175781,90.11000061035156,112.8499984741211
2016-05-20,35.13999938964844,117.3499984741211,35.48699951171875,127.38999938964844,14.685333251953125,23.80500030517578,23.286666870117188,92.48999786376953,89.73999786376953,112.63999938964844
2016-05-23,34.837501525878906,115.97000122070312,35.21200180053711,127.58000183105469,14.414667129516602,24.107500076293945,23.166667938232422,94.88999938964844,89.5999984741211,112.16000366210938
2016-05-24,35.209999084472656,117.69999694824219,36.00450134277344,127.5,14.52733325958252,24.475000381469727,23.413333892822266,97.88999938964844,89.66999816894531,112.69000244140625
2016-05-25,35.41749954223633,117.88999938964844,36.26350021362305,128.86000061035156,14.638667106628418,24.905000686645508,23.49333381652832,100.19999694824219,90.26000213623047,113.3499984741211
2016-05-26,35.74549865722656,119.47000122070312,36.20600128173828,129.30999755859375,15.008000373840332,25.102500915527344,23.616666793823242,102.80999755859375,89.80000305175781,112.9000015258789
2016-05-27,35.61199951171875,119.37999725341797,36.632999420166016,129.22000122070312,14.869333267211914,25.087499618530273,23.583332061767578,103.30000305175781,90.01000213623047,113.05999755859375
2016-05-31,36.13949966430664,118.80999755859375,36.7859992980957,126.1500015258789,14.881999969482422,24.96500015258789,23.593332290649414,102.56999969482422,89.0199966430664,112.69000244140625
2016-06-01,35.97200012207031,118.77999877929688,36.70750045776367,126.41000366210938,14.637332916259766,24.614999771118164,23.5,101.51000213623047,89.23999786376953,112.77999877929688
2016-06-02,36.4119987487793,118.93000030517578,36.52000045776367,126.8499984741211,14.597332954406738,24.43000030517578,23.649999618530273,101.25,88.52999877929688,114.48999786376953
2016-06-03,36.277000427246094,118.47000122070312,36.117000579833984,127.37999725341797,14.599332809448242,24.479999542236328,23.623332977294922,99.58999633789062,88.37000274658203,114.76000213623047
2016-06-06,36.33649826049805,118.79000091552734,35.82749938964844,131.89999389648438,14.711999893188477,24.657499313354492,23.683332443237305,100.73999786376953,89.33999633789062,115.7699966430664
2016-06-07,36.1870002746582,117.76000213623047,35.83250045776367,131.92999267578125,15.489333152770996,24.75749969482422,23.676666259765625,99.88999938964844,90.70999908447266,115.7300033569336
2016-06-08,36.332000732421875,118.38999938964844,36.41400146484375,133.0,15.701333045959473,24.735000610351562,23.760000228881836,97.86000061035156,90.79000091552734,115.80000305175781
2016-06-09,36.38249969482422,118.55999755859375,36.42900085449219,133.10000610351562,15.290666580200195,24.912500381469727,23.696666717529297,97.08999633789062,90.66999816894531,117.0
2016-06-10,35.89550018310547,116.62000274658203,35.97050094604492,131.13999938964844,14.586000442504883,24.707500457763672,23.713333129882812,93.75,89.9800033569336,117.01000213623047
2016-06-13,35.762001037597656,113.94999694824219,35.917999267578125,129.9199981689453,14.524666786193848,24.334999084472656,23.510000228881836,93.8499984741211,90.58999633789062,116.79000091552734
2016-06-14,35.96500015258789,114.94000244140625,35.91350173950195,130.5,14.330666542053223,24.364999771118164,23.649999618530273,94.12000274658203,90.43000030517578,117.12000274658203
2016-06-15,35.7130012512207,114.5999984741211,35.94599914550781,130.16000366210938,14.513333320617676,24.28499984741211,23.706666946411133,94.29000091552734,90.16000366210938,116.41000366210938
2016-06-16,35.8754997253418,114.38999938964844,35.518001556396484,129.3699951171875,14.528667449951172,24.387500762939453,23.766666412353516,95.44000244140625,91.22000122070312,116.63999938964844
2016-06-17,35.31949996948242,113.0199966430664,34.58599853515625,129.82000732421875,14.364666938781738,23.832500457763672,23.649999618530273,94.44999694824219,90.72000122070312,115.4800033569336
2016-06-20,35.70050048828125,113.37000274658203,34.68550109863281,132.75,14.646666526794434,23.774999618530273,23.700000762939453,93.80000305175781,91.12000274658203,116.54000091552734
2016-06-21,35.79100036621094,114.37999725341797,34.797000885009766,131.52000427246094,14.640666961669922,23.977500915527344,23.81999969482422,90.98999786376953,91.52999877929688,116.18000030517578
2016-06-22,35.529998779296875,113.91000366210938,34.87300109863281,131.77000427246094,13.11066722869873,23.887500762939453,23.916667938232422,90.01000213623047,91.16999816894531,116.45999908447266
2016-06-23,36.104000091552734,115.08000183105469,35.09349822998047,133.5500030517578,13.09333324432373,24.024999618530273,24.03333282470703,91.66000366210938,91.80000305175781,117.37999725341797
2016-06-24,34.948001861572266,112.08000183105469,33.76100158691406,126.5199966430664,12.876667022705078,23.350000381469727,23.98666763305664,88.44000244140625,89.38999938964844,115.62999725341797
2016-06-27,34.56800079345703,108.97000122070312,33.41299819946289,122.69999694824219,13.236666679382324,23.010000228881836,23.833332061767578,85.33000183105469,88.86000061035156,116.55000305175781
2016-06-28,35.397499084472656,112.69999694824219,34.00199890136719,123.88999938964844,13.452667236328125,23.397499084472656,23.836666107177734,87.97000122070312,90.91000366210938,118.2300033569336
2016-06-29,35.779998779296875,114.16000366210938,34.205501556396484,126.98999786376953,14.012666702270508,23.600000381469727,24.15333366394043,91.05999755859375,92.45999908447266,119.33000183105469
2016-06-30,35.78099822998047,114.27999877929688,34.60499954223633,129.8699951171875,14.152000427246094,23.899999618530273,24.34000015258789,91.4800033569336,93.73999786376953,121.30000305175781
2016-07-01,36.284000396728516,114.19000244140625,34.96049880981445,129.69000244140625,14.433333396911621,23.97249984741211,24.270000457763672,96.66999816894531,93.83999633789062,121.29000091552734
2016-07-05,36.404998779296875,114.19999694824219,34.747501373291016,126.97000122070312,14.26533317565918,23.747499465942383,24.3799991607666,97.91000366210938,93.0199966430664,122.2699966430664
2016-07-06,36.88050079345703,116.69999694824219,34.88850021362305,126.95999908447266,14.295999526977539,23.88249969482422,24.606666564941406,94.5999984741211,94.08999633789062,122.63999938964844
2016-07-07,36.82849884033203,115.8499984741211,34.768001556396484,127.16999816894531,14.395999908447266,23.985000610351562,24.510000228881836,95.0999984741211,92.95999908447266,122.51000213623047
2016-07-08,37.29050064086914,117.23999786376953,35.28150177001953,130.08999633789062,14.45199966430664,24.170000076293945,24.613332748413086,97.05999755859375,93.54000091552734,122.8499984741211
2016-07-11,37.68899917602539,117.87000274658203,35.75450134277344,132.0399932861328,14.985333442687988,24.2450008392334,24.68666648864746,94.66999816894531,93.88999938964844,122.93000030517578
2016-07-12,37.410499572753906,117.93000030517578,36.03200149536133,130.80999755859375,14.976667404174805,24.354999542236328,24.42333221435547,95.97000122070312,94.94999694824219,122.91999816894531
2016-07-13,37.131500244140625,116.77999877929688,35.8489990234375,130.11000061035156,14.835332870483398,24.217500686645508,24.540000915527344,96.43000030517578,94.87999725341797,123.0
2016-07-14,37.060001373291016,117.29000091552734,36.04750061035156,131.5500030517578,14.768667221069336,24.697500228881836,24.566667556762695,98.0199966430664,94.94999694824219,123.18000030517578
2016-07-15,36.77199935913086,116.86000061035156,35.99250030517578,132.38999938964844,14.69333267211914,24.69499969482422,24.55666732788086,98.38999938964844,95.12000274658203,123.0
2016-07-18,36.80350112915039,119.37000274658203,36.68899917602539,133.42999267578125,15.083333015441895,24.957500457763672,24.613332748413086,98.80999755859375,94.81999969482422,123.13999938964844
2016-07-19,36.997501373291016,120.61000061035156,36.847999572753906,134.66000366210938,15.017333030700684,24.967500686645508,24.553333282470703,85.83999633789062,94.47000122070312,125.25
2016-07-20,37.2859992980957,121.91999816894531,37.05950164794922,134.72000122070312,15.223999977111816,24.989999771118164,24.59666633605957,87.91000366210938,93.93000030517578,125.13999938964844
2016-07-21,37.221500396728516,120.61000061035156,36.93149948120117,133.52999877929688,14.699999809265137,24.857500076293945,24.50666618347168,85.98999786376953,93.8499984741211,125.1500015258789
2016-07-22,37.24300003051758,121.0,37.137001037597656,133.47000122070312,14.817999839782715,24.665000915527344,24.516666412353516,85.88999938964844,94.01000213623047,125.02999877929688
2016-07-25,36.980499267578125,121.62999725341797,36.98849868774414,132.94000244140625,15.333999633789062,24.334999084472656,24.583332061767578,87.66000366210938,92.19999694824219,124.88999938964844
2016-07-26,36.77949905395508,121.22000122070312,36.92100143432617,134.85000610351562,15.300666809082031,24.167499542236328,24.57666778564453,91.41000366210938,91.52999877929688,125.1500015258789
2016-07-27,36.833499908447266,123.33999633789062,37.0885009765625,135.9600067138672,15.232666969299316,25.737499237060547,24.440000534057617,92.04000091552734,90.91000366210938,124.7699966430664
2016-07-28,37.63050079345703,125.0,37.295501708984375,133.00999450683594,15.37399959564209,26.084999084472656,24.413333892822266,91.6500015258789,90.19999694824219,124.45999908447266
2016-07-29,37.94049835205078,123.94000244140625,38.43949890136719,133.66000366210938,15.652667045593262,26.052499771118164,24.323333740234375,91.25,88.94999694824219,125.2300033569336
2016-08-01,38.387001037597656,124.30999755859375,38.64400100708008,133.2100067138672,15.333999633789062,26.512500762939453,24.593332290649414,94.37000274658203,85.86000061035156,125.4000015258789
2016-08-02,38.02899932861328,123.08999633789062,38.55350112915039,131.60000610351562,15.146666526794434,26.1200008392334,24.376667022705078,93.55999755859375,87.04000091552734,124.8499984741211
2016-08-03,37.731998443603516,122.51000213623047,38.659000396728516,131.8699951171875,15.052666664123535,26.447500228881836,24.31333351135254,93.0999984741211,87.48999786376953,123.9000015258789
2016-08-04,38.03850173950195,124.36000061035156,38.580501556396484,131.2100067138672,15.37399959564209,26.467500686645508,24.433332443237305,93.44000244140625,87.4800033569336,123.86000061035156
2016-08-05,38.29899978637695,125.1500015258789,39.111000061035156,131.72999572753906,15.335332870483398,26.8700008392334,24.586666107177734,97.02999877929688,87.55999755859375,124.23999786376953
2016-08-08,38.327999114990234,125.26000213623047,39.0880012512207,132.19000244140625,15.077333450317383,27.092500686645508,24.446666717529297,95.11000061035156,88.58999633789062,123.6500015258789
2016-08-09,38.41550064086914,125.05999755859375,39.2130012512207,132.6199951171875,15.272000312805176,27.202499389648438,24.51333236694336,93.98999786376953,88.69999694824219,123.43000030517578
2016-08-10,38.428001403808594,124.87999725341797,39.23400115966797,132.27999877929688,15.043333053588867,27.0,24.649999618530273,93.93000030517578,86.41000366210938,123.36000061035156
2016-08-11,38.5620002746582,124.9000015258789,39.24250030517578,133.0,14.994000434875488,26.982500076293945,24.600000381469727,95.88999938964844,86.72000122070312,123.7699966430664
2016-08-12,38.62799835205078,124.87999725341797,39.1609992980957,133.10000610351562,15.040666580200195,27.045000076293945,24.6299991607666,96.58999633789062,87.8499984741211,123.22000122070312
2016-08-15,38.42449951171875,123.9000015258789,39.12200164794922,134.66000366210938,15.03933334350586,27.3700008392334,24.440000534057617,95.30999755859375,87.80999755859375,122.30999755859375
2016-08-16,38.20199966430664,123.30000305175781,38.856998443603516,135.0,14.907333374023438,27.344999313354492,24.296667098999023,95.12000274658203,87.91999816894531,120.33000183105469
2016-08-17,38.23149871826172,124.37000274658203,38.99549865722656,134.72000122070312,14.88266658782959,27.30500030517578,24.309999465942383,96.37000274658203,88.11000061035156,121.30999755859375
2016-08-18,38.222999572753906,123.91000366210938,38.875,135.0,14.900667190551758,27.270000457763672,24.766666412353516,96.16000366210938,88.91000366210938,120.72000122070312
2016-08-19,37.865501403808594,123.55999755859375,38.770999908447266,134.44000244140625,15.0,27.34000015258789,24.270000457763672,95.87000274658203,87.80000305175781,119.91999816894531
2016-08-22,37.9739990234375,124.1500015258789,38.60749816894531,134.99000549316406,14.862000465393066,27.127500534057617,24.233333587646484,95.26000213623047,87.98999786376953,119.12999725341797
2016-08-23,38.122501373291016,124.37000274658203,38.604000091552734,134.13999938964844,14.989333152770996,27.212499618530273,23.989999771118164,95.94000244140625,87.72000122070312,119.44000244140625
2016-08-24,37.86249923706055,123.4800033569336,38.481998443603516,133.2899932861328,14.841333389282227,27.00749969482422,24.07666778564453,95.18000030517578,88.0199966430664,118.70999908447266
2016-08-25,37.96099853515625,123.88999938964844,38.47050094604492,132.97999572753906,14.730667114257812,26.892499923706055,23.739999771118164,97.31999969482422,87.45999908447266,118.56999969482422
2016-08-26,38.45000076293945,124.95999908447266,38.47700119018555,132.22999572753906,14.666000366210938,26.735000610351562,23.713333129882812,97.58000183105469,87.2699966430664,119.04000091552734
2016-08-29,38.56449890136719,126.54000091552734,38.60749816894531,132.89999389648438,14.346667289733887,26.704999923706055,23.799999237060547,97.30000305175781,87.83999633789062,119.91999816894531
2016-08-30,38.37900161743164,125.83999633789062,38.454498291015625,130.80999755859375,14.089332580566406,26.5,23.770000457763672,97.44999694824219,87.5199966430664,119.47000122070312
2016-08-31,38.45800018310547,126.12000274658203,38.352500915527344,129.4499969482422,14.133999824523926,26.524999618530273,23.81333351135254,97.44999694824219,87.13999938964844,119.33999633789062
2016-09-01,38.53099822998047,126.16999816894531,38.43899917602539,129.89999389648438,13.38466739654541,26.6825008392334,24.280000686645508,97.37999725341797,86.83999633789062,119.08000183105469
2016-09-02,38.62200164794922,126.51000213623047,38.573001861572266,131.16000366210938,13.185333251953125,26.9325008392334,24.166667938232422,97.37999725341797,87.41999816894531,119.31999969482422
2016-09-06,39.44350051879883,129.72999572753906,39.00400161743164,132.99000549316406,13.522000312805176,26.924999237060547,24.333332061767578,100.08999633789062,88.56999969482422,119.75
2016-09-07,39.2239990234375,131.0500030517578,39.01750183105469,132.63999938964844,13.447333335876465,27.09000015258789,24.020000457763672,99.1500015258789,88.23999786376953,119.61000061035156
2016-09-08,39.202999114990234,130.27000427246094,38.76599884033203,132.89999389648438,13.157333374023438,26.3799991607666,23.94333267211914,99.66000366210938,89.05000305175781,119.47000122070312
2016-09-09,38.00699996948242,127.0999984741211,37.983001708984375,128.52999877929688,12.964667320251465,25.782499313354492,23.433332443237305,96.5,86.83999633789062,118.2300033569336
2016-09-12,38.574501037597656,128.69000244140625,38.45100021362305,130.1199951171875,13.220000267028809,26.360000610351562,23.979999542236328,99.05000305175781,87.29000091552734,119.16000366210938
2016-09-13,38.050498962402344,127.20999908447266,37.984500885009766,128.75999450683594,13.069999694824219,26.987499237060547,23.81999969482422,96.08999633789062,85.20999908447266,117.61000061035156
2016-09-14,38.054500579833984,127.7699966430664,38.1245002746582,127.66999816894531,13.093999862670898,27.9424991607666,23.84000015258789,97.01000213623047,84.5999984741211,117.86000061035156
2016-09-15,38.484500885009766,128.35000610351562,38.5880012512207,127.7699966430664,13.361332893371582,28.892499923706055,24.133333206176758,97.33999633789062,85.08000183105469,118.62999725341797
2016-09-16,38.92599868774414,129.07000732421875,38.444000244140625,126.69999694824219,13.69333267211914,28.729999542236328,24.290000915527344,99.4800033569336,84.02999877929688,118.25
2016-09-19,38.755001068115234,128.64999389648438,38.28499984741211,127.4800033569336,13.755999565124512,28.395000457763672,24.030000686645508,98.05999755859375,83.83000183105469,117.66000366210938
2016-09-20,39.01100158691406,128.63999938964844,38.570499420166016,127.79000091552734,13.642666816711426,28.392499923706055,23.989999771118164,98.25,82.54000091552734,117.94999694824219
2016-09-21,39.48699951171875,129.94000244140625,38.81100082397461,130.55999755859375,13.6813325881958,28.387500762939453,24.06333351135254,94.87999725341797,83.30000305175781,118.91000366210938
2016-09-22,40.23500061035156,130.0800018310547,39.36050033569336,131.8699951171875,13.76200008392334,28.655000686645508,24.09000015258789,95.83000183105469,83.54000091552734,119.45999908447266
2016-09-23,40.287498474121094,127.95999908447266,39.345001220703125,131.77999877929688,13.829999923706055,28.177499771118164,24.116666793823242,95.94000244140625,83.44999694824219,118.80999755859375
2016-09-26,39.95800018310547,127.30999755859375,38.71049880981445,130.57000732421875,13.932666778564453,28.219999313354492,23.873332977294922,94.55999755859375,83.05999755859375,117.77999877929688
2016-09-27,40.80550003051758,128.69000244140625,39.1505012512207,131.32000732421875,13.720666885375977,28.272499084472656,24.110000610351562,97.06999969482422,83.23999786376953,119.22000122070312
2016-09-28,41.43600082397461,129.22999572753906,39.077999114990234,132.22999572753906,13.751333236694336,28.487499237060547,23.93000030517578,97.4800033569336,86.9000015258789,119.38999938964844
2016-09-29,41.45249938964844,128.08999633789062,38.7504997253418,131.02999877929688,13.380000114440918,28.045000076293945,23.57666778564453,96.66999816894531,86.45999908447266,117.2699966430664
2016-09-30,41.865501403808594,128.27000427246094,38.864498138427734,131.74000549316406,13.60200023651123,28.262500762939453,24.040000915527344,98.55000305175781,87.27999877929688,118.12999725341797
2016-10-03,41.83700180053711,128.77000427246094,38.62799835205078,132.3800048828125,14.24666690826416,28.1299991607666,24.003332138061523,102.62999725341797,87.05000305175781,118.80999755859375
2016-10-04,41.701499938964844,128.19000244140625,38.82149887084961,132.25,14.093999862670898,28.25,23.916667938232422,102.33999633789062,86.25,118.81999969482422
2016-10-05,42.21799850463867,128.47000122070312,38.82350158691406,134.66000366210938,13.897333145141602,28.262500762939453,23.889999389648438,106.27999877929688,87.0,119.18000030517578
2016-10-06,42.08300018310547,128.74000549316406,38.84299850463867,134.4199981689453,13.399999618530273,28.47249984741211,23.1200008392334,105.06999969482422,87.04000091552734,118.75
2016-10-07,41.971500396728516,128.99000549316406,38.75400161743164,133.85000610351562,13.107333183288574,28.514999389648438,22.899999618530273,104.81999969482422,86.73999786376953,119.23999786376953
2016-10-10,42.08549880981445,130.24000549316406,39.297000885009766,135.83999633789062,13.396666526794434,29.012500762939453,22.65999984741211,103.33000183105469,88.44000244140625,119.80000305175781
2016-10-11,41.54999923706055,128.8800048828125,39.153499603271484,133.74000549316406,13.34000015258789,29.075000762939453,22.463333129882812,100.58999633789062,87.73999786376953,117.63999938964844
2016-10-12,41.704498291015625,129.0500030517578,39.30699920654297,133.16000366210938,13.434000015258789,29.334999084472656,22.48666763305664,99.5,87.12999725341797,117.97000122070312
2016-10-13,41.4640007019043,127.81999969482422,38.90950012207031,133.3800048828125,13.349332809448242,29.2450008392334,22.74333381652832,100.2300033569336,86.55999755859375,118.26000213623047
2016-10-14,41.14799880981445,127.87999725341797,38.92649841308594,133.5,13.100666999816895,29.407499313354492,22.816667556762695,101.47000122070312,86.54000091552734,117.55999755859375
2016-10-17,40.647499084472656,127.54000091552734,38.99800109863281,134.0,12.93066692352295,29.387500762939453,22.739999771118164,99.80000305175781,86.54000091552734,118.48999786376953
2016-10-18,40.88249969482422,128.57000732421875,39.76300048828125,135.10000610351562,13.273332595825195,29.36750030517578,22.956666946411133,118.79000091552734,86.7699966430664,115.41000366210938
2016-10-19,40.884498596191406,130.11000061035156,40.07500076293945,136.17999267578125,13.570667266845703,29.280000686645508,22.963333129882812,121.87000274658203,87.16999816894531,114.58999633789062
2016-10-20,40.51599884033203,130.0,39.8484992980957,135.83999633789062,13.273332595825195,29.264999389648438,22.90999984741211,123.3499984741211,87.20999908447266,114.87000274658203
2016-10-21,40.949501037597656,132.07000732421875,39.96849822998047,135.6300048828125,13.339332580566406,29.149999618530273,22.780000686645508,127.5,86.62000274658203,113.44000244140625
2016-10-24,41.90449905395508,133.27999877929688,40.65549850463867,137.4499969482422,13.517333030700684,29.412500381469727,23.06333351135254,127.33000183105469,86.91000366210938,113.61000061035156
2016-10-25,41.75899887084961,132.2899932861328,40.38349914550781,139.02000427246094,13.489333152770996,29.5625,23.1200008392334,126.51000213623047,86.72000122070312,113.95999908447266
2016-10-26,41.12950134277344,131.0399932861328,39.95349884033203,145.5399932861328,13.482666969299316,28.897499084472656,23.196666717529297,126.97000122070312,87.08999633789062,114.55999755859375
2016-10-27,40.917999267578125,129.69000244140625,39.76750183105469,143.30999755859375,13.600666999816895,28.6200008392334,23.27666664123535,126.47000122070312,86.91999816894531,115.69999694824219
2016-10-28,38.816001892089844,131.2899932861328,39.76850128173828,143.00999450683594,13.33133316040039,28.43000030517578,23.329999923706055,126.56999969482422,84.77999877929688,115.33000183105469
2016-10-31,39.49100112915039,130.99000549316406,39.22700119018555,142.42999267578125,13.182000160217285,28.385000228881836,23.34000015258789,124.87000274658203,83.31999969482422,115.98999786376953
2016-11-01,39.27050018310547,129.5,39.18050003051758,142.41000366210938,12.719332695007324,27.872499465942383,23.100000381469727,123.30000305175781,83.6500015258789,115.33999633789062
2016-11-02,38.27799987792969,127.16999816894531,38.435001373291016,140.75,12.534667015075684,27.897499084472656,23.149999618530273,122.33999633789062,83.44999694824219,114.86000061035156
2016-11-03,38.35150146484375,120.0,38.10649871826172,140.02000427246094,12.494667053222656,27.457500457763672,23.209999084472656,122.13999938964844,83.66000366210938,115.02999877929688
2016-11-04,37.752498626708984,120.75,38.10100173950195,139.5399932861328,12.704000473022461,27.209999084472656,23.053333282470703,122.02999877929688,83.56999969482422,115.11000061035156
2016-11-07,39.246498107910156,122.1500015258789,39.125999450683594,143.02999877929688,12.880666732788086,27.602500915527344,23.260000228881836,124.58000183105469,85.44999694824219,116.66000366210938
2016-11-08,39.38750076293945,124.22000122070312,39.5255012512207,142.1999969482422,12.996000289916992,27.764999389648438,23.26333236694336,124.33999633789062,85.30999755859375,117.05000305175781
2016-11-09,38.59400177001953,123.18000030517578,39.265499114990234,145.08999633789062,12.670666694641113,27.719999313354492,23.700000762939453,122.19000244140625,86.25,120.30999755859375
2016-11-10,37.11899948120117,120.80000305175781,38.12799835205078,147.69000244140625,12.356666564941406,26.947500228881836,23.796667098999023,115.41999816894531,87.05000305175781,119.54000091552734
2016-11-11,36.95050048828125,119.0199966430664,37.70100021362305,148.52000427246094,12.570667266845703,27.107500076293945,23.74333381652832,114.77999877929688,85.66999816894531,118.47000122070312
2016-11-14,35.95349884033203,115.08000183105469,36.80400085449219,149.99000549316406,12.096667289733887,26.427499771118164,23.496667861938477,113.37999725341797,85.27999877929688,116.5999984741211
2016-11-15,37.1619987487793,117.19999694824219,37.92449951171875,148.11000061035156,12.251333236694336,26.77750015258789,23.80666732788086,113.58999633789062,86.81999969482422,116.31999969482422
2016-11-16,37.324501037597656,116.33999633789062,38.2239990234375,146.44000244140625,12.26200008392334,27.497499465942383,23.796667098999023,115.19000244140625,85.75,116.36000061035156
2016-11-17,37.81999969482422,117.79000091552734,38.561500549316406,145.3300018310547,12.577333450317383,27.487499237060547,23.06333351135254,115.02999877929688,85.2300033569336,116.56999969482422
2016-11-18,38.007999420166016,117.0199966430664,38.027000427246094,146.35000610351562,12.334667205810547,27.514999389648438,22.84666633605957,115.20999908447266,85.27999877929688,115.36000061035156
2016-11-21,39.0,121.7699966430664,38.459999084472656,147.02000427246094,12.3013334274292,27.9325008392334,23.123332977294922,117.95999908447266,86.48999786376953,115.0
2016-11-22,39.26649856567383,121.47000122070312,38.41350173950195,149.52000427246094,12.744667053222656,27.950000762939453,23.373332977294922,118.04000091552734,86.68000030517578,112.73999786376953
2016-11-23,39.00600051879883,120.83999633789062,38.04949951171875,149.74000549316406,12.87600040435791,27.8075008392334,23.610000610351562,117.69000244140625,86.91999816894531,113.06999969482422
2016-11-25,39.01850128173828,120.37999725341797,38.08399963378906,150.0399932861328,13.109999656677246,27.947500228881836,23.74333381652832,117.41000366210938,87.12000274658203,114.12999725341797
2016-11-28,38.3385009765625,120.41000366210938,38.4119987487793,149.77000427246094,13.074666976928711,27.892499923706055,23.729999542236328,116.93000030517578,86.47000122070312,113.12999725341797
2016-11-29,38.125999450683594,120.87000274658203,38.54199981689453,151.63999938964844,12.637999534606934,27.864999771118164,23.790000915527344,117.51000213623047,85.9000015258789,112.4800033569336
2016-11-30,37.528499603271484,118.41999816894531,37.902000427246094,150.55999755859375,12.626667022705078,27.6299991607666,23.476667404174805,117.0,87.30000305175781,111.30000305175781
2016-12-01,37.182498931884766,115.0999984741211,37.395999908447266,152.38999938964844,12.125332832336426,27.372499465942383,23.55666732788086,117.22000122070312,87.23999786376953,111.37999725341797
2016-12-02,37.016998291015625,115.4000015258789,37.525001525878906,152.25,12.097999572753906,27.475000381469727,23.626667022705078,120.80999755859375,87.04000091552734,111.95999908447266
2016-12-05,37.96799850463867,117.43000030517578,38.125999450683594,152.16000366210938,12.453332901000977,27.27750015258789,23.31333351135254,119.16000366210938,87.4800033569336,111.94000244140625
2016-12-06,38.236000061035156,117.30999755859375,37.955501556396484,152.24000549316406,12.390000343322754,27.487499237060547,23.453332901000977,124.56999969482422,87.55999755859375,112.05999755859375
2016-12-07,38.520999908447266,117.94999694824219,38.55950164794922,154.13999938964844,12.876667022705078,27.75749969482422,23.53333282470703,125.38999938964844,88.06999969482422,111.0999984741211
2016-12-08,38.36650085449219,118.91000366210938,38.82099914550781,155.38999938964844,12.81933307647705,28.030000686645508,23.446666717529297,123.23999786376953,88.31999969482422,110.98999786376953
2016-12-09,38.43299865722656,119.68000030517578,39.464500427246094,156.49000549316406,12.812000274658203,28.487499237060547,23.360000610351562,122.87999725341797,89.0,112.26000213623047
2016-12-12,38.00600051879883,117.7699966430664,39.4635009765625,157.16000366210938,12.828666687011719,28.325000762939453,23.889999389648438,122.83000183105469,90.9800033569336,115.36000061035156
2016-12-13,38.71699905395508,120.30999755859375,39.80500030517578,156.66000366210938,13.210000038146973,28.797500610351562,23.933332443237305,123.77999877929688,92.58000183105469,115.88999938964844
2016-12-14,38.441001892089844,120.20999908447266,39.85350036621094,154.47000122070312,13.246000289916992,28.797500610351562,23.780000686645508,123.44000244140625,90.58000183105469,114.98999786376953
2016-12-15,38.04999923706055,120.56999969482422,39.89250183105469,153.77000427246094,13.17199993133545,28.954999923706055,23.69333267211914,125.0,90.88999938964844,115.88999938964844
2016-12-16,37.88850021362305,119.87000274658203,39.540000915527344,154.5,13.499333381652832,28.99250030517578,23.65999984741211,124.22000122070312,91.18000030517578,115.87999725341797
2016-12-19,38.29999923706055,119.23999786376953,39.709999084472656,156.17999267578125,13.51533317565918,29.15999984741211,23.860000610351562,125.44999694824219,90.41999816894531,116.0199966430664
2016-12-20,38.56100082397461,119.08999633789062,39.82099914550781,156.38999938964844,13.919333457946777,29.237499237060547,23.940000534057617,125.12000274658203,90.43000030517578,115.66000366210938
2016-12-21,38.529998779296875,119.04000091552734,39.72800064086914,157.47999572753906,13.846667289733887,29.264999389648438,23.746667861938477,126.5,90.27999877929688,115.30999755859375
2016-12-22,38.31700134277344,117.4000015258789,39.5629997253418,157.4600067138672,13.896666526794434,29.072500228881836,23.196666717529297,125.58000183105469,90.87000274658203,115.44000244140625
2016-12-23,38.02949905395508,117.2699966430664,39.49549865722656,157.80999755859375,14.22266674041748,29.1299991607666,23.18000030517578,125.58999633789062,90.70999908447266,115.95999908447266
2016-12-27,38.56999969482422,118.01000213623047,39.57749938964844,157.47999572753906,14.635333061218262,29.315000534057617,23.233333587646484,128.35000610351562,90.75,115.91000366210938
2016-12-28,38.60649871826172,116.91999816894531,39.252498626708984,156.10000610351562,14.649333000183105,29.190000534057617,23.10333251953125,125.88999938964844,90.30000305175781,115.0999984741211
2016-12-29,38.25749969482422,116.3499984741211,39.13949966430664,155.69000244140625,14.312000274658203,29.1825008392334,23.086666107177734,125.33000183105469,90.3499984741211,115.48999786376953
2016-12-30,37.493499755859375,115.05000305175781,38.590999603271484,155.67999267578125,14.246000289916992,28.954999923706055,23.040000915527344,123.80000305175781,90.26000213623047,115.20999908447266
2017-01-03,37.68349838256836,116.86000061035156,39.30699920654297,156.97000122070312,14.465999603271484,29.037500381469727,22.886667251586914,127.48999786376953,90.88999938964844,115.83999633789062
2017-01-04,37.85900115966797,118.69000244140625,39.345001220703125,158.6199951171875,15.13266658782959,29.0049991607666,23.020000457763672,129.41000366210938,89.88999938964844,115.6500015258789
2017-01-05,39.022499084472656,120.66999816894531,39.70100021362305,158.7100067138672,15.116666793823242,29.15250015258789,23.06999969482422,131.80999755859375,88.55000305175781,116.86000061035156
2017-01-06,39.79949951171875,123.41000366210938,40.307498931884766,159.10000610351562,15.267333030700684,29.477500915527344,22.753332138061523,131.07000732421875,88.5,116.30000305175781
2017-01-09,39.84600067138672,124.9000015258789,40.33250045776367,158.32000732421875,15.41866683959961,29.747499465942383,22.90333366394043,130.9499969482422,87.04000091552734,116.27999877929688
2017-01-10,39.79499816894531,124.3499984741211,40.239498138427734,159.07000732421875,15.324666976928711,29.77750015258789,22.74333381652832,129.88999938964844,85.93000030517578,116.16000366210938
2017-01-11,39.95100021362305,126.08999633789062,40.39550018310547,159.39999389648438,15.315333366394043,29.9375,22.843332290649414,130.5,86.80999755859375,114.7300033569336
2017-01-12,40.68199920654297,126.62000274658203,40.31800079345703,158.2899932861328,15.305999755859375,29.8125,22.656667709350586,129.17999267578125,86.33999633789062,114.62000274658203
2017-01-13,40.856998443603516,128.33999633789062,40.39400100708008,158.8300018310547,15.850000381469727,29.760000228881836,22.376667022705078,133.6999969482422,86.3499984741211,114.5999984741211
2017-01-17,40.486000061035156,127.87000274658203,40.230499267578125,157.6699981689453,15.70533275604248,30.0,22.80666732788086,132.88999938964844,87.36000061035156,114.87000274658203
2017-01-18,40.374000549316406,127.91999816894531,40.30350112915039,158.32000732421875,15.890666961669922,29.997499465942383,22.703332901000977,133.25999450683594,86.27999877929688,114.69999694824219
2017-01-19,40.45199966430664,127.55000305175781,40.10874938964844,159.0,16.250667572021484,29.94499969482422,22.540000915527344,138.41000366210938,84.7300033569336,114.19999694824219
2017-01-20,40.416500091552734,127.04000091552734,40.250999450683594,159.52999877929688,16.315332412719727,30.0,22.393333435058594,138.60000610351562,85.88999938964844,114.1500015258789
2017-01-23,40.89400100708008,128.92999267578125,40.96549987792969,157.83999633789062,16.594667434692383,30.020000457763672,22.21666717529297,137.38999938964844,84.97000122070312,113.91000366210938
2017-01-24,41.12200164794922,129.3699951171875,41.19350051879883,160.5500030517578,16.974000930786133,29.99250030517578,22.46666717529297,140.11000061035156,85.08999633789062,111.76000213623047
2017-01-25,41.82600021362305,131.47999572753906,41.78350067138672,167.36000061035156,16.96466636657715,30.469999313354492,22.296667098999023,139.52000427246094,85.33999633789062,112.80000305175781
2017-01-26,41.95750045776367,132.77999877929688,41.60749816894531,169.1199951171875,16.833999633789062,30.485000610351562,22.24333381652832,138.9600067138672,85.5999984741211,111.83999633789062
2017-01-27,41.78850173950195,132.17999267578125,41.16550064086914,167.6999969482422,16.863332748413086,30.487499237060547,21.886667251586914,142.4499969482422,85.51000213623047,113.37999725341797
2017-01-30,41.51900100708008,130.97999572753906,40.11600112915039,165.57000732421875,16.708667755126953,30.407499313354492,22.139999389648438,141.22000122070312,84.86000061035156,113.12999725341797
2017-01-31,41.17399978637695,130.32000732421875,39.839500427246094,163.4199981689453,16.795333862304688,30.337499618530273,22.246667861938477,140.7100067138672,83.88999938964844,113.25
2017-02-01,41.61750030517578,133.22999572753906,39.784751892089844,163.97000122070312,16.615999221801758,32.1875,22.07666778564453,140.77999877929688,82.94000244140625,113.2300033569336
2017-02-02,41.997501373291016,130.83999633789062,39.92649841308594,162.25999450683594,16.770000457763672,32.13249969482422,22.233333587646484,139.1999969482422,83.44999694824219,113.56999969482422
2017-02-03,40.5099983215332,130.97999572753906,40.074501037597656,162.39999389648438,16.755332946777344,32.27000045776367,22.166667938232422,140.25,83.54000091552734,113.63999938964844
2017-02-06,40.38199996948242,132.05999755859375,40.06700134277344,163.97999572753906,17.184667587280273,32.5724983215332,22.133333206176758,140.97000122070312,83.30999755859375,113.4000015258789
2017-02-07,40.625,131.83999633789062,40.3484992980957,166.5,17.165332794189453,32.88249969482422,22.296667098999023,144.0,82.7699966430664,113.4800033569336
2017-02-08,40.98550033569336,134.1999969482422,40.41899871826172,163.80999755859375,17.472000122070312,33.0099983215332,22.60333251953125,144.74000549316406,81.4800033569336,113.4000015258789
2017-02-09,41.06800079345703,134.13999938964844,40.47800064086914,164.27999877929688,17.946666717529297,33.10499954223633,23.02666664123535,144.13999938964844,81.83999633789062,114.08000183105469
2017-02-10,41.37300109863281,134.19000244140625,40.68349838256836,166.22999572753906,17.948667526245117,33.029998779296875,22.67333221435547,144.82000732421875,82.5199966430664,115.23999786376953
2017-02-13,41.826499938964844,134.0500030517578,40.96200180053711,168.02999877929688,18.706666946411133,33.3224983215332,22.59000015258789,143.1999969482422,83.0,115.87999725341797
2017-02-14,41.81949996948242,133.85000610351562,41.022499084472656,168.5,18.73200035095215,33.755001068115234,22.886667251586914,140.82000732421875,82.81999969482422,116.36000061035156
2017-02-15,42.1349983215332,133.44000244140625,40.94900131225586,169.3000030517578,18.650667190551758,33.877498626708984,22.89666748046875,142.27000427246094,83.16000366210938,117.19999694824219
2017-02-16,42.207000732421875,133.83999633789062,41.20800018310547,170.80999755859375,17.93000030517578,33.837501525878906,22.956666946411133,142.00999450683594,82.30000305175781,118.08000183105469
2017-02-17,42.253501892089844,133.52999877929688,41.403499603271484,172.7100067138672,18.148666381835938,33.93000030517578,23.123332977294922,142.22000122070312,81.76000213623047,118.86000061035156
2017-02-21,42.821998596191406,133.72000122070312,41.58300018310547,175.55999755859375,18.492666244506836,34.17499923706055,23.816667556762695,142.60000610351562,81.88999938964844,119.66000366210938
2017-02-22,42.78049850463867,136.1199951171875,41.53799819946289,175.36000061035156,18.233999252319336,34.27750015258789,23.90333366394043,143.86000061035156,80.93000030517578,119.5199966430664
2017-02-23,42.609500885009766,135.36000061035156,41.56650161743164,176.86000061035156,17.06599998474121,34.13249969482422,23.770000457763672,142.77999877929688,81.77999877929688,121.69999694824219
2017-02-24,42.262001037597656,135.44000244140625,41.43199920654297,177.44000244140625,17.133333206176758,34.165000915527344,24.1299991607666,143.25,81.08000183105469,122.7300033569336
2017-02-27,42.43199920654297,136.41000366210938,41.4640007019043,179.42999267578125,16.415332794189453,34.23249816894531,23.913333892822266,143.41000366210938,81.54000091552734,122.4000015258789
2017-02-28,42.25199890136719,135.5399932861328,41.160499572753906,180.22999572753906,16.666000366210938,34.247501373291016,23.643333435058594,142.1300048828125,81.31999969482422,122.20999908447266
2017-03-01,42.65399932861328,137.4199981689453,41.762001037597656,183.91000366210938,16.667999267578125,34.9474983215332,23.483333587646484,142.64999389648438,83.0199966430664,123.86000061035156
2017-03-02,42.445499420166016,136.75999450683594,41.53150177001953,182.99000549316406,16.698667526245117,34.7400016784668,23.586666107177734,139.52999877929688,83.30000305175781,123.62999725341797
2017-03-03,42.49399948120117,137.1699981689453,41.45399856567383,182.17999267578125,16.771333694458008,34.94499969482422,23.343332290649414,139.13999938964844,82.45999908447266,123.79000091552734
2017-03-06,42.330501556396484,137.4199981689453,41.388999938964844,180.92999267578125,16.747333526611328,34.834999084472656,23.293333053588867,141.94000244140625,82.83000183105469,123.70999908447266
2017-03-07,42.30099868774414,137.3000030517578,41.59550094604492,182.02000427246094,16.57266616821289,34.880001068115234,23.290000915527344,141.42999267578125,82.5199966430664,123.83000183105469
2017-03-08,42.525001525878906,137.72000122070312,41.76850128173828,181.74000549316406,16.45800018310547,34.75,23.266666412353516,140.32000732421875,81.02999877929688,124.0999984741211
2017-03-09,42.650001525878906,138.24000549316406,41.933998107910156,180.57000732421875,16.32666778564453,34.66999816894531,23.286666870117188,140.52999877929688,81.66999816894531,125.94999694824219
2017-03-10,42.62300109863281,138.7899932861328,42.162498474121094,178.6999969482422,16.246000289916992,34.78499984741211,23.366666793823242,140.88999938964844,81.61000061035156,126.20999908447266
2017-03-13,42.72949981689453,139.60000610351562,42.277000427246094,179.0500030517578,16.411333084106445,34.79999923706055,23.316667556762695,143.52000427246094,81.41999816894531,126.68000030517578
2017-03-14,42.62649917602539,139.32000732421875,42.28099822998047,178.72999572753906,17.200000762939453,34.747501373291016,23.573333740234375,143.19000244140625,80.98999786376953,127.05000305175781
2017-03-15,42.64849853515625,139.72000122070312,42.36000061035156,178.7100067138672,17.048667907714844,35.1150016784668,23.52666664123535,145.25,82.0,128.9600067138672
2017-03-16,42.67100143432617,139.99000549316406,42.43899917602539,178.19000244140625,17.469999313354492,35.17250061035156,23.479999542236328,144.38999938964844,82.06999969482422,128.4600067138672
2017-03-17,42.615501403808594,139.83999633789062,42.60599899291992,180.10000610351562,17.433332443237305,34.997501373291016,23.296667098999023,145.11000061035156,82.0,128.05999755859375
2017-03-20,42.8484992980957,139.94000244140625,42.41999816894531,179.38999938964844,17.461332321166992,35.3650016784668,23.32666778564453,145.8300018310547,82.0,128.07000732421875
2017-03-21,42.15999984741211,138.50999450683594,41.52299880981445,175.9600067138672,16.711999893188477,34.959999084472656,23.299999237060547,142.4199981689453,81.83000183105469,127.25
2017-03-22,42.40299987792969,139.58999633789062,41.47949981689453,176.97999572753906,17.000667572021484,35.35499954223633,23.416667938232422,142.64999389648438,81.76000213623047,126.26000213623047
2017-03-23,42.36899948120117,139.52999877929688,40.87900161743164,177.25999450683594,16.985332489013672,35.22999954223633,23.286666870117188,141.83999633789062,81.86000061035156,125.9000015258789
2017-03-24,42.28049850463867,140.33999633789062,40.721500396728516,175.82000732421875,17.54400062561035,35.15999984741211,23.203332901000977,142.02000427246094,81.2300033569336,125.4800033569336
2017-03-27,42.340999603271484,140.32000732421875,40.97549819946289,176.10000610351562,18.014667510986328,35.220001220703125,23.219999313354492,144.05999755859375,81.25,125.80000305175781
2017-03-28,42.79999923706055,141.75999450683594,41.04600143432617,177.36000061035156,18.496667861938477,35.95000076293945,23.440000534057617,145.1699981689453,81.83999633789062,125.66000366210938
2017-03-29,43.715999603271484,142.64999389648438,41.570499420166016,177.6300048828125,18.492000579833984,36.029998779296875,23.579999923706055,146.47000122070312,82.0199966430664,124.91999816894531
2017-03-30,43.81700134277344,142.41000366210938,41.57500076293945,177.97999572753906,18.527999877929688,35.98249816894531,23.863332748413086,148.05999755859375,83.69999694824219,124.66000366210938
2017-03-31,44.32699966430664,142.0500030517578,41.47800064086914,176.86000061035156,18.553333282470703,35.915000915527344,24.02666664123535,147.80999755859375,82.01000213623047,124.55000305175781
2017-04-03,44.57550048828125,142.27999877929688,41.9275016784668,176.64999389648438,19.90133285522461,35.92499923706055,23.94333267211914,146.9199981689453,82.06999969482422,124.69000244140625
2017-04-04,45.34149932861328,141.72999572753906,41.72850036621094,178.6999969482422,20.246667861938477,36.192501068115234,24.003332138061523,145.5,82.37000274658203,124.68000030517578
2017-04-05,45.4640007019043,141.85000610351562,41.570499420166016,177.0800018310547,19.666667938232422,36.005001068115234,23.883333206176758,143.6199951171875,82.52999877929688,124.80000305175781
2017-04-06,44.91400146484375,141.1699981689453,41.39400100708008,177.3699951171875,19.913333892822266,35.915000915527344,23.809999465942383,143.74000549316406,83.01000213623047,125.05000305175781
2017-04-07,44.74399948120117,140.77999877929688,41.23350143432617,178.85000610351562,20.16933250427246,35.834999084472656,24.299999237060547,143.11000061035156,82.76000213623047,124.91999816894531
2017-04-10,45.35200119018555,141.0399932861328,41.23649978637695,177.55999755859375,20.826000213623047,35.79249954223633,24.35333251953125,143.85000610351562,83.12999725341797,124.33999633789062
2017-04-11,45.11800003051758,139.9199981689453,41.16749954223633,178.57000732421875,20.58066749572754,35.407501220703125,24.476667404174805,144.35000610351562,82.83999633789062,124.22000122070312
2017-04-12,44.811500549316406,139.5800018310547,41.215999603271484,176.0500030517578,19.78933334350586,35.45000076293945,24.479999542236328,143.8300018310547,82.97000122070312,125.4000015258789
2017-04-13,44.23350143432617,139.38999938964844,41.178001403808594,175.6199951171875,20.266666412353516,35.26250076293945,24.383333206176758,142.9199981689453,81.69000244140625,124.98999786376953
2017-04-17,45.0994987487793,141.4199981689453,41.85850143432617,179.02000427246094,20.09600067138672,35.45750045776367,24.496667861938477,147.25,81.58000183105469,125.72000122070312
2017-04-18,45.18899917602539,140.9600067138672,41.840999603271484,177.85000610351562,20.016666412353516,35.29999923706055,24.6299991607666,143.36000061035156,81.05000305175781,121.81999969482422
2017-04-19,44.959999084472656,142.27000427246094,41.910499572753906,178.39999389648438,20.368000030517578,35.16999816894531,24.690000534057617,139.75999450683594,80.48999786376953,121.37000274658203
2017-04-20,45.10300064086914,143.8000030517578,42.08250045776367,179.3000030517578,20.167333602905273,35.61000061035156,24.933332443237305,141.17999267578125,81.01000213623047,121.87000274658203
2017-04-21,44.92649841308594,143.67999267578125,42.15950012207031,180.3800048828125,20.373332977294922,35.567501068115234,24.979999542236328,142.8699951171875,80.69000244140625,121.76000213623047
2017-04-24,45.37049865722656,145.47000122070312,43.13800048828125,182.05999755859375,20.53533363342285,35.90999984741211,24.926666259765625,143.8300018310547,81.11000061035156,122.88999938964844
2017-04-25,45.38100051879883,146.49000549316406,43.6150016784668,183.50999450683594,20.91933250427246,36.13249969482422,25.016666412353516,152.16000366210938,81.7300033569336,123.43000030517578
2017-04-26,45.464500427246094,146.55999755859375,43.58649826049805,181.7100067138672,20.67799949645996,35.91999816894531,25.143333435058594,150.1699981689453,81.4000015258789,123.51000213623047
2017-04-27,45.91899871826172,147.6999969482422,43.712501525878906,183.22000122070312,20.575332641601562,35.9474983215332,25.14666748046875,153.0800018310547,81.26000213623047,123.73999786376953
2017-04-28,46.2495002746582,150.25,45.29800033569336,184.8300018310547,20.937999725341797,35.912498474121094,25.059999465942383,152.1999969482422,81.6500015258789,123.47000122070312
2017-05-01,47.4114990234375,152.4600067138672,45.628501892089844,182.38999938964844,21.52199935913086,36.64500045776367,25.07666778564453,155.35000610351562,82.05999755859375,123.33999633789062
2017-05-02,47.34700012207031,152.77999877929688,45.821998596191406,183.44000244140625,21.25933265686035,36.877498626708984,25.17333221435547,156.4499969482422,82.05000305175781,123.69999694824219
2017-05-03,47.05149841308594,151.8000030517578,46.35200119018555,183.38999938964844,20.73466682434082,36.76499938964844,25.253332138061523,155.58999633789062,82.69999694824219,123.33000183105469
2017-05-04,46.87649917602539,150.85000610351562,46.58300018310547,183.07000732421875,19.69733238220215,36.63249969482422,25.446666717529297,157.25,81.63999938964844,123.94999694824219
2017-05-05,46.70750045776367,150.24000549316406,46.35649871826172,185.00999450683594,20.55666732788086,37.2400016784668,25.5,156.60000610351562,82.0199966430664,123.51000213623047
2017-05-08,47.45199966430664,151.05999755859375,46.71500015258789,186.02000427246094,20.479333877563477,38.252498626708984,25.373332977294922,156.3800048828125,82.88999938964844,123.25
2017-05-09,47.64099884033203,150.47999572753906,46.60850143432617,186.91000366210938,21.417333602905273,38.497501373291016,25.573333740234375,157.4600067138672,82.30999755859375,123.20999908447266
2017-05-10,47.4474983215332,150.2899932861328,46.43899917602539,183.17999267578125,21.681333541870117,38.314998626708984,25.566667556762695,160.27999877929688,81.91000366210938,122.80999755859375
2017-05-11,47.38100051879883,150.0399932861328,46.529998779296875,183.94000244140625,21.540000915527344,38.48749923706055,25.376667022705078,158.5399932861328,82.61000061035156,123.19999694824219
2017-05-12,48.067501068115234,150.3300018310547,46.611000061035156,183.25,21.65399932861328,39.025001525878906,25.23666763305664,160.80999755859375,82.55000305175781,123.63999938964844
2017-05-15,47.89849853515625,150.19000244140625,46.854000091552734,182.38999938964844,21.058666229248047,38.92499923706055,25.43000030517578,160.02000427246094,82.80000305175781,126.98999786376953
2017-05-16,48.30350112915039,149.77999877929688,47.150001525878906,182.6999969482422,21.134000778198242,38.86750030517578,25.036666870117188,159.41000366210938,82.55000305175781,127.7699966430664
2017-05-17,47.237998962402344,144.85000610351562,45.98099899291992,178.77999877929688,20.407333374023438,37.5625,25.040000915527344,153.1999969482422,81.98999786376953,126.66999816894531
2017-05-18,47.92449951171875,147.66000366210938,46.512001037597656,177.39999389648438,20.87066650390625,38.1349983215332,25.84666633605957,155.6999969482422,81.75,126.97000122070312
2017-05-19,47.992000579833984,148.05999755859375,46.70050048828125,180.75999450683594,20.722000122070312,38.26499938964844,26.25666618347168,157.02000427246094,81.93000030517578,127.0
2017-05-22,48.53350067138672,148.24000549316406,47.09299850463867,183.6699981689453,20.690000534057617,38.497501373291016,26.183332443237305,157.16000366210938,82.29000091552734,127.26000213623047
2017-05-23,48.57699966430664,148.07000732421875,47.441001892089844,183.49000549316406,20.257333755493164,38.45000076293945,26.163333892822266,157.9499969482422,82.58000183105469,127.5199966430664
2017-05-24,49.01750183105469,150.0399932861328,47.74800109863281,185.25,20.681333541870117,38.334999084472656,26.049999237060547,157.75,82.29000091552734,127.51000213623047
2017-05-25,49.66899871826172,151.9600067138672,48.47700119018555,187.07000732421875,21.121999740600586,38.467498779296875,26.10333251953125,163.0500030517578,81.75,127.52999877929688
2017-05-26,49.78900146484375,152.1300048828125,48.57350158691406,186.58999633789062,21.676000595092773,38.40250015258789,26.043333053588867,162.42999267578125,81.55000305175781,126.91999816894531
2017-05-30,49.834999084472656,152.3800048828125,48.79399871826172,186.8800048828125,22.34000015258789,38.41749954223633,26.049999237060547,163.22000122070312,81.0999984741211,127.11000061035156
2017-05-31,49.73099899291992,151.4600067138672,48.24300003051758,187.6300048828125,22.733999252319336,38.189998626708984,26.200000762939453,163.07000732421875,80.5,128.25
2017-06-01,49.79750061035156,151.52999877929688,48.34749984741211,187.32000732421875,22.691333770751953,38.29499816894531,26.60333251953125,162.99000549316406,80.69999694824219,128.77999877929688
2017-06-02,50.33649826049805,153.61000061035156,48.779998779296875,190.22999572753906,22.656667709350586,38.86249923706055,26.540000915527344,165.17999267578125,79.5,130.0800018310547
2017-06-05,50.56700134277344,153.6300048828125,49.183998107910156,188.9499969482422,23.154666900634766,38.48249816894531,26.753332138061523,165.05999755859375,80.12000274658203,130.36000061035156
2017-06-06,50.150001525878906,152.80999755859375,48.82849884033203,186.75,23.523332595825195,38.61249923706055,26.309999465942383,165.1699981689453,81.20999908447266,130.8300018310547
2017-06-07,50.503501892089844,153.1199951171875,49.047000885009766,188.10000610351562,23.976667404174805,38.842498779296875,26.383333206176758,165.61000061035156,80.91000366210938,130.75
2017-06-08,50.51350021362305,154.7100067138672,49.170501708984375,189.92999267578125,24.666667938232422,38.747501373291016,26.309999465942383,165.8800048828125,80.62000274658203,130.5500030517578
2017-06-09,48.91550064086914,149.60000610351562,47.49150085449219,190.02999877929688,23.821332931518555,37.244998931884766,26.47333335876465,158.02999877929688,82.12999725341797,131.52999877929688
2017-06-12,48.24549865722656,148.44000244140625,47.14500045776367,190.0,23.93400001525879,36.35499954223633,26.413333892822266,151.44000244140625,82.93000030517578,131.82000732421875
2017-06-13,49.03950119018555,150.67999267578125,47.66999816894531,191.08999633789062,25.06333351135254,36.647499084472656,26.50666618347168,152.72000122070312,82.95999908447266,132.02000427246094
2017-06-14,48.82350158691406,150.25,47.53799819946289,192.3800048828125,25.37733268737793,36.290000915527344,26.633333206176758,152.1999969482422,82.06999969482422,132.77000427246094
2017-06-15,48.208499908447266,149.8000030517578,47.115501403808594,195.4499969482422,25.022666931152344,36.0724983215332,26.303333282470703,151.75999450683594,82.26000213623047,133.0399932861328
2017-06-16,49.385501861572266,150.63999938964844,46.98899841308594,196.44000244140625,24.760000228881836,35.567501068115234,25.079999923706055,152.3800048828125,83.48999786376953,134.35000610351562
2017-06-19,49.75849914550781,152.8699951171875,47.868499755859375,199.0800018310547,24.65333366394043,36.584999084472656,25.166667938232422,153.39999389648438,82.76000213623047,134.07000732421875
2017-06-20,49.62950134277344,152.25,47.53150177001953,198.3300018310547,24.81599998474121,36.252498626708984,25.18000030517578,152.0500030517578,82.30999755859375,134.22000122070312
2017-06-21,50.11149978637695,153.91000366210938,47.97249984741211,199.1699981689453,25.093332290649414,36.467498779296875,25.413333892822266,155.02999877929688,81.44000244140625,134.91000366210938
2017-06-22,50.064998626708984,153.39999389648438,47.85449981689453,199.44000244140625,25.507333755493164,36.407501220703125,25.17333221435547,154.88999938964844,81.08000183105469,136.0500030517578
2017-06-23,50.1870002746582,155.07000732421875,48.27949905395508,202.22999572753906,25.56333351135254,36.56999969482422,24.946666717529297,158.02000427246094,81.61000061035156,136.42999267578125
2017-06-26,49.69900131225586,153.58999633789062,47.61349868774414,199.97999572753906,25.166000366210938,36.45500183105469,25.166667938232422,157.5,81.23999786376953,136.33999633789062
2017-06-27,48.8390007019043,150.5800018310547,46.36650085449219,198.88999938964844,24.158000946044922,35.932498931884766,25.336666107177734,151.02999877929688,81.11000061035156,135.00999450683594
2017-06-28,49.51649856567383,153.24000549316406,47.02450180053711,199.6199951171875,24.749332427978516,36.45750045776367,25.503332138061523,153.41000366210938,81.52999877929688,133.82000732421875
2017-06-29,48.79650115966797,151.0399932861328,45.88949966430664,197.4600067138672,24.049999237060547,35.91999816894531,25.309999465942383,150.08999633789062,80.69999694824219,132.63999938964844
2017-06-30,48.400001525878906,150.97999572753906,45.436500549316406,197.75,24.107332229614258,36.005001068115234,25.226667404174805,149.41000366210938,80.7300033569336,132.2899932861328
2017-07-03,47.68299865722656,148.42999267578125,44.935001373291016,198.58999633789062,23.507999420166016,35.875,25.1200008392334,146.1699981689453,82.0999984741211,132.89999389648438
2017-07-05,48.56999969482422,150.33999633789062,45.58549880981445,201.80999755859375,21.805999755859375,36.022499084472656,25.106666564941406,147.61000061035156,80.8499984741211,133.63999938964844
2017-07-06,48.25699996948242,148.82000732421875,45.33449935913086,201.47999572753906,20.588666915893555,35.682498931884766,25.156667709350586,146.25,80.12000274658203,132.52000427246094
2017-07-07,48.9379997253418,151.44000244140625,45.929500579833984,202.3699951171875,20.881332397460938,36.04499816894531,25.110000610351562,150.17999267578125,80.22000122070312,132.5399932861328
2017-07-10,49.82350158691406,153.5,46.439998626708984,203.9600067138672,21.06999969482422,36.26499938964844,24.40999984741211,152.6699981689453,80.16000366210938,131.5500030517578
2017-07-11,49.70650100708008,155.27000427246094,46.50450134277344,206.27000427246094,21.814666748046875,36.38249969482422,24.489999771118164,154.3300018310547,80.5999984741211,131.22999572753906
2017-07-12,50.32550048828125,158.89999389648438,47.19150161743164,206.44000244140625,21.968000411987305,36.435001373291016,24.64666748046875,158.75,80.95999908447266,132.22999572753906
2017-07-13,50.03150177001953,159.25999450683594,47.358001708984375,206.22999572753906,21.560667037963867,36.942501068115234,25.016666412353516,158.2100067138672,80.97000122070312,131.86000061035156
2017-07-14,50.09049987792969,159.97000122070312,47.79949951171875,208.50999450683594,21.851999282836914,37.2599983215332,25.446666717529297,161.1199951171875,81.27999877929688,132.60000610351562
2017-07-17,50.50199890136719,159.72999572753906,47.67100143432617,209.0,21.30466651916504,37.38999938964844,25.456666946411133,161.6999969482422,80.86000061035156,132.14999389648438
2017-07-18,51.22249984741211,162.86000061035156,48.27000045776367,208.24000549316406,21.882667541503906,37.52000045776367,25.399999618530273,183.60000610351562,80.5999984741211,134.4600067138672
2017-07-19,51.34349822998047,164.13999938964844,48.544498443603516,210.8800048828125,21.68400001525879,37.755001068115234,25.290000915527344,183.86000061035156,80.8499984741211,135.2100067138672
2017-07-20,51.435001373291016,164.52999877929688,48.407501220703125,210.27999877929688,21.994667053222656,37.584999084472656,25.34000015258789,183.60000610351562,80.86000061035156,136.57000732421875
2017-07-21,51.28350067138672,164.42999267578125,48.645999908447266,212.13999938964844,21.893333435058594,37.567501068115234,25.383333206176758,188.5399932861328,80.12000274658203,135.30999755859375
2017-07-24,51.9474983215332,166.0,49.016998291015625,212.17999267578125,22.834667205810547,38.022499084472656,25.6299991607666,187.91000366210938,79.87000274658203,133.00999450683594
2017-07-25,51.993499755859375,165.27999877929688,47.53499984741211,212.4600067138672,22.639999389648438,38.185001373291016,26.17333221435547,186.97000122070312,80.2699966430664,131.8800048828125
2017-07-26,52.63999938964844,165.61000061035156,47.38999938964844,233.4499969482422,22.92333221435547,38.3650016784668,26.299999237060547,189.0800018310547,80.37000274658203,130.9499969482422
2017-07-27,52.29999923706055,170.44000244140625,46.704498291015625,241.0,22.297332763671875,37.63999938964844,26.593332290649414,182.67999267578125,80.83000183105469,130.8300018310547
2017-07-28,51.00199890136719,172.4499969482422,47.076499938964844,241.27000427246094,22.33799934387207,37.375,26.60333251953125,184.0399932861328,79.5999984741211,131.85000610351562
2017-07-31,49.388999938964844,169.25,46.525001525878906,242.4600067138672,21.564666748046875,37.182498931884766,26.663333892822266,181.66000366210938,80.04000091552734,132.72000122070312
2017-08-01,49.80950164794922,169.86000061035156,46.541500091552734,239.44000244140625,21.30466651916504,37.51250076293945,26.833332061767578,182.02999877929688,80.16999816894531,132.50999450683594
2017-08-02,49.794498443603516,169.3000030517578,46.519500732421875,237.9499969482422,21.72599983215332,39.28499984741211,26.843332290649414,180.74000549316406,80.5999984741211,132.16000366210938
2017-08-03,49.34600067138672,168.58999633789062,46.182498931884766,238.25,23.139333724975586,38.89250183105469,26.956666946411133,179.22999572753906,80.48999786376953,133.35000610351562
2017-08-04,49.37900161743164,169.6199951171875,46.39799880981445,237.7100067138672,23.79400062561035,39.09749984741211,26.82666778564453,180.27000427246094,80.20999908447266,133.17999267578125
2017-08-07,49.61349868774414,171.97999572753906,46.46799850463867,240.22999572753906,23.67799949645996,39.70249938964844,27.093332290649414,181.3300018310547,80.16000366210938,132.86000061035156
2017-08-08,49.492000579833984,171.22999572753906,46.339500427246094,239.5,24.347999572753906,40.02000045776367,27.196666717529297,178.36000061035156,79.95999908447266,132.27000427246094
2017-08-09,49.10049819946289,171.17999267578125,46.14500045776367,234.30999755859375,24.235332489013672,40.26499938964844,27.203332901000977,175.77999877929688,80.20999908447266,133.22999572753906
2017-08-10,47.84600067138672,167.39999389648438,45.36199951171875,232.8800048828125,23.69333267211914,38.83000183105469,26.886667251586914,169.13999938964844,78.97000122070312,133.08999633789062
2017-08-11,48.39950180053711,168.0800018310547,45.71950149536133,234.8800048828125,23.857999801635742,39.369998931884766,26.799999237060547,171.39999389648438,78.20999908447266,133.10000610351562
2017-08-14,49.165000915527344,170.75,46.13349914550781,237.14999389648438,24.253332138061523,39.962501525878906,26.899999618530273,171.0,78.2300033569336,133.47999572753906
2017-08-15,49.137001037597656,171.0,46.111000061035156,239.1699981689453,24.155332565307617,40.400001525878906,26.92333221435547,168.5,78.04000091552734,133.3800048828125
2017-08-16,48.909000396728516,170.0,46.347999572753906,237.58999633789062,24.194000244140625,40.23749923706055,26.99333381652832,169.97999572753906,77.47000122070312,134.1699981689453
2017-08-17,48.028499603271484,166.91000366210938,45.54899978637695,235.58999633789062,23.461332321166992,39.46500015258789,26.566667556762695,166.08999633789062,76.26000213623047,133.0399932861328
2017-08-18,47.923500061035156,167.41000366210938,45.53350067138672,235.77000427246094,23.163999557495117,39.375,26.43666648864746,166.5399932861328,76.63999938964844,132.6300048828125
2017-08-21,47.66450119018555,167.77999877929688,45.33300018310547,235.67999267578125,22.52400016784668,39.3025016784668,26.56999969482422,166.75999450683594,76.37999725341797,133.4499969482422
2017-08-22,48.345001220703125,169.63999938964844,46.234500885009766,239.75,22.75666618347168,39.94499969482422,26.67333221435547,169.33999633789062,76.73999786376953,134.6999969482422
2017-08-23,47.900001525878906,168.7100067138672,46.349998474121094,238.08999633789062,23.51799964904785,39.994998931884766,26.65333366394043,169.05999755859375,76.61000061035156,132.8000030517578
2017-08-24,47.622501373291016,167.74000549316406,46.06399917602539,238.74000549316406,23.528667449951172,39.817501068115234,26.113332748413086,168.1300048828125,76.33000183105469,132.88999938964844
2017-08-25,47.26300048828125,166.32000732421875,45.794498443603516,235.88999938964844,23.203332901000977,39.96500015258789,26.209999084472656,165.9499969482422,76.72000122070312,131.67999267578125
2017-08-28,47.30099868774414,167.24000549316406,45.69049835205078,237.17999267578125,23.04400062561035,40.36750030517578,26.010000228881836,167.1199951171875,76.47000122070312,131.74000549316406
2017-08-29,47.702999114990234,168.0500030517578,46.06449890136719,240.49000549316406,23.157333374023438,40.727500915527344,26.25666618347168,168.80999755859375,76.44999694824219,132.2100067138672
2017-08-30,48.37950134277344,169.9199981689453,46.47850036621094,240.4600067138672,23.545333862304688,40.837501525878906,26.18000030517578,174.69000244140625,76.0999984741211,131.07000732421875
2017-08-31,49.029998779296875,171.97000122070312,46.96649932861328,239.66000366210938,23.726667404174805,41.0,26.023332595825195,174.7100067138672,76.33000183105469,132.3699951171875
2017-09-01,48.912498474121094,172.02000427246094,46.867000579833984,240.3300018310547,23.69333267211914,41.01250076293945,26.123332977294922,174.74000549316406,76.56999969482422,131.02999877929688
2017-09-05,48.26350021362305,170.72000122070312,46.42250061035156,237.0,23.305999755859375,40.52000045776367,26.600000381469727,174.52000427246094,77.18000030517578,129.89999389648438
2017-09-06,48.38999938964844,172.08999633789062,46.390499114990234,234.6199951171875,22.968666076660156,40.477500915527344,26.69333267211914,179.25,78.77999877929688,130.6699981689453
2017-09-07,48.9734992980957,173.2100067138672,46.79750061035156,236.30999755859375,23.374000549316406,40.314998626708984,26.706666946411133,179.0,79.02999877929688,132.19000244140625
2017-09-08,48.29499816894531,170.9499969482422,46.32500076293945,238.77999877929688,22.893333435058594,39.657501220703125,26.293333053588867,176.4199981689453,78.81999969482422,130.97999572753906
2017-09-11,48.89799880981445,173.50999450683594,46.45399856567383,240.58999633789062,24.246000289916992,40.375,26.360000610351562,181.74000549316406,79.25,133.2100067138672
2017-09-12,49.12900161743164,172.9600067138672,46.60350036621094,240.5800018310547,24.183332443237305,40.21500015258789,26.536666870117188,185.14999389648438,79.5,132.6300048828125
2017-09-13,49.97999954223633,173.0500030517578,46.75450134277344,241.92999267578125,24.415332794189453,39.912498474121094,26.6200008392334,183.63999938964844,79.7699966430664,132.4499969482422
2017-09-14,49.61050033569336,170.9600067138672,46.25550079345703,245.22999572753906,25.176000595092773,39.56999969482422,26.559999465942383,182.6300048828125,80.08999633789062,134.17999267578125
2017-09-15,49.339500427246094,171.63999938964844,46.01449966430664,249.0,25.320667266845703,39.970001220703125,26.793333053588867,182.35000610351562,80.06999969482422,134.4499969482422
2017-09-18,48.70949935913086,170.00999450683594,45.75,253.0800018310547,25.666667938232422,39.66749954223633,26.666667938232422,184.6199951171875,80.08999633789062,135.3800048828125
2017-09-19,48.49300003051758,172.52000427246094,46.09049987792969,252.4600067138672,25.00666618347168,39.682498931884766,26.683332443237305,185.67999267578125,80.22000122070312,135.22000122070312
2017-09-20,48.660499572753906,172.1699981689453,46.57899856567383,255.4600067138672,24.92733383178711,39.01750183105469,26.833332061767578,185.50999450683594,80.55000305175781,133.22000122070312
2017-09-21,48.23249816894531,171.11000061035156,46.622501373291016,256.0400085449219,24.43199920654297,38.34749984741211,26.670000076293945,188.77999877929688,79.88999938964844,131.75
2017-09-22,47.755001068115234,170.5399932861328,46.42649841308594,256.45001220703125,23.4060001373291,37.97249984741211,26.510000228881836,187.35000610351562,79.91999816894531,131.38999938964844
2017-09-25,46.989498138427734,162.8699951171875,46.048500061035156,254.32000732421875,22.999332427978516,37.63750076293945,26.383333206176758,178.5500030517578,80.9800033569336,131.1699981689453
2017-09-26,46.93000030517578,164.2100067138672,46.24300003051758,253.6999969482422,23.016666412353516,38.28499984741211,26.463333129882812,179.3800048828125,80.88999938964844,130.94000244140625
2017-09-27,47.54349899291992,167.67999267578125,47.2244987487793,255.27999877929688,22.731332778930664,38.557498931884766,26.43000030517578,181.97000122070312,81.43000030517578,129.75
2017-09-28,47.81999969482422,168.72999572753906,47.474998474121094,254.27000427246094,22.639999389648438,38.31999969482422,26.316667556762695,180.6999969482422,82.19000244140625,129.47000122070312
2017-09-29,48.067501068115234,170.8699951171875,47.955501556396484,254.2100067138672,22.739999771118164,38.529998779296875,26.046667098999023,181.35000610351562,81.9800033569336,130.00999450683594
2017-10-02,47.95949935913086,169.47000122070312,47.66350173950195,255.99000549316406,22.768667221069336,38.45249938964844,26.149999618530273,177.00999450683594,81.62999725341797,131.22000122070312
2017-10-03,47.85499954223633,169.9600067138672,47.88949966430664,255.4600067138672,23.209333419799805,38.619998931884766,26.406667709350586,179.19000244140625,81.76000213623047,132.10000610351562
2017-10-04,48.272499084472656,168.4199981689453,47.58399963378906,255.75999450683594,23.667333602905273,38.369998931884766,26.363332748413086,184.4499969482422,81.79000091552734,132.88999938964844
2017-10-05,49.04249954223633,171.24000549316406,48.49800109863281,258.8900146484375,23.68866729736328,38.84749984741211,26.469999313354492,194.38999938964844,82.0199966430664,133.19000244140625
2017-10-06,49.479000091552734,172.22999572753906,48.94449996948242,258.5799865722656,23.79199981689453,38.82500076293945,26.333332061767578,198.02000427246094,81.70999908447266,133.22000122070312
2017-10-09,49.54949951171875,172.5,48.849998474121094,258.3900146484375,22.862667083740234,38.959999084472656,26.843332290649414,196.8699951171875,82.02999877929688,133.4499969482422
2017-10-10,49.36000061035156,171.58999633789062,48.630001068115234,260.92999267578125,23.70599937438965,38.974998474121094,28.043333053588867,195.0800018310547,82.26000213623047,133.89999389648438
2017-10-11,49.75,172.74000549316406,49.462501525878906,261.44000244140625,23.639999389648438,39.13750076293945,28.57666778564453,194.9499969482422,82.5999984741211,136.64999389648438
2017-10-12,50.04650115966797,172.5500030517578,49.39149856567383,261.9100036621094,23.711999893188477,39.0,28.700000762939453,195.86000061035156,82.43000030517578,136.8300018310547
2017-10-13,50.14699935913086,173.74000549316406,49.48400115966797,260.739990234375,23.704666137695312,39.247501373291016,28.873332977294922,199.49000549316406,82.41000366210938,136.42999267578125
2017-10-16,50.31700134277344,174.52000427246094,49.599998474121094,259.75,23.373332977294922,39.970001220703125,28.579999923706055,202.67999267578125,82.80999755859375,136.1199951171875
2017-10-17,50.45650100708008,176.11000061035156,49.60900115966797,258.6199951171875,23.71666717529297,40.11750030517578,28.65999984741211,199.47999572753906,82.95999908447266,140.7899932861328
2017-10-18,49.849998474121094,176.02999877929688,49.640499114990234,260.0400085449219,23.976667404174805,39.939998626708984,28.739999771118164,195.5399932861328,82.76000213623047,140.67999267578125
2017-10-19,49.330501556396484,174.55999755859375,49.22249984741211,259.0400085449219,23.45400047302246,38.994998931884766,28.799999237060547,195.1300048828125,82.73999786376953,142.0399932861328
2017-10-20,49.14550018310547,174.97999572753906,49.40999984741211,264.75,23.00666618347168,39.0625,29.14666748046875,194.16000366210938,83.11000061035156,142.39999389648438
2017-10-23,48.314998626708984,171.27000427246094,48.42250061035156,262.32000732421875,22.468000411987305,39.04249954223633,29.549999237060547,192.47000122070312,83.23999786376953,143.6199951171875
2017-10-24,48.79499816894531,171.8000030517578,48.527000427246094,266.0,22.48933219909668,39.275001525878906,29.32666778564453,196.02000427246094,83.47000122070312,141.63999938964844
2017-10-25,48.64550018310547,170.60000610351562,48.666500091552734,258.4200134277344,21.722667694091797,39.102500915527344,29.49333381652832,193.77000427246094,83.16999816894531,142.36000061035156
2017-10-26,48.621498107910156,170.6300048828125,48.62799835205078,259.2699890136719,21.744667053222656,39.352500915527344,29.540000915527344,195.2100067138672,83.47000122070312,141.80999755859375
2017-10-27,55.04750061035156,177.8800048828125,50.9635009765625,256.4599914550781,21.391332626342773,40.76250076293945,29.389999389648438,199.5399932861328,83.70999908447266,141.77999877929688
2017-10-30,55.54249954223633,179.8699951171875,50.855499267578125,259.25,21.338666915893555,41.68000030517578,28.983333587646484,198.3699951171875,83.54000091552734,140.0
2017-10-31,55.263999938964844,180.05999755859375,50.832000732421875,257.9800109863281,22.101999282836914,42.2599983215332,29.10333251953125,196.42999267578125,83.3499984741211,139.41000366210938
2017-11-01,55.183998107910156,182.66000366210938,51.275001525878906,258.5,21.405332565307617,41.72249984741211,29.31333351135254,198.0,83.87000274658203,139.97999572753906
2017-11-02,54.71099853515625,178.9199981689453,51.27899932861328,262.6300048828125,19.950666427612305,42.02750015258789,29.600000381469727,199.32000732421875,83.52999877929688,139.92999267578125
2017-11-03,55.58000183105469,178.9199981689453,51.624000549316406,261.75,20.4060001373291,43.125,29.893333435058594,200.00999450683594,83.18000030517578,140.0800018310547
2017-11-06,56.03300094604492,180.1699981689453,51.29499816894531,264.07000732421875,20.185333251953125,43.5625,29.566667556762695,200.1300048828125,83.75,139.75999450683594
2017-11-07,56.15850067138672,180.25,51.666500091552734,266.1300048828125,20.40333366394043,43.70249938964844,29.649999618530273,195.88999938964844,83.58000183105469,139.77000427246094
2017-11-08,56.64400100708008,179.55999755859375,51.99250030517578,265.57000732421875,20.292667388916016,44.060001373291016,30.086666107177734,196.44000244140625,83.47000122070312,141.32000732421875
2017-11-09,56.45650100708008,179.3000030517578,51.5629997253418,262.70001220703125,20.19933319091797,43.970001220703125,30.100000381469727,193.89999389648438,83.97000122070312,140.35000610351562
2017-11-10,56.26750183105469,178.4600067138672,51.403499603271484,260.8500061035156,20.19933319091797,43.66749954223633,30.30666732788086,192.02000427246094,82.94000244140625,139.55999755859375
2017-11-13,56.458499908447266,178.77000427246094,51.287498474121094,262.4200134277344,21.02666664123535,43.49250030517578,30.329999923706055,195.0800018310547,82.88999938964844,139.75999450683594
2017-11-14,56.84199905395508,178.07000732421875,51.29999923706055,261.760009765625,20.579999923706055,42.834999084472656,30.363332748413086,195.7100067138672,82.23999786376953,139.49000549316406
2017-11-15,56.33449935913086,177.9499969482422,51.045501708984375,262.8599853515625,20.753332138061523,42.27000045776367,29.94333267211914,192.1199951171875,81.20999908447266,139.10000610351562
2017-11-16,56.864498138427734,179.58999633789062,51.625,263.70001220703125,20.833332061767578,42.775001525878906,33.206668853759766,195.50999450683594,80.55999755859375,138.8699951171875
2017-11-17,56.49399948120117,179.0,50.954498291015625,262.260009765625,21.003332138061523,42.537498474121094,32.4900016784668,193.1999969482422,80.23999786376953,138.0
2017-11-20,56.31549835205078,178.74000549316406,50.91899871826172,264.6300048828125,20.582666397094727,42.494998931884766,32.49333190917969,194.10000610351562,80.55000305175781,137.92999267578125
2017-11-21,56.9744987487793,181.86000061035156,51.7244987487793,266.989990234375,21.187332153320312,43.28499984741211,32.17333221435547,196.22999572753906,80.87000274658203,138.33999633789062
2017-11-22,57.80799865722656,180.8699951171875,51.79800033569336,265.1499938964844,20.84000015258789,43.7400016784668,32.13666534423828,196.32000732421875,81.0999984741211,137.2899932861328
2017-11-24,59.29999923706055,182.77999877929688,52.03049850463867,265.8800048828125,21.036666870117188,43.74250030517578,32.206668853759766,195.75,81.41999816894531,138.00999450683594
2017-11-27,59.791500091552734,183.02999877929688,52.71049880981445,265.5799865722656,21.12066650390625,43.522499084472656,32.206668853759766,195.0500030517578,81.11000061035156,138.10000610351562
2017-11-28,59.68000030517578,182.4199981689453,52.37049865722656,267.989990234375,21.170000076293945,43.26750183105469,32.25666809082031,199.17999267578125,81.66999816894531,140.02000427246094
2017-11-29,58.063499450683594,175.1300048828125,51.08300018310547,269.29998779296875,20.502666473388672,42.369998931884766,32.52000045776367,188.14999389648438,82.2699966430664,139.80999755859375
2017-11-30,58.837501525878906,177.17999267578125,51.070499420166016,276.79998779296875,20.59000015258789,42.962501525878906,32.40999984741211,187.5800018310547,83.29000091552734,139.3300018310547
2017-12-01,58.11750030517578,175.10000610351562,50.50849914550781,271.3800048828125,20.435333251953125,42.76250076293945,32.45000076293945,186.82000732421875,83.45999908447266,139.97999572753906
2017-12-04,56.6974983215332,171.47000122070312,49.933998107910156,277.9700012207031,20.34666633605957,42.45000076293945,32.336666107177734,184.0399932861328,83.56999969482422,139.00999450683594
2017-12-05,57.07849884033203,172.8300018310547,50.25749969482422,275.5400085449219,20.246667861938477,42.40999984741211,32.61000061035156,184.2100067138672,82.88999938964844,139.6699981689453
2017-12-06,57.61750030517578,176.05999755859375,50.91899871826172,278.2699890136719,20.884000778198242,42.252498626708984,32.426666259765625,185.3000030517578,82.27999877929688,141.05999755859375
2017-12-07,57.989498138427734,180.13999938964844,51.54650115966797,281.9700012207031,20.749332427978516,42.33000183105469,32.2599983215332,185.1999969482422,82.55000305175781,140.00999450683594
2017-12-08,58.099998474121094,179.0,51.852500915527344,285.8999938964844,21.0086669921875,42.342498779296875,32.18333435058594,188.5399932861328,82.66000366210938,140.58999633789062
2017-12-11,58.44599914550781,179.0399932861328,52.05500030517578,283.1600036621094,21.92733383178711,43.16749954223633,32.310001373291016,186.22000122070312,83.02999877929688,141.13999938964844
2017-12-12,58.25400161743164,176.9600067138672,52.02399826049805,289.94000244140625,22.735332489013672,42.92499923706055,32.233333587646484,185.72999572753906,82.76000213623047,142.60000610351562
2017-12-13,58.20650100708008,178.3000030517578,52.03049850463867,291.8399963378906,22.601999282836914,43.067501068115234,32.586666107177734,187.86000061035156,83.12000274658203,142.88999938964844
2017-12-14,58.7130012512207,178.38999938964844,52.45750045776367,293.8800048828125,22.525999069213867,43.05500030517578,32.37666702270508,189.55999755859375,82.9000015258789,141.64999389648438
2017-12-15,58.957000732421875,180.17999267578125,53.20949935913086,293.94000244140625,22.89666748046875,43.49250030517578,32.369998931884766,190.1199951171875,83.02999877929688,142.4600067138672
2017-12-18,59.52899932861328,180.82000732421875,53.856998443603516,296.1400146484375,22.591333389282227,44.10499954223633,32.633331298828125,190.4199981689453,82.94000244140625,141.8000030517578
2017-12-19,59.36899948120117,179.50999450683594,53.534000396728516,297.25,22.073333740234375,43.6349983215332,32.93333435058594,187.02000427246094,82.44000244140625,141.77999877929688
2017-12-20,58.88100051879883,177.88999938964844,53.247501373291016,297.8999938964844,21.93199920654297,43.587501525878906,32.91666793823242,188.82000732421875,82.87000274658203,141.16000366210938
2017-12-21,58.737998962402344,177.4499969482422,53.18149948120117,295.0299987792969,22.110666275024414,43.752498626708984,32.686668395996094,188.6199951171875,83.8499984741211,141.05999755859375
2017-12-22,58.417999267578125,177.1999969482422,53.00600051879883,295.1000061035156,21.68000030517578,43.752498626708984,32.73666763305664,189.94000244140625,83.97000122070312,140.1199951171875
2017-12-26,58.8380012512207,175.99000549316406,52.83700180053711,295.3599853515625,21.152666091918945,42.64250183105469,33.0533332824707,187.75999450683594,83.9800033569336,140.08999633789062
2017-12-27,59.112998962402344,177.6199951171875,52.46849822998047,295.6199951171875,20.775999069213867,42.650001525878906,33.086666107177734,186.24000549316406,83.9000015258789,140.57000732421875
2017-12-28,59.30500030517578,177.9199981689453,52.40700149536133,296.3500061035156,21.02400016784668,42.77000045776367,33.133331298828125,192.7100067138672,84.0199966430664,140.55999755859375
2017-12-29,58.4734992980957,176.4600067138672,52.31999969482422,294.9100036621094,20.75666618347168,42.307498931884766,32.91666793823242,191.9600067138672,83.63999938964844,139.72000122070312
2018-01-02,59.45050048828125,181.4199981689453,53.25,296.8399963378906,21.368667602539062,43.064998626708984,32.86333465576172,201.07000732421875,85.02999877929688,139.22999572753906
2018-01-03,60.209999084472656,184.6699981689453,54.124000549316406,297.79998779296875,21.149999618530273,43.057498931884766,33.150001525878906,205.0500030517578,86.69999694824219,140.55999755859375
2018-01-04,60.47949981689453,184.3300018310547,54.31999969482422,296.6700134277344,20.974666595458984,43.25749969482422,33.18000030517578,205.6300048828125,86.81999969482422,140.5500030517578
2018-01-05,61.457000732421875,186.85000610351562,55.11149978637695,308.8399963378906,21.10533332824707,43.75,33.37666702270508,209.99000549316406,86.75,141.7100067138672
2018-01-08,62.34349822998047,188.27999877929688,55.34700012207031,310.1499938964844,22.42733383178711,43.587501525878906,33.869998931884766,212.0500030517578,87.13999938964844,141.88999938964844
2018-01-09,62.6349983215332,187.8699951171875,55.3129997253418,318.42999267578125,22.246000289916992,43.58250045776367,33.46333312988281,209.30999755859375,86.7699966430664,144.13999938964844
2018-01-10,62.71649932861328,187.83999633789062,55.13050079345703,320.260009765625,22.31999969482422,43.5724983215332,33.223331451416016,212.52000427246094,86.08000183105469,143.97000122070312
2018-01-11,63.83399963378906,187.77000427246094,55.2760009765625,328.1199951171875,22.530000686645508,43.81999969482422,33.34000015258789,217.24000549316406,86.93000030517578,144.7899932861328
2018-01-12,65.26000213623047,179.3699951171875,56.112998962402344,336.2099914550781,22.4146671295166,44.272499084472656,33.62333297729492,221.22999572753906,87.5199966430664,145.75999450683594
2018-01-16,65.24299621582031,178.38999938964844,56.0880012512207,335.1600036621094,22.67066764831543,44.04750061035156,33.563331604003906,221.52999877929688,86.97000122070312,146.86000061035156
2018-01-17,64.75,177.60000610351562,56.5989990234375,351.010009765625,23.143999099731445,44.775001525878906,34.233333587646484,217.5,88.0,146.97999572753906
2018-01-18,64.66600036621094,179.8000030517578,56.489498138427734,340.1600036621094,22.971332550048828,44.814998626708984,34.766666412353516,220.3300018310547,87.43000030517578,146.9199981689453
2018-01-19,64.72899627685547,181.2899932861328,56.8754997253418,337.7300109863281,23.334667205810547,44.6150016784668,34.86333465576172,220.4600067138672,87.1500015258789,147.36000061035156
2018-01-22,66.3655014038086,185.3699951171875,57.79050064086914,338.0,23.437332153320312,44.25,35.150001525878906,227.5800018310547,88.25,148.13999938964844
2018-01-23,68.12699890136719,189.35000610351562,58.49850082397461,335.5899963378906,23.519332885742188,44.2599983215332,35.29999923706055,250.2899932861328,88.30000305175781,141.8300018310547
2018-01-24,67.87550354003906,186.5500030517578,58.21200180053711,334.69000244140625,23.05933380126953,43.55500030517578,35.26333236694336,261.29998779296875,88.52999877929688,142.07000732421875
2018-01-25,68.89749908447266,187.47999572753906,58.51850128173828,343.1099853515625,22.50933265686035,42.77750015258789,35.53333282470703,269.70001220703125,88.37000274658203,144.39999389648438
2018-01-26,70.10250091552734,190.0,58.79199981689453,343.2200012207031,22.856666564941406,42.877498626708984,36.130001068115234,274.6000061035156,89.0,145.3300018310547
2018-01-29,70.88400268554688,185.97999572753906,58.77899932861328,340.82000732421875,23.302000045776367,41.9900016784668,36.516666412353516,284.5899963378906,88.01000213623047,143.67999267578125
2018-01-30,71.89099884033203,187.1199951171875,58.18450164794922,337.7099914550781,23.05466651916504,41.74250030517578,35.90999984741211,278.79998779296875,86.77999877929688,142.42999267578125
2018-01-31,72.54450225830078,186.88999938964844,58.49700164794922,354.3699951171875,23.62066650390625,41.85749816894531,35.53333282470703,270.29998779296875,87.30000305175781,138.19000244140625
2018-02-01,69.5,193.08999633789062,58.3849983215332,356.94000244140625,23.28333282470703,41.94499969482422,35.17333221435547,265.07000732421875,89.06999969482422,140.02000427246094
2018-02-02,71.49749755859375,190.27999877929688,55.595001220703125,348.9100036621094,22.916667938232422,40.125,34.82666778564453,267.42999267578125,84.52999877929688,137.67999267578125
2018-02-05,69.5,181.25999450683594,52.790000915527344,328.8800048828125,22.208667755126953,39.122501373291016,33.36333465576172,254.25999450683594,79.72000122070312,130.38999938964844
2018-02-06,72.14199829101562,185.30999755859375,54.029998779296875,340.9100036621094,22.264667510986328,40.75749969482422,33.633331298828125,265.7200012207031,78.3499984741211,131.8300018310547
2018-02-07,70.83899688720703,180.17999267578125,52.42900085449219,348.1199951171875,23.0,39.8849983215332,34.28333282470703,264.55999755859375,76.94000244140625,131.4199981689453
2018-02-08,67.5250015258789,171.5800018310547,50.07600021362305,329.6600036621094,21.01533317565918,38.787498474121094,33.34000015258789,250.10000610351562,76.06999969482422,126.36000061035156
2018-02-09,66.9800033569336,176.11000061035156,51.888999938964844,332.8299865722656,20.69466781616211,39.102500915527344,33.12333297729492,249.47000122070312,75.77999877929688,129.52999877929688
2018-02-12,69.3115005493164,176.41000366210938,52.59700012207031,343.79998779296875,21.048667907714844,40.6775016784668,33.18333435058594,257.95001220703125,76.41999816894531,130.27000427246094
2018-02-13,70.72550201416016,173.14999389648438,52.60499954223633,343.1600036621094,21.577333450317383,41.084999084472656,33.65999984741211,258.2699890136719,76.30000305175781,129.9600067138672
2018-02-14,72.55249786376953,179.52000427246094,53.48500061035156,344.8500061035156,21.487333297729492,41.842498779296875,33.900001525878906,266.0,76.45999908447266,129.6699981689453
2018-02-15,73.08799743652344,179.9600067138672,54.47600173950195,356.4599914550781,22.271333694458008,43.247501373291016,34.40999984741211,280.2699890136719,76.20999908447266,131.22999572753906
2018-02-16,72.43450164794922,177.36000061035156,54.7400016784668,355.0400085449219,22.365999221801758,43.10749816894531,34.926666259765625,278.5199890136719,76.54000091552734,133.14999389648438
2018-02-20,73.4175033569336,176.00999450683594,55.12300109863281,353.3500061035156,22.31800079345703,42.962501525878906,31.3700008392334,278.54998779296875,75.75,130.8699951171875
2018-02-21,74.14600372314453,177.91000366210938,55.56700134277344,352.3699951171875,22.219999313354492,42.76750183105469,30.50666618347168,281.0400085449219,74.88999938964844,129.91000366210938
2018-02-22,74.26699829101562,178.99000549316406,55.33150100708008,355.9200134277344,23.077999114990234,43.125,30.92333221435547,278.1400146484375,75.86000061035156,129.91000366210938
2018-02-23,75.0,183.2899932861328,56.339500427246094,356.6600036621094,23.469999313354492,43.875,30.963333129882812,285.92999267578125,77.52999877929688,132.02000427246094
2018-02-26,76.09750366210938,184.92999267578125,57.1875,363.4800109863281,23.827999114990234,44.74250030517578,31.040000915527344,294.1600036621094,78.83999633789062,132.07000732421875
2018-02-27,75.5989990234375,181.4600067138672,55.91450119018555,364.6400146484375,23.39933204650879,44.59749984741211,30.50666618347168,290.6099853515625,77.5,131.6699981689453
2018-02-28,75.62249755859375,178.32000732421875,55.23649978637695,362.2099914550781,22.87066650390625,44.529998779296875,30.003332138061523,291.3800048828125,75.73999786376953,129.8800048828125
2018-03-01,74.67250061035156,175.94000244140625,53.47600173950195,349.69000244140625,22.062000274658203,43.75,29.69333267211914,290.3900146484375,75.19999694824219,127.27999877929688
2018-03-02,75.01249694824219,176.6199951171875,53.94599914550781,344.6700134277344,22.341333389282227,44.0525016784668,29.59000015258789,301.04998779296875,75.55000305175781,128.82000732421875
2018-03-05,76.18049621582031,180.39999389648438,54.54650115966797,352.75,22.22333335876465,44.20500183105469,29.99333381652832,315.0,76.2699966430664,129.7899932861328
2018-03-06,76.88200378417969,179.77999877929688,54.75299835205078,348.9200134277344,21.8799991607666,44.16749954223633,29.68666648864746,325.2200012207031,76.18000030517578,128.22000122070312
2018-03-07,77.25,183.7100067138672,55.481998443603516,347.0400085449219,22.15333366394043,43.75749969482422,29.246667861938477,321.1600036621094,74.26000213623047,129.0399932861328
2018-03-08,77.59300231933594,182.33999633789062,56.29999923706055,348.7300109863281,21.940000534057617,44.23500061035156,29.30666732788086,317.0,74.12000274658203,132.05999755859375
2018-03-09,78.94450378417969,185.22999572753906,58.00199890136719,354.5199890136719,21.81133270263672,44.994998931884766,29.573333740234375,331.44000244140625,74.55999755859375,133.8000030517578
2018-03-12,79.91950225830078,184.75999450683594,58.224998474121094,344.19000244140625,23.034000396728516,45.43000030517578,29.356666564941406,321.29998779296875,75.23999786376953,132.6300048828125
2018-03-13,79.40899658203125,181.8800048828125,56.90850067138672,338.6700134277344,22.78933334350586,44.99250030517578,29.433332443237305,315.8800048828125,74.52999877929688,134.35000610351562
2018-03-14,79.55000305175781,184.19000244140625,57.4744987487793,330.260009765625,21.775333404541016,44.61000061035156,29.22333335876465,321.54998779296875,73.5999984741211,132.32000732421875
2018-03-15,79.11599731445312,183.86000061035156,57.479000091552734,329.9800109863281,21.706666946411133,44.662498474121094,29.170000076293945,321.0899963378906,74.41999816894531,133.05999755859375
2018-03-16,78.58399963378906,185.08999633789062,56.7864990234375,330.4700012207031,21.42333221435547,44.505001068115234,29.72333335876465,318.45001220703125,75.12000274658203,133.67999267578125
2018-03-19,77.24649810791016,172.55999755859375,54.99100112915039,331.760009765625,20.90399932861328,43.82500076293945,29.149999618530273,313.4800109863281,74.1500015258789,130.24000549316406
2018-03-20,79.32550048828125,168.14999389648438,54.885501861572266,337.6300048828125,20.703332901000977,43.810001373291016,29.316667556762695,317.5,73.98999786376953,131.2100067138672
2018-03-21,79.09300231933594,169.38999938964844,54.54399871826172,337.1000061035156,21.101999282836914,42.817501068115234,29.393333435058594,316.4800109863281,75.04000091552734,131.19000244140625
2018-03-22,77.24600219726562,164.88999938964844,52.45399856567383,319.6099853515625,20.606666564941406,42.212501525878906,29.046667098999023,306.70001220703125,73.5,127.37999725341797
2018-03-23,74.77799987792969,159.38999938964844,51.07849884033203,321.0,20.1026668548584,41.23500061035156,28.47333335876465,300.94000244140625,72.88999938964844,125.0999984741211
2018-03-26,77.79299926757812,160.05999755859375,52.660499572753906,328.9700012207031,20.278667449951172,43.192501068115234,29.166667938232422,320.3500061035156,74.0,127.38999938964844
2018-03-27,74.85250091552734,152.22000122070312,50.255001068115234,321.1199951171875,18.61199951171875,42.084999084472656,28.683332443237305,300.69000244140625,73.69999694824219,127.20999908447266
2018-03-28,71.57099914550781,153.02999877929688,50.22800064086914,320.0199890136719,17.185333251953125,41.619998931884766,29.25666618347168,285.7699890136719,72.80999755859375,127.44999694824219
2018-03-29,72.36699676513672,159.7899932861328,51.589500427246094,327.8800048828125,17.742000579833984,41.94499969482422,29.656667709350586,295.3500061035156,74.61000061035156,128.14999389648438
2018-04-02,68.59950256347656,155.38999938964844,50.32350158691406,322.44000244140625,16.832000732421875,41.66999816894531,28.516666412353516,280.2900085449219,73.22000122070312,124.55999755859375
2018-04-03,69.60250091552734,156.11000061035156,50.670501708984375,330.82000732421875,17.8353328704834,42.09749984741211,28.933332443237305,283.6700134277344,75.0199966430664,128.35000610351562
2018-04-04,70.52850341796875,155.10000610351562,51.25699996948242,327.44000244140625,19.12933349609375,42.90250015258789,29.073333740234375,288.94000244140625,74.87000274658203,130.41000366210938
2018-04-05,72.5875015258789,159.33999633789062,51.390499114990234,336.3999938964844,20.381332397460938,43.20000076293945,29.270000457763672,293.9700012207031,76.0199966430664,130.7100067138672
2018-04-06,70.2614974975586,157.1999969482422,50.35200119018555,326.1199951171875,19.953332901000977,42.095001220703125,28.89666748046875,288.8500061035156,74.87000274658203,128.10000610351562
2018-04-09,70.30400085449219,157.92999267578125,50.772499084472656,322.4800109863281,19.310667037963867,42.51250076293945,28.760000228881836,289.92999267578125,74.87000274658203,129.47999572753906
2018-04-10,71.81099700927734,165.0399932861328,51.582000732421875,334.8299865722656,20.31333351135254,43.3125,28.816667556762695,298.07000732421875,77.06999969482422,130.25
2018-04-11,71.35250091552734,166.32000732421875,50.99850082397461,327.3599853515625,20.062000274658203,43.11000061035156,28.636667251586914,303.6700134277344,77.43000030517578,129.6300048828125
2018-04-12,72.42500305175781,163.8699951171875,51.6254997253418,337.4800109863281,19.60533332824707,43.53499984741211,28.476667404174805,309.25,77.22000122070312,130.42999267578125
2018-04-13,71.53949737548828,164.52000427246094,51.4635009765625,329.2799987792969,20.022666931152344,43.682498931884766,28.67333221435547,311.6499938964844,77.83999633789062,130.6199951171875
2018-04-16,72.07499694824219,164.8300018310547,51.89899826049805,331.7699890136719,19.413999557495117,43.95500183105469,28.946666717529297,307.7799987792969,78.54000091552734,131.75999450683594
2018-04-17,75.19149780273438,168.66000366210938,53.70800018310547,336.7200012207031,19.179332733154297,44.560001373291016,29.299999237060547,336.05999755859375,78.33000183105469,130.5399932861328
2018-04-18,76.39199829101562,166.36000061035156,53.604000091552734,341.0,19.55666732788086,44.459999084472656,29.190000534057617,334.5199890136719,79.22000122070312,127.72000122070312
2018-04-19,77.84549713134766,168.10000610351562,54.3849983215332,340.6400146484375,20.005332946777344,43.20000076293945,29.296667098999023,332.70001220703125,79.41999816894531,127.55000305175781
2018-04-20,76.37449645996094,166.27999877929688,53.64799880981445,338.6700134277344,19.349332809448242,41.43000030517578,28.99333381652832,327.7699890136719,79.0,126.66000366210938
2018-04-23,75.89299774169922,165.83999633789062,53.372501373291016,338.8399963378906,18.891332626342773,41.310001373291016,28.700000762939453,318.69000244140625,79.56999969482422,126.83000183105469
2018-04-24,73.00450134277344,159.69000244140625,50.999000549316406,329.05999755859375,18.8973331451416,40.73500061035156,28.843332290649414,307.0199890136719,78.3499984741211,126.19000244140625
2018-04-25,73.00849914550781,159.69000244140625,51.058998107910156,342.8599853515625,18.71266746520996,40.912498474121094,29.05666732788086,305.760009765625,79.5,126.76000213623047
2018-04-26,75.89800262451172,174.16000366210938,52.00199890136719,342.7900085449219,19.031999588012695,41.05500030517578,29.31333351135254,313.9800109863281,80.86000061035156,128.00999450683594
2018-04-27,78.63099670410156,173.58999633789062,51.502498626708984,340.8800048828125,19.60533332824707,40.58000183105469,29.09666633605957,311.760009765625,77.79000091552734,128.27000427246094
2018-04-30,78.30650329589844,172.0,50.86650085449219,333.55999755859375,19.593332290649414,41.314998626708984,29.48666763305664,312.4599914550781,77.75,126.48999786376953
2018-05-01,79.11299896240234,173.86000061035156,51.865501403808594,329.5400085449219,19.994667053222656,42.275001525878906,29.136667251586914,313.29998779296875,76.94999694824219,126.01000213623047
2018-05-02,78.48400115966797,176.07000732421875,51.21900177001953,324.19000244140625,20.07666778564453,44.14250183105469,28.780000686645508,313.3599853515625,76.80000305175781,123.5
2018-05-03,78.60399627685547,174.02000427246094,51.18600082397461,330.69000244140625,18.963333129882812,44.22249984741211,28.74333381652832,311.69000244140625,76.54000091552734,123.02999877929688
2018-05-04,79.04750061035156,176.61000061035156,52.410499572753906,334.42999267578125,19.606000900268555,45.95750045776367,29.176666259765625,320.0899963378906,76.9000015258789,124.19000244140625
2018-05-07,80.00700378417969,177.97000122070312,52.739498138427734,340.42999267578125,20.184667587280273,46.290000915527344,28.489999771118164,326.260009765625,77.73999786376953,123.58999633789062
2018-05-08,79.61949920654297,178.9199981689453,52.695499420166016,338.3699951171875,20.131332397460938,46.51250076293945,28.579999923706055,326.8900146484375,78.08999633789062,122.61000061035156
2018-05-09,80.4000015258789,182.66000366210938,54.13800048828125,344.5,20.456666946411133,46.84000015258789,27.68666648864746,330.29998779296875,79.93000030517578,123.51000213623047
2018-05-10,80.4540023803711,185.52999877929688,54.878501892089844,344.07000732421875,20.334667205810547,47.5099983215332,27.56333351135254,329.6000061035156,81.72000122070312,125.3499984741211
2018-05-11,80.14550018310547,186.99000549316406,54.91299819946289,342.4599914550781,20.070667266845703,47.147499084472656,27.793333053588867,326.4599914550781,81.27999877929688,127.23999786376953
2018-05-14,80.0770034790039,186.63999938964844,55.0099983215332,344.5899963378906,19.46466636657715,47.037498474121094,28.1299991607666,328.5299987792969,81.83000183105469,126.05999755859375
2018-05-15,78.80599975585938,184.32000732421875,53.96149826049805,342.1199951171875,18.94533348083496,46.61000061035156,28.17333221435547,326.1300048828125,81.79000091552734,125.12999725341797
2018-05-16,79.36399841308594,183.1999969482422,54.0885009765625,340.9700012207031,19.09866714477539,47.04499816894531,28.709999084472656,328.19000244140625,82.0199966430664,125.3499984741211
2018-05-17,79.08799743652344,183.75999450683594,53.929500579833984,344.1400146484375,18.96933364868164,46.747501373291016,28.163333892822266,325.2200012207031,81.87999725341797,123.8499984741211
2018-05-18,78.71849822998047,182.67999267578125,53.31800079345703,351.2300109863281,18.454666137695312,46.57749938964844,27.8799991607666,324.17999267578125,81.30000305175781,124.23999786376953
2018-05-21,79.27300262451172,184.49000549316406,53.979000091552734,363.9200134277344,18.965999603271484,46.907501220703125,28.170000076293945,331.82000732421875,82.27999877929688,123.72000122070312
2018-05-22,79.06999969482422,183.8000030517578,53.48649978637695,355.0199890136719,18.333999633789062,46.790000915527344,27.790000915527344,331.6199951171875,81.63999938964844,122.91000366210938
2018-05-23,80.09300231933594,186.89999389648438,53.984500885009766,359.2099914550781,18.60466766357422,47.09000015258789,27.670000076293945,344.7200012207031,82.1500015258789,123.44999694824219
2018-05-24,80.15350341796875,185.92999267578125,53.96200180053711,359.0,18.523332595825195,47.037498474121094,27.616666793823242,349.2900085449219,80.2699966430664,122.25
2018-05-25,80.50749969482422,184.9199981689453,53.78300094604492,360.0899963378906,18.59000015258789,47.14500045776367,27.48666763305664,351.2900085449219,78.70999908447266,121.47000122070312
2018-05-29,80.64350128173828,185.74000549316406,53.01599884033203,352.4800109863281,18.917333602905273,46.974998474121094,27.46666717529297,349.7300109863281,78.41999816894531,119.4000015258789
2018-05-30,81.24449920654297,187.6699981689453,53.38999938964844,358.19000244140625,19.447999954223633,46.875,28.040000915527344,353.5400085449219,81.5,120.97000122070312
2018-05-31,81.48100280761719,191.77999877929688,54.2495002746582,352.1600036621094,18.98200035095215,46.717498779296875,27.51333236694336,351.6000061035156,81.23999786376953,119.62000274658203
2018-06-01,82.0770034790039,193.99000549316406,55.974998474121094,356.7200012207031,19.454666137695312,47.560001373291016,27.663333892822266,359.92999267578125,81.83000183105469,121.26000213623047
2018-06-04,83.26349639892578,193.27999877929688,56.964500427246094,360.7300109863281,19.78266716003418,47.95750045776367,28.47333335876465,361.80999755859375,80.97000122070312,121.94999694824219
2018-06-05,84.81749725341797,192.94000244140625,56.983001708984375,360.1000061035156,19.408666610717773,48.32749938964844,28.206666946411133,365.79998779296875,80.68000030517578,121.4800033569336
2018-06-06,84.7874984741211,191.33999633789062,56.84400177001953,371.55999755859375,21.299999237060547,48.494998931884766,28.18666648864746,367.45001220703125,82.05999755859375,122.79000091552734
2018-06-07,84.46499633789062,188.17999267578125,56.19300079345703,368.5299987792969,21.07266616821289,48.3650016784668,28.316667556762695,361.3999938964844,82.87999725341797,123.33000183105469
2018-06-08,84.19950103759766,189.10000610351562,56.04349899291992,369.5,21.17733383178711,47.92499923706055,28.1200008392334,360.57000732421875,83.5999984741211,124.05999755859375
2018-06-11,84.45600128173828,191.5399932861328,56.4995002746582,370.94000244140625,22.139999389648438,47.807498931884766,28.100000381469727,361.45001220703125,83.0999984741211,122.66000366210938
2018-06-12,84.9375,192.39999389648438,56.965999603271484,370.6199951171875,22.851333618164062,48.06999969482422,28.03333282470703,363.8299865722656,82.41999816894531,122.54000091552734
2018-06-13,85.24299621582031,192.41000366210938,56.739498138427734,363.8500061035156,22.985332489013672,47.67499923706055,28.030000686645508,379.92999267578125,81.51000213623047,122.62999725341797
2018-06-14,86.19300079345703,196.80999755859375,57.60599899291992,362.4200134277344,23.847999572753906,47.70000076293945,27.93000030517578,392.8699951171875,81.88999938964844,122.41000366210938
2018-06-15,85.79850006103516,195.85000610351562,57.612998962402344,357.8800048828125,23.878000259399414,47.209999084472656,27.899999618530273,391.9800109863281,80.66000366210938,122.61000061035156
2018-06-18,86.18949890136719,198.30999755859375,58.67300033569336,354.739990234375,24.722000122070312,47.185001373291016,27.666667938232422,390.3999938964844,80.81999969482422,121.31999969482422
2018-06-19,86.73899841308594,197.49000549316406,58.40299987792969,341.1199951171875,23.503332138061523,46.42250061035156,27.8700008392334,404.9800109863281,80.69999694824219,122.56999969482422
2018-06-20,87.50399780273438,202.0,58.492000579833984,342.69000244140625,24.148000717163086,46.625,27.8700008392334,416.760009765625,80.44999694824219,122.04000091552734
2018-06-21,86.51100158691406,201.5,57.882999420166016,337.6600036621094,23.167333602905273,46.3650016784668,28.06999969482422,415.44000244140625,79.69000244140625,121.44999694824219
2018-06-22,85.78350067138672,201.74000549316406,57.77399826049805,338.9100036621094,22.242000579833984,46.22999954223633,28.273332595825195,411.0899963378906,81.37999725341797,122.83999633789062
2018-06-25,83.15750122070312,196.35000610351562,56.240501403808594,331.20001220703125,22.200666427612305,45.54249954223633,28.823333740234375,384.4800109863281,79.73999786376953,122.58999633789062
2018-06-26,84.55449676513672,199.0,55.92300033569336,331.29998779296875,22.799999237060547,46.10749816894531,28.65999984741211,399.3900146484375,80.63999938964844,122.3499984741211
2018-06-27,83.02549743652344,195.83999633789062,55.19900131225586,329.82000732421875,22.96666717529297,46.040000915527344,28.963333129882812,390.3900146484375,81.70999908447266,121.61000061035156
2018-06-28,85.07250213623047,196.22999572753906,55.71099853515625,334.6499938964844,23.32866668701172,46.375,28.6200008392334,395.4200134277344,81.97000122070312,122.0
2018-06-29,84.98999786376953,194.32000732421875,55.782501220703125,335.510009765625,22.863332748413086,46.27750015258789,28.549999237060547,391.42999267578125,82.7300033569336,121.33999633789062
2018-07-02,85.68900299072266,197.36000061035156,56.37300109863281,336.0799865722656,22.33799934387207,46.79499816894531,28.0,398.17999267578125,81.76000213623047,121.58000183105469
2018-07-03,84.697998046875,192.72999572753906,55.144500732421875,332.92999267578125,20.724000930786133,45.97999954223633,28.14666748046875,390.5199890136719,82.23999786376953,122.70999908447266
2018-07-05,84.98650360107422,198.4499969482422,56.2135009765625,333.17999267578125,20.610666275024414,46.349998474121094,28.190000534057617,398.3900146484375,82.30999755859375,125.0
2018-07-06,85.53150177001953,203.22999572753906,57.00849914550781,334.6400146484375,20.593332290649414,46.99250030517578,28.170000076293945,408.25,82.33000183105469,125.75
2018-07-09,86.95099639892578,204.74000549316406,57.70249938964844,341.9200134277344,21.233999252319336,47.64500045776367,28.643333435058594,418.9700012207031,82.9000015258789,126.05000305175781
2018-07-10,87.15350341796875,203.5399932861328,57.641998291015625,347.1600036621094,21.49799919128418,47.587501525878906,29.06999969482422,415.6300048828125,83.66000366210938,127.37999725341797
2018-07-11,87.75,202.5399932861328,57.69499969482422,340.6000061035156,21.263999938964844,46.970001220703125,28.843332290649414,418.6499938964844,82.58999633789062,126.23999786376953
2018-07-12,89.83100128173828,206.9199981689453,59.17399978637695,346.0299987792969,21.11400032043457,47.75749969482422,28.84000015258789,413.5,82.69000244140625,127.76000213623047
2018-07-13,90.65149688720703,207.32000732421875,59.441001892089844,350.7900085449219,21.257999420166016,47.83250045776367,29.233333587646484,395.79998779296875,83.30999755859375,125.93000030517578
2018-07-16,91.12449645996094,207.22999572753906,59.19300079345703,356.1000061035156,20.67333221435547,47.727500915527344,29.213333129882812,400.4800109863281,82.48999786376953,124.69000244140625
2018-07-17,92.19650268554688,209.99000549316406,59.939998626708984,356.8800048828125,21.512666702270508,47.86249923706055,29.39666748046875,379.4800109863281,82.30999755859375,129.11000061035156
2018-07-18,92.14600372314453,209.36000061035156,59.79399871826172,360.2300109863281,21.59000015258789,47.599998474121094,29.356666564941406,375.1300048828125,82.22000122070312,127.80000305175781
2018-07-19,90.64849853515625,208.08999633789062,59.347999572753906,355.3299865722656,21.34866714477539,47.970001220703125,29.239999771118164,364.2300109863281,82.01000213623047,125.94000244140625
2018-07-20,90.68499755859375,209.94000244140625,59.24549865722656,354.8999938964844,20.905332565307617,47.86000061035156,29.35333251953125,361.04998779296875,81.4000015258789,125.8499984741211
2018-07-23,90.0999984741211,210.91000366210938,60.275001525878906,353.2699890136719,20.213333129882812,47.90250015258789,29.209999084472656,362.6600036621094,81.4000015258789,126.62999725341797
2018-07-24,91.46199798583984,214.6699981689453,62.40399932861328,358.2699890136719,19.82866668701172,48.25,29.31999969482422,357.32000732421875,83.01000213623047,129.36000061035156
2018-07-25,93.18049621582031,217.5,63.185001373291016,355.9200134277344,20.582666397094727,48.70500183105469,29.299999237060547,362.8699951171875,83.58999633789062,128.6199951171875
2018-07-26,90.4000015258789,176.25999450683594,63.416500091552734,359.32000732421875,20.44333267211914,48.5525016784668,29.40999984741211,363.0899963378906,84.23999786376953,130.27999877929688
2018-07-27,90.8635025024414,174.88999938964844,61.92499923706055,360.6499938964844,19.812000274658203,47.744998931884766,29.376667022705078,355.2099914550781,81.91999816894531,131.5500030517578
2018-07-30,88.96099853515625,171.05999755859375,60.98699951171875,351.05999755859375,19.344667434692383,47.477500915527344,29.626667022705078,334.9599914550781,81.73999786376953,132.1699981689453
2018-07-31,88.87200164794922,172.5800018310547,60.862998962402344,356.29998779296875,19.875999450683594,47.5724983215332,29.74333381652832,337.45001220703125,81.51000213623047,132.52000427246094
2018-08-01,89.8584976196289,171.64999389648438,61.0004997253418,352.760009765625,20.055999755859375,50.375,29.413333892822266,338.3800048828125,80.38999938964844,132.63999938964844
2018-08-02,91.71649932861328,176.3699951171875,61.307498931884766,349.7300109863281,23.30266761779785,51.84749984741211,29.586666107177734,344.5,79.91000366210938,131.25
2018-08-03,91.16449737548828,177.77999877929688,61.18550109863281,348.44000244140625,23.211332321166992,51.997501373291016,29.866666793823242,343.0899963378906,80.19999694824219,131.9499969482422
2018-08-06,92.38749694824219,185.69000244140625,61.23849868774414,346.57000732421875,22.799333572387695,52.26750183105469,29.889999389648438,350.9200134277344,80.18000030517578,132.02000427246094
2018-08-07,93.1240005493164,183.80999755859375,62.111000061035156,350.760009765625,25.30466651916504,51.77750015258789,29.92333221435547,351.8299865722656,81.2699966430664,131.4600067138672
2018-08-08,94.32599639892578,185.17999267578125,62.28049850463867,347.7799987792969,24.689332962036133,51.8125,30.016666412353516,347.6099853515625,80.7300033569336,131.1699981689453
2018-08-09,94.9260025024414,183.08999633789062,62.45500183105469,343.7200012207031,23.496667861938477,52.220001220703125,29.670000076293945,349.3599853515625,80.31999969482422,131.1999969482422
2018-08-10,94.31500244140625,180.25999450683594,61.88050079345703,339.4100036621094,23.69933319091797,51.88249969482422,30.059999465942383,345.8699951171875,79.41999816894531,130.75
2018-08-13,94.80999755859375,180.0500030517578,61.7504997253418,338.3599853515625,23.76066780090332,52.217498779296875,29.8799991607666,341.30999755859375,78.55999755859375,130.22000122070312
2018-08-14,95.98249816894531,181.11000061035156,62.10499954223633,339.1400146484375,23.176000595092773,52.4375,30.28333282470703,337.489990234375,78.30999755859375,129.5
2018-08-15,94.13099670410156,179.52999877929688,60.71900177001953,331.760009765625,22.57933235168457,52.560001373291016,30.073333740234375,326.3999938964844,76.94000244140625,130.42999267578125
2018-08-16,94.32599639892578,174.6999969482422,60.324501037597656,345.9800109863281,22.363332748413086,53.33000183105469,32.880001068115234,322.44000244140625,78.0,132.47999572753906
2018-08-17,94.11100006103516,173.8000030517578,60.04800033569336,346.3999938964844,20.366666793823242,54.39500045776367,32.616668701171875,316.7799987792969,78.26000213623047,134.47000122070312
2018-08-20,93.83550262451172,172.5,60.38850021362305,350.739990234375,20.562667846679688,53.8650016784668,32.0,327.7300109863281,78.80999755859375,136.8800048828125
2018-08-21,94.1709976196289,172.6199951171875,60.08100128173828,353.7699890136719,21.459999084472656,53.7599983215332,32.026668548583984,338.0199890136719,78.83000183105469,135.35000610351562
2018-08-22,95.24500274658203,173.63999938964844,60.36650085449219,350.0299987792969,21.44266700744629,53.76250076293945,31.889999389648438,344.44000244140625,79.95999908447266,134.61000061035156
2018-08-23,95.1449966430664,172.89999389648438,60.26900100708008,347.4800109863281,21.34000015258789,53.872501373291016,31.726667404174805,339.1700134277344,79.08000183105469,135.11000061035156
2018-08-24,95.26950073242188,174.64999389648438,61.032501220703125,349.3800048828125,21.521333694458008,54.040000915527344,31.649999618530273,358.82000732421875,79.62000274658203,135.9499969482422
2018-08-27,96.38400268554688,177.4600067138672,62.090999603271484,353.739990234375,21.284666061401367,54.48500061035156,31.51333236694336,364.5799865722656,80.4000015258789,134.9199981689453
2018-08-28,96.64099884033203,176.25999450683594,61.557498931884766,351.2099914550781,20.790666580200195,54.92499923706055,32.02333450317383,368.489990234375,80.27999877929688,134.32000732421875
2018-08-29,99.90499877929688,175.89999389648438,62.46500015258789,350.19000244140625,20.333999633789062,55.744998931884766,31.8799991607666,368.0400085449219,80.86000061035156,134.86000061035156
2018-08-30,100.11900329589844,177.63999938964844,61.95600128173828,346.8999938964844,20.209999084472656,56.25749969482422,32.03333282470703,370.9800109863281,80.51000213623047,134.9499969482422
2018-08-31,100.635498046875,175.72999572753906,60.90950012207031,342.7900085449219,20.110666275024414,56.907501220703125,31.953332901000977,367.67999267578125,80.16999816894531,134.69000244140625
2018-09-04,101.97550201416016,171.16000366210938,59.849998474121094,346.25,19.26333236694336,57.09000015258789,31.786666870117188,363.6000061035156,80.29000091552734,133.72000122070312
2018-09-05,99.74099731445312,167.17999267578125,59.32400131225586,346.67999267578125,18.715999603271484,56.717498779296875,32.206668853759766,341.17999267578125,81.36000061035156,135.86000061035156
2018-09-06,97.91549682617188,162.52999877929688,58.571998596191406,351.2699890136719,18.729999542236328,55.775001525878906,32.150001525878906,346.4599914550781,80.45999908447266,136.8699951171875
2018-09-07,97.60350036621094,163.0399932861328,58.24150085449219,349.2799987792969,17.549333572387695,55.32500076293945,31.94333267211914,348.67999267578125,81.83000183105469,137.32000732421875
2018-09-10,96.95050048828125,164.17999267578125,58.231998443603516,341.8599853515625,19.03333282470703,54.58250045776367,32.29999923706055,348.4100036621094,81.70999908447266,137.2100067138672
2018-09-11,99.35749816894531,165.94000244140625,58.86800003051758,345.25,18.62933349609375,55.962501525878906,32.21333312988281,355.92999267578125,82.86000061035156,138.50999450683594
2018-09-12,99.5,162.0,58.14099884033203,353.4100036621094,19.369333267211914,55.26750183105469,31.989999771118164,369.95001220703125,83.12999725341797,139.36000061035156
2018-09-13,99.49349975585938,161.36000061035156,58.76649856567383,355.4599914550781,19.297332763671875,56.602500915527344,31.706666946411133,368.1499938964844,82.31999969482422,139.88999938964844
2018-09-14,98.5094985961914,162.32000732421875,58.62649917602539,359.79998779296875,19.68000030517578,55.959999084472656,31.530000686645508,364.55999755859375,82.91999816894531,139.49000549316406
2018-09-17,95.40149688720703,160.5800018310547,57.8025016784668,355.9599914550781,19.6560001373291,54.470001220703125,31.606666564941406,350.3500061035156,83.41000366210938,139.9600067138672
2018-09-18,97.05249786376953,160.3000030517578,58.06100082397461,363.5799865722656,18.997333526611328,54.560001373291016,31.809999465942383,367.6499938964844,83.62999725341797,140.5399932861328
2018-09-19,96.32099914550781,163.05999755859375,58.554500579833984,365.2200012207031,19.934667587280273,54.592498779296875,31.746667861938477,366.9599914550781,84.62999725341797,140.4600067138672
2018-09-20,97.21499633789062,166.02000427246094,59.34349822998047,367.4599914550781,19.8886661529541,55.00749969482422,31.916667938232422,365.3599853515625,84.81999969482422,141.97999572753906
2018-09-21,95.75050354003906,162.92999267578125,58.304500579833984,372.2300109863281,19.940000534057617,54.415000915527344,31.96666717529297,361.19000244140625,85.16999816894531,142.8800048828125
2018-09-24,96.71800231933594,165.41000366210938,58.66849899291992,367.989990234375,19.978666305541992,55.1974983215332,31.639999389648438,369.6099853515625,86.5999984741211,140.47000122070312
2018-09-25,98.72750091552734,164.91000366210938,59.23249816894531,367.2300109863281,20.06599998474121,55.54750061035156,31.700000762939453,369.42999267578125,86.5,138.63999938964844
2018-09-26,98.74250030517578,166.9499969482422,59.02450180053711,365.0299987792969,20.6386661529541,55.10499954223633,31.530000686645508,377.8800048828125,85.77999877929688,138.16000366210938
2018-09-27,100.64900207519531,168.83999633789062,59.731998443603516,367.3900146484375,20.501333236694336,56.23749923706055,31.376667022705078,380.7099914550781,85.7699966430664,138.22000122070312
2018-09-28,100.1500015258789,164.4600067138672,59.673500061035156,371.8999938964844,17.65133285522461,56.435001373291016,31.303333282470703,374.1300048828125,85.0199966430664,138.1699981689453
2018-10-01,100.21800231933594,162.44000244140625,59.765499114990234,382.2900085449219,20.713333129882812,56.814998626708984,31.46666717529297,381.42999267578125,85.80999755859375,139.69000244140625
2018-10-02,98.56549835205078,159.3300018310547,60.00550079345703,386.3699951171875,20.06800079345703,57.31999969482422,31.71666717529297,377.1400146484375,86.45999908447266,140.47999572753906
2018-10-03,97.63800048828125,162.42999267578125,60.147499084472656,392.29998779296875,19.65333366394043,58.01750183105469,31.356666564941406,377.04998779296875,86.1500015258789,139.02999877929688
2018-10-04,95.47100067138672,158.85000610351562,58.40950012207031,389.989990234375,18.788667678833008,56.997501373291016,31.40333366394043,363.6499938964844,85.58000183105469,139.35000610351562
2018-10-05,94.48249816894531,157.3300018310547,57.86750030517578,386.4700012207031,17.463333129882812,56.0724983215332,31.10333251953125,351.3500061035156,85.33999633789062,139.10000610351562
2018-10-08,93.22100067138672,157.25,57.44850158691406,385.7699890136719,16.70400047302246,55.942501068115234,31.56333351135254,349.1000061035156,86.12999725341797,139.38999938964844
2018-10-09,93.51599884033203,157.89999389648438,56.941001892089844,385.44000244140625,17.520000457763672,56.717498779296875,32.36000061035156,355.7099914550781,86.51000213623047,139.1999969482422
2018-10-10,87.76249694824219,151.3800048828125,54.06100082397461,367.4700012207031,17.125333786010742,54.09000015258789,31.920000076293945,325.8900146484375,84.5199966430664,137.72999572753906
2018-10-11,85.96800231933594,153.35000610351562,53.965999603271484,358.1099853515625,16.815332412719727,53.61249923706055,31.30666732788086,321.1000061035156,81.5999984741211,133.83999633789062
2018-10-12,89.43049621582031,153.74000549316406,55.50400161743164,360.1099853515625,17.25200080871582,55.52750015258789,31.60333251953125,339.55999755859375,81.37999725341797,133.8699951171875
2018-10-15,88.04750061035156,153.52000427246094,54.61249923706055,358.8800048828125,17.305999755859375,54.34000015258789,31.273332595825195,333.1300048828125,80.81999969482422,133.9499969482422
2018-10-16,90.99800109863281,158.77999877929688,56.06399917602539,368.25,18.439332962036133,55.537498474121094,31.93666648864746,346.3999938964844,81.19999694824219,136.55999755859375
2018-10-17,91.58650207519531,159.4199981689453,55.78450012207031,365.5,18.118667602539062,55.29750061035156,32.186668395996094,364.70001220703125,81.5,139.4600067138672
2018-10-18,88.53600311279297,154.9199981689453,54.39849853515625,359.3500061035156,17.5939998626709,54.005001068115234,32.05666732788086,346.7099914550781,81.8499984741211,139.5
2018-10-19,88.20149993896484,154.0500030517578,54.823001861572266,356.260009765625,17.333332061767578,54.82749938964844,32.383331298828125,332.6700134277344,81.97000122070312,139.0500030517578
2018-10-22,89.46499633789062,154.77999877929688,55.05799865722656,355.9800109863281,17.39666748046875,55.162498474121094,32.380001068115234,329.5400085449219,81.1500015258789,138.67999267578125
2018-10-23,88.43499755859375,154.38999938964844,55.18450164794922,350.04998779296875,19.609333038330078,55.682498931884766,32.599998474121094,333.1600036621094,79.83999633789062,138.92999267578125
2018-10-24,83.20999908447266,146.0399932861328,52.535499572753906,354.6499938964844,19.233333587646484,53.772499084472656,32.52000045776367,301.8299865722656,77.62000274658203,137.47000122070312
2018-10-25,89.1084976196289,150.9499969482422,54.778499603271484,363.7699890136719,20.99066734313965,54.95000076293945,33.060001373291016,312.8699951171875,78.30999755859375,138.47000122070312
2018-10-26,82.1405029296875,145.3699951171875,53.57350158691406,359.2699890136719,22.059999465942383,54.07500076293945,32.97999954223633,299.8299865722656,77.52999877929688,136.97000122070312
2018-10-29,76.94400024414062,142.08999633789062,51.00400161743164,335.5899963378906,22.323333740234375,53.060001373291016,33.266666412353516,284.8399963378906,77.05000305175781,137.5500030517578
2018-10-30,76.52100372314453,146.22000122070312,51.81050109863281,349.9100036621094,21.99333381652832,53.32500076293945,34.13999938964844,285.80999755859375,78.77999877929688,140.75
2018-10-31,79.90049743652344,151.7899932861328,53.8385009765625,354.8599853515625,22.488000869750977,54.71500015258789,33.426666259765625,301.7799987792969,79.68000030517578,139.99000549316406
2018-11-01,83.27649688720703,151.75,53.5,363.07000732421875,22.95199966430664,55.55500030517578,33.526668548583984,317.3800048828125,80.66999816894531,140.82000732421875
2018-11-02,83.27649688720703,150.35000610351562,52.88949966430664,357.75,23.0939998626709,51.869998931884766,33.779998779296875,309.1000061035156,81.94999694824219,140.67999267578125
2018-11-05,81.38999938964844,148.67999267578125,52.00450134277344,361.9800109863281,22.760000228881836,50.397499084472656,34.3033332824707,315.44000244140625,81.63999938964844,142.1999969482422
2018-11-06,82.1405029296875,149.94000244140625,52.79050064086914,366.4700012207031,22.737333297729492,50.942501068115234,34.44333267211914,310.8399963378906,81.98999786376953,142.57000732421875
2018-11-07,87.77449798583984,151.52999877929688,54.669498443603516,372.0199890136719,23.21066665649414,52.48749923706055,34.77333450317383,327.5,83.02999877929688,144.75
2018-11-08,87.74549865722656,147.8699951171875,54.119998931884766,370.7699890136719,23.426666259765625,52.122501373291016,34.959999084472656,317.9200134277344,81.70999908447266,145.3000030517578
2018-11-09,85.62149810791016,144.9600067138672,53.307498931884766,369.3399963378906,23.367332458496094,51.11750030517578,35.186668395996094,303.4700012207031,80.87000274658203,145.33999633789062
2018-11-12,81.84249877929688,141.5500030517578,51.93149948120117,357.0299987792969,22.0853328704834,48.54249954223633,34.62333297729492,294.07000732421875,79.83000183105469,145.6199951171875
2018-11-13,81.55850219726562,142.16000366210938,51.8025016784668,349.510009765625,22.582000732421875,48.057498931884766,34.313331604003906,294.3999938964844,78.0,144.67999267578125
2018-11-14,79.95050048828125,144.22000122070312,52.18299865722656,344.7200012207031,22.933332443237305,46.70000076293945,33.84333419799805,286.7300109863281,77.38999938964844,144.25
2018-11-15,80.97200012207031,143.85000610351562,53.23550033569336,341.57000732421875,23.229333877563477,47.852500915527344,33.18000030517578,290.05999755859375,78.19000244140625,144.5
2018-11-16,79.67050170898438,139.52999877929688,53.074501037597656,335.95001220703125,23.62066650390625,48.38249969482422,32.563331604003906,286.2099914550781,78.95999908447266,145.99000549316406
2018-11-19,75.614501953125,131.5500030517578,51.0,320.94000244140625,23.564666748046875,46.46500015258789,32.2599983215332,270.6000061035156,79.22000122070312,147.72999572753906
2018-11-20,74.77300262451172,132.42999267578125,51.28799819946289,317.70001220703125,23.166000366210938,44.244998931884766,31.386667251586914,266.9800109863281,76.97000122070312,146.4499969482422
2018-11-21,75.83650207519531,134.82000732421875,51.88050079345703,317.32000732421875,22.54599952697754,44.19499969482422,31.389999389648438,262.1300048828125,77.55999755859375,141.99000549316406
2018-11-23,75.10299682617188,131.72999572753906,51.194000244140625,312.32000732421875,21.722000122070312,43.0724983215332,31.700000762939453,258.82000732421875,75.48999786376953,142.22999572753906
2018-11-26,79.06649780273438,136.3800048828125,52.430999755859375,316.3599853515625,23.066667556762695,43.654998779296875,31.71666717529297,261.42999267578125,76.9800033569336,141.3699951171875
2018-11-27,79.07099914550781,135.0,52.22050094604492,318.0299987792969,22.92799949645996,43.560001373291016,31.68000030517578,266.6300048828125,77.05000305175781,143.22000122070312
2018-11-28,83.88749694824219,136.75999450683594,54.311500549316406,333.5,23.191333770751953,45.23500061035156,32.48666763305664,282.6499938964844,78.44999694824219,146.44000244140625
2018-11-29,83.67849731445312,138.67999267578125,54.415000915527344,342.55999755859375,22.744667053222656,44.88750076293945,32.43000030517578,288.75,79.05999755859375,145.85000610351562
2018-11-30,84.50849914550781,140.61000061035156,54.721500396728516,346.760009765625,23.365333557128906,44.64500045776367,32.54999923706055,286.1300048828125,79.5,146.89999389648438
2018-12-03,88.61799621582031,141.08999633789062,55.32149887084961,359.9599914550781,23.89933204650879,46.20500183105469,32.91666793823242,290.29998779296875,81.22000122070312,146.2100067138672
2018-12-04,83.41999816894531,137.92999267578125,52.54100036621094,342.5,23.979999542236328,44.17250061035156,31.93666648864746,275.3299865722656,79.43000030517578,146.02999877929688
2018-12-06,84.95950317382812,139.6300048828125,53.436500549316406,331.8999938964844,24.20400047302246,43.68000030517578,31.59000015258789,282.8800048828125,78.38999938964844,145.91000366210938
2018-12-07,81.45649719238281,137.4199981689453,51.82899856567383,323.2200012207031,23.864667892456055,42.122501373291016,31.06333351135254,265.1400146484375,77.63999938964844,145.42999267578125
2018-12-10,82.05149841308594,141.85000610351562,51.977500915527344,326.3500061035156,24.343332290649414,42.400001525878906,31.31333351135254,269.70001220703125,76.54000091552734,145.25999450683594
2018-12-11,82.16200256347656,142.0800018310547,52.587501525878906,322.0299987792969,24.450666427612305,42.157501220703125,31.28333282470703,265.32000732421875,76.68000030517578,146.5
2018-12-12,83.177001953125,144.5,53.183998107910156,326.69000244140625,24.440000534057617,42.275001525878906,31.036666870117188,274.8800048828125,76.0199966430664,147.10000610351562
2018-12-13,82.91899871826172,145.00999450683594,53.095001220703125,325.4700012207031,25.119333267211914,42.73749923706055,30.98666763305664,276.0199890136719,76.9800033569336,147.83999633789062
2018-12-14,79.59549713134766,144.05999755859375,52.10499954223633,318.75,24.380666732788086,41.369998931884766,30.616666793823242,266.8399963378906,75.58000183105469,133.0
2018-12-17,76.04550170898438,140.19000244140625,50.826499938964844,316.1300048828125,23.22800064086914,40.98500061035156,30.25666618347168,262.79998779296875,74.04000091552734,129.13999938964844
2018-12-18,77.5739974975586,143.66000366210938,51.43550109863281,328.05999755859375,22.468666076660156,41.51750183105469,30.360000610351562,270.94000244140625,72.0,130.4199981689453
2018-12-19,74.75399780273438,133.24000549316406,51.1505012512207,319.54998779296875,22.197999954223633,40.22249984741211,30.183332443237305,266.7699890136719,70.77999877929688,127.61000061035156
2018-12-20,73.04149627685547,133.39999389648438,50.47050094604492,313.04998779296875,21.025333404541016,39.20750045776367,29.093332290649414,260.5799865722656,68.62999725341797,128.27000427246094
2018-12-21,68.87249755859375,124.94999694824219,48.97700119018555,304.54998779296875,21.31800079345703,37.682498931884766,29.043333053588867,246.38999938964844,68.12000274658203,128.08999633789062
2018-12-24,67.197998046875,124.05999755859375,48.81100082397461,294.1600036621094,19.69266700744629,36.70750045776367,28.606666564941406,233.8800048828125,65.51000213623047,122.83999633789062
2018-12-26,73.54499816894531,134.17999267578125,51.972999572753906,313.92999267578125,21.73933219909668,39.29249954223633,30.136667251586914,253.6699981689453,68.63999938964844,126.70999908447266
2018-12-27,73.08200073242188,134.52000427246094,52.194000244140625,317.1400146484375,21.075332641601562,39.037498474121094,30.530000686645508,255.57000732421875,68.94000244140625,127.41000366210938
2018-12-28,73.9010009765625,133.1999969482422,51.854000091552734,316.3800048828125,22.257999420166016,39.057498931884766,30.709999084472656,256.0799865722656,68.16999816894531,127.2699966430664
2018-12-31,75.09850311279297,131.08999633789062,51.78049850463867,322.5,22.18666648864746,39.435001373291016,31.049999237060547,267.6600036621094,68.19000244140625,129.0500030517578
2019-01-02,76.95649719238281,135.67999267578125,52.29249954223633,323.80999755859375,20.674667358398438,39.47999954223633,31.113332748413086,267.6600036621094,69.69000244140625,127.75
2019-01-03,75.01399993896484,131.74000549316406,50.803001403808594,310.8999938964844,20.02400016784668,35.54750061035156,30.953332901000977,271.20001220703125,68.62000274658203,125.72000122070312
2019-01-04,78.76950073242188,137.9499969482422,53.535499572753906,327.0799865722656,21.179332733154297,37.064998626708984,31.14666748046875,297.57000732421875,71.1500015258789,127.83000183105469
2019-01-07,81.47550201416016,138.0500030517578,53.419498443603516,328.1099853515625,22.33066749572754,36.98249816894531,31.51333236694336,315.3399963378906,71.5199966430664,127.01000213623047
2019-01-08,82.8290023803711,142.52999877929688,53.81399917602539,340.5299987792969,22.356666564941406,37.6875,31.733333587646484,320.2699890136719,72.04000091552734,129.9600067138672
2019-01-09,82.97100067138672,144.22999572753906,53.733001708984375,343.8299865722656,22.568666458129883,38.32749938964844,31.6299991607666,319.9599914550781,72.41999816894531,128.92999267578125
2019-01-10,82.81099700927734,144.1999969482422,53.51649856567383,352.6099853515625,22.99799919128418,38.45000076293945,31.65333366394043,324.6600036621094,72.05000305175781,129.7100067138672
2019-01-11,82.02799987792969,143.8000030517578,52.859500885009766,352.8999938964844,23.150667190551758,38.0724983215332,31.613332748413086,337.5899963378906,71.72000122070312,129.75
2019-01-14,80.8604965209961,145.38999938964844,52.234500885009766,350.3599853515625,22.293333053588867,37.5,31.649999618530273,332.94000244140625,71.62999725341797,128.27999877929688
2019-01-15,83.72799682617188,148.9499969482422,53.85749816894531,352.239990234375,22.961999893188477,38.26750183105469,32.08333206176758,354.6400146484375,71.66999816894531,129.36000061035156
2019-01-16,84.18900299072266,147.5399932861328,54.048500061035156,352.05999755859375,23.06999969482422,38.73500061035156,32.116668701171875,351.3900146484375,71.63999938964844,128.0399932861328
2019-01-17,84.66100311279297,148.3000030517578,54.494998931884766,359.0899963378906,23.15399932861328,38.96500015258789,32.246665954589844,353.19000244140625,72.12999725341797,129.08999633789062
2019-01-18,84.80999755859375,150.0399932861328,54.91299819946289,364.7300109863281,20.150667190551758,39.20500183105469,32.57666778564453,339.1000061035156,72.98999786376953,130.69000244140625
2019-01-22,81.6084976196289,147.57000732421875,53.5260009765625,357.8999938964844,19.92799949645996,38.32500076293945,32.496665954589844,325.1600036621094,71.88999938964844,128.8000030517578
2019-01-23,82.0009994506836,144.3000030517578,53.778499603271484,358.6099853515625,19.172666549682617,38.47999954223633,32.9033317565918,321.989990234375,71.30000305175781,128.8000030517578
2019-01-24,82.74649810791016,145.8300018310547,53.69499969482422,358.2699890136719,19.43400001525879,38.17499923706055,32.78666687011719,326.6700134277344,71.4000015258789,127.02999877929688
2019-01-25,83.52850341796875,149.00999450683594,54.54949951171875,364.20001220703125,19.80266761779785,39.439998626708984,32.313331604003906,338.04998779296875,71.72000122070312,128.22999572753906
2019-01-28,81.89450073242188,147.47000122070312,53.50400161743164,362.9700012207031,19.7586669921875,39.07500076293945,32.35333251953125,335.6600036621094,71.23999786376953,128.99000549316406
2019-01-29,79.69400024414062,144.19000244140625,53.03099822998047,364.9100036621094,19.83066749572754,38.66999816894531,32.23666763305664,328.8999938964844,71.51000213623047,130.3300018310547
2019-01-30,83.52149963378906,150.4199981689453,54.452999114990234,387.7200012207031,20.584667205810547,41.3125,31.600000381469727,340.6600036621094,72.29000091552734,131.63999938964844
2019-01-31,85.9365005493164,166.69000244140625,55.81850051879883,385.6199951171875,20.468000411987305,41.61000061035156,31.94333267211914,339.5,73.27999877929688,133.0800018310547
2019-02-01,81.3115005493164,165.7100067138672,55.537498474121094,387.42999267578125,20.81399917602539,41.630001068115234,31.286666870117188,339.8500061035156,75.91999816894531,134.1999969482422
2019-02-04,81.66549682617188,169.25,56.63999938964844,397.0,20.859333038330078,42.8125,31.59000015258789,351.3399963378906,74.81999969482422,132.8800048828125
2019-02-05,82.94049835205078,171.16000366210938,57.29949951171875,410.17999267578125,21.42333221435547,43.54499816894531,31.866666793823242,355.80999755859375,75.58999633789062,132.8800048828125
2019-02-06,82.01300048828125,170.49000549316406,55.76150131225586,411.1099853515625,21.148000717163086,43.560001373291016,31.8799991607666,352.19000244140625,75.26000213623047,133.0
2019-02-07,80.71849822998047,166.3800048828125,54.93550109863281,405.1700134277344,20.500667572021484,42.73500061035156,32.24333190917969,344.7099914550781,74.68000030517578,132.0500030517578
2019-02-08,79.41100311279297,167.3300018310547,54.75299835205078,404.9100036621094,20.386667251586914,42.602500915527344,31.860000610351562,347.57000732421875,73.9800033569336,132.39999389648438
2019-02-11,79.55000305175781,165.7899932861328,54.7504997253418,403.95001220703125,20.856000900268555,42.35749816894531,32.06666564941406,345.7300109863281,74.0999984741211,132.0
2019-02-12,81.90049743652344,165.0399932861328,56.06850051879883,410.7200012207031,20.78733253479004,42.72249984741211,32.323333740234375,359.9700012207031,75.4000015258789,134.16000366210938
2019-02-13,82.0,164.07000732421875,56.007999420166016,410.5799865722656,20.544666290283203,42.54499816894531,32.64666748046875,351.7699890136719,76.25,134.4499969482422
2019-02-14,81.13249969482422,163.9499969482422,56.083499908447266,409.82000732421875,20.251333236694336,42.70000076293945,32.84000015258789,359.07000732421875,76.2699966430664,134.30999755859375
2019-02-15,80.39749908447266,162.5,55.682498931884766,417.9700012207031,20.525333404541016,42.60499954223633,33.33000183105469,356.8699951171875,77.70999908447266,136.3800048828125
2019-02-19,81.37899780273438,162.2899932861328,55.928001403808594,416.260009765625,20.375999450683594,42.73249816894531,34.06666564941406,361.9200134277344,78.2300033569336,135.69000244140625
2019-02-20,81.1050033569336,162.55999755859375,55.689998626708984,421.54998779296875,20.17066764831543,43.00749969482422,33.293331146240234,359.9100036621094,78.52999877929688,136.35000610351562
2019-02-21,80.97200012207031,160.0399932861328,54.8484992980957,417.5799865722656,19.415332794189453,42.76499938964844,33.130001068115234,356.9700012207031,77.81999969482422,135.4199981689453
2019-02-22,81.5780029296875,161.88999938964844,55.51850128173828,424.04998779296875,19.6473331451416,43.24250030517578,33.18333435058594,363.0199890136719,78.41999816894531,136.60000610351562
2019-02-25,81.6500015258789,164.6199951171875,55.470001220703125,426.8699951171875,19.917999267578125,43.557498931884766,33.040000915527344,363.9100036621094,78.5,136.1999969482422
2019-02-26,81.81999969482422,164.1300048828125,55.756500244140625,426.7699890136719,19.857332229614258,43.58250045776367,32.89666748046875,364.9700012207031,78.66000366210938,136.11000061035156
2019-02-27,82.05449676513672,162.80999755859375,55.8025016784668,435.44000244140625,20.982667922973633,43.717498779296875,32.70333480834961,362.8699951171875,79.47000122070312,135.8699951171875
2019-02-28,81.99150085449219,161.4499969482422,55.99599838256836,439.9599914550781,21.325332641601562,43.287498474121094,32.996665954589844,358.1000061035156,79.02999877929688,136.63999938964844
2019-03-01,83.58650207519531,162.27999877929688,57.04949951171875,440.6199951171875,19.652666091918945,43.74250030517578,32.643333435058594,357.32000732421875,80.0,138.35000610351562
2019-03-04,84.80850219726562,167.3699951171875,57.38999938964844,432.69000244140625,19.02400016784668,43.962501525878906,32.616668701171875,351.0400085449219,80.30999755859375,138.47999572753906
2019-03-05,84.62149810791016,171.25999450683594,58.10150146484375,430.1199951171875,18.43600082397461,43.88249969482422,32.779998779296875,354.29998779296875,80.19000244140625,138.77000427246094
2019-03-06,83.44750213623047,172.50999450683594,57.893001556396484,424.4599914550781,18.416000366210938,43.630001068115234,32.753334045410156,359.6099853515625,79.27999877929688,139.08999633789062
2019-03-07,81.29750061035156,169.1300048828125,57.165000915527344,422.55999755859375,18.439332962036133,43.125,32.483333587646484,352.6000061035156,80.16000366210938,138.24000549316406
2019-03-08,81.04000091552734,169.60000610351562,57.11600112915039,422.5400085449219,18.94266700744629,43.227500915527344,32.529998779296875,349.6000061035156,79.01000213623047,138.05999755859375
2019-03-11,83.53099822998047,172.07000732421875,58.78799819946289,400.010009765625,19.39466667175293,44.724998474121094,32.82666778564453,358.8599853515625,79.77999877929688,138.55999755859375
2019-03-12,83.65499877929688,171.9199981689453,59.65999984741211,375.4100036621094,18.890666961669922,45.227500915527344,32.790000915527344,356.2699890136719,80.0,139.17999267578125
2019-03-13,84.54049682617188,173.3699951171875,59.66600036621094,377.1400146484375,19.263999938964844,45.4275016784668,33.0099983215332,361.2099914550781,80.70999908447266,139.41000366210938
2019-03-14,84.31099700927734,170.1699981689453,59.27750015258789,373.29998779296875,19.33066749572754,45.932498931884766,32.7400016784668,358.82000732421875,80.44000244140625,138.02000427246094
2019-03-15,85.61799621582031,165.97999572753906,59.222999572753906,378.989990234375,18.36199951171875,46.529998779296875,32.80666732788086,361.4599914550781,80.1500015258789,137.60000610351562
2019-03-18,87.10749816894531,160.47000122070312,59.2130012512207,372.2799987792969,17.965999603271484,47.005001068115234,33.220001220703125,363.44000244140625,81.08000183105469,137.1699981689453
2019-03-19,88.09249877929688,161.57000732421875,59.942501068115234,373.42999267578125,17.83133316040039,46.63249969482422,33.28333282470703,358.7799987792969,80.87000274658203,138.44000244140625
2019-03-20,89.8635025024414,165.44000244140625,61.19850158691406,376.1600036621094,18.239999771118164,47.040000915527344,32.880001068115234,375.2200012207031,81.31999969482422,137.2899932861328
2019-03-21,90.96299743652344,166.0800018310547,61.57699966430664,372.70001220703125,18.26799964904785,48.772499084472656,33.02000045776367,377.8699951171875,81.79000091552734,138.10000610351562
2019-03-22,88.2385025024414,164.33999633789062,60.275001525878906,362.1700134277344,17.635332107543945,47.76250076293945,32.7599983215332,361.010009765625,80.4800033569336,136.91000366210938
2019-03-25,88.71299743652344,166.2899932861328,59.650001525878906,370.4599914550781,17.3613338470459,47.185001373291016,32.723331451416016,366.2300109863281,79.91999816894531,136.61000061035156
2019-03-26,89.18800354003906,167.67999267578125,59.23099899291992,370.3800048828125,17.851333618164062,46.6974983215332,32.77333450317383,359.9700012207031,80.95999908447266,138.57000732421875
2019-03-27,88.28500366210938,165.8699951171875,58.6510009765625,374.2099914550781,18.32200050354004,47.11750030517578,32.4033317565918,353.3699951171875,80.33999633789062,138.6999969482422
2019-03-28,88.6709976196289,165.5500030517578,58.42449951171875,374.44000244140625,18.57466697692871,47.18000030517578,32.37666702270508,354.6099853515625,80.73999786376953,138.8800048828125
2019-03-29,89.0374984741211,166.69000244140625,58.66550064086914,381.4200134277344,18.657333374023438,47.48749923706055,32.5099983215332,356.55999755859375,80.80000305175781,139.7899932861328
2019-04-01,90.70950317382812,168.6999969482422,59.721500396728516,391.5400085449219,19.278667449951172,47.810001373291016,32.606666564941406,366.9599914550781,81.7300033569336,138.97999572753906
2019-04-02,90.6989974975586,174.1999969482422,60.02450180053711,390.75,19.058666229248047,48.505001068115234,32.313331604003906,367.7200012207031,81.37999725341797,137.7100067138672
2019-04-03,91.03500366210938,173.5399932861328,60.29600143432617,384.739990234375,19.45400047302246,48.837501525878906,32.39666748046875,369.75,80.9000015258789,137.1699981689453
2019-04-04,90.94300079345703,176.02000427246094,60.75,395.8599853515625,17.851999282836914,48.92250061035156,32.70333480834961,367.8800048828125,82.05000305175781,135.57000732421875
2019-04-05,91.86399841308594,175.72000122070312,60.35749816894531,391.92999267578125,18.33066749572754,49.25,32.94333267211914,365.489990234375,82.48999786376953,136.17999267578125
2019-04-08,92.49299621582031,174.92999267578125,60.19200134277344,374.5199890136719,18.213333129882812,50.025001525878906,33.07666778564453,361.4100036621094,83.0,136.13999938964844
2019-04-09,91.79199981689453,177.5800018310547,59.86249923706055,369.0400085449219,18.15399932861328,49.875,32.89666748046875,364.7099914550781,81.93000030517578,135.57000732421875
2019-04-10,92.36650085449219,177.82000732421875,60.108001708984375,364.94000244140625,18.40399932861328,50.154998779296875,33.20000076293945,363.9200134277344,81.55999755859375,135.5800018310547
2019-04-11,92.20349884033203,177.50999450683594,60.23099899291992,370.1600036621094,17.89466667175293,49.73749923706055,33.599998474121094,367.6499938964844,81.94999694824219,135.2100067138672
2019-04-12,92.15299987792969,179.10000610351562,60.89350128173828,379.6400146484375,17.84666633605957,49.717498779296875,33.85333251953125,351.1400146484375,80.91999816894531,135.97999572753906
2019-04-15,92.24349975585938,179.64999389648438,61.05500030517578,375.4599914550781,17.7586669921875,49.807498931884766,34.143333435058594,348.8699951171875,80.6500015258789,136.52000427246094
2019-04-16,93.1520004272461,178.8699951171875,61.35649871826172,381.7200012207031,18.224000930786133,49.8125,34.310001373291016,359.4599914550781,81.19999694824219,138.02000427246094
2019-04-17,93.24099731445312,178.77999877929688,61.81700134277344,377.5199890136719,18.082000732421875,50.782501220703125,34.38666534423828,354.739990234375,81.43000030517578,138.52000427246094
2019-04-18,93.08450317382812,178.27999877929688,61.81850051879883,380.07000732421875,18.21733283996582,50.96500015258789,34.393333435058594,360.3500061035156,81.12999725341797,137.52000427246094
2019-04-22,94.3655014038086,181.44000244140625,62.44200134277344,375.1700134277344,17.516666412353516,51.13249969482422,34.12333297729492,377.3399963378906,82.9000015258789,137.8300018310547
2019-04-23,96.1884994506836,183.77999877929688,63.227500915527344,374.0199890136719,17.593332290649414,51.869998931884766,34.356666564941406,381.8900146484375,83.37999725341797,139.89999389648438
2019-04-24,95.0875015258789,182.5800018310547,62.79999923706055,375.4599914550781,17.243999481201172,51.790000915527344,34.5099983215332,374.2300109863281,81.76000213623047,139.1999969482422
2019-04-25,95.11250305175781,193.25999450683594,63.17250061035156,382.79998779296875,16.5086669921875,51.31999969482422,34.50666809082031,368.3299865722656,82.22000122070312,139.64999389648438
2019-04-26,97.53150177001953,191.49000549316406,63.60900115966797,380.7900085449219,15.675999641418457,51.07500076293945,33.84333419799805,374.8500061035156,80.48999786376953,140.38999938964844
2019-04-29,96.92150115966797,194.77999877929688,64.37899780273438,379.04998779296875,16.097999572753906,51.15250015258789,33.85333251953125,371.8299865722656,79.97000122070312,139.83999633789062
2019-04-30,96.32599639892578,193.39999389648438,59.42399978637695,377.69000244140625,15.912667274475098,50.16749954223633,34.279998779296875,370.5400085449219,80.27999877929688,141.1999969482422
2019-05-01,95.57599639892578,193.02999877929688,58.40399932861328,376.79998779296875,15.600666999816895,52.630001068115234,33.78666687011719,378.80999755859375,78.66999816894531,141.9499969482422
2019-05-02,95.04100036621094,192.52999877929688,58.13050079345703,375.79998779296875,16.273332595825195,52.287498474121094,33.71666717529297,379.05999755859375,77.29000091552734,141.27999877929688
2019-05-03,98.12300109863281,195.47000122070312,59.27000045776367,376.4599914550781,17.00200080871582,52.9375,34.026668548583984,385.0299987792969,77.47000122070312,142.00999450683594
2019-05-06,97.52749633789062,193.8800048828125,59.46950149536133,371.6000061035156,17.022666931152344,52.119998931884766,34.1533317565918,378.6700134277344,77.12999725341797,142.08999633789062
2019-05-07,96.05000305175781,189.77000427246094,58.70500183105469,357.2300109863281,16.470666885375977,50.71500015258789,33.766666412353516,370.4599914550781,76.72000122070312,139.97000122070312
2019-05-08,95.88849639892578,189.5399932861328,58.313499450683594,359.75,16.32266616821289,50.724998474121094,33.43333435058594,364.3699951171875,76.83999633789062,139.7899932861328
2019-05-09,94.99349975585938,188.64999389648438,58.11899948120117,354.1300048828125,16.131999969482422,50.18000030517578,33.18000030517578,362.75,76.7699966430664,138.72999572753906
2019-05-10,94.4990005493164,188.33999633789062,58.2135009765625,354.6700134277344,15.968000411987305,49.29499816894531,33.970001220703125,361.0400085449219,76.55999755859375,139.0500030517578
2019-05-13,91.13400268554688,181.5399932861328,56.60150146484375,337.3699951171875,15.133999824523926,46.43000030517578,33.29666519165039,345.260009765625,75.70999908447266,137.1999969482422
2019-05-14,92.00599670410156,180.72999572753906,56.02199935913086,343.0400085449219,15.487333297729492,47.165000915527344,33.43000030517578,345.6099853515625,75.80999755859375,136.82000732421875
2019-05-15,93.55750274658203,186.27000427246094,58.21049880981445,345.6400146484375,15.463333129882812,47.72999954223633,33.293331146240234,354.989990234375,76.37000274658203,136.91000366210938
2019-05-16,95.37850189208984,186.99000549316406,58.94900131225586,353.80999755859375,15.222000122070312,47.52000045776367,33.77000045776367,359.30999755859375,76.36000061035156,138.2100067138672
2019-05-17,93.44999694824219,185.3000030517578,58.1150016784668,355.0199890136719,14.0686674118042,47.25,33.619998931884766,354.45001220703125,75.91000366210938,138.61000061035156
2019-05-20,92.94850158691406,182.72000122070312,56.942501068115234,352.7900085449219,13.690667152404785,45.772499084472656,33.84000015258789,348.1099853515625,75.9000015258789,138.4199981689453
2019-05-21,92.8759994506836,184.82000732421875,57.48149871826172,358.75,13.67199993133545,46.650001525878906,33.706668853759766,354.2699890136719,76.25,138.1199951171875
2019-05-22,92.98400115966797,185.32000732421875,57.57099914550781,352.7799987792969,12.84866714477539,45.69499969482422,34.07666778564453,359.7300109863281,75.55999755859375,138.75999450683594
2019-05-23,90.77400207519531,180.8699951171875,57.03850173950195,350.54998779296875,13.03266716003418,44.915000915527344,33.95333480834961,352.2099914550781,73.79000091552734,139.7899932861328
2019-05-24,91.16400146484375,181.05999755859375,56.673500061035156,354.8999938964844,12.708666801452637,44.74250030517578,34.223331451416016,354.3900146484375,74.0999984741211,138.85000610351562
2019-05-28,91.82150268554688,184.30999755859375,56.70750045776367,354.8800048828125,12.579999923706055,44.557498931884766,34.13999938964844,355.05999755859375,72.61000061035156,137.07000732421875
2019-05-29,90.95950317382812,182.19000244140625,55.823001861572266,348.79998779296875,12.657333374023438,44.345001220703125,34.040000915527344,349.19000244140625,72.16000366210938,131.3300018310547
2019-05-30,90.81600189208984,183.00999450683594,55.897499084472656,349.8699951171875,12.54800033569336,44.57500076293945,34.063331604003906,351.8500061035156,71.97000122070312,132.11000061035156
2019-05-31,88.75350189208984,177.47000122070312,55.18149948120117,341.6099853515625,12.343999862670898,43.76750183105469,33.813331604003906,343.2799987792969,70.7699966430664,131.14999389648438
2019-06-03,84.6344985961914,164.14999389648438,51.811500549316406,338.8900146484375,11.9313325881958,43.32500076293945,33.98666763305664,336.6300048828125,71.87999725341797,131.44000244140625
2019-06-04,86.47799682617188,167.5,52.65250015258789,344.6199951171875,12.90666675567627,44.90999984741211,34.186668395996094,353.3999938964844,73.58999633789062,133.72999572753906
2019-06-05,86.92500305175781,168.1699981689453,52.111000061035156,348.75,13.105999946594238,45.6349983215332,34.80666732788086,355.7300109863281,72.9800033569336,134.3800048828125
2019-06-06,87.71800231933594,168.3300018310547,52.21699905395508,350.6400146484375,13.729999542236328,46.30500030517578,35.03666687011719,357.1300048828125,74.30999755859375,136.67999267578125
2019-06-07,90.20149993896484,173.35000610351562,53.301998138427734,353.70001220703125,13.633333206176758,47.537498474121094,35.35333251953125,360.8699951171875,74.58000183105469,138.5500030517578
2019-06-10,93.03150177001953,174.82000732421875,54.01900100708008,353.79998779296875,14.192000389099121,48.14500045776367,35.84000015258789,352.010009765625,74.91000366210938,139.02000427246094
2019-06-11,93.18499755859375,178.10000610351562,53.93600082397461,349.3299865722656,14.473333358764648,48.70249938964844,35.97999954223633,351.2699890136719,74.83999633789062,139.77999877929688
2019-06-12,92.76599884033203,175.0399932861328,53.85150146484375,347.0299987792969,13.950667381286621,48.54750061035156,36.27333450317383,345.55999755859375,74.02999877929688,141.67999267578125
2019-06-13,93.51499938964844,177.47000122070312,54.438499450683594,348.8599853515625,14.260666847229004,48.537498474121094,36.21666717529297,343.42999267578125,74.68000030517578,140.7100067138672
2019-06-14,93.4834976196289,181.3300018310547,54.26750183105469,347.1600036621094,14.32800006866455,48.185001373291016,36.356666564941406,339.7300109863281,74.3499984741211,140.08999633789062
2019-06-17,94.30149841308594,189.00999450683594,54.625,354.8999938964844,15.001999855041504,48.47249984741211,36.38666534423828,350.6199951171875,75.08999633789062,139.44000244140625
2019-06-18,95.06849670410156,188.47000122070312,55.18000030517578,373.9599914550781,14.982666969299316,49.61249923706055,36.54999923706055,357.1199951171875,75.73999786376953,140.22999572753906
2019-06-19,95.43949890136719,187.47999572753906,55.11650085449219,368.55999755859375,15.095333099365234,49.467498779296875,36.540000915527344,363.5199890136719,75.31999969482422,140.4499969482422
2019-06-20,95.90950012207031,189.52999877929688,55.57099914550781,374.8800048828125,14.641332626342773,49.8650016784668,36.77333450317383,365.2099914550781,76.61000061035156,142.2100067138672
2019-06-21,95.56500244140625,191.13999938964844,56.09400177001953,371.8399963378906,14.790666580200195,49.69499969482422,37.043331146240234,369.2099914550781,77.69000244140625,142.08999633789062
2019-06-24,95.69499969482422,192.60000610351562,55.7760009765625,373.989990234375,14.909333229064941,49.64500045776367,37.08000183105469,371.0400085449219,76.94999694824219,143.05999755859375
2019-06-25,93.91349792480469,188.83999633789062,54.317501068115234,369.32000732421875,14.650667190551758,48.89250183105469,36.90666580200195,360.29998779296875,76.2699966430664,144.24000549316406
2019-06-26,94.8915023803711,187.66000366210938,53.9900016784668,374.94000244140625,14.618000030517578,49.95000076293945,36.720001220703125,362.20001220703125,76.5999984741211,141.85000610351562
2019-06-27,95.21399688720703,189.5,53.800498962402344,364.0199890136719,14.855999946594238,49.935001373291016,36.70000076293945,370.0199890136719,75.81999969482422,140.69000244140625
2019-06-28,94.68150329589844,193.0,54.045501708984375,364.010009765625,14.897333145141602,49.47999954223633,36.83000183105469,367.32000732421875,76.62999725341797,139.27999877929688
2019-07-01,96.1094970703125,193.0,54.897499084472656,356.4599914550781,15.14466667175293,50.38750076293945,36.87333297729492,374.6000061035156,76.55999755859375,139.36000061035156
2019-07-02,96.71549987792969,195.0,55.5625,354.1600036621094,14.970000267028809,50.682498931884766,37.20000076293945,375.42999267578125,75.72000122070312,140.02999877929688
2019-07-03,96.94999694824219,197.1999969482422,56.07899856567383,354.4700012207031,15.65999984741211,51.102500915527344,37.439998626708984,381.7200012207031,76.44000244140625,142.13999938964844
2019-07-05,97.14550018310547,196.39999389648438,56.579498291015625,355.8599853515625,15.539999961853027,51.057498931884766,37.32666778564453,380.54998779296875,76.12999725341797,140.57000732421875
2019-07-08,97.61599731445312,195.75999450683594,55.817501068115234,351.1199951171875,15.355999946594238,50.005001068115234,37.573333740234375,376.1600036621094,76.4800033569336,140.97000122070312
2019-07-09,99.41500091552734,199.2100067138672,56.24150085449219,353.0899963378906,15.337332725524902,50.310001373291016,37.62666702270508,379.92999267578125,76.43000030517578,141.41000366210938
2019-07-10,100.87049865722656,202.72999572753906,57.02399826049805,352.29998779296875,15.928000450134277,50.807498931884766,37.65999984741211,381.0,77.51000213623047,141.2100067138672
2019-07-11,100.05349731445312,201.22999572753906,57.21049880981445,359.0,15.90666675567627,50.4375,37.973331451416016,379.5,77.56999969482422,140.11000061035156
2019-07-12,100.55000305175781,204.8699951171875,57.244998931884766,365.3299865722656,16.338666915893555,50.82500076293945,38.20000076293945,373.25,77.62999725341797,134.3000030517578
2019-07-15,101.04949951171875,203.91000366210938,57.516998291015625,361.6099853515625,16.899999618530273,51.3025016784668,38.32666778564453,366.6000061035156,77.08000183105469,134.7100067138672
2019-07-16,100.49500274658203,203.83999633789062,57.67900085449219,362.75,16.825332641601562,51.125,38.253334045410156,365.989990234375,75.93000030517578,132.5
2019-07-17,99.60150146484375,201.8000030517578,57.317501068115234,369.5199890136719,16.99066734313965,50.837501525878906,38.20000076293945,362.44000244140625,75.4800033569336,131.86000061035156
2019-07-18,98.8949966430664,200.77999877929688,57.31650161743164,361.1099853515625,16.902666091918945,51.415000915527344,38.2400016784668,325.2099914550781,74.83999633789062,132.07000732421875
2019-07-19,98.22599792480469,198.36000061035156,56.505001068115234,377.3599853515625,17.211999893188477,50.647499084472656,37.96666717529297,315.1000061035156,74.98999786376953,130.30999755859375
2019-07-22,99.28150177001953,202.32000732421875,56.903499603271484,373.4200134277344,17.045333862304688,51.80500030517578,37.606666564941406,310.6199951171875,75.06999969482422,128.63999938964844
2019-07-23,99.72450256347656,202.36000061035156,57.31050109863281,373.07000732421875,17.344667434692383,52.209999084472656,37.36333465576172,307.29998779296875,75.37000274658203,128.83999633789062
2019-07-24,100.04049682617188,204.66000366210938,56.890499114990234,361.42999267578125,17.658666610717773,52.16749954223633,37.33333206176758,317.94000244140625,75.36000061035156,129.77999877929688
2019-07-25,98.69100189208984,200.7100067138672,56.60599899291992,348.0899963378906,15.254667282104492,51.755001068115234,37.40666580200195,326.4599914550781,74.93000030517578,131.1199951171875
2019-07-26,97.15249633789062,199.75,62.52050018310547,345.0,15.202667236328125,51.935001373291016,37.67333221435547,335.7799987792969,74.80999755859375,130.72999572753906
2019-07-29,95.62249755859375,195.94000244140625,61.97050094604492,340.2099914550781,15.718000411987305,52.41999816894531,37.42333221435547,332.70001220703125,75.33999633789062,133.02000427246094
2019-07-30,94.92649841308594,197.0399932861328,61.25699996948242,347.4599914550781,16.150667190551758,52.19499969482422,37.35333251953125,325.92999267578125,75.3499984741211,132.0800018310547
2019-07-31,93.33899688720703,194.22999572753906,60.83399963378906,341.17999267578125,16.107332229614258,53.2599983215332,36.793331146240234,322.989990234375,74.36000061035156,130.22000122070312
2019-08-01,92.76599884033203,192.72999572753906,60.45050048828125,334.2900085449219,15.59000015258789,52.10749816894531,36.459999084472656,319.5,72.45999908447266,130.2899932861328
2019-08-02,91.16200256347656,189.02000427246094,59.699501037597656,339.55999755859375,15.62266731262207,51.005001068115234,36.46666717529297,318.8299865722656,71.75,131.07000732421875
2019-08-05,88.25650024414062,181.72999572753906,57.61600112915039,331.05999755859375,15.221332550048828,48.334999084472656,35.27333450317383,307.6300048828125,70.27999877929688,130.16000366210938
2019-08-06,89.3915023803711,184.50999450683594,58.497501373291016,332.45001220703125,15.383333206176758,49.25,35.75666809082031,310.1000061035156,70.95999908447266,130.77000427246094
2019-08-07,89.66999816894531,185.14999389648438,58.699501037597656,331.3800048828125,15.561332702636719,49.7599983215332,36.06666564941406,304.2900085449219,70.5,130.2100067138672
2019-08-08,91.64450073242188,190.16000366210938,60.2400016784668,336.3500061035156,15.886667251586914,50.85749816894531,36.17333221435547,315.8999938964844,72.37999725341797,131.67999267578125
2019-08-09,90.37899780273438,187.85000610351562,59.4005012512207,337.54998779296875,15.667332649230957,50.247501373291016,35.7599983215332,308.92999267578125,70.83999633789062,132.0399932861328
2019-08-12,89.24600219726562,185.3699951171875,58.73550033569336,332.94000244140625,15.267333030700684,50.119998931884766,35.073333740234375,310.8299865722656,69.62999725341797,131.92999267578125
2019-08-13,91.21700286865234,188.4499969482422,59.86349868774414,332.8599853515625,15.666666984558105,52.24250030517578,35.8033332824707,312.2799987792969,70.48999786376953,133.4199981689453
2019-08-14,88.14800262451172,179.7100067138672,58.214500427246094,320.4200134277344,14.641332626342773,50.6875,35.400001525878906,299.1099853515625,67.6500015258789,130.25999450683594
2019-08-15,88.80599975585938,182.58999633789062,58.362998962402344,328.0,14.37600040435791,50.435001373291016,37.563331604003906,295.760009765625,67.25,130.5399932861328
2019-08-16,89.62850189208984,183.6999969482422,58.880001068115234,330.45001220703125,14.662667274475098,51.625,37.663333892822266,302.79998779296875,68.30000305175781,131.36000061035156
2019-08-19,90.80599975585938,186.1699981689453,59.92250061035156,333.7799987792969,15.121999740600586,52.587501525878906,37.936668395996094,309.3800048828125,69.44999694824219,132.25
2019-08-20,90.06900024414062,183.80999755859375,59.134498596191406,331.75,15.057332992553711,52.59000015258789,37.349998474121094,298.989990234375,69.02999877929688,130.60000610351562
2019-08-21,91.177001953125,183.5500030517578,59.5625,339.989990234375,14.722000122070312,53.15999984741211,37.34000015258789,297.80999755859375,69.72000122070312,131.52999877929688
2019-08-22,90.23300170898438,182.0399932861328,59.47650146484375,354.4100036621094,14.8100004196167,53.1150016784668,37.3033332824707,296.92999267578125,69.56999969482422,131.27000427246094
2019-08-23,87.48100280761719,177.75,57.56449890136719,356.010009765625,14.09333324432373,50.65999984741211,36.94333267211914,291.44000244140625,67.48999786376953,127.7300033569336
2019-08-26,88.44349670410156,180.36000061035156,58.44449996948242,359.0400085449219,14.333333015441895,51.622501373291016,37.33000183105469,294.9800109863281,67.8499984741211,127.80000305175781
2019-08-27,88.09149932861328,181.3000030517578,58.391998291015625,354.7300109863281,14.272000312805176,51.040000915527344,37.473331451416016,291.0299987792969,67.19000244140625,129.63999938964844
2019-08-28,88.2125015258789,181.75999450683594,58.55099868774414,359.9700012207031,14.37266731262207,51.38249969482422,37.573333740234375,291.7699890136719,67.68000030517578,128.67999267578125
2019-08-29,89.31999969482422,185.57000732421875,59.64250183105469,362.739990234375,14.780667304992676,52.252498626708984,38.026668548583984,296.7799987792969,68.43000030517578,128.24000549316406
2019-08-30,88.81449890136719,185.6699981689453,59.404998779296875,364.0899963378906,15.040666580200195,52.185001373291016,38.086666107177734,293.75,68.4800033569336,128.36000061035156
2019-09-03,89.49199676513672,182.38999938964844,58.419498443603516,354.4200134277344,15.000666618347168,51.42499923706055,38.21333312988281,289.2900085449219,68.55999755859375,128.74000549316406
2019-09-04,90.03099822998047,187.13999938964844,59.070499420166016,356.5299987792969,14.711999893188477,52.29750061035156,38.63666534423828,291.5199890136719,69.29000091552734,128.86000061035156
2019-09-05,92.03600311279297,190.89999389648438,60.569000244140625,360.29998779296875,15.305333137512207,53.31999969482422,38.47999954223633,293.25,70.2699966430664,128.5800018310547
2019-09-06,91.67549896240234,187.49000549316406,60.246498107910156,363.0,15.16333293914795,53.314998626708984,38.24333190917969,290.1700134277344,70.93000030517578,128.2100067138672
2019-09-09,91.56749725341797,188.75999450683594,60.22050094604492,358.7799987792969,15.452667236328125,53.54249954223633,38.776668548583984,294.3399963378906,71.48999786376953,126.94999694824219
2019-09-10,91.02749633789062,186.1699981689453,60.29999923706055,369.489990234375,15.702667236328125,54.17499923706055,38.68333435058594,287.989990234375,72.06999969482422,129.5500030517578
2019-09-11,91.14949798583984,188.49000549316406,61.00849914550781,382.94000244140625,16.47333335876465,55.897499084472656,38.67333221435547,288.2699890136719,71.93000030517578,131.1699981689453
2019-09-12,92.17749786376953,187.47000122070312,61.712501525878906,375.6300048828125,16.391332626342773,55.772499084472656,38.973331451416016,288.8599853515625,71.9800033569336,130.42999267578125
2019-09-13,91.96700286865234,187.19000244140625,61.97800064086914,379.760009765625,16.34666633605957,54.6875,39.143333435058594,294.1499938964844,72.63999938964844,130.77999877929688
2019-09-16,90.39199829101562,186.22000122070312,61.564998626708984,378.8500061035156,16.187332153320312,54.974998474121094,38.52333450317383,294.2900085449219,73.7300033569336,129.5399932861328
2019-09-17,91.12750244140625,188.0800018310547,61.45750045776367,384.20001220703125,16.319332122802734,55.17499923706055,38.836666107177734,298.6000061035156,73.16999816894531,129.6699981689453
2019-09-18,90.87300109863281,188.13999938964844,61.62049865722656,386.4100036621094,16.232667922973633,55.692501068115234,39.0533332824707,291.55999755859375,72.81999969482422,130.41000366210938
2019-09-19,91.07499694824219,190.13999938964844,61.93550109863281,384.44000244140625,16.440000534057617,55.2400016784668,39.03666687011719,286.6000061035156,72.33000183105469,130.11000061035156
2019-09-20,89.70800018310547,189.92999267578125,61.496498107910156,379.3900146484375,16.041332244873047,54.432498931884766,38.99333190917969,270.75,72.08000183105469,131.64999389648438
2019-09-23,89.26499938964844,186.82000732421875,61.701499938964844,377.0299987792969,16.082000732421875,54.68000030517578,39.206668853759766,265.9200134277344,72.12999725341797,131.74000549316406
2019-09-24,87.08049774169922,181.27999877929688,60.9379997253418,381.6499938964844,14.880666732788086,54.41999816894531,39.46666717529297,254.58999633789062,71.13999938964844,131.5500030517578
2019-09-25,88.41649627685547,182.8000030517578,62.32600021362305,386.20001220703125,15.24666690826416,55.25749969482422,39.4900016784668,264.75,71.3499984741211,130.99000549316406
2019-09-26,86.99199676513672,180.11000061035156,62.06949996948242,386.8900146484375,16.17066764831543,54.97249984741211,39.43333435058594,263.30999755859375,70.97000122070312,128.85000610351562
2019-09-27,86.27249908447266,177.10000610351562,61.25450134277344,382.8599853515625,16.142000198364258,54.70500183105469,39.483333587646484,263.0799865722656,71.4800033569336,128.60000610351562
2019-09-30,86.79550170898438,178.0800018310547,60.95000076293945,380.4700012207031,16.058000564575195,55.99250030517578,39.560001373291016,267.6199951171875,70.61000061035156,129.3800048828125
2019-10-01,86.78250122070312,175.80999755859375,60.255001068115234,374.94000244140625,16.312667846679688,56.147499084472656,39.28333282470703,269.5799865722656,68.94999694824219,129.99000549316406
2019-10-02,85.6614990234375,174.60000610351562,58.83150100708008,367.3599853515625,16.208667755126953,54.7400016784668,38.706668853759766,268.0299987792969,67.1500015258789,132.0
2019-10-03,86.22100067138672,179.3800048828125,59.39149856567383,372.07000732421875,15.535332679748535,55.20500183105469,38.77000045776367,268.1499938964844,67.9800033569336,131.19000244140625
2019-10-04,86.98249816894531,180.4499969482422,60.45000076293945,375.70001220703125,15.428667068481445,56.752498626708984,39.38666534423828,272.7900085449219,68.97000122070312,133.66000366210938
2019-10-07,86.63300323486328,179.67999267578125,60.38399887084961,376.5400085449219,15.847999572753906,56.76499938964844,39.07666778564453,274.4599914550781,68.0199966430664,133.16000366210938
2019-10-08,85.27549743652344,177.75,59.45650100708008,374.1000061035156,16.003332138061523,56.099998474121094,39.19333267211914,270.7200012207031,66.69999694824219,131.83999633789062
2019-10-09,86.09950256347656,179.85000610351562,60.115501403808594,374.9599914550781,16.302000045776367,56.75749969482422,39.643333435058594,267.5299987792969,67.44000244140625,129.22000122070312
2019-10-10,86.01300048828125,180.02999877929688,60.43349838256836,371.0,16.31599998474121,57.522499084472656,39.869998931884766,280.4800109863281,68.25,129.05999755859375
2019-10-11,86.59600067138672,184.19000244140625,60.772499084472656,374.9200134277344,16.525999069213867,59.0525016784668,40.08000183105469,282.92999267578125,68.9800033569336,131.3300018310547
2019-10-14,86.82150268554688,183.27999877929688,60.856998443603516,373.17999267578125,17.130666732788086,58.967498779296875,39.723331451416016,285.5299987792969,69.18000030517578,130.72000122070312
2019-10-15,88.36900329589844,188.88999938964844,62.1505012512207,370.9599914550781,17.19266700744629,58.83000183105469,39.84333419799805,284.25,69.41999816894531,132.83999633789062
2019-10-16,88.87149810791016,189.5500030517578,62.18199920654297,372.42999267578125,17.316667556762695,58.592498779296875,39.80666732788086,286.2799987792969,68.2300033569336,135.1699981689453
2019-10-17,89.3740005493164,190.38999938964844,62.653499603271484,369.05999755859375,17.46466636657715,58.81999969482422,39.9466667175293,293.3500061035156,68.13999938964844,136.1699981689453
2019-10-18,87.87550354003906,185.85000610351562,62.27450180053711,344.0,17.1299991607666,59.102500915527344,39.71333312988281,275.29998779296875,67.61000061035156,127.69999694824219
2019-10-21,89.28299713134766,189.75999450683594,62.307498931884766,331.05999755859375,16.899999618530273,60.127498626708984,39.913333892822266,278.04998779296875,68.73999786376953,128.02000427246094
2019-10-22,88.2864990234375,182.33999633789062,62.13999938964844,337.0,17.038667678833008,59.9900016784668,39.86000061035156,266.69000244140625,69.08999633789062,129.1999969482422
2019-10-23,88.1084976196289,186.14999389648438,62.95650100708008,340.5,16.978666305541992,60.79499816894531,39.78333282470703,271.2699890136719,69.75,129.89999389648438
2019-10-24,89.03900146484375,186.3800048828125,63.04949951171875,344.54998779296875,19.978666305541992,60.89500045776367,39.70000076293945,271.5,69.08999633789062,127.5
2019-10-25,88.06649780273438,187.88999938964844,63.256500244140625,339.8299865722656,21.875333786010742,61.64500045776367,39.68000030517578,276.82000732421875,69.25,128.35000610351562
2019-10-28,88.85399627685547,189.39999389648438,64.5,340.8800048828125,21.847333908081055,62.26250076293945,39.7400016784668,281.8599853515625,68.63999938964844,129.17999267578125
2019-10-29,88.135498046875,189.30999755859375,63.13100051879883,348.92999267578125,21.08133316040039,60.8224983215332,39.04999923706055,281.2099914550781,68.44000244140625,129.1199951171875
2019-10-30,88.99949645996094,188.25,63.06449890136719,346.05999755859375,21.000667572021484,60.814998626708984,39.366668701171875,291.45001220703125,67.72000122070312,132.83999633789062
2019-10-31,88.83300018310547,191.64999389648438,63.00550079345703,339.9100036621094,20.994667053222656,62.189998626708984,39.086666107177734,287.4100036621094,67.56999969482422,132.0399932861328
2019-11-01,89.5719985961914,193.6199951171875,63.6870002746582,345.19000244140625,20.887332916259766,63.95500183105469,39.206668853759766,286.80999755859375,69.5999984741211,131.1999969482422
2019-11-04,90.23300170898438,194.72000122070312,64.56849670410156,351.0899963378906,21.1646671295166,64.375,39.189998626708984,292.8599853515625,71.66999816894531,130.22999572753906
2019-11-05,90.08550262451172,194.32000732421875,64.60150146484375,358.2900085449219,21.148000717163086,64.28250122070312,39.619998931884766,288.0299987792969,73.08999633789062,130.4199981689453
2019-11-06,89.78849792480469,191.5500030517578,64.58999633789062,354.19000244140625,21.77199935913086,64.30999755859375,39.83333206176758,288.5899963378906,71.48999786376953,130.9600067138672
2019-11-07,89.41000366210938,190.4199981689453,65.44300079345703,357.30999755859375,22.369333267211914,64.85749816894531,40.07666778564453,289.57000732421875,73.01000213623047,131.42999267578125
2019-11-08,89.29399871826172,190.83999633789062,65.56849670410156,351.0,22.47599983215332,65.03500366210938,39.813331604003906,291.57000732421875,70.7699966430664,133.0
2019-11-11,88.5824966430664,189.61000061035156,64.95950317382812,366.9599914550781,23.006000518798828,65.55000305175781,39.68000030517578,294.17999267578125,70.33999633789062,131.97999572753906
2019-11-12,88.9000015258789,194.47000122070312,64.94000244140625,362.8800048828125,23.32866668701172,65.48999786376953,39.706668853759766,292.010009765625,69.37000274658203,131.35000610351562
2019-11-13,87.65550231933594,193.19000244140625,64.9000015258789,362.5,23.073999404907227,66.11750030517578,40.32666778564453,283.1099853515625,68.80000305175781,131.27000427246094
2019-11-14,87.7300033569336,193.14999389648438,65.572998046875,367.44000244140625,23.290000915527344,65.66000366210938,40.21666717529297,289.6199951171875,68.5,130.9600067138672
2019-11-15,86.97450256347656,195.10000610351562,66.74349975585938,371.67999267578125,23.47800064086914,66.44000244140625,39.62333297729492,295.0299987792969,69.19000244140625,134.94000244140625
2019-11-18,87.62650299072266,197.39999389648438,66.03500366210938,369.4599914550781,23.332666397094727,66.7750015258789,40.08333206176758,302.57000732421875,68.5199966430664,134.8300018310547
2019-11-19,87.6395034790039,199.32000732421875,65.77300262451172,367.0,23.968000411987305,66.57250213623047,39.96333312988281,302.6000061035156,67.81999969482422,134.82000732421875
2019-11-20,87.27649688720703,197.50999450683594,65.15249633789062,370.9100036621094,23.481332778930664,65.79750061035156,39.709999084472656,305.1600036621094,68.02999877929688,135.94000244140625
2019-11-21,86.7354965209961,197.92999267578125,65.06749725341797,366.44000244140625,23.655332565307617,65.50250244140625,39.95333480834961,311.69000244140625,69.66999816894531,136.44000244140625
2019-11-22,87.28600311279297,198.82000732421875,64.76699829101562,371.3399963378906,22.202667236328125,65.44499969482422,39.78666687011719,310.4800109863281,69.37000274658203,138.07000732421875
2019-11-25,88.69200134277344,199.7899932861328,65.33450317382812,373.1300048828125,22.422666549682617,66.59249877929688,39.63999938964844,315.54998779296875,68.91000366210938,137.17999267578125
2019-11-26,89.84700012207031,198.97000122070312,65.67749786376953,373.510009765625,21.92799949645996,66.07250213623047,39.72999954223633,312.489990234375,68.73999786376953,137.1699981689453
2019-11-27,90.92549896240234,202.0,65.64949798583984,368.0,22.086000442504883,66.95999908447266,39.586666107177734,315.92999267578125,68.69999694824219,137.75
2019-11-29,90.04000091552734,201.63999938964844,65.24800109863281,366.17999267578125,21.996000289916992,66.8125,39.6966667175293,314.6600036621094,68.12999725341797,137.49000549316406
2019-12-02,89.08000183105469,199.6999969482422,64.49600219726562,355.17999267578125,22.32466697692871,66.04000091552734,39.7599983215332,309.989990234375,68.41999816894531,137.36000061035156
2019-12-03,88.49800109863281,198.82000732421875,64.76399993896484,352.0799865722656,22.413333892822266,64.86250305175781,39.55666732788086,306.1600036621094,67.87999725341797,137.16000366210938
2019-12-04,88.03450012207031,198.7100067138672,66.0270004272461,348.8399963378906,22.20199966430664,65.43499755859375,39.563331604003906,304.32000732421875,68.6500015258789,139.3800048828125
2019-12-05,87.02400207519531,199.36000061035156,66.40650177001953,345.67999267578125,22.024667739868164,66.3949966430664,39.5533332824707,302.8599853515625,68.41000366210938,139.55999755859375
2019-12-06,87.58000183105469,201.0500030517578,67.03099822998047,354.0899963378906,22.392667770385742,67.67749786376953,39.926666259765625,307.3500061035156,69.51000213623047,140.3800048828125
2019-12-09,87.47550201416016,201.33999633789062,67.1780014038086,351.2099914550781,22.635332107543945,66.7300033569336,39.78666687011719,302.5,69.66000366210938,140.5
2019-12-10,86.96050262451172,200.8699951171875,67.23300170898438,347.8999938964844,23.256000518798828,67.12000274658203,39.71333312988281,293.1199951171875,69.05999755859375,139.99000549316406
2019-12-11,87.43599700927734,202.25999450683594,67.2509994506836,350.0,23.51333236694336,67.69249725341797,39.66666793823242,298.92999267578125,68.95999908447266,140.97999572753906
2019-12-12,88.0165023803711,196.75,67.51349639892578,346.2900085449219,23.978666305541992,67.86499786376953,39.91999816894531,298.44000244140625,70.33999633789062,141.33999633789062
2019-12-13,88.0469970703125,194.11000061035156,67.3915023803711,341.6700134277344,23.892667770385742,68.7874984741211,40.0966682434082,298.5,69.2300033569336,141.3800048828125
2019-12-16,88.46050262451172,197.9199981689453,68.05850219726562,327.0,25.433332443237305,69.96499633789062,40.18000030517578,304.2099914550781,70.0,141.7899932861328
2019-12-17,89.53299713134766,198.38999938964844,67.75599670410156,327.0,25.266000747680664,70.10250091552734,40.426666259765625,315.4800109863281,69.68000030517578,143.55999755859375
2019-12-18,89.20149993896484,202.5,67.63099670410156,330.67999267578125,26.209999084472656,69.93499755859375,39.95333480834961,320.79998779296875,69.87000274658203,143.19000244140625
2019-12-19,89.61399841308594,206.05999755859375,67.802001953125,333.5,26.93600082397461,70.00499725341797,40.026668548583984,332.2200012207031,69.38999938964844,145.35000610351562
2019-12-20,89.32499694824219,206.3000030517578,67.47949981689453,328.0,27.03933334350586,69.86000061035156,40.0966682434082,336.8999938964844,69.94000244140625,146.05999755859375
2019-12-23,89.6500015258789,206.17999267578125,67.44200134277344,337.54998779296875,27.947999954223633,71.0,39.676666259765625,333.1000061035156,70.29000091552734,146.44000244140625
2019-12-24,89.46050262451172,205.1199951171875,67.1780014038086,333.0,28.350000381469727,71.06749725341797,39.836666107177734,333.20001220703125,70.0199966430664,145.92999267578125
2019-12-26,93.4384994506836,207.7899932861328,68.0199966430664,329.9200134277344,28.729333877563477,72.47750091552734,39.84000015258789,332.6300048828125,70.12999725341797,145.8300018310547
2019-12-27,93.48999786376953,208.10000610351562,67.59449768066406,330.1400146484375,28.691999435424805,72.44999694824219,39.86333465576172,329.0899963378906,69.88999938964844,145.75
2019-12-30,92.34449768066406,204.41000366210938,66.80699920654297,326.3999938964844,27.64666748046875,72.87999725341797,39.79999923706055,323.30999755859375,69.4800033569336,145.3000030517578
2019-12-31,92.39199829101562,205.25,66.85099792480469,325.760009765625,27.8886661529541,73.4124984741211,39.61333465576172,323.57000732421875,69.77999877929688,145.8699951171875
2020-01-02,94.90049743652344,209.77999877929688,68.36849975585938,333.32000732421875,28.68400001525879,75.0875015258789,39.64666748046875,329.80999755859375,70.9000015258789,145.97000122070312
2020-01-03,93.74849700927734,208.6699981689453,68.03299713134766,332.760009765625,29.534000396728516,74.35749816894531,39.29666519165039,325.8999938964844,70.33000183105469,144.27999877929688
2020-01-06,95.14399719238281,212.60000610351562,69.71050262451172,333.739990234375,30.1026668548584,74.94999694824219,39.21666717529297,335.8299865722656,70.87000274658203,144.10000610351562
2020-01-07,95.34300231933594,213.05999755859375,69.66699981689453,337.2799987792969,31.270666122436523,74.59750366210938,38.85333251953125,330.75,70.29000091552734,144.97999572753906
2020-01-08,94.59850311279297,215.22000122070312,70.21600341796875,331.3699951171875,32.80933380126953,75.79750061035156,38.720001220703125,339.260009765625,69.2300033569336,144.9600067138672
2020-01-09,95.05249786376953,218.3000030517578,70.99150085449219,336.3399963378906,32.089332580566406,77.40750122070312,39.119998931884766,335.6600036621094,69.76000213623047,145.38999938964844
2020-01-10,94.15799713134766,218.05999755859375,71.48650360107422,329.9200134277344,31.876667022705078,77.5824966430664,38.793331146240234,329.04998779296875,69.13999938964844,145.05999755859375
2020-01-13,94.56500244140625,221.91000366210938,71.96150207519531,330.2200012207031,34.990665435791016,79.23999786376953,38.62666702270508,338.9200134277344,69.80000305175781,145.6999969482422
2020-01-14,93.47200012207031,219.05999755859375,71.54399871826172,332.3500061035156,35.861331939697266,78.16999816894531,38.72666549682617,338.69000244140625,69.19999694824219,146.52000427246094
2020-01-15,93.10099792480469,221.14999389648438,71.95999908447266,329.79998779296875,34.56666564941406,77.83499908447266,38.426666259765625,339.07000732421875,69.08999633789062,147.00999450683594
2020-01-16,93.89700317382812,221.77000427246094,72.58499908447266,332.0,34.232666015625,78.80999755859375,38.633331298828125,338.6199951171875,68.81999969482422,148.1999969482422
2020-01-17,93.23600006103516,222.13999938964844,74.01950073242188,324.1499938964844,34.03333282470703,79.68250274658203,38.31999969482422,339.6700134277344,68.55999755859375,149.1699981689453
2020-01-21,94.5999984741211,221.44000244140625,74.22000122070312,313.3699951171875,36.47999954223633,79.14250183105469,38.529998779296875,338.1099853515625,67.58000183105469,149.27000427246094
2020-01-22,94.37300109863281,221.32000732421875,74.29750061035156,309.0,37.97066879272461,79.42500305175781,38.70000076293945,326.0,67.19000244140625,148.25
2020-01-23,94.22899627685547,219.75999450683594,74.3324966430664,317.7900085449219,38.14666748046875,79.80750274658203,38.60333251953125,349.6000061035156,66.7699966430664,148.52999877929688
2020-01-24,93.08200073242188,217.94000244140625,73.33550262451172,323.04998779296875,37.654666900634766,79.57749938964844,38.12333297729492,353.1600036621094,66.31999969482422,148.32000732421875
2020-01-27,91.41699981689453,214.8699951171875,71.69499969482422,316.6000061035156,37.201332092285156,77.23750305175781,38.619998931884766,342.8800048828125,64.73999786376953,148.75
2020-01-28,92.6624984741211,217.7899932861328,72.62799835205078,316.55999755859375,37.793331146240234,79.42250061035156,38.866668701171875,348.5199890136719,64.6500015258789,149.5
2020-01-29,92.9000015258789,223.22999572753906,72.93150329589844,322.0199890136719,38.732666015625,81.08499908447266,38.630001068115234,343.1600036621094,64.11000061035156,150.5399932861328
2020-01-30,93.53399658203125,209.52999877929688,72.79199981689453,323.29998779296875,42.72066879272461,80.96749877929688,38.86000061035156,347.739990234375,64.79000091552734,150.36000061035156
2020-01-31,100.43599700927734,201.91000366210938,71.71150207519531,318.2699890136719,43.371334075927734,77.37750244140625,38.163333892822266,345.0899963378906,62.119998931884766,148.8699951171875
2020-02-03,100.20999908447266,204.19000244140625,74.2969970703125,316.0,52.0,77.16500091552734,38.09000015258789,358.0,60.72999954223633,150.1699981689453
2020-02-04,102.4834976196289,209.8300018310547,72.35350036621094,317.94000244140625,59.137332916259766,79.7125015258789,38.42333221435547,369.010009765625,59.970001220703125,151.60000610351562
2020-02-05,101.99349975585938,210.11000061035156,72.4114990234375,329.54998779296875,48.97999954223633,80.36250305175781,38.936668395996094,369.6700134277344,62.72999954223633,153.99000549316406
2020-02-06,102.5114974975586,210.85000610351562,73.8115005493164,341.42999267578125,49.930667877197266,81.30249786376953,38.77000045776367,366.95001220703125,61.880001068115234,153.52999877929688
2020-02-07,103.96399688720703,212.3300018310547,73.96150207519531,336.75,49.871334075927734,80.00749969482422,38.81666564941406,366.7699890136719,61.470001220703125,151.88999938964844
2020-02-10,106.69550323486328,213.05999755859375,75.43399810791016,344.6700134277344,51.41866683959961,80.38749694824219,38.41666793823242,371.07000732421875,59.959999084472656,151.86000061035156
2020-02-11,107.54000091552734,207.19000244140625,75.43949890136719,344.4200134277344,51.62533187866211,79.90249633789062,38.46666717529297,373.69000244140625,60.529998779296875,151.99000549316406
2020-02-12,108.0,210.75999450683594,75.91349792480469,347.45001220703125,51.15266799926758,81.80000305175781,38.616668701171875,380.010009765625,61.27000045776367,151.08999633789062
2020-02-13,107.49349975585938,213.13999938964844,75.73300170898438,342.82000732421875,53.599998474121094,81.21749877929688,39.14666748046875,381.3999938964844,60.93000030517578,150.08999633789062
2020-02-14,106.74349975585938,214.17999267578125,76.03700256347656,340.489990234375,53.33533477783203,81.23750305175781,39.29666519165039,380.3999938964844,60.650001525878906,150.1300048828125
2020-02-18,107.78350067138672,217.8000030517578,75.9834976196289,338.8800048828125,57.22666549682617,79.75,39.87666702270508,387.7799987792969,59.880001068115234,149.13999938964844
2020-02-19,108.51100158691406,217.49000549316406,76.33450317382812,338.29998779296875,61.16133117675781,80.90499877929688,39.22666549682617,386.19000244140625,60.34000015258789,148.94000244140625
2020-02-20,107.65499877929688,214.5800018310547,75.90750122070312,336.2799987792969,59.96066665649414,80.07499694824219,39.22999954223633,386.0,59.86000061035156,148.3699951171875
2020-02-21,104.79850006103516,210.17999267578125,74.25550079345703,330.3800048828125,60.06666564941406,78.26249694824219,39.526668548583984,380.07000732421875,59.130001068115234,149.92999267578125
2020-02-24,100.4645004272461,200.72000122070312,71.07949829101562,317.8999938964844,55.58599853515625,74.54499816894531,38.77333450317383,368.70001220703125,56.36000061035156,145.91000366210938
2020-02-25,98.63700103759766,196.77000427246094,69.42250061035156,304.1400146484375,53.32733154296875,72.0199966430664,38.130001068115234,360.0899963378906,54.20000076293945,144.64999389648438
2020-02-26,98.97949981689453,197.1999969482422,69.65899658203125,305.5899963378906,51.91999816894531,73.1624984741211,37.926666259765625,379.239990234375,53.0099983215332,143.67999267578125
2020-02-27,94.21499633789062,189.75,65.90450286865234,287.760009765625,45.266666412353516,68.37999725341797,36.79999923706055,371.7099914550781,49.81999969482422,139.1199951171875
2020-02-28,94.1875,192.47000122070312,66.96649932861328,275.1099853515625,44.53266525268555,68.33999633789062,35.893333435058594,369.0299987792969,51.439998626708984,134.47999572753906
2020-03-02,97.69750213623047,196.44000244140625,69.45549774169922,289.2699890136719,49.574668884277344,74.70249938964844,38.62666702270508,381.04998779296875,53.880001068115234,140.02000427246094
2020-03-03,95.44950103759766,185.88999938964844,67.06950378417969,280.6199951171875,49.70066833496094,72.33000183105469,37.63666534423828,368.7699890136719,51.29999923706055,135.58999633789062
2020-03-04,98.79149627685547,191.75999450683594,69.32599639892578,283.1199951171875,49.96666717529297,75.68499755859375,38.92333221435547,383.7900085449219,52.41999816894531,143.47999572753906
2020-03-05,96.20149993896484,185.1699981689453,65.9520034790039,260.3699951171875,48.30266571044922,73.2300033569336,38.63999938964844,372.7799987792969,50.11000061035156,142.00999450683594
2020-03-06,95.05449676513672,181.08999633789062,64.92050170898438,262.3299865722656,46.89866638183594,72.25749969482422,39.07666778564453,368.9700012207031,47.689998626708984,142.02999877929688
2020-03-09,90.03050231933594,169.5,60.77799987792969,227.1699981689453,40.53333282470703,66.5425033569336,39.0533332824707,346.489990234375,41.86000061035156,136.44000244140625
2020-03-10,94.59100341796875,178.19000244140625,64.01950073242188,231.00999450683594,43.02199935913086,71.33499908447266,39.93000030517578,364.1300048828125,43.40999984741211,141.63999938964844
2020-03-11,91.04299926757812,170.24000549316406,60.77050018310547,189.0800018310547,42.28200149536133,68.85749816894531,38.143333435058594,349.9200134277344,41.97999954223633,131.8000030517578
2020-03-12,83.83049774169922,154.47000122070312,55.74549865722656,154.83999633789062,37.369998931884766,62.057498931884766,34.68333435058594,315.25,37.18000030517578,125.41000366210938
2020-03-13,89.25,170.27999877929688,60.98649978637695,170.1999969482422,36.44133377075195,69.49250030517578,38.03333282470703,336.29998779296875,38.119998931884766,134.2899932861328
2020-03-16,84.4574966430664,146.00999450683594,54.21649932861328,129.61000061035156,29.67133331298828,60.5525016784668,35.586666107177734,298.8399963378906,34.4900016784668,127.12999725341797
2020-03-17,90.39199829101562,149.4199981689453,55.9900016784668,124.13999938964844,28.68000030517578,63.21500015258789,39.753334045410156,319.75,36.810001373291016,136.58999633789062
2020-03-18,91.5,146.9600067138672,54.84000015258789,101.88999938964844,24.08133316040039,61.66749954223633,40.86000061035156,315.4700012207031,33.119998931884766,134.9600067138672
2020-03-19,94.04650115966797,153.1300048828125,55.76449966430664,97.70999908447266,28.50933265686035,61.19499969482422,39.81666564941406,332.0299987792969,34.43000030517578,127.05000305175781
2020-03-20,92.30449676513672,149.72999572753906,53.61600112915039,95.01000213623047,28.50200080871582,57.310001373291016,37.9900016784668,332.8299865722656,32.7400016784668,119.88999938964844
2020-03-23,95.1415023803711,148.10000610351562,52.83100128173828,105.62000274658203,28.952667236328125,56.092498779296875,38.09333419799805,360.2699890136719,31.450000762939453,111.13999938964844
2020-03-24,97.00499725341797,160.97999572753906,56.722999572753906,127.68000030517578,33.66666793823242,61.720001220703125,38.34333419799805,357.32000732421875,35.439998626708984,119.18000030517578
2020-03-25,94.29199981689453,156.2100067138672,55.1245002746582,158.72999572753906,35.95000076293945,61.380001068115234,36.46666717529297,342.3900146484375,37.290000915527344,119.4000015258789
2020-03-26,97.77449798583984,163.33999633789062,58.087501525878906,180.5500030517578,35.21066665649414,64.61000061035156,36.606666564941406,362.989990234375,38.81999969482422,126.56999969482422
2020-03-27,95.00499725341797,156.7899932861328,55.535499572753906,162.0,34.29066848754883,61.935001373291016,36.526668548583984,357.1199951171875,36.95000076293945,123.16000366210938
2020-03-30,98.19750213623047,165.9499969482422,57.340999603271484,152.27999877929688,33.47533416748047,63.70249938964844,38.39666748046875,370.9599914550781,37.5,133.00999450683594
2020-03-31,97.48600006103516,166.8000030517578,58.140499114990234,149.13999938964844,34.93333435058594,63.5724983215332,37.87333297729492,375.5,37.970001220703125,131.1300048828125
2020-04-01,95.38500213623047,159.60000610351562,55.28099822998047,130.6999969482422,32.104000091552734,60.227500915527344,38.04666519165039,364.0799865722656,37.529998779296875,128.80999755859375
2020-04-02,95.94149780273438,158.19000244140625,56.04199981689453,123.2699966430664,30.29800033569336,61.23249816894531,39.54999923706055,370.0799865722656,40.400001525878906,133.14999389648438
2020-04-03,95.32949829101562,154.17999267578125,54.89400100708008,124.5199966430664,32.000667572021484,60.352500915527344,39.82666778564453,361.760009765625,39.209999084472656,134.1699981689453
2020-04-06,99.87950134277344,165.5500030517578,59.34600067138672,148.77000427246094,34.41600036621094,65.61750030517578,42.02333450317383,379.9599914550781,40.470001220703125,139.75999450683594
2020-04-07,100.58000183105469,168.8300018310547,59.32550048828125,141.5800018310547,36.36333465576172,64.85749816894531,40.663333892822266,372.2799987792969,41.2400016784668,137.47999572753906
2020-04-08,102.1500015258789,174.27999877929688,60.513999938964844,146.8699951171875,36.589332580566406,66.51750183105469,40.61333465576172,371.1199951171875,43.849998474121094,143.25999450683594
2020-04-09,102.13800048828125,175.19000244140625,60.5724983215332,151.83999633789062,38.20000076293945,66.99749755859375,40.599998474121094,370.7200012207031,43.130001068115234,141.22999572753906
2020-04-13,108.44349670410156,174.7899932861328,60.87799835205078,147.3300018310547,43.39666748046875,68.3125,41.766666412353516,396.7200012207031,42.7599983215332,139.77000427246094
2020-04-14,114.16600036621094,178.1699981689453,63.46149826049805,141.0,47.32600021362305,71.76249694824219,43.0,413.54998779296875,42.43000030517578,146.02999877929688
2020-04-15,115.38400268554688,176.97000122070312,63.12350082397461,145.97999572753906,48.65533447265625,71.10749816894531,42.91999816894531,426.75,40.47999954223633,147.66000366210938
2020-04-16,120.40950012207031,176.25,63.173500061035156,134.24000549316406,49.680667877197266,71.67250061035156,44.11000061035156,439.1700134277344,39.150001525878906,149.6699981689453
2020-04-17,118.75,179.24000549316406,64.1624984741211,154.0,50.259334564208984,70.69999694824219,44.040000915527344,422.9599914550781,43.220001220703125,152.02000427246094
2020-04-20,119.68049621582031,178.24000549316406,63.330501556396484,143.61000061035156,49.75733184814453,69.23249816894531,43.28333282470703,437.489990234375,41.18000030517578,151.6699981689453
2020-04-21,116.40599822998047,170.8000030517578,60.81700134277344,136.3300018310547,45.781333923339844,67.09249877929688,43.06999969482422,433.8299865722656,40.959999084472656,149.67999267578125
2020-04-22,118.17449951171875,182.27999877929688,63.160499572753906,134.97000122070312,48.807334899902344,69.0250015258789,43.86333465576172,421.4200134277344,42.130001068115234,152.99000549316406
2020-04-23,119.97250366210938,185.1300048828125,63.81549835205078,137.74000549316406,47.04199981689453,68.75749969482422,42.84333419799805,426.70001220703125,43.45000076293945,155.50999450683594
2020-04-24,120.51100158691406,190.07000732421875,63.96549987792969,128.97999572753906,48.34333419799805,70.74250030517578,43.14666748046875,424.989990234375,43.72999954223633,154.86000061035156
2020-04-27,118.80000305175781,187.5,63.79399871826172,128.67999267578125,53.25,70.7925033569336,42.766666412353516,421.3800048828125,43.939998626708984,154.2899932861328
2020-04-28,115.7040023803711,182.91000366210938,61.68349838256836,131.3000030517578,51.27466583251953,69.6449966430664,42.66666793823242,403.8299865722656,44.970001220703125,151.38999938964844
2020-04-29,118.635498046875,194.19000244140625,67.0739974975586,139.0,53.367332458496094,71.93250274658203,41.20000076293945,411.8900146484375,47.459999084472656,150.24000549316406
2020-04-30,123.69999694824219,204.7100067138672,67.43299865722656,141.02000427246094,52.12533187866211,73.44999694824219,40.516666412353516,419.8500061035156,46.470001220703125,150.0399932861328
2020-05-01,114.302001953125,202.27000427246094,66.03050231933594,133.3699951171875,46.75466537475586,72.26750183105469,40.973331451416016,415.2699890136719,43.13999938964844,148.2899932861328
2020-05-04,115.79949951171875,205.25999450683594,66.33999633789062,131.4600067138672,50.74599838256836,73.29000091552734,41.233333587646484,428.1499938964844,44.880001068115234,148.27000427246094
2020-05-05,115.88999938964844,207.07000732421875,67.55549621582031,125.4000015258789,51.2140007019043,74.38999938964844,41.57666778564453,424.67999267578125,44.83000183105469,149.5
2020-05-06,117.56300354003906,208.47000122070312,67.36499786376953,121.86000061035156,52.172000885009766,75.15750122070312,41.099998474121094,434.260009765625,43.9900016784668,148.0800018310547
2020-05-07,118.38050079345703,211.25999450683594,68.62799835205078,128.64999389648438,52.00266647338867,75.93499755859375,40.630001068115234,436.5299987792969,44.2400016784668,147.58999633789062
2020-05-08,118.98049926757812,212.35000610351562,69.41850280761719,133.44000244140625,54.62799835205078,77.53250122070312,40.97999954223633,435.54998779296875,46.18000030517578,148.6999969482422
2020-05-11,120.44999694824219,213.17999267578125,70.16300201416016,128.91000366210938,54.08599853515625,78.75250244140625,41.223331451416016,440.5199890136719,45.7400016784668,149.11000061035156
2020-05-12,117.84750366210938,210.10000610351562,68.78700256347656,125.22000122070312,53.96066665649414,77.85250091552734,41.2599983215332,431.82000732421875,44.119998931884766,147.13999938964844
2020-05-13,118.39600372314453,205.10000610351562,67.46649932861328,121.5,52.73066711425781,76.9124984741211,41.23666763305664,438.2699890136719,41.93000030517578,147.1300048828125
2020-05-14,119.44249725341797,206.80999755859375,67.80650329589844,122.5199966430664,53.55533218383789,77.38500213623047,41.13999938964844,441.95001220703125,42.29999923706055,147.63999938964844
2020-05-15,120.48899841308594,210.8800048828125,68.65950012207031,120.0,53.27799987792969,76.92749786376953,41.97999954223633,454.19000244140625,42.0,150.44000244140625
2020-05-18,121.31300354003906,213.19000244140625,69.1969985961914,135.44000244140625,54.242000579833984,78.73999786376953,42.5533332824707,452.5799865722656,45.34000015258789,150.52000427246094
2020-05-19,122.46649932861328,216.8800048828125,68.67424774169922,130.44000244140625,53.867332458496094,78.28500366210938,41.650001525878906,451.0400085449219,43.939998626708984,149.02000427246094
2020-05-20,124.89700317382812,229.97000122070312,70.33599853515625,133.32000732421875,54.37066650390625,79.80750274658203,41.81666564941406,447.6700134277344,45.369998931884766,147.67999267578125
2020-05-21,122.33699798583984,231.38999938964844,70.13999938964844,139.0,55.17333221435547,79.2125015258789,41.663333892822266,436.25,44.560001373291016,146.7100067138672
2020-05-22,121.84400177001953,234.91000366210938,70.52100372314453,137.52999877929688,54.45866775512695,79.72250366210938,41.44333267211914,429.32000732421875,44.599998474121094,144.3699951171875
2020-05-26,121.09300231933594,232.1999969482422,70.85099792480469,144.72999572753906,54.591331481933594,79.18250274658203,41.28666687011719,414.7699890136719,45.90999984741211,144.55999755859375
2020-05-27,120.51950073242188,229.13999938964844,70.89199829101562,149.52000427246094,54.68199920654297,79.52749633789062,40.82666778564453,419.8900146484375,46.2400016784668,144.88999938964844
2020-05-28,120.05500030517578,225.4600067138672,70.83650207519531,149.82000732421875,53.72066879272461,79.5625,41.22999954223633,413.44000244140625,45.040000915527344,146.97000122070312
2020-05-29,122.11849975585938,225.08999633789062,71.44599914550781,145.85000610351562,55.66666793823242,79.48500061035156,41.35333251953125,419.7300109863281,45.470001220703125,148.75
2020-06-01,123.552001953125,231.91000366210938,71.59100341796875,151.38999938964844,59.87333297729492,80.4625015258789,41.31999969482422,425.9200134277344,46.279998779296875,147.19000244140625
2020-06-02,123.62049865722656,232.72000122070312,71.96099853515625,153.30999755859375,58.770668029785156,80.83499908447266,41.313331604003906,427.30999755859375,47.310001373291016,148.25
2020-06-03,123.91999816894531,230.16000366210938,71.81900024414062,173.16000366210938,58.86399841308594,81.27999877929688,41.15666580200195,421.9700012207031,49.2400016784668,148.64999389648438
2020-06-04,123.02999877929688,226.2899932861328,70.60900115966797,184.3000030517578,57.62533187866211,80.58000183105469,40.70333480834961,414.3299865722656,49.099998474121094,146.72999572753906
2020-06-05,124.1500015258789,230.77000427246094,71.91950225830078,205.42999267578125,59.04399871826172,82.875,40.52000045776367,419.6000061035156,53.08000183105469,147.3000030517578
2020-06-08,126.2030029296875,231.39999389648438,72.33049774169922,230.5,63.327999114990234,83.36499786376953,40.413333892822266,419.489990234375,54.7400016784668,146.77000427246094
2020-06-09,130.04299926757812,238.6699981689453,72.80799865722656,216.74000549316406,62.711334228515625,85.99749755859375,40.45000076293945,434.04998779296875,53.52000045776367,145.9600067138672
2020-06-10,132.37249755859375,236.72999572753906,73.2925033569336,203.41000366210938,68.336669921875,88.20999908447266,40.38666534423828,434.4800109863281,50.650001525878906,147.8000030517578
2020-06-11,127.89800262451172,224.42999267578125,70.19200134277344,170.0,64.85600280761719,83.9749984741211,40.029998779296875,425.55999755859375,46.18000030517578,140.8699951171875
2020-06-12,127.2509994506836,228.5800018310547,70.65899658203125,189.50999450683594,62.35200119018555,84.69999694824219,39.246665954589844,418.07000732421875,47.16999816894531,142.14999389648438
2020-06-15,128.63400268554688,232.5,70.99250030517578,190.94000244140625,66.05999755859375,85.74749755859375,39.36000061035156,425.5,47.13999938964844,141.25
2020-06-16,130.7635040283203,235.64999389648438,72.13600158691406,197.77000427246094,65.47533416748047,88.0199966430664,39.883331298828125,436.1300048828125,48.20000076293945,144.4600067138672
2020-06-17,132.0489959716797,235.52999877929688,72.55599975585938,192.5399932861328,66.11933135986328,87.89749908447266,39.676666259765625,447.7699890136719,46.630001068115234,144.02000427246094
2020-06-18,132.69900512695312,235.94000244140625,71.7979965209961,192.2899932861328,66.9306640625,87.93250274658203,39.33000183105469,449.8699951171875,46.91999816894531,143.41000366210938
2020-06-19,133.75050354003906,238.7899932861328,71.58599853515625,187.02000427246094,66.72666931152344,87.43000030517578,39.95000076293945,453.7200012207031,45.97999954223633,143.8300018310547
2020-06-22,135.6909942626953,239.22000122070312,72.59300231933594,188.52000427246094,66.28800201416016,89.71749877929688,40.560001373291016,468.0400085449219,46.41999816894531,143.38999938964844
2020-06-23,138.2205047607422,242.24000549316406,73.22049713134766,187.8800048828125,66.78533172607422,91.63249969482422,40.356666564941406,466.260009765625,46.70000076293945,142.86000061035156
2020-06-24,136.72000122070312,234.02000427246094,71.59850311279297,176.69000244140625,64.0566635131836,90.01499938964844,40.099998474121094,457.8500061035156,44.5,139.82000732421875
2020-06-25,137.72900390625,235.67999267578125,72.06649780273438,174.8800048828125,65.73200225830078,91.20999908447266,39.9033317565918,465.9100036621094,45.16999816894531,139.6699981689453
2020-06-26,134.64349365234375,216.0800018310547,67.99500274658203,170.00999450683594,63.982666015625,88.40750122070312,39.439998626708984,443.3999938964844,43.619998931884766,137.80999755859375
2020-06-29,134.0189971923828,220.63999938964844,69.74849700927734,194.49000549316406,67.29000091552734,90.44499969482422,39.686668395996094,447.239990234375,44.31999969482422,139.0399932861328
2020-06-30,137.9409942626953,227.07000732421875,70.68049621582031,183.3000030517578,71.98733520507812,91.19999694824219,39.926666259765625,455.0400085449219,44.720001220703125,140.6300048828125
2020-07-01,143.93499755859375,237.5500030517578,71.9020004272461,180.32000732421875,74.64199829101562,91.02749633789062,39.89666748046875,485.6400146484375,43.709999084472656,140.3800048828125
2020-07-02,144.51499938964844,233.4199981689453,73.23500061035156,180.80999755859375,80.57733154296875,91.02749633789062,39.73666763305664,476.8900146484375,44.08000183105469,140.97000122070312
2020-07-06,152.8520050048828,240.27999877929688,74.78500366210938,187.91000366210938,91.43866729736328,93.4625015258789,39.630001068115234,493.80999755859375,44.38999938964844,142.97999572753906
2020-07-07,150.00599670410156,240.86000061035156,74.25900268554688,178.8800048828125,92.65733337402344,93.17250061035156,42.31666564941406,493.1600036621094,43.2400016784668,142.85000610351562
2020-07-08,154.0554962158203,243.5800018310547,74.80000305175781,180.0800018310547,91.05867004394531,95.34249877929688,41.47999954223633,502.7799987792969,43.13999938964844,143.27000427246094
2020-07-09,159.13150024414062,244.5,75.54949951171875,173.27999877929688,92.9520034790039,95.75250244140625,42.58333206176758,507.760009765625,41.36000061035156,142.49000549316406
2020-07-10,160.0,245.07000732421875,77.08699798583984,178.44000244140625,102.97666931152344,95.91999816894531,43.560001373291016,548.72998046875,42.650001525878906,142.3699951171875
2020-07-13,155.1999969482422,239.0,75.56700134277344,175.64999389648438,99.80400085449219,95.47750091552734,43.17333221435547,525.5,42.65999984741211,145.2100067138672
2020-07-14,154.1999969482422,239.72999572753906,76.02899932861328,179.9600067138672,101.12000274658203,97.05750274658203,44.003334045410156,524.8800048828125,44.06999969482422,147.9199981689453
2020-07-15,150.44349670410156,240.27999877929688,75.68199920654297,187.94000244140625,103.06732940673828,97.7249984741211,44.0,523.260009765625,44.630001068115234,148.25999450683594
2020-07-16,149.9949951171875,240.92999267578125,75.9000015258789,178.6999969482422,100.04266357421875,96.52249908447266,44.06666564941406,527.3900146484375,44.279998779296875,149.25
2020-07-17,148.09849548339844,242.02999877929688,75.77749633789062,175.66000366210938,100.05599975585938,96.32749938964844,43.913333892822266,492.989990234375,43.52000045776367,149.35000610351562
2020-07-20,159.8419952392578,245.4199981689453,78.28600311279297,174.4199981689453,109.53333282470703,98.35749816894531,43.823333740234375,502.4100036621094,42.5,149.60000610351562
2020-07-21,156.9145050048828,241.75,77.9209976196289,178.6300048828125,104.55733489990234,97.0,44.11000061035156,490.1000061035156,44.650001525878906,149.74000549316406
2020-07-22,154.99549865722656,239.8699951171875,78.42449951171875,179.7899932861328,106.15533447265625,97.27249908447266,44.220001220703125,489.82000732421875,43.61000061035156,150.00999450683594
2020-07-23,149.32749938964844,232.60000610351562,75.78399658203125,176.4499969482422,100.87133026123047,92.84500122070312,43.880001068115234,477.5799865722656,43.70000076293945,149.61000061035156
2020-07-24,150.44549560546875,230.7100067138672,75.59349822998047,173.75999450683594,94.46666717529297,92.61499786376953,43.746665954589844,480.45001220703125,43.43000030517578,148.1199951171875
2020-07-27,152.760498046875,233.5,76.51000213623047,170.2100067138672,102.63999938964844,94.80999755859375,43.73666763305664,495.6499938964844,44.06999969482422,147.17999267578125
2020-07-28,150.01649475097656,230.1199951171875,75.01699829101562,170.83999633789062,98.43267059326172,93.25250244140625,43.91999816894531,488.510009765625,43.54999923706055,146.8300018310547
2020-07-29,151.67649841308594,233.2899932861328,76.10099792480469,166.00999450683594,99.94066619873047,95.04000091552734,43.563331604003906,484.4800109863281,44.029998779296875,146.5399932861328
2020-07-30,152.593994140625,234.5,76.57250213623047,161.9499969482422,99.16600036621094,96.19000244140625,43.37333297729492,485.79998779296875,41.869998931884766,146.83999633789062
2020-07-31,158.23399353027344,253.6699981689453,74.14800262451172,158.0,95.38400268554688,106.26000213623047,43.133331298828125,488.8800048828125,42.08000183105469,145.75999450683594
2020-08-03,155.59449768066406,251.9600067138672,73.72250366210938,162.27000427246094,99.0,108.9375,43.099998474121094,498.6199951171875,42.25,147.35000610351562
2020-08-04,156.94149780273438,249.8300018310547,73.24849700927734,165.07000732421875,99.13333129882812,109.66500091552734,43.880001068115234,509.6400146484375,43.470001220703125,147.22000122070312
2020-08-05,160.25149536132812,249.1199951171875,73.68049621582031,174.27999877929688,99.00133514404297,110.0625,43.27000045776367,502.1099853515625,43.849998474121094,148.39999389648438
2020-08-06,161.25,265.2799987792969,75.00499725341797,172.1999969482422,99.30533599853516,113.90249633789062,43.116668701171875,509.0799865722656,43.63999938964844,147.5500030517578
2020-08-07,158.3730010986328,268.44000244140625,74.72450256347656,170.02000427246094,96.84733581542969,111.11250305175781,43.323333740234375,494.7300109863281,43.439998626708984,148.60000610351562
2020-08-10,157.4080047607422,263.0,74.80500030517578,179.41000366210938,94.57133483886719,112.72750091552734,43.959999084472656,483.3800048828125,44.5099983215332,148.02999877929688
2020-08-11,154.0334930419922,256.1300048828125,74.01599884033203,180.1300048828125,91.6259994506836,109.375,43.400001525878906,466.92999267578125,44.970001220703125,146.97000122070312
2020-08-12,158.11199951171875,259.8900146484375,75.33100128173828,175.44000244140625,103.65066528320312,113.01000213623047,43.96333312988281,475.4700012207031,44.09000015258789,149.66000366210938
2020-08-13,158.05099487304688,261.29998779296875,75.92250061035156,174.72999572753906,108.06666564941406,115.01000213623047,43.95000076293945,481.3299865722656,43.0099983215332,148.0
2020-08-14,157.4010009765625,261.239990234375,75.3864974975586,178.0800018310547,110.04733276367188,114.90750122070312,44.20000076293945,482.67999267578125,43.20000076293945,148.24000549316406
2020-08-17,159.12049865722656,261.1600036621094,75.89900207519531,172.00999450683594,122.3759994506836,114.60749816894531,45.20000076293945,482.3500061035156,42.63999938964844,148.99000549316406
2020-08-18,165.62449645996094,262.3399963378906,77.93000030517578,170.22999572753906,125.80599975585938,115.5625,44.9033317565918,491.8699951171875,42.43000030517578,150.08999633789062
2020-08-19,163.0240020751953,262.5899963378906,77.37650299072266,169.27000427246094,125.23533630371094,115.7074966430664,44.13666534423828,484.5299987792969,41.959999084472656,150.38999938964844
2020-08-20,164.86849975585938,269.010009765625,79.0875015258789,169.5800018310547,133.45533752441406,118.2750015258789,43.52333450317383,497.8999938964844,41.31999969482422,151.4199981689453
2020-08-21,164.23599243164062,267.010009765625,79.02100372314453,167.5,136.6653289794922,124.37000274658203,43.87666702270508,492.30999755859375,41.0099983215332,152.75999450683594
2020-08-24,165.3730010986328,271.3900146484375,79.41000366210938,178.27000427246094,134.27999877929688,125.85749816894531,43.776668548583984,488.80999755859375,42.220001220703125,152.14999389648438
2020-08-25,167.32449340820312,280.82000732421875,80.41100311279297,174.72999572753906,134.8893280029297,124.82499694824219,43.543331146240234,490.5799865722656,40.880001068115234,152.05999755859375
2020-08-26,172.09249877929688,303.9100036621094,82.61900329589844,171.89999389648438,143.54466247558594,126.52249908447266,43.56666564941406,547.530029296875,40.0099983215332,152.3000030517578
2020-08-27,170.0,293.2200012207031,81.71649932861328,174.1999969482422,149.25,125.01000213623047,45.543331146240234,526.27001953125,39.7400016784668,152.97999572753906
2020-08-28,170.08999633789062,293.6600036621094,82.22049713134766,175.8000030517578,147.55999755859375,124.80750274658203,46.766666412353516,523.8900146484375,40.689998626708984,153.63999938964844
2020-08-31,172.54800415039062,293.20001220703125,81.70899963378906,171.82000732421875,166.10667419433594,129.0399932861328,46.28333282470703,529.5599975585938,39.939998626708984,153.41000366210938
2020-09-01,174.95599365234375,295.44000244140625,83.0354995727539,172.10000610351562,158.35000610351562,134.17999267578125,49.1966667175293,556.5499877929688,39.43000030517578,151.52000427246094
2020-09-02,176.57249450683594,302.5,86.41400146484375,174.77999877929688,149.1233367919922,131.39999389648438,49.22666549682617,552.8400268554688,39.189998626708984,153.8300018310547
2020-09-03,168.39999389648438,291.1199951171875,82.09200286865234,168.77000427246094,135.6666717529297,120.87999725341797,48.18000030517578,525.75,39.11000061035156,149.5500030517578
2020-09-04,164.7310028076172,282.7300109863281,79.552001953125,171.0500030517578,139.44000244140625,120.95999908447266,47.61000061035156,516.0499877929688,39.08000183105469,148.58999633789062
2020-09-08,157.49200439453125,271.1600036621094,76.61949920654297,161.0800018310547,110.06999969482422,112.81999969482422,46.150001525878906,507.0199890136719,38.18000030517578,147.25999450683594
2020-09-09,163.4304962158203,273.7200012207031,77.8479995727539,160.77999877929688,122.09333038330078,117.31999969482422,46.630001068115234,500.19000244140625,37.95000076293945,149.6999969482422
2020-09-10,158.7554931640625,268.0899963378906,76.60099792480469,157.69000244140625,123.77999877929688,113.48999786376953,45.60333251953125,480.6700134277344,37.0,146.91000366210938
2020-09-11,155.81100463867188,266.6099853515625,76.03600311279297,160.22999572753906,124.23999786376953,112.0,45.56666564941406,482.0299987792969,36.900001525878906,147.77999877929688
2020-09-14,155.14849853515625,266.1499938964844,75.96399688720703,165.35000610351562,139.8733367919922,115.36000061035156,45.77333450317383,476.260009765625,36.65999984741211,148.35000610351562
2020-09-15,157.80650329589844,272.4200134277344,77.0719985961914,163.49000549316406,149.9199981689453,115.54000091552734,45.78666687011719,495.989990234375,36.27000045776367,148.88999938964844
2020-09-16,153.90499877929688,263.5199890136719,76.04499816894531,167.4600067138672,147.25332641601562,112.12999725341797,45.41999816894531,483.8599853515625,37.810001373291016,148.39999389648438
2020-09-17,150.43649291992188,254.82000732421875,74.77649688720703,167.52999877929688,141.14332580566406,110.33999633789062,45.563331604003906,470.20001220703125,37.79999923706055,147.1699981689453
2020-09-18,147.74549865722656,252.52999877929688,72.99949645996094,161.13999938964844,147.38333129882812,106.83999633789062,45.0966682434082,469.9599914550781,37.189998626708984,149.17999267578125
2020-09-21,148.02349853515625,248.14999389648438,71.55799865722656,156.35000610351562,149.79666137695312,110.08000183105469,45.689998626708984,487.3500061035156,36.43000030517578,145.10000610351562
2020-09-22,156.44949340820312,254.75,73.27300262451172,156.8000030517578,141.41000366210938,111.80999755859375,46.10333251953125,491.1700134277344,35.529998779296875,144.2100067138672
2020-09-23,149.9929962158203,249.02000427246094,70.760498046875,151.17999267578125,126.78666687011719,107.12000274658203,45.33000183105469,470.6099853515625,34.38999938964844,144.44000244140625
2020-09-24,150.989501953125,249.52999877929688,71.41449737548828,146.0500030517578,129.26333618164062,108.22000122070312,45.56666564941406,473.0799865722656,34.31999969482422,144.6699981689453
2020-09-25,154.75650024414062,254.82000732421875,72.24800109863281,156.02999877929688,135.77999877929688,112.27999877929688,45.75666809082031,482.8800048828125,34.63999938964844,145.66000366210938
2020-09-28,158.70249938964844,256.82000732421875,73.22599792480469,166.0800018310547,140.39999389648438,114.95999908447266,45.75,490.6499938964844,35.310001373291016,147.11000061035156
2020-09-29,157.24400329589844,261.7900085449219,73.46649932861328,163.60000610351562,139.69000244140625,114.08999633789062,45.71333312988281,493.4800109863281,34.279998779296875,147.05999755859375
2020-09-30,157.43649291992188,261.8999938964844,73.4800033569336,165.25999450683594,143.00332641601562,115.80999755859375,46.63666534423828,500.0299987792969,34.33000183105469,148.8800048828125
2020-10-01,161.06300354003906,266.6300048828125,74.50450134277344,167.86000061035156,149.3866729736328,116.79000091552734,47.69333267211914,527.510009765625,33.130001068115234,147.32000732421875
2020-10-02,156.25,259.94000244140625,72.9209976196289,168.0800018310547,138.3633270263672,113.0199966430664,46.83333206176758,503.05999755859375,32.97999954223633,146.24000549316406
2020-10-05,159.9600067138672,264.6499938964844,74.3010025024414,171.1999969482422,141.89332580566406,116.5,47.266666412353516,520.6500244140625,33.7400016784668,148.22999572753906
2020-10-06,154.9980010986328,258.6600036621094,72.6719970703125,159.5399932861328,137.9933319091797,113.16000366210938,46.87666702270508,505.8699951171875,33.38999938964844,146.25999450683594
2020-10-07,159.7845001220703,258.1199951171875,73.0145034790039,164.61000061035156,141.76666259765625,115.08000183105469,46.96333312988281,534.6599731445312,33.5,147.8800048828125
2020-10-08,159.52749633789062,263.760009765625,74.29650115966797,168.0,141.97332763671875,114.97000122070312,47.119998931884766,531.7899780273438,35.2599983215332,148.88999938964844
2020-10-09,164.33250427246094,264.45001220703125,75.76100158691406,167.3300018310547,144.6666717529297,116.97000122070312,47.59333419799805,539.4400024414062,34.7400016784668,150.97000122070312
2020-10-12,172.14649963378906,275.75,78.4574966430664,167.35000610351562,147.43333435058594,124.4000015258789,48.08333206176758,539.8099975585938,34.630001068115234,151.83999633789062
2020-10-13,172.18150329589844,276.1400146484375,78.58399963378906,162.13999938964844,148.88333129882812,121.0999984741211,48.74333190917969,554.0900268554688,34.220001220703125,148.36000061035156
2020-10-14,168.1855010986328,271.82000732421875,78.40399932861328,163.24000549316406,153.76666259765625,121.19000244140625,47.97999954223633,541.4500122070312,34.150001525878906,148.10000610351562
2020-10-15,166.9324951171875,266.7200012207031,77.95649719238281,164.24000549316406,149.6266632080078,120.70999908447266,48.176666259765625,541.9400024414062,34.45000076293945,147.19000244140625
2020-10-16,163.635498046875,265.92999267578125,78.65049743652344,167.35000610351562,146.55667114257812,119.0199966430664,48.23666763305664,530.7899780273438,34.099998474121094,148.10000610351562
2020-10-19,160.36050415039062,261.3999938964844,76.73049926757812,167.11000061035156,143.61000061035156,115.9800033569336,47.650001525878906,530.719970703125,33.41999816894531,144.32000732421875
2020-10-20,160.85049438476562,267.55999755859375,77.79650115966797,167.24000549316406,140.64666748046875,117.51000213623047,47.96666717529297,525.4199829101562,33.70000076293945,144.5500030517578
2020-10-21,159.2469940185547,278.7300109863281,79.66549682617188,163.86000061035156,140.8800048828125,116.87000274658203,48.133331298828125,489.04998779296875,33.15999984741211,143.92999267578125
2020-10-22,158.82000732421875,278.1199951171875,80.7665023803711,169.07000732421875,141.92999267578125,115.75,47.849998474121094,485.2300109863281,34.86000061035156,145.0800018310547
2020-10-23,160.22000122070312,284.7900085449219,82.05000305175781,167.36000061035156,140.2100067138672,115.04000091552734,47.95000076293945,488.2799987792969,34.15999984741211,145.24000549316406
2020-10-26,160.3520050048828,277.1099853515625,79.52249908447266,160.8300018310547,140.0933380126953,115.05000305175781,47.38666534423828,488.239990234375,33.349998474121094,143.97000122070312
2020-10-27,164.31649780273438,283.2900085449219,80.21299743652344,155.24000549316406,141.55999755859375,116.5999984741211,47.62333297729492,488.92999267578125,32.81999969482422,143.14999389648438
2020-10-28,158.13900756835938,267.6700134277344,75.83100128173828,148.13999938964844,135.33999633789062,111.19999694824219,46.68000030517578,486.239990234375,31.56999969482422,138.36000061035156
2020-10-29,160.55050659179688,280.8299865722656,78.36199951171875,148.2899932861328,136.94332885742188,115.31999969482422,46.63999938964844,504.2099914550781,32.970001220703125,137.19000244140625
2020-10-30,151.8074951171875,263.1099853515625,81.05049896240234,144.38999938964844,129.34666442871094,108.86000061035156,46.25,475.739990234375,32.619998931884766,137.11000061035156
2020-11-02,150.2239990234375,261.3599853515625,81.30149841308594,148.60000610351562,133.50332641601562,108.7699966430664,46.79999923706055,484.1199951171875,33.9900016784668,138.69000244140625
2020-11-03,152.42050170898438,265.29998779296875,82.510498046875,153.64999389648438,141.3000030517578,110.44000244140625,47.59333419799805,487.2200012207031,33.40999984741211,138.5
2020-11-04,162.05799865722656,287.3800048828125,87.45649719238281,151.6300048828125,140.32666015625,114.94999694824219,47.31999969482422,496.95001220703125,33.22999954223633,139.39999389648438
2020-11-05,166.10000610351562,294.67999267578125,88.16850280761719,157.08999633789062,146.02999877929688,119.02999877929688,47.823333740234375,513.760009765625,33.16999816894531,139.75999450683594
2020-11-06,165.56849670410156,293.4100036621094,88.0875015258789,157.74000549316406,143.31666564941406,118.69000244140625,48.59000015258789,514.72998046875,32.779998779296875,142.25
2020-11-09,157.18699645996094,278.7699890136719,88.1500015258789,179.36000061035156,140.4199981689453,116.31999969482422,47.8466682434082,470.5,36.93000030517578,146.0800018310547
2020-11-10,151.75100708007812,272.42999267578125,87.01950073242188,188.69000244140625,136.7866668701172,115.97000122070312,48.52000045776367,480.239990234375,36.86000061035156,148.27999877929688
2020-11-11,156.8695068359375,276.4800109863281,87.635498046875,182.14999389648438,139.0433349609375,119.48999786376953,49.32666778564453,490.760009765625,36.47999954223633,147.8000030517578
2020-11-12,155.51400756835938,275.0799865722656,87.49199676513672,176.72000122070312,137.25332641601562,119.20999908447266,49.40999984741211,486.7699890136719,35.22999954223633,148.3000030517578
2020-11-13,156.4405059814453,276.95001220703125,88.85099792480469,187.11000061035156,136.1666717529297,119.26000213623047,50.18000030517578,482.8399963378906,36.08000183105469,149.89999389648438
2020-11-16,156.55299377441406,278.9599914550781,89.06900024414062,202.39999389648438,136.02999877929688,120.30000305175781,50.813331604003906,479.1000061035156,38.15999984741211,150.85000610351562
2020-11-17,156.7830047607422,275.0,88.50749969482422,210.0500030517578,147.20333862304688,119.38999938964844,49.790000915527344,480.6300048828125,38.66999816894531,149.35000610351562
2020-11-18,155.2729949951172,271.9700012207031,87.33899688720703,203.3000030517578,162.2133331298828,118.02999877929688,49.6966667175293,481.7900085449219,37.209999084472656,147.3699951171875
2020-11-19,155.8509979248047,272.94000244140625,88.19599914550781,205.6699981689453,166.42333984375,118.63999938964844,50.706668853759766,484.6700134277344,37.400001525878906,147.13999938964844
2020-11-20,154.97000122070312,269.70001220703125,87.1094970703125,199.6199951171875,163.20333862304688,117.33999633789062,50.08000183105469,488.239990234375,36.939998626708984,146.36000061035156
2020-11-23,154.91949462890625,268.42999267578125,86.74299621582031,211.52999877929688,173.9499969482422,113.8499984741211,50.310001373291016,476.6199951171875,39.36000061035156,143.8699951171875
2020-11-24,155.9029998779297,276.9200134277344,88.44400024414062,218.49000549316406,185.1266632080078,115.16999816894531,50.45333480834961,482.8800048828125,41.97999954223633,143.8699951171875
2020-11-25,159.2534942626953,275.5899963378906,88.57150268554688,217.61000061035156,191.3333282470703,116.02999877929688,50.61000061035156,485.0,40.810001373291016,143.67999267578125
2020-11-27,159.76699829101562,277.80999755859375,89.65950012207031,216.5,195.25332641601562,116.58999633789062,50.53333282470703,491.3599853515625,40.189998626708984,144.0
2020-11-30,158.40199279785156,276.9700012207031,88.03700256347656,210.7100067138672,189.1999969482422,119.05000305175781,50.93000030517578,490.70001220703125,38.130001068115234,144.67999267578125
2020-12-01,161.00399780273438,286.54998779296875,89.90499877929688,213.00999450683594,194.9199981689453,122.72000122070312,50.880001068115234,504.5799865722656,38.5,147.4499969482422
2020-12-02,160.17649841308594,287.5199890136719,91.39749908447266,223.85000610351562,189.60667419433594,123.08000183105469,50.17333221435547,503.3800048828125,39.939998626708984,148.13999938964844
2020-12-03,159.3365020751953,281.8500061035156,91.3385009765625,237.1999969482422,197.7933349609375,122.94000244140625,49.766666412353516,497.5199890136719,40.209999084472656,149.0
2020-12-04,158.12899780273438,279.70001220703125,91.39949798583984,232.7100067138672,199.67999267578125,122.25,49.63666534423828,498.30999755859375,41.68000030517578,150.27000427246094
2020-12-07,157.89999389648438,285.5799865722656,90.9739990234375,238.1699981689453,213.9199981689453,123.75,49.369998931884766,515.780029296875,40.900001525878906,148.97000122070312
2020-12-08,158.864501953125,283.3999938964844,90.92749786376953,236.57000732421875,216.6266632080078,124.37999725341797,49.81666564941406,512.6599731445312,42.2400016784668,151.5500030517578
2020-12-09,155.2100067138672,277.9200134277344,89.20649719238281,232.05999755859375,201.4933319091797,121.77999877929688,49.42333221435547,493.6000061035156,42.79999923706055,153.10000610351562
2020-12-10,155.07449340820312,277.1199951171875,88.7665023803711,234.42999267578125,209.02333068847656,123.23999786376953,49.01333236694336,501.0899963378906,44.0099983215332,152.25
2020-12-11,155.8209991455078,273.54998779296875,89.0885009765625,230.3300018310547,203.3300018310547,122.41000366210938,49.0,503.2200012207031,43.79999923706055,152.9499969482422
2020-12-14,157.84849548339844,274.19000244140625,88.00299835205078,228.6199951171875,213.27667236328125,121.77999877929688,48.54999923706055,522.4199829101562,42.220001220703125,149.07000732421875
2020-12-15,158.25599670410156,275.54998779296875,88.38849639892578,229.5,211.0833282470703,127.87999725341797,48.526668548583984,519.780029296875,43.040000915527344,150.57000732421875
2020-12-16,162.04800415039062,275.6700134277344,88.1500015258789,225.8699951171875,207.58999633789062,127.80999755859375,48.47666549682617,524.8300170898438,43.70000076293945,149.6699981689453
2020-12-17,161.8040008544922,274.4800109863281,87.3949966430664,221.24000549316406,218.63333129882812,128.6999969482422,48.70000076293945,532.9000244140625,43.47999954223633,153.6199951171875
2020-12-18,160.08250427246094,276.3999938964844,86.55049896240234,219.75,231.6666717529297,126.66000366210938,48.650001525878906,534.4500122070312,42.72999954223633,154.50999450683594
2020-12-21,160.3090057373047,272.7900085449219,86.96849822998047,219.30999755859375,216.6199951171875,128.22999572753906,48.65666580200195,528.9099731445312,41.95000076293945,153.02000427246094
2020-12-22,160.3260040283203,267.0899963378906,86.17500305175781,218.77999877929688,213.44667053222656,131.8800048828125,48.06666564941406,527.3300170898438,41.2400016784668,152.72000122070312
2020-12-23,159.2635040283203,268.1099853515625,86.61900329589844,219.69000244140625,215.32666015625,130.9600067138672,47.7400016784668,514.47998046875,41.77000045776367,151.94000244140625
2020-12-24,158.63450622558594,267.3999938964844,86.94249725341797,217.14999389648438,220.58999633789062,131.97000122070312,47.83333206176758,513.969970703125,41.599998474121094,152.47000122070312
2020-12-28,164.197998046875,277.0,88.80449676513672,216.08999633789062,221.22999572753906,136.69000244140625,48.40666580200195,519.1199951171875,41.7400016784668,153.19000244140625
2020-12-29,166.10000610351562,276.7799987792969,87.93599700927734,216.25,221.99667358398438,134.8699951171875,48.099998474121094,530.8699951171875,41.27000045776367,154.13999938964844
2020-12-30,164.29249572753906,271.8699951171875,86.97599792480469,216.6699981689453,231.5933380126953,133.72000122070312,48.060001373291016,524.5900268554688,41.599998474121094,156.0500030517578
2020-12-31,162.84649658203125,273.1600036621094,87.59400177001953,214.05999755859375,235.22332763671875,132.69000244140625,48.04999923706055,540.72998046875,41.220001220703125,157.3800048828125
2021-01-04,159.3314971923828,268.94000244140625,86.41200256347656,202.72000122070312,243.2566680908203,129.41000366210938,48.84333419799805,522.8599853515625,41.5,156.5
2021-01-05,160.92550659179688,270.9700012207031,87.0459976196289,211.6300048828125,245.0366668701172,131.00999450683594,48.58333206176758,520.7999877929688,43.5,158.33999633789062
2021-01-06,156.91900634765625,263.30999755859375,86.7645034790039,211.02999877929688,251.9933319091797,126.5999984741211,48.88666534423828,500.489990234375,44.61000061035156,159.8300018310547
2021-01-07,158.10800170898438,268.739990234375,89.36250305175781,212.7100067138672,272.0133361816406,130.9199981689453,48.883331298828125,508.8900146484375,44.959999084472656,160.3699951171875
2021-01-08,159.13499450683594,267.57000732421875,90.3604965209961,209.89999389648438,293.3399963378906,132.0500030517578,48.87666702270508,510.3999938964844,45.459999084472656,160.0399932861328
2021-01-11,155.7104949951172,256.8399963378906,88.33599853515625,206.7899932861328,270.39666748046875,128.97999572753906,49.0966682434082,499.1000061035156,46.84000015258789,159.3699951171875
2021-01-12,156.04150390625,251.08999633789062,87.32749938964844,208.41000366210938,283.14666748046875,128.8000030517578,49.65666580200195,494.25,47.880001068115234,158.1300048828125
2021-01-13,158.29449462890625,251.63999938964844,87.72000122070312,207.2100067138672,284.8033447265625,130.88999938964844,49.150001525878906,507.7900085449219,48.41999816894531,157.88999938964844
2021-01-14,156.37350463867188,245.63999938964844,87.00900268554688,209.91000366210938,281.6666564941406,128.91000366210938,48.9900016784668,500.8599853515625,50.310001373291016,160.64999389648438
2021-01-15,155.21249389648438,251.36000061035156,86.80950164794922,204.32000732421875,275.38665771484375,127.13999938964844,48.21333312988281,497.9800109863281,47.88999938964844,160.3000030517578
2021-01-19,156.03799438476562,261.1000061035156,89.54299926757812,210.7100067138672,281.51666259765625,127.83000183105469,47.79666519165039,501.7699890136719,48.84000015258789,162.77999877929688
2021-01-20,163.16900634765625,267.4800109863281,94.34500122070312,211.4499969482422,283.48333740234375,132.02999877929688,48.503334045410156,586.3400268554688,49.529998779296875,162.3800048828125
2021-01-21,165.34950256347656,272.8699951171875,94.5625,207.41000366210938,281.663330078125,136.8699951171875,48.28333282470703,579.8400268554688,48.11000061035156,161.72999572753906
2021-01-22,164.6114959716797,274.5,95.05249786376953,205.83999633789062,282.21331787109375,139.07000732421875,48.776668548583984,565.1699829101562,47.43000030517578,163.5500030517578
2021-01-25,164.6999969482422,278.010009765625,94.97000122070312,203.36000061035156,293.6000061035156,142.9199981689453,48.733333587646484,556.780029296875,46.900001525878906,165.97999572753906
2021-01-26,166.30650329589844,282.04998779296875,95.86199951171875,202.05999755859375,294.36334228515625,143.16000366210938,49.16999816894531,561.9299926757812,45.869998931884766,170.47999572753906
2021-01-27,161.62899780273438,272.1400146484375,91.53949737548828,194.02999877929688,288.0533447265625,142.05999755859375,47.9466667175293,523.280029296875,45.349998474121094,167.8800048828125
2021-01-28,161.88099670410156,265.0,93.15550231933594,197.22999572753906,278.4766540527344,137.08999633789062,47.91666793823242,538.5999755859375,46.060001373291016,169.16000366210938
2021-01-29,160.30999755859375,258.3299865722656,91.78700256347656,194.19000244140625,264.510009765625,131.9600067138672,46.83000183105469,532.3900146484375,44.84000015258789,163.1300048828125
2021-02-01,167.1439971923828,262.010009765625,95.06749725341797,195.83999633789062,279.9366760253906,134.13999938964844,46.42333221435547,539.0399780273438,44.91999816894531,162.7100067138672
2021-02-02,169.0,267.0799865722656,96.37550354003906,200.94000244140625,290.92999267578125,134.99000549316406,46.92333221435547,548.1599731445312,45.630001068115234,161.25
2021-02-03,165.62649536132812,266.6499938964844,103.50350189208984,207.38999938964844,284.89666748046875,133.94000244140625,47.06666564941406,539.4500122070312,47.41999816894531,160.5
2021-02-04,166.5500030517578,266.489990234375,103.11849975585938,210.63999938964844,283.3299865722656,137.38999938964844,47.5099983215332,552.1599731445312,48.33000183105469,161.99000549316406
2021-02-05,167.6074981689453,268.1000061035156,104.9000015258789,207.92999267578125,284.07666015625,136.75999450683594,48.119998931884766,550.7899780273438,49.95000076293945,164.4499969482422
2021-02-08,166.14700317382812,266.5799865722656,104.64550018310547,211.9499969482422,287.8066711425781,136.91000366210938,48.34333419799805,547.9199829101562,52.099998474121094,164.9199981689453
2021-02-09,165.25,269.45001220703125,104.17549896240234,215.1199951171875,283.1533203125,136.00999450683594,48.61000061035156,559.0700073242188,50.630001068115234,166.27000427246094
2021-02-10,164.32899475097656,271.8699951171875,104.76899719238281,211.9199981689453,268.2733459472656,135.38999938964844,48.043331146240234,563.5900268554688,51.119998931884766,166.80999755859375
2021-02-11,163.10650634765625,270.3900146484375,104.79450225830078,210.66000366210938,270.5533447265625,135.1300048828125,48.00666809082031,557.5900268554688,49.84000015258789,166.05999755859375
2021-02-12,163.885498046875,270.5,105.20549774169922,210.97999572753906,272.0400085449219,135.3699951171875,48.15666580200195,556.52001953125,50.52000045776367,166.5800018310547
2021-02-16,163.44749450683594,273.9700012207031,106.09500122070312,217.17999267578125,265.40667724609375,133.19000244140625,48.5533332824707,557.280029296875,52.040000915527344,165.07000732421875
2021-02-17,165.4320068359375,273.57000732421875,106.41549682617188,215.52000427246094,266.04998779296875,130.83999633789062,49.06666564941406,551.3400268554688,52.849998474121094,165.66000366210938
2021-02-18,166.4114990234375,269.3900146484375,105.86000061035156,208.47999572753906,262.4599914550781,129.7100067138672,45.88666534423828,548.219970703125,52.02000045776367,165.74000549316406
2021-02-19,162.4949951171875,261.55999755859375,105.05699920654297,217.47000122070312,260.4333190917969,129.8699951171875,46.11333465576172,540.219970703125,52.369998931884766,162.97999572753906
2021-02-22,159.03700256347656,260.3299865722656,103.24400329589844,212.8800048828125,238.1666717529297,126.0,45.89666748046875,533.780029296875,54.29999923706055,161.8699951171875
2021-02-23,159.72500610351562,265.8599853515625,103.54299926757812,212.1199951171875,232.94667053222656,125.86000061035156,45.15666580200195,546.1500244140625,55.04999923706055,160.44000244140625
2021-02-24,157.97650146484375,264.30999755859375,104.75849914550781,229.33999633789062,247.33999633789062,125.3499984741211,44.4033317565918,553.4099731445312,56.70000076293945,162.58999633789062
2021-02-25,152.85800170898438,254.69000244140625,101.56800079345703,216.4499969482422,227.4066619873047,120.98999786376953,43.983333587646484,546.7000122070312,55.7599983215332,162.75999450683594
2021-02-26,154.64649963378906,257.6199951171875,101.84300231933594,212.00999450683594,225.1666717529297,121.26000213623047,43.30666732788086,538.8499755859375,54.369998931884766,158.4600067138672
2021-03-01,157.3070068359375,264.9100036621094,104.07550048828125,224.38999938964844,239.47666931152344,127.79000091552734,43.790000915527344,550.6400146484375,56.400001525878906,159.32000732421875
2021-03-02,154.72650146484375,259.0,103.79199981689453,223.13999938964844,228.81333923339844,125.12000274658203,43.369998931884766,547.8200073242188,56.06999969482422,159.02000427246094
2021-03-03,150.25,255.41000366210938,101.33550262451172,228.55999755859375,217.73333740234375,122.05999755859375,42.529998779296875,520.7000122070312,56.52000045776367,156.22000122070312
2021-03-04,148.8784942626953,257.6400146484375,102.45449829101562,224.7100067138672,207.14666748046875,120.12999725341797,42.5099983215332,511.2900085449219,58.709999084472656,153.07000732421875
2021-03-05,150.0229949951172,264.2799987792969,105.427001953125,223.22000122070312,199.31666564941406,121.41999816894531,43.040000915527344,516.3900146484375,60.93000030517578,156.10000610351562
2021-03-08,147.59750366210938,255.30999755859375,101.20850372314453,224.02999877929688,187.6666717529297,116.36000061035156,42.62666702270508,493.3299865722656,60.869998931884766,157.39999389648438
2021-03-09,153.1425018310547,265.739990234375,102.63500213623047,230.61000061035156,224.52667236328125,121.08999633789062,42.96333312988281,506.44000244140625,59.93000030517578,157.6999969482422
2021-03-10,152.8820037841797,264.8999938964844,102.75150299072266,245.33999633789062,222.68666076660156,119.9800033569336,44.060001373291016,504.5400085449219,61.77000045776367,159.14999389648438
2021-03-11,155.67950439453125,273.8800048828125,105.7385025024414,252.0,233.1999969482422,121.95999908447266,44.043331146240234,523.0599975585938,61.310001373291016,159.13999938964844
2021-03-12,154.47450256347656,268.3999938964844,103.09600067138672,269.19000244140625,231.2433319091797,121.02999877929688,44.706668853759766,518.02001953125,61.970001220703125,159.60000610351562
2021-03-15,154.08399963378906,273.75,103.32450103759766,265.6300048828125,235.97999572753906,123.98999786376953,44.47666549682617,520.25,60.38999938964844,160.4199981689453
2021-03-16,154.59300231933594,279.2799987792969,104.6259994506836,255.2100067138672,225.6266632080078,125.56999969482422,44.46333312988281,524.030029296875,59.11000061035156,161.3699951171875
2021-03-17,156.7864990234375,284.010009765625,104.55400085449219,263.5899963378906,233.93666076660156,124.76000213623047,44.09333419799805,524.4400024414062,59.369998931884766,160.77000427246094
2021-03-18,151.39950561523438,278.6199951171875,101.81099700927734,256.05999755859375,217.72000122070312,120.52999877929688,43.336666107177734,504.7900085449219,56.810001373291016,160.47000122070312
2021-03-19,153.7480010986328,290.1099853515625,102.16000366210938,255.82000732421875,218.2899932861328,119.98999786376953,43.913333892822266,512.1799926757812,56.4900016784668,160.0399932861328
2021-03-22,155.5435028076172,293.5400085449219,101.92949676513672,251.22999572753906,223.3333282470703,123.38999938964844,44.12333297729492,523.1099853515625,55.90999984741211,160.5
2021-03-23,156.875,290.6300048828125,102.64800262451172,241.25,220.72000122070312,122.54000091552734,44.64666748046875,535.0900268554688,55.220001220703125,160.35000610351562
2021-03-24,154.35350036621094,282.1400146484375,102.25299835205078,239.24000549316406,210.08999633789062,120.08999633789062,44.369998931884766,520.8099975585938,56.34000015258789,161.91000366210938
2021-03-25,152.31300354003906,278.739990234375,102.21800231933594,247.19000244140625,213.4633331298828,120.58999633789062,44.66999816894531,502.8599853515625,56.18000030517578,161.97000122070312
2021-03-26,152.60150146484375,283.0199890136719,101.77749633789062,244.8699951171875,206.23666381835938,121.20999908447266,45.043331146240234,508.04998779296875,57.709999084472656,164.92999267578125
2021-03-29,153.7864990234375,290.82000732421875,102.79750061035156,250.52000427246094,203.76333618164062,121.38999938964844,45.55666732788086,513.9500122070312,57.400001525878906,166.0399932861328
2021-03-30,152.76449584960938,288.0,102.7770004272461,252.00999450683594,211.8733367919922,119.9000015258789,45.246665954589844,513.3900146484375,56.689998626708984,165.00999450683594
2021-03-31,154.70399475097656,294.5299987792969,103.43150329589844,254.72000122070312,222.64332580566406,122.1500015258789,45.276668548583984,521.6599731445312,55.83000183105469,164.35000610351562
2021-04-01,158.0500030517578,298.6600036621094,106.88749694824219,252.9600067138672,220.5833282470703,123.0,45.206668853759766,539.4199829101562,57.38999938964844,162.8300018310547
2021-04-05,161.3365020751953,308.9100036621094,111.27749633789062,259.3599853515625,230.35000610351562,125.9000015258789,46.47666549682617,540.6699829101562,56.5,163.42999267578125
2021-04-06,161.1909942626953,306.260009765625,111.23750305175781,255.1699981689453,230.5399932861328,126.20999908447266,46.70000076293945,544.530029296875,56.34000015258789,163.38999938964844
2021-04-07,163.96949768066406,313.0899963378906,112.48400115966797,252.5800018310547,223.6566619873047,127.9000015258789,46.599998474121094,546.989990234375,56.59000015258789,163.61000061035156
2021-04-08,164.96499633789062,313.0199890136719,113.27200317382812,254.9499969482422,227.93333435058594,130.36000061035156,46.56999969482422,554.5800170898438,56.0,162.97000122070312
2021-04-09,168.61000061035156,312.4599914550781,114.29399871826172,252.36000061035156,225.67333984375,133.0,46.59333419799805,555.3099975585938,55.869998931884766,161.25
2021-04-12,168.96949768066406,311.5400085449219,112.739501953125,249.52000427246094,233.9933319091797,131.24000549316406,46.599998474121094,552.780029296875,55.5,161.63999938964844
2021-04-13,170.0,309.760009765625,113.3635025024414,253.27000427246094,254.10667419433594,134.42999267578125,46.456668853759766,553.72998046875,55.709999084472656,159.47999572753906
2021-04-14,166.64999389648438,302.82000732421875,112.74199676513672,252.42999267578125,244.07666015625,132.02999877929688,46.439998626708984,540.02001953125,57.31999969482422,159.9199981689453
2021-04-15,168.95449829101562,307.82000732421875,114.83300018310547,251.11000061035156,246.28334045410156,134.5,46.720001220703125,549.219970703125,56.97999954223633,160.38999938964844
2021-04-16,169.9720001220703,306.17999267578125,114.88800048828125,248.17999267578125,246.5933380126953,134.16000366210938,46.869998931884766,546.5399780273438,56.65999984741211,162.24000549316406
2021-04-19,168.60049438476562,302.239990234375,115.12000274658203,244.14999389648438,238.2100067138672,134.83999633789062,46.56999969482422,554.4400024414062,56.47999954223633,162.69000244140625
2021-04-20,166.7344970703125,302.6499938964844,114.68150329589844,234.05999755859375,239.663330078125,133.11000061035156,46.93000030517578,549.5700073242188,55.290000915527344,166.47999572753906
2021-04-21,168.1009979248047,301.4700012207031,114.66449737548828,235.9199981689453,248.0399932861328,133.5,47.06666564941406,508.8999938964844,56.0,166.58999633789062
2021-04-22,165.45199584960938,296.5199890136719,113.39600372314453,234.3300018310547,239.89666748046875,131.94000244140625,46.55666732788086,508.7799987792969,55.27000045776367,165.17999267578125
2021-04-23,167.04400634765625,301.1300048828125,115.76499938964844,238.3800048828125,243.13333129882812,134.32000732421875,46.633331298828125,505.54998779296875,55.56999969482422,165.52000427246094
2021-04-26,170.4499969482422,303.0400085449219,116.33699798583984,241.44000244140625,246.06666564941406,134.72000122070312,45.970001220703125,510.29998779296875,55.68000030517578,164.1199951171875
2021-04-27,170.8715057373047,303.57000732421875,115.35600280761719,242.47000122070312,234.913330078125,134.38999938964844,46.12666702270508,505.54998779296875,56.40999984741211,163.17999267578125
2021-04-28,172.9250030517578,307.1000061035156,118.99549865722656,235.4600067138672,231.46665954589844,133.5800018310547,45.96333312988281,506.5199890136719,58.11000061035156,161.97999572753906
2021-04-29,173.5655059814453,329.510009765625,121.49449920654297,235.94000244140625,225.6666717529297,133.47999572753906,46.543331146240234,509.0,58.939998626708984,164.1999969482422
2021-04-30,173.37100219726562,325.0799865722656,120.50599670410156,234.30999755859375,236.47999572753906,131.4600067138672,46.63666534423828,513.469970703125,57.2400016784668,162.72999572753906
2021-05-03,169.32449340820312,322.5799865722656,119.75849914550781,235.19000244140625,228.3000030517578,132.5399932861328,47.37333297729492,509.1099853515625,58.81999969482422,165.2100067138672
2021-05-04,165.593505859375,318.3599853515625,117.7125015258789,233.6300048828125,224.53334045410156,127.8499984741211,46.90666580200195,503.17999267578125,59.189998626708984,167.77000427246094
2021-05-05,163.52699279785156,315.0199890136719,117.83699798583984,228.17999267578125,223.64666748046875,128.10000610351562,46.866668701171875,496.0799865722656,60.970001220703125,167.07000732421875
2021-05-06,165.31849670410156,320.0199890136719,119.06749725341797,229.80999755859375,221.17999267578125,129.74000549316406,47.016666412353516,499.54998779296875,61.54999923706055,167.74000549316406
2021-05-07,164.58050537109375,319.0799865722656,119.93450164794922,235.47000122070312,224.1233367919922,130.2100067138672,46.733333587646484,503.8399963378906,62.43000030517578,168.5
2021-05-10,159.52450561523438,305.9700012207031,117.08300018310547,232.92999267578125,209.67999267578125,126.8499984741211,46.939998626708984,486.69000244140625,62.58000183105469,170.27000427246094
2021-05-11,161.19549560546875,306.5299987792969,115.43800354003906,228.8800048828125,205.73333740234375,125.91000366210938,46.516666412353516,495.0799865722656,60.59000015258789,168.8800048828125
2021-05-12,157.5970001220703,302.54998779296875,111.9540023803711,220.77999877929688,196.6300048828125,122.7699966430664,45.313331604003906,484.9800109863281,60.040000915527344,168.1999969482422
2021-05-13,158.07350158691406,305.260009765625,113.09850311279297,222.63999938964844,190.56333923339844,124.97000122070312,46.08000183105469,486.6600036621094,59.29999923706055,169.9600067138672
2021-05-14,161.14500427246094,315.94000244140625,115.80799865722656,228.47000122070312,196.5800018310547,127.44999694824219,46.50666809082031,493.3699951171875,60.77000045776367,170.22000122070312
2021-05-17,163.51950073242188,315.4599914550781,116.07050323486328,227.97999572753906,192.27667236328125,126.2699966430664,46.29666519165039,488.94000244140625,62.189998626708984,170.38999938964844
2021-05-18,161.61399841308594,309.9599914550781,115.17150115966797,227.5500030517578,192.6233367919922,124.8499984741211,47.3033332824707,486.2799987792969,60.43000030517578,170.4499969482422
2021-05-19,161.58999633789062,313.5899963378906,115.43550109863281,224.4199981689453,187.82000732421875,124.69000244140625,47.30666732788086,487.70001220703125,58.97999954223633,170.0800018310547
2021-05-20,162.38400268554688,318.6099853515625,117.80449676513672,227.64999389648438,195.5933380126953,127.30999755859375,47.473331451416016,501.6700134277344,58.84000015258789,171.07000732421875
2021-05-21,160.1540069580078,316.2300109863281,117.25499725341797,234.82000732421875,193.6266632080078,125.43000030517578,47.25,497.8900146484375,58.91999816894531,170.9600067138672
2021-05-24,162.24949645996094,324.6300048828125,120.33350372314453,237.44000244140625,202.14666748046875,127.0999984741211,47.253334045410156,502.8999938964844,59.61000061035156,170.5500030517578
2021-05-25,162.95249938964844,327.7900085449219,120.45349884033203,240.74000549316406,201.56333923339844,126.9000015258789,47.4466667175293,501.3399963378906,58.2599983215332,170.0800018310547
2021-05-26,163.25799560546875,327.6600036621094,121.67649841308594,241.3699951171875,206.3766632080078,126.8499984741211,47.38999938964844,502.3599853515625,58.939998626708984,169.07000732421875
2021-05-27,161.5054931640625,332.75,120.12550354003906,250.6999969482422,210.28334045410156,125.27999877929688,47.22999954223633,503.8599853515625,58.560001373291016,168.80999755859375
2021-05-28,161.15350341796875,328.7300109863281,120.5780029296875,247.02000427246094,208.4066619873047,124.61000061035156,47.34333419799805,502.80999755859375,58.369998931884766,169.25
2021-06-01,160.9324951171875,329.1300048828125,121.4905014038086,254.72999572753906,207.96665954589844,124.27999877929688,47.220001220703125,499.0799865722656,60.459999084472656,165.52999877929688
2021-06-02,161.69949340820312,329.1499938964844,121.06400299072266,255.6199951171875,201.7066650390625,125.05999755859375,47.116668701171875,499.239990234375,60.939998626708984,166.1999969482422
2021-06-03,159.35049438476562,326.0400085449219,120.23049926757812,250.32000732421875,190.94667053222656,123.54000091552734,47.20000076293945,489.42999267578125,61.18000030517578,166.0399932861328
2021-06-04,160.31100463867188,330.3500061035156,122.58799743652344,249.9199981689453,199.68333435058594,125.88999938964844,47.28333282470703,494.739990234375,61.45000076293945,165.97000122070312
2021-06-07,159.90049743652344,336.5799865722656,123.30449676513672,252.66000366210938,201.7100067138672,125.9000015258789,46.96666717529297,494.6600036621094,61.04999923706055,164.83999633789062
2021-06-08,163.20550537109375,333.67999267578125,124.14250183105469,252.75999450683594,201.19667053222656,126.73999786376953,46.61000061035156,492.3900146484375,62.130001068115234,163.38999938964844
2021-06-09,164.0574951171875,330.25,124.56999969482422,248.05999755859375,199.5933380126953,127.12999725341797,46.36000061035156,485.80999755859375,62.650001525878906,165.58999633789062
2021-06-10,167.4824981689453,332.4599914550781,126.08000183105469,248.33999633789062,203.3733367919922,126.11000061035156,46.62666702270508,487.2699890136719,62.75,167.0800018310547
2021-06-11,167.3415069580078,331.260009765625,125.69650268554688,247.27999877929688,203.29666137695312,127.3499984741211,46.91666793823242,488.7699890136719,62.16999816894531,164.9600067138672
2021-06-14,169.19349670410156,336.7699890136719,126.35199737548828,245.13999938964844,205.89666748046875,130.47999572753906,46.85333251953125,499.8900146484375,62.06999969482422,165.3699951171875
2021-06-15,169.156494140625,336.75,126.03299713134766,246.5399932861328,199.7866668701172,129.63999938964844,46.66666793823242,491.8999938964844,64.33000183105469,164.49000549316406
2021-06-16,170.7624969482422,331.0799865722656,125.69650268554688,242.27000427246094,201.6233367919922,130.14999389648438,45.71666717529297,492.4100036621094,64.0999984741211,164.42999267578125
2021-06-17,174.46200561523438,336.510009765625,126.37100219726562,239.22000122070312,205.53334045410156,131.7899932861328,45.90666580200195,498.3399963378906,61.9900016784668,165.22000122070312
2021-06-18,174.34500122070312,329.6600036621094,125.56749725341797,237.35000610351562,207.77000427246094,130.4600067138672,45.05666732788086,500.7699890136719,60.400001525878906,161.97999572753906
2021-06-21,172.697998046875,332.2900085449219,126.45500183105469,245.27999877929688,206.94332885742188,132.3000030517578,45.46666717529297,497.0,62.59000015258789,163.83999633789062
2021-06-22,175.27200317382812,339.0299987792969,126.99949645996094,243.77999877929688,207.90333557128906,133.97999572753906,45.676666259765625,508.82000732421875,63.790000915527344,163.6199951171875
2021-06-23,175.1909942626953,340.5899963378906,126.46150207519531,243.57000732421875,218.85667419433594,133.6999969482422,45.31999969482422,512.739990234375,64.26000213623047,162.6300048828125
2021-06-24,172.45399475097656,343.17999267578125,127.28199768066406,250.57000732421875,226.60667419433594,133.41000366210938,45.63666534423828,518.0599975585938,64.5199966430664,163.3699951171875
2021-06-25,170.072998046875,341.3699951171875,126.99500274658203,248.3800048828125,223.9566650390625,133.11000061035156,46.176666259765625,527.0700073242188,64.66000366210938,164.2100067138672
2021-06-28,172.1945037841797,355.6400146484375,126.81950378417969,239.9600067138672,229.57333374023438,134.77999877929688,46.03333282470703,533.030029296875,63.0099983215332,164.02000427246094
2021-06-29,172.40699768066406,351.8900146484375,126.01850128173828,235.75999450683594,226.9199981689453,136.3300018310547,45.766666412353516,533.5,62.619998931884766,164.02999877929688
2021-06-30,172.00799560546875,347.7099914550781,125.31600189208984,239.55999755859375,226.56666564941406,136.9600067138672,47.00666809082031,528.2100219726562,63.08000183105469,164.74000549316406
2021-07-01,171.64849853515625,354.3900146484375,126.36849975585938,239.72999572753906,225.97332763671875,137.27000427246094,46.439998626708984,533.5399780273438,63.2599983215332,165.9600067138672
2021-07-02,175.5489959716797,354.70001220703125,128.718994140625,236.67999267578125,226.3000030517578,139.9600067138672,46.70333480834961,533.97998046875,63.16999816894531,168.97999572753906
2021-07-06,183.78700256347656,352.7799987792969,129.77099609375,236.13999938964844,219.86000061035156,142.02000427246094,46.64666748046875,541.6400146484375,61.369998931884766,167.97000122070312
2021-07-07,184.82899475097656,350.489990234375,130.07749938964844,231.77999877929688,214.88333129882812,144.57000732421875,46.56999969482422,535.9600219726562,60.40999984741211,169.41000366210938
2021-07-08,186.57049560546875,345.6499938964844,129.177001953125,236.77000427246094,217.60333251953125,143.24000549316406,46.529998779296875,530.760009765625,60.13999938964844,169.0800018310547
2021-07-09,185.9669952392578,350.4200134277344,129.57449340820312,239.58999633789062,218.98333740234375,145.11000061035156,46.766666412353516,535.97998046875,61.22999954223633,169.75
2021-07-12,185.92750549316406,353.1600036621094,130.56399536132812,238.2899932861328,228.56666564941406,144.5,46.68333435058594,537.3099975585938,61.16999816894531,169.47999572753906
2021-07-13,183.8679962158203,352.0899963378906,130.9945068359375,228.1999969482422,222.84666442871094,145.63999938964844,46.86000061035156,540.6799926757812,60.880001068115234,169.27000427246094
2021-07-14,184.08399963378906,347.6300048828125,132.08250427246094,224.4499969482422,217.7933349609375,149.14999389648438,47.18333435058594,547.9500122070312,59.529998779296875,170.4199981689453
2021-07-15,181.55999755859375,344.4599914550781,131.26649475097656,222.75999450683594,216.86666870117188,148.47999572753906,47.220001220703125,542.9500122070312,58.95000076293945,168.3699951171875
2021-07-16,178.68150329589844,341.1600036621094,131.8455047607422,217.74000549316406,214.74000549316406,146.38999938964844,47.186668395996094,530.3099975585938,57.31999969482422,168.10000610351562
2021-07-19,177.47950744628906,336.95001220703125,129.25399780273438,206.99000549316406,215.4066619873047,142.4499969482422,47.07666778564453,532.280029296875,55.349998474121094,166.8800048828125
2021-07-20,178.6595001220703,341.6600036621094,131.10150146484375,217.14999389648438,220.1666717529297,146.14999389648438,47.290000915527344,531.0499877929688,55.959999084472656,168.4499969482422
2021-07-21,179.25999450683594,346.2300109863281,132.60049438476562,222.5399932861328,218.42999267578125,145.39999389648438,47.05666732788086,513.6300048828125,57.7599983215332,169.49000549316406
2021-07-22,181.90150451660156,351.19000244140625,133.32850646972656,220.8699951171875,216.4199981689453,146.8000030517578,47.09000015258789,511.7699890136719,57.11000061035156,169.97999572753906
2021-07-23,182.83200073242188,369.7900085449219,137.8159942626953,221.52000427246094,214.4600067138672,148.55999755859375,47.47666549682617,515.4099731445312,57.040000915527344,171.7899932861328
2021-07-26,184.99099731445312,372.4599914550781,139.64450073242188,225.85000610351562,219.2066650390625,148.99000549316406,47.543331146240234,516.489990234375,58.47999954223633,171.8699951171875
2021-07-27,181.3195037841797,367.80999755859375,136.79649353027344,222.27000427246094,214.92666625976562,146.77000427246094,47.54666519165039,518.9099731445312,57.83000183105469,172.66000366210938
2021-07-28,181.51600646972656,373.2799987792969,136.38150024414062,231.57000732421875,215.66000366210938,144.97999572753906,47.35333251953125,519.2999877929688,58.220001220703125,172.17999267578125
2021-07-29,179.99600219726562,358.32000732421875,136.54049682617188,231.6300048828125,225.78334045410156,145.63999938964844,47.413333892822266,514.25,58.93000030517578,172.17999267578125
2021-07-30,166.37950134277344,356.29998779296875,135.2209930419922,226.47999572753906,229.06666564941406,145.86000061035156,47.516666412353516,517.5700073242188,57.56999969482422,172.1999969482422
2021-08-02,166.57400512695312,351.95001220703125,135.989501953125,225.33999633789062,236.55667114257812,145.52000427246094,47.40666580200195,515.1500244140625,57.58000183105469,172.27000427246094
2021-08-03,168.31199645996094,351.239990234375,136.27999877929688,229.08999633789062,236.5800018310547,147.36000061035156,47.939998626708984,510.82000732421875,58.20000076293945,174.38999938964844
2021-08-04,167.73599243164062,358.9200134277344,136.02850341796875,226.6300048828125,236.97332763671875,146.9499969482422,47.61333465576172,517.3499755859375,56.84000015258789,173.36000061035156
2021-08-05,168.79949951171875,362.9700012207031,136.94000244140625,229.94000244140625,238.2100067138672,147.05999755859375,48.496665954589844,524.8900146484375,57.20000076293945,173.69000244140625
2021-08-06,167.2469940185547,363.510009765625,137.03599548339844,231.3300018310547,233.03334045410156,146.13999938964844,48.40999984741211,520.5499877929688,57.86000061035156,173.11000061035156
2021-08-09,167.093505859375,361.6099853515625,138.0019989013672,232.27000427246094,237.9199981689453,146.08999633789062,48.526668548583984,519.969970703125,57.20000076293945,173.7100067138672
2021-08-10,166.03399658203125,361.1300048828125,138.09649658203125,235.77999877929688,236.663330078125,145.60000610351562,49.560001373291016,515.8400268554688,58.18000030517578,173.77000427246094
2021-08-11,164.60549926757812,359.9599914550781,137.6894989013672,239.49000549316406,235.94000244140625,145.86000061035156,50.003334045410156,512.4000244140625,58.349998474121094,173.8000030517578
2021-08-12,165.1750030517578,362.6499938964844,138.38949584960938,238.17999267578125,240.75,148.88999938964844,49.686668395996094,510.7200012207031,57.349998474121094,175.1999969482422
2021-08-13,164.69850158691406,363.17999267578125,138.406005859375,234.4600067138672,239.05667114257812,149.10000610351562,49.84333419799805,515.9199829101562,56.77000045776367,176.25
2021-08-16,164.94949340820312,366.55999755859375,138.91600036621094,229.05999755859375,228.72332763671875,151.1199951171875,50.25,517.9199829101562,55.939998626708984,177.83999633789062
2021-08-17,162.09800720214844,358.45001220703125,137.30050659179688,222.22000122070312,221.90333557128906,150.19000244140625,50.233333587646484,518.9099731445312,55.560001373291016,179.47000122070312
2021-08-18,160.06100463867188,355.45001220703125,136.57000732421875,219.0,229.663330078125,146.36000061035156,49.70000076293945,521.8699951171875,54.38999938964844,177.19000244140625
2021-08-19,159.3874969482422,355.1199951171875,136.9134979248047,212.16000366210938,224.49000549316406,146.6999969482422,50.03666687011719,543.7100219726562,52.72999954223633,178.57000732421875
2021-08-20,159.99749755859375,359.3699951171875,138.43699645996094,212.6699981689453,226.75332641601562,148.19000244140625,50.483333587646484,546.8800048828125,52.7400016784668,179.44000244140625
2021-08-23,163.2935028076172,363.3500061035156,141.09950256347656,219.39999389648438,235.43333435058594,149.7100067138672,50.150001525878906,553.3300170898438,54.90999984741211,177.61000061035156
2021-08-24,165.28900146484375,365.510009765625,142.39849853515625,221.42999267578125,236.163330078125,149.6199951171875,49.633331298828125,553.4099731445312,55.36000061035156,175.38999938964844
2021-08-25,164.95899963378906,368.3900146484375,142.9499969482422,221.02999877929688,237.06666564941406,148.36000061035156,49.6533317565918,547.5800170898438,55.459999084472656,174.22999572753906
2021-08-26,165.8000030517578,364.3800048828125,142.1230010986328,216.5,233.72000122070312,147.5399932861328,49.116668701171875,550.1199951171875,54.709999084472656,173.3000030517578
2021-08-27,167.48150634765625,372.6300048828125,144.55050659179688,221.75,237.30667114257812,148.60000610351562,48.84000015258789,558.9199829101562,55.77000045776367,172.92999267578125
2021-08-30,171.07850646972656,380.6600036621094,145.46949768066406,217.66000366210938,243.6366729736328,153.1199951171875,49.233333587646484,566.1799926757812,55.15999984741211,173.66000366210938
2021-08-31,173.5395050048828,379.3800048828125,145.46200561523438,219.5,245.24000549316406,151.8300018310547,49.366668701171875,569.1900024414062,54.52000045776367,173.1300048828125
2021-09-01,173.9499969482422,382.04998779296875,145.8419952392578,218.1199951171875,244.69667053222656,152.50999450683594,49.2599983215332,582.0700073242188,53.77000045776367,173.74000549316406
2021-09-02,173.156005859375,375.2799987792969,144.218994140625,220.8300018310547,244.1300048828125,153.64999389648438,49.52000045776367,588.5499877929688,55.08000183105469,174.92999267578125
2021-09-03,173.90249633789062,376.260009765625,144.77499389648438,218.1699981689453,244.52333068847656,154.3000030517578,49.75,590.530029296875,54.869998931884766,175.0399932861328
2021-09-07,175.46449279785156,382.17999267578125,145.5189971923828,214.24000549316406,250.97332763671875,156.69000244140625,49.09000015258789,606.7100219726562,54.54999923706055,172.32000732421875
2021-09-08,176.27499389648438,377.57000732421875,144.8834991455078,211.3800048828125,251.2899932861328,155.11000061035156,49.1533317565918,606.0499877929688,54.04999923706055,171.89999389648438
2021-09-09,174.20799255371094,378.0,144.9134979248047,213.94000244140625,251.6199951171875,154.07000732421875,48.80666732788086,597.5399780273438,54.09000015258789,168.07000732421875
2021-09-10,173.45750427246094,378.69000244140625,141.92100524902344,210.3000030517578,245.42333984375,148.97000122070312,48.630001068115234,598.719970703125,53.97999954223633,166.97000122070312
2021-09-13,172.85850524902344,376.510009765625,143.46499633789062,214.47999572753906,247.6666717529297,149.5500030517578,48.35333251953125,589.2899780273438,55.369998931884766,165.8000030517578
2021-09-14,172.5,376.5299987792969,143.406005859375,211.57000732421875,248.163330078125,148.1199951171875,48.099998474121094,577.760009765625,54.58000183105469,164.8000030517578
2021-09-15,173.7895050048828,373.9200134277344,145.20599365234375,214.22000122070312,251.94332885742188,149.02999877929688,48.18333435058594,582.8699951171875,56.41999816894531,165.4199981689453
2021-09-16,174.41200256347656,373.05999755859375,144.37350463867188,213.36000061035156,252.3300018310547,148.7899932861328,48.34333419799805,586.5,55.81999969482422,165.22000122070312
2021-09-17,173.12600708007812,364.7200012207031,141.4635009765625,213.36000061035156,253.163330078125,146.05999755859375,48.24333190917969,589.3499755859375,55.15999984741211,164.75
2021-09-20,167.7864990234375,355.70001220703125,139.01699829101562,209.5,243.38999938964844,142.94000244140625,47.58000183105469,575.4299926757812,53.689998626708984,163.80999755859375
2021-09-21,167.18150329589844,357.4800109863281,139.64649963378906,208.50999450683594,246.4600067138672,143.42999267578125,47.67333221435547,573.1400146484375,53.63999938964844,164.52999877929688
2021-09-22,169.00250244140625,343.2099914550781,140.93850708007812,216.97999572753906,250.64666748046875,145.85000610351562,47.563331604003906,590.6500244140625,55.209999084472656,163.92999267578125
2021-09-23,170.8000030517578,345.9599914550781,141.82650756835938,221.10000610351562,251.2133331298828,146.8300018310547,47.59000015258789,593.260009765625,57.08000183105469,164.86000061035156
2021-09-24,171.2760009765625,352.9599914550781,142.63299560546875,221.38999938964844,258.1300048828125,146.9199981689453,47.723331451416016,592.3900146484375,57.59000015258789,164.36000061035156
2021-09-27,170.2899932861328,353.5799865722656,141.50100708007812,224.16000366210938,263.78668212890625,145.3699951171875,47.41666793823242,592.6400146484375,59.29999923706055,163.1699981689453
2021-09-28,165.79800415039062,340.6499938964844,136.1840057373047,218.41000366210938,259.1866760253906,141.91000366210938,46.83333206176758,583.8499755859375,59.91999816894531,162.80999755859375
2021-09-29,165.05599975585938,339.6099853515625,134.52099609375,225.36000061035156,260.4366760253906,142.8300018310547,46.813331604003906,599.0599975585938,59.880001068115234,164.02000427246094
2021-09-30,164.2519989013672,339.3900146484375,133.2655029296875,219.94000244140625,258.49334716796875,141.5,46.459999084472656,610.3400268554688,58.81999969482422,161.5
2021-10-01,164.16299438476562,343.010009765625,136.46249389648438,226.0,258.40667724609375,142.64999389648438,45.68333435058594,613.1500244140625,60.93000030517578,160.47000122070312
2021-10-04,159.48899841308594,326.2300109863281,133.76499938964844,223.7899932861328,260.510009765625,139.13999938964844,45.24333190917969,603.3499755859375,61.720001220703125,159.22000122070312
2021-10-05,161.0500030517578,332.9599914550781,136.177001953125,224.4199981689453,260.1966552734375,141.11000061035156,45.540000915527344,634.8099975585938,61.619998931884766,159.5800018310547
2021-10-06,163.10049438476562,333.6400146484375,137.35400390625,224.99000549316406,260.9166564941406,142.0,45.87333297729492,639.0999755859375,60.4900016784668,159.91000366210938
2021-10-07,165.1215057373047,329.2200012207031,139.1855010986328,226.47999572753906,264.53668212890625,143.2899932861328,46.413333892822266,631.8499755859375,60.65999984741211,161.33999633789062
2021-10-08,164.43099975585938,330.04998779296875,140.05599975585938,226.38999938964844,261.8299865722656,142.89999389648438,46.5533332824707,632.6599731445312,62.18000030517578,160.92999267578125
2021-10-11,162.31500244140625,325.45001220703125,138.84750366210938,226.4499969482422,263.9800109863281,142.80999755859375,46.5099983215332,627.0399780273438,61.560001373291016,160.25
2021-10-12,162.3665008544922,323.7699890136719,136.71299743652344,223.57000732421875,268.5733337402344,141.50999450683594,46.459999084472656,624.9400024414062,61.2400016784668,157.69000244140625
2021-10-13,164.21400451660156,324.5400085449219,137.89999389648438,221.77999877929688,270.3599853515625,140.91000366210938,46.12333297729492,629.760009765625,61.06999969482422,159.1999969482422
2021-10-14,164.9929962158203,328.5299987792969,141.41200256347656,217.44000244140625,272.7733459472656,143.75999450683594,46.62333297729492,633.7999877929688,62.0,160.11000061035156
2021-10-15,170.4510040283203,324.760009765625,141.6750030517578,217.0399932861328,281.010009765625,144.83999633789062,46.849998474121094,628.2899780273438,62.59000015258789,161.3000030517578
2021-10-18,172.33700561523438,335.3399963378906,142.9604949951172,216.97999572753906,290.03668212890625,146.5500030517578,47.22666549682617,637.969970703125,62.560001373291016,160.1199951171875
2021-10-19,172.20750427246094,339.989990234375,143.82200622558594,215.97000122070312,288.0899963378906,148.75999450683594,48.22999954223633,639.0,63.5,163.8699951171875
2021-10-20,170.7530059814453,340.7799987792969,142.4149932861328,216.1699981689453,288.6000061035156,149.25999450683594,48.66666793823242,625.1400146484375,63.849998474121094,163.77999877929688
2021-10-21,171.75050354003906,341.8800048828125,142.78050231933594,214.33999633789062,298.0,149.47999572753906,48.936668395996094,653.1599731445312,62.689998626708984,163.39999389648438
2021-10-22,166.77749633789062,324.6099853515625,138.625,212.97000122070312,303.2266540527344,148.69000244140625,49.4466667175293,664.780029296875,63.119998931884766,163.72000122070312
2021-10-25,166.01849365234375,328.69000244140625,138.7729949951172,212.8699951171875,341.6199951171875,148.63999938964844,50.02000045776367,671.6599731445312,64.3499984741211,164.0800018310547
2021-10-26,168.80349731445312,315.80999755859375,139.6719970703125,209.80999755859375,339.4766540527344,149.32000732421875,49.58333206176758,668.52001953125,65.83999633789062,165.75
2021-10-27,169.62449645996094,312.2200012207031,146.42750549316406,206.61000061035156,345.9533386230469,148.85000610351562,49.176666259765625,662.9199829101562,64.12999725341797,163.74000549316406
2021-10-28,172.32850646972656,316.9200134277344,146.12899780273438,207.85000610351562,359.0133361816406,152.57000732421875,49.483333587646484,674.0499877929688,64.30999755859375,162.85000610351562
2021-10-29,168.6215057373047,323.57000732421875,148.27049255371094,207.02999877929688,371.3333435058594,149.8000030517578,49.80666732788086,690.3099975585938,64.47000122070312,162.8800048828125
2021-11-01,165.90550231933594,329.9800109863281,143.7740020751953,214.5800018310547,402.86334228515625,148.9600067138672,49.93000030517578,681.1699829101562,65.62999725341797,163.02000427246094
2021-11-02,165.6374969482422,328.0799865722656,145.86300659179688,212.77000427246094,390.6666564941406,150.02000427246094,49.90666580200195,677.719970703125,64.81999969482422,165.58999633789062
2021-11-03,169.1999969482422,331.6199951171875,146.7899932861328,213.3800048828125,404.6199951171875,151.49000549316406,50.060001373291016,688.2899780273438,63.93000030517578,165.05999755859375
2021-11-04,173.85000610351562,335.8500061035156,148.68299865722656,213.02999877929688,409.9700012207031,150.9600067138672,50.426666259765625,668.4000244140625,64.41000366210938,164.60000610351562
2021-11-05,175.94949340820312,341.1300048828125,149.24099731445312,224.4600067138672,407.36334228515625,151.27999877929688,50.07666778564453,645.719970703125,65.0199966430664,163.42999267578125
2021-11-08,174.44900512695312,338.6199951171875,149.35150146484375,222.67999267578125,387.64666748046875,150.44000244140625,49.75666809082031,651.4500122070312,65.72000122070312,162.8699951171875
2021-11-09,178.81149291992188,335.3699951171875,149.24850463867188,220.7899932861328,341.1666564941406,150.80999755859375,49.93000030517578,655.989990234375,66.36000061035156,162.50999450683594
2021-11-10,174.1024932861328,327.6400146484375,146.62600708007812,218.5,355.98333740234375,147.9199981689453,49.47999954223633,646.9099731445312,64.19000244140625,164.27000427246094
2021-11-11,173.625,327.739990234375,146.7480010986328,219.3800048828125,354.5033264160156,147.8699951171875,49.5,657.5800170898438,64.30999755859375,163.05999755859375
2021-11-12,176.25750732421875,340.8900146484375,149.64549255371094,220.9600067138672,344.47332763671875,149.99000549316406,49.253334045410156,682.6099853515625,63.81999969482422,165.00999450683594
2021-11-15,177.28399658203125,347.55999755859375,149.38800048828125,233.08999633789062,337.7966613769531,150.0,48.970001220703125,679.3300170898438,64.37000274658203,163.52000427246094
2021-11-16,177.03500366210938,342.9599914550781,149.0760040283203,225.8000030517578,351.57666015625,151.0,47.723331451416016,687.4000244140625,65.0199966430664,162.6699981689453
2021-11-17,177.4499969482422,340.7699890136719,149.06199645996094,226.6199951171875,363.0033264160156,153.49000549316406,47.313331604003906,691.6900024414062,64.30999755859375,163.27999877929688
2021-11-18,184.80299377441406,338.69000244140625,150.70899963378906,227.25,365.4599914550781,157.8699951171875,47.720001220703125,682.02001953125,63.61000061035156,162.39999389648438
2021-11-19,183.82850646972656,345.29998779296875,149.95249938964844,214.1300048828125,379.0199890136719,160.5500030517578,47.46333312988281,678.7999877929688,60.66999816894531,162.88999938964844
2021-11-22,178.6284942626953,341.010009765625,147.07850646972656,209.89999389648438,385.6233215332031,161.02000427246094,48.2599983215332,659.2000122070312,61.5099983215332,159.6999969482422
2021-11-23,179.0019989013672,337.25,146.7570037841797,209.1300048828125,369.6766662597656,161.41000366210938,48.60333251953125,654.0599975585938,63.130001068115234,160.69000244140625
2021-11-24,179.02049255371094,341.05999755859375,146.71749877929688,210.60000610351562,372.0,161.94000244140625,48.8466682434082,658.2899780273438,63.47999954223633,160.24000549316406
2021-11-26,175.22799682617188,333.1199951171875,142.80599975585938,199.2100067138672,360.6400146484375,156.80999755859375,48.29999923706055,665.6400146484375,61.25,159.1999969482422
2021-11-29,178.07850646972656,338.0299987792969,146.11399841308594,198.5,378.9966735839844,160.24000549316406,47.543331146240234,663.8400268554688,61.59000015258789,159.75
2021-11-30,175.35350036621094,324.4599914550781,142.45199584960938,197.85000610351562,381.586669921875,165.3000030517578,46.87666702270508,641.9000244140625,59.84000015258789,155.92999267578125
2021-12-01,172.18600463867188,310.6000061035156,141.6179962158203,188.19000244140625,365.0,164.77000427246094,45.71333312988281,617.77001953125,59.790000915527344,158.0800018310547
2021-12-02,171.8679962158203,310.3900146484375,143.77650451660156,202.3800048828125,361.5333251953125,163.75999450683594,45.15666580200195,616.469970703125,61.279998779296875,157.08999633789062
2021-12-03,169.489501953125,306.8399963378906,142.52049255371094,198.49000549316406,338.3233337402344,161.83999633789062,45.836666107177734,602.1300048828125,60.88999938964844,159.3800048828125
2021-12-06,171.36849975585938,317.8699951171875,143.79649353027344,205.8800048828125,336.336669921875,165.32000732421875,46.33333206176758,612.6900024414062,61.58000183105469,162.94000244140625
2021-12-07,176.1645050048828,322.80999755859375,148.0364990234375,208.8300018310547,350.5833435058594,171.17999267578125,46.18333435058594,625.5800170898438,62.27000045776367,163.36000061035156
2021-12-08,176.1580047607422,330.55999755859375,148.7205047607422,211.02999877929688,356.32000732421875,175.0800018310547,45.71666717529297,628.0800170898438,62.45000076293945,164.33999633789062
2021-12-09,174.17100524902344,329.82000732421875,148.1060028076172,207.55999755859375,334.6000061035156,174.55999755859375,46.16666793823242,611.0,62.61000061035156,165.89999389648438
2021-12-10,172.21200561523438,329.75,148.6750030517578,205.05999755859375,339.010009765625,179.4499969482422,47.0099983215332,611.6599731445312,63.0099983215332,165.49000549316406
2021-12-13,169.5675048828125,334.489990234375,146.70449829101562,197.39999389648438,322.13665771484375,175.74000549316406,47.856666564941406,604.5599975585938,61.630001068115234,168.4499969482422
2021-12-14,169.0915069580078,333.739990234375,144.9705047607422,195.5,319.5033264160156,174.3300018310547,48.313331604003906,597.989990234375,61.540000915527344,170.2899932861328
2021-12-15,173.31500244140625,341.6600036621094,147.36849975585938,195.42999267578125,325.3299865722656,179.3000030517578,48.59000015258789,605.0399780273438,61.27000045776367,171.13999938964844
2021-12-16,168.87100219726562,334.8999938964844,144.8385009765625,190.7899932861328,308.97332763671875,172.25999450683594,47.779998779296875,591.0599975585938,61.369998931884766,173.00999450683594
2021-12-17,170.0175018310547,333.7900085449219,142.80299377441406,192.6300048828125,310.8566589355469,171.13999938964844,46.25,586.72998046875,60.029998779296875,168.22999572753906
2021-12-20,167.07899475097656,325.45001220703125,142.40150451660156,188.47999572753906,299.9800109863281,169.75,46.400001525878906,593.739990234375,59.15999984741211,167.75
2021-12-21,170.41700744628906,334.20001220703125,144.2205047607422,199.52000427246094,312.84332275390625,172.99000549316406,46.540000915527344,604.9199829101562,60.5,167.2100067138672
2021-12-22,171.03700256347656,330.45001220703125,146.94900512695312,201.69000244140625,336.2900085449219,175.63999938964844,46.599998474121094,614.239990234375,60.9900016784668,167.92999267578125
2021-12-23,171.06849670410156,335.239990234375,147.1425018310547,204.22000122070312,355.6666564941406,176.27999877929688,46.496665954589844,614.0900268554688,61.02000045776367,168.25
2021-12-27,169.66949462890625,346.17999267578125,148.06399536132812,203.1699981689453,364.64666748046875,180.3300018310547,46.91999816894531,613.1199951171875,61.88999938964844,169.6699981689453
2021-12-28,170.66099548339844,346.2200012207031,146.447998046875,206.1300048828125,362.8233337402344,179.2899932861328,47.59333419799805,610.7100219726562,61.689998626708984,170.35000610351562
2021-12-29,169.2010040283203,342.94000244140625,146.50450134277344,203.66000366210938,362.0633239746094,179.3800048828125,47.56999969482422,610.5399780273438,61.150001525878906,171.5500030517578
2021-12-30,168.64450073242188,344.3599853515625,146.00250244140625,202.7100067138672,356.7799987792969,178.1999969482422,47.723331451416016,612.0900268554688,60.790000915527344,172.30999755859375
2021-12-31,166.7169952392578,336.3500061035156,144.67950439453125,201.32000732421875,352.260009765625,177.57000732421875,48.22999954223633,602.4400024414062,61.189998626708984,171.07000732421875
